rho_mass_loss,a1_mass_loss,a2_mass_loss,f0_mass_loss
0.07142721642577254,0.08145597865655746,0.08530417593917389,0.04682016809398866
0.05320569810363592,0.070984775539986,0.08670573837699383,0.04214933421674709
0.06609552012817718,0.06639158616361827,0.08947380945978098,0.04554939861368523
0.0738197234730621,0.0702450302752274,0.07782881008297485,0.04623626151320465
0.07255021169314561,0.06329728847140041,0.07300395220362815,0.04642077984904881
0.06679672061967606,0.042165652691007666,0.06959475999488322,0.04846417921729516
0.056939076094529056,0.015827118658492397,0.06346976362940454,0.05707899236957794
0.032146874863481674,0.0013732485243280346,0.04033016468373401,0.06966366767480499
0.016271246430261798,0.015156428618917812,0.019972938115114473,0.07910757201689986
0.01304399615374779,0.028793915829380415,0.013415786649122748,0.08881372307187095
0.012733298234435711,0.03766763766084675,0.011476504331919025,0.09227176290021626
0.012782719060014143,0.040917675322691936,0.011533306240209453,0.0877740119859328
0.013188829486458256,0.038789628684126734,0.013290802773395144,0.0769459261380164
0.015339335770763048,0.03090748006851183,0.017679550851276694,0.06408558414283526
0.02250061773979317,0.019199927835860695,0.027287626885993156,0.05407787989963897
0.0350936877006896,0.006843075071188198,0.040653301391038496,0.04979084993839234
0.04077152069312181,0.004646878044603847,0.04538351797957667,0.04777193375979112
0.037531371077389186,0.009547426945462768,0.04146746517429117,0.04082651764527149
0.02789538651747321,0.030800709926621504,0.03187478443456696,0.030684432646005073
0.019030246283867572,0.06902058805876024,0.02210264230694743,0.024818406275107834
0.018179061563518912,0.0923786775766106,0.020851195090302234,0.021860680293669155
0.020172556051418985,0.08159335616748647,0.02320327557750851,0.020396125741867038
0.025479076947098625,0.032570901792441445,0.023860309421415853,0.027879053088069105
0.029046970698754653,0.020781817620884838,0.025518516785538164,0.035599826150534766
0.02664570522373834,0.027679014146345552,0.023499090959275146,0.03311792567703263
0.020778597031338313,0.05937656617602799,0.02009924684613707,0.02633821664009985
0.017775209392720842,0.08311915150216309,0.020095576743653004,0.023216547585066822
0.0191354576993398,0.07077673510182352,0.021519422358397544,0.022452706698242307
0.023888650509653584,0.036292552451266606,0.02474393385625147,0.024460330863683218
0.027033733530723192,0.024733441996885985,0.028278234370513314,0.025176713879060682
0.025966813794120896,0.03233150445760394,0.029518386703249334,0.021449345022655147
0.024807545233706513,0.05320483064799192,0.030286307191490995,0.021040808856173716
0.023998406471950947,0.04781906940739746,0.029803373916193476,0.021741228820406744
0.028760317347949926,0.03038024506538302,0.03536920290277601,0.022909276647996905
0.03152642008873612,0.019317780995936007,0.038302590393890446,0.02344850406830233
0.03075041113221454,0.022522448380138265,0.03853154293017842,0.02224314511213504
0.025438599022137746,0.032926001486319204,0.03351146375467736,0.01982579608620699
0.024451202635118578,0.03602492573329237,0.03298118936755603,0.01793521507408023
0.027873830764448132,0.025598350318356472,0.03735806079118127,0.015576354945100183
0.026745376336546934,0.019361684737970716,0.0357456728699934,0.015344928544653715
0.024379699336517197,0.029897546547513656,0.03477053154829218,0.015042642799443376
0.021288489167303082,0.039087046018129804,0.03142528289982123,0.015232920013901382
0.02037487140109256,0.027168254767844652,0.03091201783429241,0.017218211796155614
0.02102327982961158,0.015018382384448508,0.030657679000161454,0.019089170687869205
0.020419928030052537,0.018229514525850074,0.03281820253820219,0.017009638734982745
0.021346760288866302,0.02411556042378728,0.03537526550672421,0.01485349741921287
0.024125213891207097,0.014608163846380563,0.042032200106077604,0.012530374040617789
0.02690479027489723,0.007919700251172897,0.047789265804131925,0.010441172889448992
0.02143086888416362,0.010137519837673182,0.04135682258706501,0.011993807385868893
0.02268613350433572,0.007052420534287325,0.046094281027103286,0.010569038463921149
0.021468917277897428,0.00558944707672583,0.04667673444209797,0.011406896324794493
0.013789525510154018,0.009148411678858786,0.034580495589890514,0.01821396254300744
0.012442471743765393,0.007620355776015193,0.03578827169534449,0.02213831980024981
0.01091600600047163,0.006570678970160098,0.03478584927512842,0.01795126776006858
0.0075271970821174155,0.007141478523139919,0.03102646003675965,0.01530086880356526
0.0072963890545289555,0.006853294417753054,0.03288746380222864,0.0106698364484584
0.0061080610819244435,0.008054559062930285,0.03266506346876699,0.009131013699848782
0.001342136825891664,0.010082657759975217,0.0225266551188198,0.015284885705976858
0.004006132128026256,0.014725874485616425,0.027326461620997552,0.005935363596243
0.0035012239385281956,0.019799013603630313,0.009535393662297324,0.012109253235005859
0.007294819416366244,0.01888213285140286,0.01538264927406964,0.014041439264505984
0.014280906066510774,0.032602366294556935,0.006384568680503536,0.006763913251664017
0.01991171069286238,0.02648719747118421,0.000387597199395106,0.02358133536495277
0.01759481717369703,0.02487312665656684,0.0008954006485736813,0.013331334695723937
0.014639131333170047,0.011323779536078625,0.02001821423722182,0.024425671678216646
0.015778372905644055,0.010113402254453464,0.022412867749635742,0.027600047213780073
0.012639171037879105,0.011622884992262331,0.012432642366860116,0.013659897908624433
0.012483191848008697,0.015037200750951297,0.0006237069975427788,0.040724428614316646
0.012417918734484659,0.015347769353679078,0.000601784907526298,0.05020158276725212
0.00807389989047765,0.012361569805211222,0.0035897124268685658,0.03584000067816142
0.009794156377535909,0.009030282493957476,0.02090220512877236,0.018911700641514786
0.01326478035623604,0.010318824570757846,0.027199707386651457,0.02305360883864111
0.009278712078654546,0.009574827939010981,0.023277709806400725,0.014656575340365555
0.003984351688517583,0.012069704075173647,0.007432942850343357,0.025343248767676956
0.004671402064991177,0.013322925980193447,0.0039968503985184775,0.03155504943752843
0.003557926367440689,0.014344082789616953,0.009811141930725941,0.015602736570664879
0.01124051415450513,0.010631842666420253,0.02446804969944174,0.016568539295680508
0.01276862478129681,0.009961123559967476,0.025030162291525316,0.02693617385644495
0.008618209836203676,0.012286678250595071,0.019928560757997267,0.011575686634699479
0.00572158858697637,0.01726552773546832,0.0036230712945381294,0.03409945881812326
0.0069237111574794,0.015886672039576045,0.0027683645189136657,0.04598138834609364
0.003712836451397789,0.015413975332168392,0.005740674270776113,0.02743413715546606
0.010098070427370674,0.012621297311813414,0.0258911805095468,0.008154118601440736
0.013134176108323981,0.012103901703805486,0.029329784795791475,0.013600981240652505
0.008805433458604727,0.012492181976127928,0.028029558135812815,0.005412830935296275
0.002222465374624508,0.01131161516545965,0.008290004156835295,0.02668839669445914
0.0034046399203037044,0.011664365923986682,0.0051898801035510965,0.0362754679850197
0.002191932427981857,0.010901301343275504,0.00957008946541428,0.024080212487079627
0.008891228349015783,0.011945694035461831,0.027559596292222554,0.00579599884609694
0.01172083154236969,0.01241670964117716,0.029424838330746456,0.007959390607753535
0.006619179899559552,0.013658593452456588,0.021829205064052743,0.005070714050656894
0.0046712082034258235,0.013811753045451347,0.0037718280062187188,0.03475115269666719
0.006317619332977559,0.01491356574857232,0.002877244091967812,0.042469660401119255
0.0037013381061030046,0.014991936574163268,0.005979063499552303,0.027090360509228927
0.010104469535217108,0.010789607490988553,0.023540256095887682,0.009011023252043957
0.013132669226032012,0.009705132808620598,0.026199333770376382,0.016821322488948076
0.010372495272383576,0.010707157434703577,0.02660130270283028,0.007323685347047514
0.002311506560808053,0.01282141952552202,0.0103968407949818,0.01913523829520126
0.002918024839015803,0.012839014868352193,0.006493816411318361,0.027272305350881765
0.002643941111544872,0.011877219012408725,0.012103262780271282,0.01601303888668746
0.010985712659365904,0.010383167254995204,0.027598168907818677,0.007123265112373431
0.012572971524213846,0.01009759348332201,0.027249110294706533,0.009976349809074853
0.00817925840162586,0.012524295457558572,0.0211601824132773,0.0048755231476150015
0.00575473965346993,0.014292629200132575,0.0033289989272756297,0.031447379914154035
0.007586804150787617,0.015514815220643179,0.0022575793143838987,0.03962455040290615
0.005355250816578402,0.014436056242048948,0.00425016632666931,0.026646823028601725
0.010355953948954224,0.011608048751452979,0.022638640136468043,0.005061685022872373
0.012320384382207838,0.009273566373526828,0.024360320329503173,0.010133825597934177
0.00971509546466131,0.011410189714974308,0.023476000807682078,0.004716401019879567
0.004101135972448182,0.013503829617904412,0.0063532587421348,0.0229038472435666
0.004521662452868332,0.013890400963638808,0.0047072953493141004,0.028430052272899818
0.003596774393847314,0.012588316064827638,0.011085011661131176,0.014994357436644266
0.01192598350544985,0.008951555907821353,0.026071043197517383,0.008422415441687033
0.013783145992924933,0.008478345861689445,0.02628037792896783,0.0133896916569717
0.010619945053210601,0.010059090766514013,0.02513186316800962,0.005496904702821972
0.00417037278944403,0.013368515588435003,0.006842010842963454,0.021728524085857553
0.005298510734769128,0.014128253985257966,0.003992250756869788,0.02994093247318654
0.004410461933907549,0.013254170911544787,0.00782308739800127,0.01943802002813485
0.011317915078485216,0.01004806810157993,0.02450217284956965,0.005527955555928345
0.012820304061572432,0.008804930263757862,0.024550302072766993,0.008941823402749575
0.009968162579225996,0.011457363421254384,0.022333153451534537,0.004499620637175186
0.00519994548502617,0.013562590107751685,0.004950278735235689,0.025079395121195752
0.005957355868185817,0.014259420227527733,0.0035218742715161667,0.031075864952510284
0.004573568063716011,0.013122932104703914,0.008041889377852612,0.01882469139128827
0.011605783507949025,0.009244277907741289,0.024516118790448575,0.006093708839683075
0.013487410689621511,0.008280040185986748,0.025189696838208885,0.010578934772284419
0.010962219278933302,0.010054482954814996,0.025079145475594526,0.004938535413889838
0.004370134588327451,0.012800188195849252,0.007505656434452069,0.020351415926700308
0.005062319334268937,0.013522421386345271,0.0047626948037859706,0.027306747986671626
0.0044478097531591015,0.012479246204119462,0.009517255949607475,0.016432446108364893
0.011728082505899047,0.009038678207299674,0.02428096892439834,0.006005131331003496
0.013236291607709496,0.008185824371145465,0.024118525330470895,0.009568737265504525
0.010734627501595033,0.010717417530281645,0.022899001130269932,0.004807550903125177
0.005322753732820332,0.013349195751810242,0.005561305507195778,0.02310567234821138
0.0061196586811632795,0.014035097484322027,0.003720626395808838,0.029471949153529353
0.005029736025084428,0.012839736710770388,0.007943865843996634,0.018313570803394394
0.011780626105756213,0.009162105953395333,0.023962683210443158,0.005529488436050722
0.01341857050145113,0.0080860772431531,0.02450140146605688,0.009065295441078855
0.011226290034618058,0.010223110347435945,0.024488546913710066,0.004697878010598371
0.005014464547696047,0.012709020251395194,0.00689575187836228,0.020665452136057024
0.005645224150318567,0.013520960838124686,0.004514535220281113,0.027118651160571113
0.004979423074891359,0.012398539066994618,0.009163559920573877,0.01613846683539763
0.011874940266287985,0.008673005980435496,0.023496532321653107,0.006018720234068042
0.013361673864704637,0.007759222639320693,0.02343494474235824,0.009712816837890815
0.010925763900819218,0.009883634514626313,0.022255517723081836,0.005065121245770156
0.005477967186010256,0.013270357838642307,0.006291533296947273,0.020979331048837174
0.0060565135484197475,0.013884654166079532,0.004204595257700698,0.026997357475546123
0.005264125299088755,0.012613463833776857,0.0088607372732722,0.016232921774647524
0.011944836299201516,0.008567683268721048,0.023467774338033317,0.005929735279019819
0.013502422941360434,0.007694308958081251,0.023949186499628593,0.009295932962185028
0.011500606658721121,0.009905959064629544,0.024083464319837777,0.004852992511069465
0.0053859248325147935,0.012699649532924634,0.006887289965898486,0.019883085330995264
0.006033274888486415,0.013583247244534196,0.004440632188289478,0.026546103243059487
0.005407129649035942,0.012418980087610864,0.008766507533246714,0.016044074125344407
0.011879474099778296,0.00862910538793475,0.02289065219786229,0.005830214078718021
0.013221491998458077,0.007591274089834068,0.022810011955886965,0.009177156614132768
0.01078815657210449,0.009667529907826437,0.02127069117721877,0.005121876185848302
0.0057734894762006906,0.013284114007703404,0.0063352577860129235,0.020360852431350277
0.006199935671292481,0.0138677348293016,0.004372563595785001,0.02592060015800744
0.005455689648614333,0.012536148121118725,0.009288824589418865,0.015221380222138647
0.01191458987328923,0.008238617376528553,0.023121953280740078,0.006230130773920882
0.013450917893921374,0.007431848223944212,0.023607571282326857,0.009637883220400198
0.011412126195218128,0.009441995904362196,0.02368892645548719,0.0050382604959751266
0.005421083985104955,0.012606277781923142,0.0073712880122348175,0.018547866193586775
0.006037739444904479,0.013552094768958776,0.0047357740686823704,0.025310212157668932
0.005545832116438274,0.012414347939786415,0.008993617082933295,0.015407596281538979
0.011746079038894533,0.008552190071160575,0.022473795100323466,0.005923024554514131
0.012989039039357678,0.007501688319065393,0.02231542717965145,0.008949915085979218
0.01051265537416578,0.00957181712927045,0.020457208721208146,0.005257503545009988
0.005946769588262342,0.013328269547723563,0.006331619265562384,0.020042670995798685
0.006304384028016877,0.013872495969849106,0.00447326075262227,0.025312870335065147
0.005544187690057766,0.012491638246036647,0.009463866308785138,0.014731923027389343
0.011769647770138105,0.008133549074028036,0.02295987267300426,0.006287700711169334
0.013268118647076886,0.007306853275587083,0.023402384930821234,0.009636593157545698
0.011259388274127596,0.009258708656053202,0.023504294091396566,0.00516242528857571
0.0054323916938251405,0.012574690201918913,0.0077085761168417324,0.017690808591453853
0.006029660197013546,0.01356896419877668,0.004978392993224803,0.024358039520782304
0.005614895678376585,0.012481206209654573,0.00920588120222457,0.014913125385674585
0.01154185434050438,0.008484018870496284,0.022090023624655522,0.006099061234381537
0.012733887975999475,0.0074192994438756175,0.02189881851534976,0.008956297201675224
0.010258059034984926,0.009483402329869368,0.01992802262449046,0.005423447701480575
0.006027900842521037,0.013393769422169086,0.006449952022265996,0.01957938915577894
0.00634128692880707,0.013891176359698344,0.004621352661018233,0.024640392200895984
0.005593275389159557,0.012478460515042181,0.009625647292708279,0.01430929567357023
0.011590872619033304,0.008094698982089725,0.02281852349570608,0.006289085041876819
0.013030305414317737,0.007231366705170332,0.023179289217874398,0.00951834869143504
0.011072374370422031,0.009206599612437619,0.023256798948780927,0.005240746134336216
0.005486865275260911,0.012622277358827446,0.007858474330669687,0.01717754126801034
0.006073057766289028,0.013635425329844506,0.005123356416601847,0.023652245260242916
0.0056811869872832954,0.012583148588366384,0.009340167013712061,0.014550578609814378
0.011331911053812765,0.008427542196783381,0.021761863713009654,0.006269613654651366
0.012494621336009282,0.007343295591452706,0.021584363279727698,0.009031871675090859
0.010065021075268354,0.009398961299645578,0.019675071493326014,0.005554237703872548
0.0060505876814112985,0.013413949786921599,0.006655967462915156,0.01896386043818893
0.006346866118354422,0.013896865888114089,0.004805079371014051,0.023920822925149594
0.005630445743262603,0.012476606497552204,0.009794659917098578,0.013913069168867823
0.011396867552200879,0.008080272575535286,0.022639937247000013,0.006308783037490631
0.012769487906639052,0.007181963502855659,0.022899353090803865,0.009404456399406971
0.010807597722563381,0.009170622836488503,0.022800204482205436,0.0053055612178222345
0.005566648154128249,0.012703019684860524,0.007904570490566282,0.016845470849582815
0.006141859432320013,0.01370074940316292,0.005220174248627992,0.023084204134170196
0.005737656000232685,0.012660330313705045,0.0094499095375464,0.014254044023116665
0.01113033035917039,0.008387057794839598,0.021532792884600433,0.006407459319071149
0.01227524811709322,0.007288327981528119,0.02139200857216267,0.009081606942945117
0.009912617735943081,0.009322930370883479,0.01963390614877035,0.005638839139635534
0.006035001461441294,0.01334795056611873,0.006904954303884114,0.01827702111658452
0.0063476253692780205,0.01386750517746038,0.005001247906869417,0.0232364122581379
0.005669594113306631,0.012469776010846381,0.009930856568968045,0.013585099065302666
0.011192618669133883,0.008090737224581765,0.022405913700025086,0.006350687968145923
0.01249441173138927,0.007154209342278171,0.022548049306099428,0.009308294184304029
0.010495482798040698,0.009135402064783619,0.022173648069173192,0.00539362521364997
0.005668519712423337,0.012792325085631268,0.007897371572849848,0.016602531727450895
0.006225008597864699,0.013745357971330882,0.005304461501160507,0.02256236055674309
0.00578948262014711,0.012691324821594931,0.009585117397344136,0.013941996229501338
0.010948825111141987,0.008339687061134601,0.02139608076169843,0.00652222800904869
0.012084532280049942,0.0072419542164905626,0.02130146727360377,0.009112797064114149
0.009806608509260779,0.009246705026965046,0.0197481504400935,0.005685397745195211
0.006020408731869772,0.013229029029824625,0.007175487913049092,0.017575762526074474
0.006371453887348326,0.013816621231728452,0.005186952678125389,0.022600176913440597
0.005733333779561846,0.012468073179417461,0.010005778792560632,0.013327076844564786
0.010989297884831278,0.008118063855626878,0.02209762399578491,0.006422221354800192
0.012216628330804148,0.007138218289380504,0.02212189982843978,0.009242498069401492
0.010171043958092924,0.009094263418253961,0.021426952575157462,0.00551909226162972
0.005798825788116988,0.012879838367186668,0.007859720530732152,0.016397498332209118
0.006325288176435503,0.013767859693082862,0.005388663535284458,0.02204438334978194
0.00584787495790626,0.012675127846538795,0.009754914260174821,0.01357818993717117
0.010792666431135379,0.008276526059211602,0.021324730213749282,0.0066178088281919605
0.011920403445051719,0.007195183703925383,0.021268485863192063,0.009141891454787518
0.009737816261355423,0.009167095189395909,0.019932323057586583,0.005716861334564472
0.006028249031385022,0.01309078274137354,0.007441083634097687,0.016894180407289953
0.0064299175424909075,0.013762531515944317,0.00534988884930728,0.022002159782841594
0.005826983232629936,0.01247963983937709,0.01002519541856003,0.01312349197170623
0.010792511403339583,0.008153470108408853,0.02173316184758576,0.006530170515911175
0.011946316170868526,0.007129723844838525,0.021660670691574613,0.009211220030041567
0.00986736585828448,0.00905119193039857,0.020675539706033096,0.00567644917559337
0.0059457157131001135,0.012942269909201705,0.007823464969013318,0.01618734147873786
0.006436890972192351,0.013761936617377426,0.0054824935346931255,0.021524067643852517
0.005914432357417873,0.012617494155843706,0.009943350204584008,0.013179846274034878
0.010652621335245116,0.008210285042975132,0.02128091760806417,0.006699728930187892
0.011764618214434556,0.007151195004921975,0.021232292112916343,0.009175730770344623
0.009668804204614405,0.009086027870419013,0.020060569984247864,0.005765374699921868
0.006068465821588425,0.01296835293257811,0.007673759441886953,0.01627773174228483
0.006519500760924636,0.013716381506880307,0.005489822408404902,0.021426898424702738
0.005939516038298429,0.012498051663283355,0.010028107656450642,0.012940703567995015
0.01060615710052115,0.008183951680829745,0.02137087550661521,0.006667950332317245
0.011695170738421625,0.007125125688139886,0.021238642605255355,0.009208053699315454
0.009614671266628369,0.009010463327601515,0.0200624712682411,0.005836788364670517
0.0060899191347393794,0.012955520700263491,0.007821771461121167,0.015927537014206038
0.006555662036668332,0.013727444962118423,0.0055868069510495565,0.02101172395861561
0.005993212217708828,0.012540700427372247,0.010110058019801162,0.012801228097170192
0.010514296506372867,0.008160526209097775,0.02120775021890347,0.006780760415550079
0.011595729735837682,0.007116086713681665,0.02112639242701838,0.00921647119971093
0.009562731786551225,0.009007948554301873,0.02001605480998036,0.005853457587401892
0.00614635961189633,0.012887183120384385,0.007848659728976805,0.0157581755060112
0.006632699655606741,0.013681562529334989,0.0056128477589022585,0.020862159198617156
0.006056272588356993,0.012505705615330528,0.010059711105606071,0.012735813170739768
0.010434702925570874,0.008195318850550025,0.02107661606492766,0.006810228264972596
0.011472173055970798,0.007119086957412334,0.02092039471555273,0.00921831226858445
0.009427927336203366,0.008972339837195364,0.01967524826981671,0.005966950176001686
0.0062200930710604755,0.01291457241224494,0.007869468374900985,0.01559831411674395
0.006683991780081066,0.013675634510035112,0.005692323643251052,0.02052035360128768
0.006089950006905302,0.0124743832626555,0.010214944598971683,0.012496846998472694
0.010366205071341908,0.008139924772592694,0.0210628289245736,0.0068753276100993865
0.011402195537147358,0.00709440697584571,0.02092417337676327,0.009259362948146669
0.009409608450400455,0.008938565461843373,0.019781283624391195,0.005980958817182478
0.0062564312065669,0.012842512810761634,0.007965192795994539,0.015334462095890724
0.006759593213028554,0.013648612895693104,0.005730688855437445,0.02030770648442074
0.006165648372176827,0.01248358970865536,0.010143769583611986,0.012483014266841914
0.010277018644642788,0.00818388173217156,0.020878695416624668,0.006934784438705294
0.011273238554648372,0.007108689320319454,0.02071061366485874,0.009234846197924076
0.009289165302767763,0.00893161910747828,0.019474871989811373,0.006066506693083697
0.006339067025261202,0.012840754085601305,0.007956133073326488,0.015221697919273905
0.006824976740547706,0.013621499298681741,0.005791724044585559,0.02004707506392569
0.0062042004268122695,0.01243186759227812,0.01025831186825259,0.012274559860252263
0.01020750998329862,0.008144469574810366,0.020859204981055583,0.0069877942895146955
0.011190759744607037,0.0070859242695894085,0.020667408452917382,0.009293615307089182
0.00923530742708849,0.00888266373199293,0.019462703274851986,0.006123567733544547
0.006384931110277935,0.012803926689266108,0.008048383419889381,0.014971398019283036
0.006895585952429648,0.013605724697747321,0.005849759787839415,0.019774668848332518
0.006269752811697848,0.012432264271170834,0.01025938125840912,0.012201673331732967
0.010125892626270158,0.0081607184991235,0.020739694649431942,0.0070454298124034715
0.011082491230529784,0.00709464284341401,0.020546071313369604,0.009265541180525283
0.009161056619215813,0.008882126421009938,0.01932696637116757,0.006167079967459714
0.006460540073995329,0.01276671700291113,0.00805681256092014,0.014836260401144653
0.006978335694977196,0.013573904536168031,0.0058888975570814414,0.019569944544753266
0.0063288969365512026,0.0124007786465934,0.010285601692104447,0.012086371440996186
0.010048269730969986,0.008154670970054085,0.02065488138652486,0.007106469159812246
0.010979862867817986,0.007083807858007226,0.02042896105973966,0.00931257405246628
0.009076545103069607,0.008839140886697096,0.019190875317306018,0.006251129458646726
0.006521883625372628,0.012747911664608268,0.00812403985594282,0.014627238097714624
0.007046288401496965,0.013553994072475081,0.005962915341810186,0.01927524600027806
0.006382554007262201,0.01237420660830953,0.010356856081960037,0.011944094103344741
0.009974358422765976,0.008142194151348654,0.020598133029111267,0.007158574694525728
0.010886264162694254,0.0070805113740767265,0.020364182753411838,0.00931100039420613
0.009021860630468235,0.008825395498634842,0.019137346088680868,0.006288377044212435
0.006594475500075271,0.012705858243717396,0.008154132061227079,0.014465508010731038
0.007137733864863671,0.013524640120078847,0.0059914074558034365,0.019068444289510305
0.006455910133074724,0.012360369487913036,0.010339313613146241,0.011882006784872666
0.009864527607429821,0.008128184192489188,0.020427094889104477,0.0071950085474507
0.010780037516413427,0.00707867001027988,0.020243434210396385,0.009328492095971462
0.008943804089734607,0.008795475666048404,0.019009632281799683,0.006360201145587087
0.006661668861507132,0.012675925612879464,0.008213524121668172,0.014271499569525614
0.007200054335858567,0.013478766377822776,0.006061200288991853,0.018758364338335283
0.006511289615484536,0.01232595200146329,0.010418661221504607,0.011734287486647624
0.00978114912490566,0.008102205659252158,0.020352198913723182,0.007247331231980218
0.010684589949407118,0.007069646822948616,0.02016727260774088,0.009353042046645261
0.008880996812290298,0.008769093621584095,0.018931406016141114,0.006416451831233183
0.0067389590427799914,0.012644585013896143,0.008250855113222148,0.01410596994805675
0.007290700991638545,0.013447142418390495,0.006094964226084906,0.018524125728573412
0.006585685139129803,0.012306864140263309,0.010417315273254266,0.011660907645398944
0.009680874320292276,0.008086705086708241,0.020215955428664098,0.007275314601326572
0.01058494016524761,0.00706929343913472,0.020079582840926938,0.00935104624446446
0.008819053925828425,0.008747610473852922,0.018848063609297437,0.0064700243741212735
0.006813765477059987,0.012607442417573982,0.008299945700397018,0.013928237933682749
0.0073689615445772,0.013405808659706628,0.0061507229275140655,0.01824964640342588
0.006652441690598487,0.012280273784650589,0.010465954648679176,0.011548454842003696
0.009591308095449955,0.00806114572064437,0.020114806379248444,0.00732686933609287
0.010487096297476508,0.007059503413230434,0.019993693761507052,0.009380376004477381
0.008755424715033907,0.00871698279531495,0.018764844728672604,0.006532244745834069
0.00689271398594529,0.012576394644532226,0.008347557226623078,0.01375581571689657
0.007456823032942113,0.01337055018122645,0.006197613558584191,0.017994296994167425
0.006725388056027649,0.012253895409939253,0.010490730553399923,0.01145583196891221
0.009501311648612945,0.008042274198770828,0.02001170009904047,0.007359358121784308
0.010390491840423694,0.007055984233448627,0.019919367286682504,0.009381984262574618
0.008697906496303507,0.00869499523168744,0.018690807602681145,0.006584500185847238
0.0069757717522701025,0.012543032720478015,0.008388132556761248,0.01359430713342934
0.007548011789168106,0.013336288878649584,0.006243805099309947,0.017743758286709273
0.006799708528613359,0.012229656189582331,0.010521315778207498,0.01136437060489477
0.009413903492339287,0.008019239897482839,0.019914873051313616,0.007401753598434049
0.010294786315175225,0.007047164391840891,0.019846227165487562,0.009399522587315917
0.00864178613409452,0.008666537194923232,0.01862805165574364,0.006639784135689192
0.007057136873640484,0.012509527789977564,0.008439349142285267,0.01342399133022668
0.0076388006399405435,0.013302042319086051,0.006294523656633503,0.01748812306938686
0.006875147105852495,0.012204052522863896,0.010552808377346632,0.011274487752484777
0.009328152593126688,0.007997523407543082,0.019822853092864384,0.007438818262009669
0.01019963552732874,0.00704021492220378,0.019777484534542318,0.009407132013381182
0.008587677881796756,0.008642315876197758,0.018562703606633785,0.0066921579386371765
0.007144125341752187,0.01247847641348047,0.008480467406884082,0.013269116312119928
0.007735496208063668,0.01327114501977085,0.006340122139493586,0.0172463572309244
0.006952846190433448,0.012178853352797931,0.010580745712110543,0.011190182947956926
0.009245655191385782,0.007975346033072397,0.019739320055995054,0.00747526055562833
0.010106249131263635,0.007030976768680737,0.0197151867270342,0.009417258668932867
0.008536735710083395,0.00861562269845106,0.018510150210713436,0.006743331638074376
0.007230005172312019,0.01244761873202701,0.008528692980396563,0.013110453134228716
0.00783178265544827,0.013241682065061919,0.00638973128172903,0.017000772589152575
0.00703095215850603,0.012154200038147956,0.010612640336828676,0.011107479287367201
0.009165991214555592,0.007952871595147586,0.01966305483556108,0.007510675539933588
0.010014454844225357,0.007021446730544905,0.019658634657383236,0.009423479840662413
0.008489383995017098,0.008591058043902887,0.018463304623109272,0.00679098118270108
0.0073188676589127895,0.012417796597805045,0.008571995616713167,0.012961293924417205
0.007932329045151882,0.01321500157367307,0.006435486842195412,0.016767475530702725
0.007111294216686519,0.01213035632578007,0.010638852641098442,0.01103219896656692
0.009088493865897072,0.007930773181219642,0.01959007681735122,0.00754366550781054
0.009923912249470382,0.007010874937924162,0.019605118001442216,0.009429168371092016
0.00844396761287308,0.008565704717407027,0.018421045604990045,0.006837998195862602
0.007407718867384544,0.01238972789132074,0.008617953749033623,0.012814452461713078
0.008032338796825368,0.013190029559580528,0.006484131073889518,0.016533822937753226
0.00719080970367826,0.012105910135485752,0.01067072609474854,0.010956396203555499
0.009015520149372082,0.007908236225339675,0.01952930422327563,0.007575565747060445
0.009835885664375441,0.006999105886353525,0.019558918765455426,0.009432900240019216
0.008402517184685014,0.008541370685281732,0.01838716371340165,0.006881559370301408
0.007498042196320325,0.012363084439216972,0.00866119843711794,0.01267538530017268
0.008135419169467483,0.01316832590402034,0.0065295928863277975,0.016311326949352604
0.00727195801282354,0.01208268451237452,0.010696954614242313,0.010888599078039646
0.008945327458936786,0.007886574158708234,0.019471893383560496,0.00760403704265606
0.009749988880500987,0.006986967270676304,0.01951682793469628,0.009433477439802667
0.008364270348121245,0.008517717904251472,0.018358948100699997,0.0069226523175244924
0.007588177592621453,0.012337638723278227,0.008704930279976708,0.012541254536149894
0.00823799565659652,0.01314831953065798,0.006576242765601741,0.016092713392807823
0.007352124872513831,0.01205916482789624,0.01072646955660685,0.010822307593627255
0.008879643214792564,0.007864710214924507,0.019424264787758536,0.007631386254935006
0.009666845445326843,0.00697350032452224,0.019479817309852286,0.009433454702736752
0.008329526105201494,0.008494552697365975,0.018337047764548624,0.006961133410738353
0.007678549317383218,0.012313846114038404,0.008747014229406,0.01241450262806463
0.00834167080263124,0.01313090781329596,0.006620922743776649,0.01588375503956995
0.007432428720680291,0.012035872219103969,0.010752898509593135,0.01076163490736542
0.00881804774243296,0.00784391061403585,0.019382482782983143,0.007655015020186717
0.009586746961447729,0.0069598461878834185,0.01944726693267941,0.009429859566509517
0.008298510290227708,0.008472660079452894,0.018320069286795252,0.006996631669397843
0.007768558898063566,0.012291407605978693,0.008787556228596366,0.012295257783307744
0.008444876624478815,0.013115364241664184,0.006664957798118053,0.01568251141292456
0.007511501478600621,0.012012289252224525,0.010780040355277196,0.010704222135609254
0.008761485099101664,0.007823592952455898,0.019349321653946476,0.007676473168616016
0.00951021800410514,0.006945324414843744,0.019419393953638897,0.00942484509357859
0.008271567751719453,0.00845160548363425,0.018309495150692648,0.0070289862581656955
0.007857627303342505,0.012269980996203618,0.008826604668276932,0.012183541203067683
0.008547670136627938,0.013101590164654417,0.0067072373058952115,0.015491147233259395
0.007589642553219541,0.011988513740125785,0.010804880974252268,0.010651953129259335
0.008709778617186257,0.007804522818983889,0.019322056646976768,0.0076944446552513505
0.009437505852032627,0.006930804201878343,0.019395139196477344,0.00941668536264742
0.008248723090646237,0.008432091213120996,0.01830299565621952,0.0070581707046892565
0.007945614493587513,0.01224945038843649,0.008863111943075219,0.012080542611625885
0.008649237045780597,0.013089005474519102,0.006747836293201684,0.015309821753638769
0.007665961287051469,0.01196399947074347,0.01082895057181635,0.01060362042910296
0.008663611966584628,0.0077865430076001114,0.019302249879301875,0.0077095396521119994
0.009369074142544082,0.0069159907126694845,0.019374542145621995,0.009406593769188598
0.008230185496394177,0.008413807332561222,0.0183014846420557,0.007084100326766149
0.008031793773338916,0.012229383743977253,0.008897405493470739,0.011985980313006225
0.008749144737287171,0.013077245565347253,0.006786308781284529,0.01513941585768155
0.007740356294145171,0.011938700047904434,0.010850863762550901,0.01056011689361623
0.008623046281870514,0.007770130479622035,0.01928842916112423,0.007721106791694838
0.009305289634780568,0.006901511153041062,0.019357105245850898,0.009393461152110764
0.008216217088224283,0.008397329849626958,0.018303857418827923,0.00710654016323482
0.008115963255299164,0.012209398396665851,0.00892851209133042,0.011900658936069187
0.008846910395849237,0.013065769915022868,0.0068222217536952475,0.01498075573928701
0.007799305536303033,0.011892447165636442,0.010852465100169408,0.010503750261534415
0.008588103786678732,0.007755798789583466,0.019278599110089275,0.007728553595849218
0.009246394178011557,0.006888279805050734,0.019341223129929246,0.009375633985377494
0.008207038746985328,0.008383973289794084,0.018305944632474938,0.007125527405686005
0.008199148017893109,0.012190166530410081,0.008952715120557004,0.011827834967901777
0.00894305745753371,0.013054856585747699,0.0068535670692607955,0.014836821221752075
0.007848569669272797,0.011834912434675698,0.010841188014327853,0.010443211346482755
0.008559568449158747,0.007743569936315217,0.01927440678222174,0.007732376339351076
0.009192743117198225,0.006875528072587871,0.019327147668963273,0.009355410185319667
0.008202664268750484,0.008372642460857827,0.01831133951342053,0.007141043681958351
0.00827910943944865,0.012170878628357144,0.008973477371385735,0.01176440683011319
0.009035625878569176,0.01304380320718171,0.006881965067194419,0.014705277421719554
0.007895220465620278,0.011778378973024372,0.010829121771771429,0.010389395025812953
0.008537309731869967,0.007733464390946316,0.01927625880166421,0.007733014240086711
0.009144533589849936,0.006863526936834559,0.01931580013882743,0.009332615281085217
0.008203323297026032,0.008363648355895033,0.018321821552043774,0.0071525465389424
0.008355043255198298,0.01215044063895871,0.008990800564869336,0.011709989304795113
0.009124267928400714,0.01303187995571133,0.0069067716369471035,0.014587469574485873
0.00793948508857604,0.011723176219797212,0.010814646947892309,0.010344074267479715
0.00852030780139063,0.007725670344905405,0.019281229046131054,0.007730522965935958
0.009101375306684987,0.006852759170901528,0.01930606522845682,0.009307331226025877
0.00820819675657405,0.00835684512563861,0.01833581405812421,0.0071607056684060396
0.008426286464274709,0.012128325268575473,0.009005286741646794,0.01166398886399255
0.009207788984015029,0.013018046308577476,0.006928888801551359,0.014482112236302691
0.007980502948827696,0.011668491114989955,0.01079939951871487,0.01030562050567015
0.008508419010170831,0.0077199158851795,0.019289915053043304,0.007725473498232572
0.009063217434642494,0.0068431535780371444,0.019297848734873016,0.009280221194285908
0.00821705322656869,0.008352039888618323,0.01835288653753618,0.007165825027365853
0.008492837593464904,0.012104422469528697,0.009016644360940873,0.011626189421314874
0.00928634877948638,0.013002196973714906,0.006947735228038527,0.014389565167061663
0.008018760141322582,0.011614601716868756,0.010782364291295598,0.010274420603837948
0.008501490903575501,0.0077162777375806586,0.019300940964487995,0.007717789602605959
0.009030130866770484,0.006834865551893771,0.019290712357578524,0.009251066122779754
0.008229978494473931,0.008349247433779582,0.018372508197856994,0.0071680547538259115
0.008554697931110975,0.012078636087297541,0.009024924151949344,0.011595837912434365
0.009359741523624928,0.012984169309375071,0.006963456384701112,0.014308945396803451
0.00805415240579889,0.01156140353797816,0.010763774655035988,0.010249752405840973
0.00849939249029535,0.007714468943385138,0.019313796163246584,0.007708126409465781
0.009002035575443173,0.0068276706751906726,0.019284185765978856,0.009220569890284037
0.008246967449049533,0.008348276484287863,0.018394740437555915,0.00716758600919507
0.008611861447959605,0.012050838925167218,0.009030314971073535,0.011571990062652835
0.009428038492434126,0.012963884357118597,0.006975909705810919,0.014239830862678406
0.008087050058053057,0.011509127427938429,0.01074304137422101,0.010231700910522237
0.00850160499427729,0.007714399929578604,0.01932692807889961,0.007696717852575868
0.008978577793631827,0.006821628331782016,0.01927745972543514,0.009188981591674295
0.008267505163288301,0.008348968103450018,0.018418354901919204,0.007164968341280875
0.008664389225786088,0.012021140766783005,0.009033028691150831,0.011554090961711939
0.00949097851675399,0.012941164983198531,0.0069855441534412855,0.014181124170154288
0.008117224176874114,0.011457529537594132,0.010720955065983123,0.010219222803009033
0.00850772525448582,0.007715809526769231,0.019340501007043036,0.0076839873864361615
0.008959426414401306,0.006816624159328152,0.019270656071164606,0.00915674809424507
0.008291137288131837,0.008351077546284776,0.018443262296965645,0.007160566289611073
0.008712299562974037,0.011989629374782106,0.009033424808216423,0.011541451194194977
0.009548627685796202,0.012916089557011082,0.00699251159701806,0.01413216390907073
0.00814484695894895,0.011406739165622742,0.010697430572557023,0.010212103632041218
0.008517232564500331,0.007718598727373188,0.01935386394240645,0.007670079548840804
0.008944239968328785,0.006812706662328397,0.01926374472331257,0.009123866813243797
0.00831745804500694,0.008354506872643089,0.01846899871973927,0.007154733830362044
0.00875573412799552,0.011956525386060977,0.009031765984594117,0.01153348582233844
0.009601003574566683,0.012888813365311667,0.006997159247175217,0.014091975830132409
0.008169873035061115,0.011356754348838963,0.010672895611610675,0.010209634747809532
0.008529743281602227,0.007722544772297063,0.019366982153423386,0.0076553840996534065
0.008932682075491713,0.00680971094717728,0.01925674221797119,0.00909071605754842
0.00834616723529699,0.008359089144445128,0.018495601799784933,0.007147741104429874
0.008794852199164297,0.011922071997938204,0.00902837910290142,0.011529472472109783
0.009648323094330105,0.012859636872200451,0.0069996547493133415,0.014059794602544879
0.008192526824586753,0.011307786381077363,0.010647285874807165,0.010211519584881323
0.008544812302571037,0.007727525883074532,0.019379278572223525,0.007640116981586428
0.008924356039590305,0.006807568904189069,0.019249372588799416,0.009057482735058617
0.00837685638954754,0.008364712358604844,0.01852251218668711,0.007139951937810763
0.008829909352762557,0.011886637885614674,0.009023479894439267,0.011528948461755506
0.00969072720679491,0.012828853659580003,0.007000339270448134,0.01403468623084517
0.008212810068966708,0.011259862340133547,0.010621057899880817,0.01021701946818894
0.008562077172130315,0.0077333574517069285,0.019390910303665014,0.007624569225095151
0.008918890725905916,0.006806133883423224,0.01924174550507588,0.009024451123677321
0.008409154444201155,0.008371224550595212,0.018549717321469397,0.007131634457152497
0.008861104087267391,0.011850530092301111,0.009017388098779184,0.011531379877948915
0.009728463713746615,0.01279681088165748,0.006999452799067079,0.014015923843946069
0.008230873105030076,0.011213132369637844,0.0105943252932977,0.010225770290415506
0.008581113677329185,0.007739934502976714,0.01940169225625324,0.007608891004051642
0.008915905861833348,0.006805357968431942,0.019233907733580632,0.008991693799350577
0.008442664882137487,0.00837853207336739,0.018576955276780292,0.007123066159859493
0.008888672574192657,0.011814089432170438,0.009010359184638127,0.011536382490881772
0.009761729772046375,0.012763840750977064,0.006997328548507561,0.014002712136278243
0.008246729742234152,0.011167642690313043,0.010567481014546161,0.01023717604962352
0.008601579910303999,0.007747112193668576,0.019411840306626876,0.00759330701047638
0.00891505976989569,0.006805121448149211,0.019226053945883594,0.008959389015389006
0.00847708295949065,0.008386532607549598,0.018604328232386103,0.007114438480700458
0.00891283067236874,0.01177761424039637,0.00900266750801977,0.011543514159445264
0.009790817261179516,0.012730320331225124,0.006994175280786188,0.013994437198755547
0.00826053101600546,0.011123548911104026,0.010540609517184985,0.010250929642649599
0.008623125546488053,0.0077548054847918005,0.019421238118948962,0.007577958394648801
0.008916004466922941,0.006805352197791636,0.019218172516302166,0.008927635491860528
0.008512091648034589,0.008395160224836579,0.01863165447030827,0.00710596125634719
0.008933827676635206,0.011741434059586123,0.00899450813509338,0.01155247626738746
0.009815967870929422,0.012696596699951743,0.006990258133990687,0.013990453146802528
0.008272319849242931,0.01108091384427507,0.010514013338847362,0.01026653285262351
0.008645470428061748,0.007762906455761763,0.019430090775061803,0.007563029764968368
0.008918424396264845,0.0068059367113602115,0.019210375496414918,0.008896599794995134
0.00854091631679104,0.008397939411286812,0.018644795102418173,0.007092372887010407
0.0089514556837819,0.0117056225798181,0.008986962465869476,0.011562282043274006
0.009836617884158811,0.012662623071063668,0.006986872867037584,0.013988905347332636
0.008281300980217591,0.011039254624263369,0.010489439882172179,0.010282483192299453
0.008668300790223625,0.0077710224742815115,0.019439559891080177,0.007549272407296756
0.00892196785200972,0.0068065664158585585,0.019203025711844894,0.008866927595415502
0.008559406511840792,0.0083909104984882,0.018635859316242016,0.007070366125775831
0.008965749645639945,0.011670116545172075,0.00898044446167889,0.011572159508746863
0.009853019046257147,0.012628536886417626,0.006984131667547796,0.013989418167128353
0.008287775442249904,0.010998796218768163,0.01046653534604408,0.01029909310321705
0.008691003773909882,0.007779153755001937,0.019448642101116916,0.007536697446808183
0.008926054409942506,0.006807299463990097,0.019195345780429644,0.008838800343350326
0.008577490788314063,0.008384458139949334,0.018626877670917134,0.007049234988124796
0.00897759400118892,0.011635528055567432,0.008973639440709148,0.011583437333969045
0.00986647475478677,0.012594979650366652,0.00698075234228085,0.013993443566225481
0.00829292860193923,0.010960168464784377,0.01044368734245671,0.010317180783911322
0.008713515511992214,0.00778775656988844,0.01945674134421502,0.0075243129597801885
0.0089305804245197,0.0068084876955415066,0.019187477068798406,0.008811322736111215
0.008594781842350845,0.00837863350652759,0.0186169557682936,0.00702940870687665
0.0089870615593257,0.0116024089207318,0.008966988865866152,0.011596484906296193
0.009876513105915717,0.012562157677191177,0.006977873780941431,0.013999622613069496
0.008295687090026005,0.010922673905365355,0.01042316002199619,0.010334532753139497
0.008736375434193155,0.007796497699511313,0.019467022775483636,0.00751284076766127
0.008936005253196835,0.006809747845951598,0.01918160364174921,0.008784594596899802
0.008612082599572232,0.008373358343737007,0.018608831685692884,0.007009834033087972
0.008994403706112172,0.011570566840754866,0.008960335144904238,0.01161009817800095
0.009884475175023279,0.012530863226499727,0.006974111217192017,0.014009252560992048
0.008297572930850724,0.010887623086216646,0.010401711948801372,0.010354122347038506
0.008758945808669254,0.0078056936077435975,0.019475466304645913,0.007502031396385139
0.008941699121681012,0.006811234627436844,0.019175146965466593,0.008758791563420914
0.008628957028599856,0.008368782520795617,0.01860058753172663,0.006991143443570292
0.008999726854923997,0.01154020473580975,0.008954002994535214,0.011624334321772537
0.00988967190858168,0.01250069692182775,0.006970740210157691,0.014020566284715938
0.008297607351655537,0.010854099745740734,0.010381832804806153,0.010373497700851086
0.008781155732390895,0.00781497913672094,0.01948441266904622,0.007492477742451824
0.008947364403585175,0.006812641908595285,0.01916884624257823,0.00873462859508967
0.008645197532008765,0.00836478672676706,0.018593195396558248,0.006973349370220416
0.009003181966099146,0.0115112738682944,0.008947938462974064,0.011639156046506702
0.00989277878937767,0.012471858383620492,0.006967190494395394,0.014034264556848525
0.00829655814474981,0.01082252297145671,0.010362236049910897,0.010393776020645217
0.008802602280827965,0.00782466724270038,0.019492618328798103,0.007483518193163857
0.00895271397978745,0.00681435980942689,0.019162307774936736,0.00871146150772941
0.008660324655263422,0.0083614918969049,0.01858535383503566,0.006956894545206588
0.009004919708524984,0.011484095235005962,0.008942185361600002,0.011655308037147039
0.009893425316289043,0.012444260764162192,0.006964283528306434,0.014049509516370271
0.008293605608802554,0.010792187066233035,0.010344827368684936,0.01041304055118977
0.008823707586316462,0.00783454041712783,0.01950281553391494,0.007475609489054809
0.00895810293634029,0.006816147318756077,0.019157360519911033,0.008689358484718423
0.00867488863911657,0.008358811898391681,0.018579137677724705,0.006941094460661827
0.00900508899177896,0.011458488304112332,0.008936696818996396,0.01167194684089736
0.009892558643823714,0.012418419897085342,0.006961025982303546,0.014067277818425114
0.008289824661112968,0.010763972622370947,0.01032728518778057,0.010433450235833938
0.008844178428693285,0.007844879099054453,0.019512242977900857,0.007468520650506213
0.008963206172395492,0.006818138011128788,0.01915216041364231,0.008668364015620465
0.008688758031715498,0.00835689391266741,0.01857315951091045,0.006926224259750037
0.009003870266891995,0.011434577185815344,0.008931472539447066,0.011689230468687547
0.009889843960815875,0.01239408952664989,0.006958100767559892,0.014086560124503827
0.008284652990049433,0.010737287501140407,0.010311087876664026,0.010453454591257258
0.008864088921240533,0.0078554675818138,0.019522396469177604,0.0074626990557521795
0.008967905690758763,0.006820111510788378,0.019147141319433913,0.008649004479268895
0.008701947146868904,0.008355661762566266,0.0185682584755508,0.006912162063746024
0.009001346739975167,0.011412182574039378,0.008926495742284855,0.011706931522353732
0.009885762035197804,0.012371306268944948,0.006955050101717635,0.01410784982013617
0.008278692891833684,0.010712420402773771,0.010295159239676159,0.010474046784639387
0.008883121101658809,0.00786655297229209,0.019532056591342384,0.007457646837052976
0.008971930764235395,0.006822372276350656,0.019141622309307493,0.008630930427045918
0.008714045891022492,0.008355210512149883,0.018563189704546908,0.006899276296576146
0.008997617849465641,0.011391473492150132,0.008921732911052405,0.01172582840395953
0.009879948632760293,0.012349831103841311,0.006952523328181054,0.014130548919052011
0.008271292230254931,0.010688699827606488,0.010281089554942856,0.010493575899287053
0.008901660122986349,0.007878009916129436,0.019543540174855677,0.0074536271100133795
0.008975635717367552,0.006824827936902512,0.019137222409231096,0.008614047436753614
0.008725462503756604,0.008355492598878791,0.018559428897159835,0.006887090859578858
0.008992795054727035,0.011372304532491924,0.008917063187047297,0.011745478401220925
0.009873087094953372,0.012330008827640643,0.00694972244252896,0.014155557380146086
0.008263204490602279,0.010666728727926175,0.010267171624147513,0.010513670239150367
0.008919622035732891,0.007890094048174196,0.01955501958486495,0.007450418408228884
0.008978919530193679,0.006827615370008925,0.019132805666084426,0.008598281470683186
0.008736222455560676,0.008356625767136413,0.01855613914640918,0.0068756784262803865
0.008986981693375235,0.01135471352894115,0.008912452381243424,0.011765977788318921
0.009864950563856714,0.01231166688809392,0.006947044989269569,0.014182286614216624
0.008254065573030019,0.010646124970217058,0.010254297450466457,0.010533380666191017
0.008937134703462166,0.00790268555837406,0.0195674192045071,0.007448381981711228
0.008981776461676213,0.006830593574291901,0.019128638666443393,0.008583992334700622
0.008746446921370285,0.008358584360577431,0.018553968420133654,0.006864874179850801
0.008980224249096844,0.011338512929104455,0.008907836404266576,0.011787072844480998
0.009855884212533035,0.012294807545580547,0.006944077773047829,0.014211148519331168
0.00824434050702378,0.010627133541545835,0.010241540463458248,0.010553605742156226
0.00895394203911218,0.007915986846240328,0.019579624435881317,0.007447130427186512
0.008983963078710673,0.0068339933893528425,0.01912397326950218,0.008571004256644898
0.008755774207087886,0.008361436182287593,0.0185518526923163,0.006854969741053041
0.008970846435738823,0.011320339298749555,0.008910801699576391,0.011801156048824483
0.009840784359322915,0.012272246715653438,0.006950016085548988,0.014226478687721303
0.008232014142738947,0.010600406237783785,0.010242304713488876,0.010557167424515864
0.00898374703575142,0.007927671353758714,0.019600069523278897,0.007452298554442659
0.008999097389431608,0.006837198914425489,0.019119104617443365,0.008560824358013525
0.008783781277680192,0.00836546994482818,0.01855068672766587,0.006838154486996796
0.008969700460615671,0.011285183962509672,0.008921933662949862,0.011785699581322012
0.009829270144532658,0.012224836985073506,0.006961615121631606,0.01420832164753929
0.00823907035299513,0.010550758953220673,0.010248880442391084,0.010530717445902043
0.009042066708012652,0.007917475842520116,0.019555699828771166,0.0074399844927475825
0.009065627189995045,0.006845764750057999,0.01909412559846893,0.008549955285250311
0.00887724172428169,0.0083698969754149,0.01852884782054872,0.006801727186046323
0.009017599040969087,0.011228494592185407,0.008875305461346988,0.011779169299987773
0.009874746384058738,0.012161031863790762,0.006905612722246149,0.01423727781597511
0.008314978708861671,0.010508542659789554,0.010164965960225822,0.010555330794466309
0.009166444861607496,0.00796433066459341,0.019532360741917738,0.007394451662748651
0.009158278680697107,0.006889251391301479,0.019052536126217545,0.008482754380103468
0.008959766744859494,0.008380298636550603,0.01840090274593467,0.0067845340473765
0.009062962243551268,0.011174271827227985,0.00884727680892523,0.011830351497859578
0.00986009433637979,0.01205124463984728,0.006930470966620114,0.01418523193711758
0.008329367261429601,0.010383901775956944,0.010265181925374033,0.010377873584384637
0.009322511537024762,0.007941891947752092,0.01961042874633867,0.007328627301465339
0.009353416531542575,0.006931978753002486,0.019201141570005235,0.008393116633473356
0.00914729237867885,0.00839117311891717,0.01842640865887006,0.006705881714521145
0.00915697602743842,0.011134964026578431,0.008688057691891977,0.011922595496887354
0.009983177860471064,0.012048168019769738,0.006725543189929826,0.0144422651038146
0.008466723213669392,0.010429816283873329,0.009986433241043213,0.010598384999243083
0.009481971037252781,0.008092249662979892,0.01964851078407565,0.0072291321230348775
0.009439162486670271,0.007030333028072223,0.01926223455208899,0.008211035456469616
0.009128275461477067,0.008422997003415193,0.01827730860393945,0.0067168801628322726
0.009041005309232648,0.011100743767578065,0.00873964030444176,0.011984298853446086
0.009777672477979739,0.011974675623204728,0.006935577250152287,0.014297381829493482
0.00827071202956375,0.010269329200775917,0.010411382889204053,0.010189098140548568
0.009484365694072927,0.00801112389239758,0.019793808113606898,0.007203543261670257
0.00951330659535251,0.007075176336956772,0.019516850737245524,0.008085137309564458
0.009132368201489516,0.00853977187467158,0.018185789123124706,0.0066795275446601705
0.009009236994448713,0.011193650129430828,0.008646401722681885,0.012073230062408086
0.009707032387769092,0.012055627095650868,0.006941983841827457,0.014384724601218863
0.008207430944966126,0.010248266290743125,0.010548293224738685,0.01005131792396575
0.009484698827404917,0.007899112311549411,0.019379860636690664,0.007264208209435509
0.009600061767639674,0.007079519511491062,0.019375471253163138,0.008110337113651184
0.009272502182443866,0.008692526448845172,0.018066720317483374,0.006629514718293578
0.00905131354362391,0.011256886465845531,0.008559902157516256,0.012036364587109038
0.009675948759704648,0.012062271232274921,0.006909877484855109,0.014363362667192233
0.008240407686345486,0.010231088350976417,0.010584116372517762,0.009987790390580429
0.009502900318040762,0.00782248582744543,0.018813522558666293,0.007342283171246411
0.009680948791889526,0.0071186870322973925,0.019021033938429764,0.00818919581758561
0.009396820791315019,0.008810242747318384,0.017806159154953212,0.0066044517445914
0.009080475287195168,0.011177337111182099,0.00846986189235437,0.012072022512214411
0.009609952457163493,0.011860842782608912,0.006925381297204635,0.014224923442786544
0.008318698808869774,0.01008601293798161,0.010719394464776617,0.009772465436530143
0.009827514876857088,0.008088909385519654,0.01913401933532772,0.0071283885127907
0.009827017196773728,0.007398266129411215,0.01895180746295804,0.007826553867765892
0.009260137720388839,0.008999559002336122,0.016805888889986957,0.006802152996642881
0.008987576839757623,0.011136158354415547,0.008360092071589192,0.012531320422857492
0.009277563206531086,0.011548542900645999,0.007571589439561878,0.013589425242425079
0.008381543911293246,0.00959111685818743,0.01242359695628879,0.008238988547009064
0.010057400226925793,0.008192433699068948,0.01932528418090071,0.006757675227748063
0.009982678041308654,0.008146471861638997,0.01892808962200839,0.00692736074390486
0.008516829803352182,0.00976425397807621,0.013080471099838797,0.008061684980377036
0.008672615179243028,0.011482840406711157,0.008345869040810826,0.01281053967757093
0.008814353208497097,0.011560381676282273,0.01010027175612,0.009714638527107581
0.00792634515400602,0.006775078661655536,0.008795625864147755,0.02373410206767644
0.00839599336295102,0.007366665943035224,0.009097919278847991,0.02009272588618099
0.009786987541607584,0.012218933600960828,0.008717050071097222,0.009297729116692225
0.009934408520879297,0.01217147910754102,0.007731698059797423,0.010827294807488123
0.011415848836458117,0.01148841211072229,0.012486392006340557,0.0061999715853783945
0.011376520095324515,0.010450009421668733,0.012126596327174685,0.0077106110989511745
0.012221603944475265,0.014029816444328491,0.010720580847937386,0.00600130928553859
0.010124331096139578,0.015105041316614653,0.004430430118065842,0.01627088805954293
0.009494921516112724,0.01611506241817095,0.0052706415436642754,0.012749762767882153
0.0075757338473426,0.011108582072922958,0.007645585475213254,0.01806146605343991
0.006679791300057223,0.01086501763322487,0.009334512109972711,0.015087698422432395
0.005514991336665519,0.014053770315341305,0.010174759940767558,0.012267964408564355
0.0047064518734250835,0.012752414118756841,0.011866814108863984,0.011598963884279407
0.006196366140437742,0.011865936125167396,0.019767617681191056,0.006108416317530028
0.005868316572839551,0.012687287193604672,0.019305352272337366,0.006311648352564073
0.004274284411644218,0.0157780485647719,0.0116451625223459,0.010664628601629682
0.005758642632816395,0.01960862623130155,0.008974733338577118,0.007320245973690974
0.005967340203319175,0.021541583522175303,0.007841593262248404,0.00868644177584112
0.005188140603501819,0.019390093037623086,0.008535514311777606,0.008580446771524428
0.0035617885722910164,0.018068522361813312,0.011099533749701615,0.009789020062512182
0.003375789633660421,0.015639167669787395,0.015985876247957876,0.007296059292388313
0.002614740457138496,0.014896072940687548,0.016484100241710032,0.00807798220385497
0.0029535481386247543,0.014987327176583402,0.014995687556199988,0.008386106575455929
0.002970117902572788,0.018076760152597012,0.012579353611094739,0.009140116639799748
0.0035020122459517907,0.017574802742481584,0.009875717464109493,0.01024102614943575
0.004354953203541376,0.01950469359703651,0.010027625776761038,0.009594686420012894
0.00352517938629306,0.01883012983355503,0.011264323074893749,0.00842428473273817
0.002898730213259615,0.015061173673687603,0.012218989013181566,0.013139649491147052
0.0027528912644708705,0.014480903916440819,0.01863706712037585,0.0073351591908926385
0.0024602200393469805,0.01278607800653218,0.015434590432704183,0.00937512965781713
0.003235620606250275,0.0140659546571114,0.012677023167566158,0.013198839475155539
0.003604133299959924,0.017868111562635396,0.014907829085003292,0.007086489419610141
0.0029410912520203823,0.010348320374026212,0.007193236168019464,0.03626923345909177
0.003582163159268905,0.014719437920664036,0.008386889149122471,0.019809692389770907
0.007980011676971552,0.012824430520767531,0.006051334356783602,0.02622934971752437
0.006577589330987142,0.010932132877123113,0.007538691199923773,0.021626615309552833
0.004601847820060373,0.008258266503812122,0.012849395407709916,0.019756517983435324
0.005852194372654603,0.007756385022234141,0.023340622294314793,0.011863905821439336
0.007937832789832719,0.010459708231539985,0.02733527712444056,0.007514961507580899
0.005103973742412018,0.009961241173545517,0.0172951165876757,0.01361177316181445
0.004776336297983079,0.015943172526619337,0.011360466390085667,0.008257939037072757
0.011186959630294717,0.01211966036050412,0.00385643226247749,0.03533680028482339
0.012827714530571832,0.012147881398944217,0.0034826708746600417,0.035614575196498834
0.0083757510197049,0.010555715203115315,0.005440820167117402,0.02481782356223621
0.004988121700841914,0.008570410590950771,0.01572185302703218,0.011632681594352672
0.009394225049210123,0.011390685147679403,0.029261961998445326,0.00701281760055999
0.011224423217502154,0.012319887242411589,0.028585052848618345,0.010207475363316362
0.00982154627242549,0.012434491032453025,0.026912533135437344,0.008034113868744735
0.005693431857562153,0.011428033908555993,0.017710778202646202,0.008350772619740756
0.00770275258649297,0.011186864874706425,0.005754853167336,0.02515507760446442
0.009147791874889259,0.011917856000507512,0.004194411063638186,0.02772562925945357
0.009534363736748116,0.0182936315485284,0.00792046538848459,0.00557689968818035
0.007023501912540519,0.013447998217844832,0.010932586274803004,0.008369723542464794
0.0066230635521154204,0.011424357322248441,0.012500795181020753,0.00867113020969841
0.007654143797854759,0.012177422360376411,0.0157295329539039,0.006140236969594557
0.007368352603387504,0.012635924831257608,0.01153525495026014,0.007893742269491844
0.00898933913490202,0.015991691718410122,0.007126998512669225,0.007639170067084315
0.009775117086257466,0.018076929770941344,0.005095403564504808,0.009549376684699037
0.010249319838685648,0.017815032173772855,0.0050200034763058145,0.00921855293194992
0.008076536766791143,0.018168194774450197,0.007680978289567441,0.0069891267108469395
0.005180379234983557,0.012659014219990182,0.01072803145426741,0.01055893518393593
0.0053226190587096255,0.011501204073667979,0.019655971446059448,0.006856613740268599
0.004662167897553033,0.011399485054778578,0.020013709620052646,0.0070010307510829815
0.003521764537225519,0.012976489546791165,0.013684957258078261,0.009516009922656964
0.003104843070190004,0.014797750205734227,0.01029603461150224,0.015061544921151346
0.007145197518771612,0.022055694064951604,0.010758258394395348,0.007058884677782274
0.006113724569678524,0.02082933750674381,0.011942950241949237,0.007221653954294352
0.001958438195434354,0.011780415760744074,0.010798958862642602,0.021068262089795037
0.0024772830244388865,0.01458033535319966,0.01764837624039714,0.007443423408844121
0.0032744896357168158,0.011452462690043023,0.013104462921268024,0.015374439799657824
0.0030096002116812223,0.010086027820580504,0.016442526060032447,0.010775431350165529
0.0044996259393656,0.009857344221978093,0.024495932827184205,0.0070092916360134745
0.004697777359989244,0.010410957807343397,0.024011455900842714,0.007031554073014826
0.003319063150310161,0.012349932657563734,0.01603854928940407,0.008132992755214567
0.003921630389216457,0.012659923002503301,0.006690388382241676,0.02667164138431365
0.008910844790253624,0.020064371474775657,0.005587096641588512,0.017966090643577036
0.013662735698749505,0.016143791587031907,0.004058969114289439,0.029705392231460813
0.013325588941099344,0.015414947786628419,0.0036583774482054614,0.03657916680644686
0.010582241307267537,0.018913237589847857,0.004867316661748236,0.00970731056257129
0.005055319857560462,0.009516635481480752,0.005848752209543146,0.04920839604538534
0.005558674250431001,0.007277015096405386,0.009189916514393614,0.05619372746186273
0.004667758875881012,0.008624591741715572,0.013431123759669985,0.022511035375685235
0.0043102195227763375,0.010573564369014726,0.012827148330752589,0.012431844557049132
0.004702619025930694,0.009814039359163286,0.009640582786360683,0.01855915047392698
0.0045483479977509915,0.009561247029202668,0.010990180605396803,0.016638172551493524
0.005393853371077641,0.011481131781132577,0.01725885832699597,0.009162522258849873
0.005594147285847505,0.011573941094018006,0.012731688439043121,0.01584914828039436
0.006271812115712232,0.014379684267006271,0.006658532705670819,0.019872196338130248
0.011346806907933845,0.019525609516064732,0.0034969853782219735,0.008051200864849102
0.013363530176995805,0.020051488723527234,0.0034364584649664415,0.00776469307726807
0.011812240023297211,0.021745417175086997,0.002960082155292953,0.016087207277754548
0.008700116702347072,0.02275993463976287,0.005658721049019837,0.0065213656766383975
0.003720169640377132,0.013083966308411448,0.009163438017204102,0.02077803855769763
0.004586286096489973,0.013225644172010866,0.02060640415630194,0.009254011140010208
0.00670003526535759,0.014190529748256518,0.0271677293746679,0.007757515685045071
0.005025631484958382,0.013826162199677939,0.024336073802406093,0.008272636141362052
0.002249887424804815,0.01291591352054627,0.01366659255825978,0.016429398911910843
0.0027023694312308783,0.01779302848351698,0.012068881410173893,0.01102261532009942
0.005384763169553747,0.01579359914910971,0.007551012599279743,0.0293014529681566
0.007050233685350665,0.017314224446938,0.005980311476398487,0.04223593519722649
0.011844439540635741,0.02528481841795812,0.003513443645715461,0.01463676868281286
0.009396129490269947,0.0174693935021347,0.0034956924267217178,0.028223682943209417
0.006811971465375,0.014732517051411822,0.0032165545732468544,0.03765233202813304
0.003950755062195443,0.01437493449822405,0.005868522714509257,0.020003301948018047
0.004774827966910594,0.012777788527016977,0.017155577611933863,0.010398792707508927
0.006606105652026936,0.010740716984326715,0.01973859964792194,0.017263921846256386
0.006082183554773479,0.010396903377657484,0.0186085226447577,0.015339964696281697
0.004720802686731693,0.012139956248889361,0.013549095117760299,0.014534420791651678
0.005209408550509748,0.013382494001080877,0.005643071092897489,0.019520091543239058
0.006412849654601667,0.015370718216419992,0.004012831995674353,0.018566208332170347
0.007666731938632838,0.020466082356225906,0.0069696261099274695,0.007149628950798024
0.006376052943598619,0.01696778148161405,0.008374661455553498,0.012035732225440127
0.006161798895840148,0.019559959165088892,0.0094022408768519,0.0060993882858080386
0.004152112991594933,0.01394592960062099,0.00661006581743814,0.020121201583319547
0.002951273168038178,0.012402359865070073,0.010063087534018663,0.01807889646721102
0.003825046949991801,0.012521221941959624,0.020591829114148676,0.007260159407420039
0.006190691237709937,0.013318811360242185,0.026365493752681466,0.005652476027525404
0.004929904214242627,0.013623419243621865,0.024740522328158585,0.005782132956703217
0.002102911648061241,0.013226232670751289,0.014402111191496075,0.013982380754243452
0.0033060520591549967,0.019254204643768407,0.012264705714008593,0.00721181137363505
0.005799420815886774,0.012992619198749786,0.004997716320104196,0.03909367220865185
0.008781472892229992,0.015318736466386765,0.0037611192785403404,0.04780018366036175
0.012862055756705881,0.024528992901176678,0.006568400957014363,0.010801107129419486
0.011088603901797047,0.014296571770782293,0.003960713661489449,0.0468514224002506
0.0075923649226191355,0.012802195267317792,0.004195659839685491,0.035577012078627415
0.003242270655792797,0.009631485627068025,0.009455650132356955,0.02284320601749861
0.00431059845421509,0.007882136630557096,0.02201111379762759,0.015601645375263479
0.008532090021719667,0.009224029398517923,0.029322344166511312,0.014298339497423734
0.009981396698099264,0.010266478616407485,0.030772059197033567,0.014368827010120941
0.00768773397906898,0.010139346015027181,0.028779526192942034,0.009567880213857145
0.002953899094312809,0.011119093047201305,0.020983077674254023,0.009202540740242562
0.003244862256634123,0.012395904266244732,0.008078025365328997,0.02416988309201208
0.005515584314369625,0.015826067818621125,0.006092972348749276,0.02133903432378289
0.006262382923649106,0.018844789426998017,0.005739305757664904,0.020793423310797334
0.006836688794637023,0.017046597553432467,0.004674990220111774,0.03183112179089369
0.008643495925244523,0.02446125218269032,0.006993181405473478,0.007261303695385707
0.005320263004648611,0.013337201636557917,0.00550003424541352,0.030514556975512912
0.002913274754833538,0.010522577485425604,0.010094500452372996,0.01978538160298977
0.0033042737214721714,0.008326369213543336,0.02021488649641703,0.015258414594935571
0.0064557894008365835,0.008227421867058592,0.027238572657401407,0.012674936382664908
0.00759431133653498,0.00889374562593811,0.028706982287966618,0.011640233619717253
0.0055974688646467825,0.009436531041796344,0.026987152256697698,0.008135649862386388
0.0020855476435501737,0.010799753785062049,0.01710500092689244,0.01183332133445642
0.0026886691039287544,0.013074666451015586,0.009700236808006689,0.020571967471248682
0.004151560461014347,0.02107346429412658,0.010557235734712473,0.007207574287655348
0.004735743811611245,0.021297706990325092,0.009529984690581438,0.007892323778448661
0.004264851448387937,0.015054681548006127,0.007798536406782592,0.018987376672463342
0.0024938562250165336,0.014566725663786929,0.01195675305271688,0.013286722765125731
0.00294770752709724,0.010046787580996487,0.015229734696554097,0.014522654362173254
0.003649180818980307,0.00906672813133923,0.01664482735242973,0.014974055914592522
0.0026841944001895785,0.011818585246812563,0.01939280925504855,0.007775469134926341
0.0026429895301288016,0.012212458151195286,0.013114636030876897,0.012783991262894442
0.0036484693680243394,0.016609998281882483,0.014919471676957168,0.007265024618162054
0.0038349355267676567,0.01287357236097734,0.008043476504828371,0.018517787353059218
0.006919306148325294,0.01983669500680215,0.007290060520913994,0.008340090956115485
0.008278010387851592,0.013768356437538022,0.004234038992240202,0.029942329226674835
0.0070648462769515525,0.012490732034016839,0.005203735055115987,0.024929832334968476
0.004336847149476515,0.010089657206905777,0.011472837036911886,0.01332261210372703
0.006687812401406264,0.008298012613055794,0.023774060520653055,0.007106920131901425
0.00882938228909506,0.007990789229419306,0.02620561704386122,0.010047220356957605
0.00799006647947795,0.007645608100027134,0.02523418260626104,0.008764109887666797
0.0058240679768076925,0.008422157832107483,0.020596393461575525,0.009274030292984198
0.0053494357665550074,0.009782994872293872,0.009841115460800326,0.014269607885259734
0.00671008708936386,0.011454027436418678,0.006781069951932759,0.019764641111912763
0.006507513674348645,0.01338297743466178,0.008891456580610295,0.011404853445285915
0.0056475238312761016,0.007388367729891745,0.006713618131615339,0.04140548937917339
0.006983343235607328,0.006636156235752828,0.00640689058002512,0.06040724790513421
0.005916459612769935,0.008778898276155443,0.0053061226910637305,0.03701516453653561
0.008952241489709438,0.014948003111071214,0.005107700189873772,0.01377741521017351
0.008470421192191558,0.012375868147810755,0.003875742357193956,0.02799289431040116
0.006801835473635478,0.013125627076865366,0.006947999291192492,0.016148919175595494
0.005929633777099705,0.009302212058942508,0.011037799822004615,0.01686096465058492
0.006700641827003984,0.0084195246368886,0.012676756784312897,0.02172037301000463
0.0066349872351769215,0.011222361192188505,0.01613348723297629,0.0070320345752473215
0.005132522541324381,0.010559956829369142,0.009289544719218229,0.0164928771116909
0.0053092125376166715,0.009663542658216135,0.0077690478386606195,0.01817893585536218
0.0050436579000241585,0.008971843032462457,0.010746304225950468,0.014275801508834618
0.007140803357675509,0.010036566529591817,0.019509927633369034,0.0075693400120947826
0.008878627594116664,0.01094326819641708,0.021900673833833748,0.00547277333458758
0.008253572334992354,0.012098159071292684,0.01869609493910984,0.005366518433700764
0.006817803470516252,0.013918836272455049,0.008827405416514935,0.011860757252745564
0.01116199901620895,0.021703642106594898,0.005759829491038278,0.005359115844032029
0.01158367693245064,0.021334257758735653,0.0037121878429193095,0.007316069930111975
0.010348218908669953,0.02003972440868818,0.00383098162667023,0.009465728154955309
0.00883710048883248,0.021697086030304045,0.006960254580891716,0.005715666552491864
0.005591068194779704,0.013192937260075515,0.00957989682200134,0.012636194839784093
0.005131892052419855,0.014463539489965479,0.014187105174074677,0.0066573390325689345
0.003276780053435307,0.011992662549000319,0.01120192404146906,0.017981078688811367
0.00307159308977902,0.011018856324195001,0.013134580027010187,0.01577153452738889
0.004772666792093861,0.011136672118449617,0.020536585332818498,0.006986927339457792
0.006398778642839254,0.01177089459624541,0.02398050235078505,0.005743663583143679
0.004538851060495347,0.011272152492519534,0.01891343021603096,0.006871881838840861
0.0036404324269314393,0.012900868103890791,0.012258141820336688,0.011544309939838203
0.005568154218706046,0.017628257758611765,0.010732938192249582,0.0065410155620723165
0.007670446253566501,0.02218957731009104,0.007274495559694426,0.006315026233545083
0.007454594778817919,0.020841067360623747,0.006182856868786808,0.007445410346382209
0.005971389001969324,0.01772447722176488,0.007467123818815042,0.008884895630821942
0.0053281315123474915,0.018718184603109374,0.010333947030204762,0.006847979188949018
0.0046522832695373995,0.01713920422869122,0.013242917677400413,0.006992393461807455
0.004203776996971618,0.016146168110790435,0.014280162326306576,0.006925472181052539
0.004064467522311956,0.017018629386468514,0.0136994331949522,0.007046202177563733
0.0039892228641470046,0.01644408098967113,0.010616828883550356,0.008202688557143263
0.005256970115716954,0.017822763598945374,0.009187030728036347,0.00881640571883266
0.004975627601135478,0.019503895427712824,0.010282910831805363,0.006791620554249718
0.00394821724457971,0.015463890241175194,0.011660306013418342,0.010405049858060848
0.0023339764683713636,0.013669335604596013,0.015418061614420175,0.007672800453706755
0.002395909307845175,0.012843232932565172,0.017510477344725252,0.00721283785931134
0.0017878200424879956,0.011238684176655661,0.012105888448575701,0.01524724142584689
0.0036140757880611407,0.015592042134042333,0.012395341257237522,0.007814373868180147
0.0071820590631577995,0.010410906901885036,0.006937395278229766,0.030025908417839874
0.006255607396030112,0.009593281450440005,0.008610935606729002,0.02180941601186728
0.004203679805214524,0.007775669621217491,0.014695359259751507,0.01273100279380535
0.0065561849739278885,0.008471618811853186,0.0288266096996087,0.0073975787027235045
0.008258663237629948,0.00876668010683826,0.03128418035131835,0.006257735149203509
0.007547431594795456,0.008760835590145712,0.029886424160489828,0.006201425073370466
0.004749728535313558,0.007977296759560529,0.019212230832834874,0.008597372868450658
0.005175784848747679,0.009146900408356778,0.010874955426853261,0.015415943935343374
0.005692913159250263,0.010087526404192792,0.009102210395122923,0.019217948838751116
0.005045257414404325,0.010350389408533493,0.01281774890908043,0.01049604196218346
0.0057515768811753,0.00637344951177067,0.010118976145654266,0.02874147411032662
0.007020196786187612,0.005809047573519691,0.009155903649932726,0.04117220039355489
0.006895300653446471,0.007340015081705093,0.00863496807602919,0.02272575726355235
0.00964920324922674,0.01252537230430598,0.0061868813294436095,0.01327589289603479
0.010277517243113809,0.011992786754311284,0.0038776021595687766,0.02054529059521778
0.01023670685353662,0.011458710490164455,0.006102219125796622,0.013665779851156228
0.011356137766350735,0.009392078821134384,0.013088419592573097,0.006812283874128774
0.011218132752700782,0.008105803880503028,0.014325164830617864,0.009360109110320555
0.01164418551969025,0.0096056710454644,0.013967616622781471,0.005984559919117547
0.009843932530083607,0.010770688569782132,0.006977755149936539,0.012879078695370753
0.009492558190548032,0.011002665522371554,0.005655923128943899,0.01550703175748846
0.009428841795711554,0.010696416829683338,0.008979034034748527,0.010185943772845351
0.010552624503740582,0.009130008974555636,0.014775729253949002,0.007732970493130336
0.010246395475206307,0.00854588305886156,0.014558217486027274,0.011118456121105017
0.01048003182857754,0.011226510539414668,0.013380981251881537,0.00588242464007926
0.008706271956807591,0.012235132011372458,0.005491164558610987,0.017094469999015642
0.008249230434839484,0.012140215529716702,0.0042765839357768445,0.02126968264043811
0.007573003584873068,0.012477413409023102,0.007965616055560749,0.012613586246557031
0.008059776106821251,0.009980181359903915,0.013927110808378513,0.009961433664397093
0.008056414299269829,0.008971045297540507,0.014605172786733418,0.015002278810584146
0.007572359729424635,0.01141469388342839,0.015053856464045032,0.006629180180549542
0.00583756948808693,0.012222740841319373,0.00792736472720278,0.016939536172470654
0.005642808088433311,0.011689457936712134,0.006317178563530029,0.020982248187249884
0.0051106301332069955,0.011363368239400746,0.010058796099542001,0.014392180801156737
0.007299289229623841,0.011085830015543563,0.019544308338996022,0.0057877007349574645
0.007745858399979458,0.010227484586646601,0.020074072946980118,0.006894187149684911
0.006661028848448907,0.011716191354148154,0.018346233832070503,0.005945648352929834
0.004836933450431645,0.012916262377309338,0.00897684573439096,0.01530182445116846
0.005301261356164113,0.01440459213251116,0.006719720291124031,0.01694371401580385
0.006395091811310816,0.018108339218814773,0.010117352691162457,0.006383287761486674
0.005497703514337445,0.015474006872821591,0.009254616374324679,0.009112147704139172
0.00540668221976291,0.018941086577011206,0.009519213228970567,0.006911316827274737
0.005250055080853802,0.019162006698212917,0.010415449182941669,0.006630713682430048
0.0043228867916851885,0.018046832043064436,0.01083801537280577,0.007577736993318383
0.0038663924893099118,0.015134136730736932,0.011225728056399775,0.008833437751364456
0.003779711173466269,0.017878720505622246,0.013136716003298049,0.0068559749374285175
0.0035892456572354206,0.016973019509910762,0.011296170804238889,0.008673280419854355
0.003300192834752512,0.015346417593284862,0.010070318170453941,0.009538538142987782
0.004097321331524965,0.019380417292303064,0.01192117356858547,0.006624853489927666
0.004077106500469374,0.014586778935836632,0.00960522623625266,0.015160386856344053
0.003130267736939058,0.0167434697307019,0.014101708736234436,0.006846569964674314
0.0029771820838355376,0.009970923324748502,0.00801995114411793,0.03112695095989289
0.003052686896705593,0.010239387487934667,0.007147613778572937,0.03320845611527408
0.004686898059713392,0.017740045987607984,0.010592136395913759,0.006546918555227042
0.006059716550933687,0.009979433042162148,0.006416164100338014,0.031104290970549807
0.0046010623382982336,0.008015045359640363,0.008900879614231121,0.020979028799809594
0.004012624767053486,0.006524436213026716,0.014395097414523515,0.018811245372472425
0.006355664918368473,0.0072745197148088095,0.023595650008404148,0.013409040577402281
0.009941791682119817,0.010212435158375392,0.030901996617960323,0.007896700078677077
0.010141459460839683,0.01148802060424708,0.030867299892942852,0.005321208255831357
0.006303064129925051,0.010387491880971529,0.02170345075432088,0.007199676194179845
0.004831098258215809,0.010332095396399198,0.008932614810834724,0.022592921274761032
0.0061895681077767445,0.012013559688177437,0.0056262892591032515,0.025566044739503836
0.007865091659687707,0.017288103056565085,0.007059587377583462,0.006988723932176864
0.007169340993787964,0.014969317648636281,0.005974651371880847,0.011221617830333116
0.008565248698390608,0.01879021240068531,0.0066676707094526395,0.006699030718344236
0.008401813507108205,0.019270507376511557,0.008294870867552312,0.006282106632179768
0.006655586189847843,0.014927502079006647,0.009310182020083877,0.007760260701614846
0.006229579644242387,0.01542823244126254,0.010684692592750006,0.007823211508769396
0.006265956872447849,0.014988084072339314,0.012245798124752467,0.006562454497268118
0.00579385664348299,0.015650426410749645,0.010686793244554682,0.0079166956437445
0.005634840799222229,0.015174622582433172,0.009580335308496304,0.008078830222800298
0.00648796649617633,0.018591887148455156,0.009423988190055719,0.006476949333958154
0.0061291840911952685,0.0179891284416489,0.008885181906996241,0.006992373524849977
0.005428379190296183,0.015006575913202095,0.008386654181693865,0.012425902478480787
0.004463025832937552,0.015878680521682897,0.01281546836502035,0.0069982666317922205
0.003673889132363333,0.009373183743474893,0.008449502270929362,0.027111908069773726
0.003632057795557902,0.009680469674645021,0.007699811867443992,0.029364707415403785
0.005143789069249166,0.017513650309921858,0.010752991071099442,0.006503032313532485
0.0063229467534562265,0.01034973105815062,0.005692956917135702,0.03170438374424127
0.0052733471690049015,0.008853038344651615,0.0077301335694933875,0.022210573643420734
0.004067475413785761,0.007009946726586587,0.013413764884829097,0.01581596330062026
0.006598279358229719,0.007964444274516575,0.02490624417224893,0.010418888777224872
0.009461835352691175,0.010028292535878494,0.030595324208921262,0.006699314923502811
0.009253645233705211,0.010915299367253658,0.030342225610956234,0.005423095521948319
0.005435160648133239,0.009569225994768584,0.020464776736131493,0.008502243858605091
0.004535190992912727,0.009464799058059071,0.009592079948710003,0.02064404800842442
0.005236369101251914,0.010284491208545195,0.0073332292140792805,0.025481874593336833
0.004897349593334126,0.01092408043137143,0.010871618388817065,0.015406353695183717
0.0067881969243814245,0.009561069550747679,0.014704173203387207,0.011190064575873845
0.007630181789686083,0.008444810964561927,0.014015273126791801,0.01794476982959565
0.008022181569576573,0.010510517875486878,0.013777873081032068,0.00808170910382306
0.007852882591810594,0.012255214412247452,0.006658746589305558,0.016126177541755788
0.008308159837585647,0.012026049110442636,0.004400344126914967,0.02075647214811422
0.008655092825337976,0.012122925474954319,0.007254480201875826,0.01330907415264054
0.010029262353760686,0.010028703773311897,0.01452686893433553,0.006668266212512139
0.010164933750423545,0.008833860727541255,0.015566784813423343,0.009831646847515285
0.009910709276178866,0.010304059610315837,0.014043372035336971,0.00644573147192294
0.008650109590400875,0.012573738687813937,0.00702306941868031,0.01310545770469411
0.008298893299163763,0.012895172891916634,0.005316825686827906,0.016236776380111815
0.00849017471251069,0.01330537224337979,0.008901071728696523,0.00958490962990316
0.008677711154277045,0.009829564899587265,0.013473507730420525,0.010923840351161654
0.008450135972396501,0.00910078392997598,0.013380235889170741,0.015488137039738389
0.008426612692183097,0.012657828445375155,0.011895168788842829,0.007321072112955801
0.007385517527822749,0.014486554016576378,0.005052953086926941,0.01660962239017155
0.006851202945225986,0.013861088884525717,0.004218242205212644,0.0217798558561832
0.005931399638560782,0.014004323818671852,0.008538050915024284,0.012796075519533861
0.006714889763182585,0.010548754258975777,0.01609681463497523,0.00857380506461313
0.007058836433537406,0.009217670553852227,0.017294677826228483,0.012821022788539355
0.006122345739341481,0.011284968709907812,0.017545173137458434,0.006846417135081645
0.004097956695240736,0.013109322580521589,0.010096245989067571,0.014688773835363707
0.0040644518532848345,0.012978498543721215,0.007718064061923349,0.019922611069636338
0.0038153430694069473,0.013037369463758903,0.011366332722973622,0.012961057205730037
0.005722655384102837,0.011276875769734872,0.018162136694157824,0.0069961410155864835
0.006040246546715987,0.010213572721624556,0.017678071212115464,0.009692447753870124
0.005303985631280989,0.013648881387841842,0.016709637985592253,0.00626376078182028
0.004338849279031509,0.01465378615449425,0.0072636730670539995,0.018346974293757777
0.004752103067507853,0.015035586108743046,0.005789045367684167,0.021477722492020478
0.0045314796258593805,0.017262459363892674,0.01023263824867473,0.00816478670345998
0.005088021676372126,0.010263917844850583,0.011666464557606651,0.021695277525122684
0.005503211770782487,0.00912333117814769,0.011559284926041278,0.030075237013295723
0.005000736618153949,0.01265279529496221,0.010778772581332878,0.01617233979536306
0.005251546567970458,0.017483690397417755,0.006643563236846764,0.01318377577677542
0.005245087349016183,0.01548244089080995,0.0050159153398438745,0.022336765040346714
0.004326568987649024,0.01580180673964315,0.00861856227493035,0.012600178462413889
0.005071499734091796,0.011753221343736605,0.015118309380264414,0.009823052787282165
0.005687950809662182,0.010039245725689733,0.016307180982538673,0.013868238811474708
0.005071348973874021,0.012563090288974496,0.016808634273936893,0.006996494454240309
0.003782032312550806,0.01391192869284618,0.009476780131648578,0.01555894424296845
0.0038677337643093367,0.013145568103828725,0.007494762734525383,0.019721180873157263
0.003705851950824521,0.013027105074511578,0.01156215173622112,0.012742210235737447
0.00569446527564323,0.011215681085906896,0.018914740365215444,0.006648256314148897
0.006283670294669576,0.01032446039783879,0.0189597090250622,0.00895071978019599
0.005437483523491775,0.012730939302380884,0.017065704797953406,0.006204018874265933
0.004508089387279956,0.014389267274979113,0.00783549933490016,0.015978832371458286
0.005072944669665001,0.0149965532620806,0.00578687691118072,0.018965965081936743
0.005384868643904617,0.01781817083056811,0.009546293370366363,0.007419433226376606
0.00548688067236137,0.011255932009015274,0.01074846643853376,0.02278972820654032
0.005761447261399298,0.010276055037741878,0.010326441948984097,0.03102170933048478
0.005714322552440213,0.014148939618096268,0.008712794656142303,0.015325427031129135
0.006690682443503918,0.017798281666212487,0.004985216280432809,0.013886648823288
0.006169323133868512,0.015320270931322811,0.004130414122964506,0.02304802380967714
0.004963629706847691,0.015655204357740666,0.00792387699823885,0.012675830234561722
0.0054909828755048615,0.012037115081359868,0.015209521392261288,0.009636187763554406
0.006139076045816461,0.010346399589829903,0.016779092495982532,0.014022398752994861
0.005550099810171727,0.012402050065196391,0.017449350593621255,0.007058967477259951
0.003961783124175892,0.013477479413006522,0.010320924393683326,0.014269919127003216
0.004032711423391852,0.012798057822631667,0.007759794312995339,0.0192544883395451
0.0040443075719856555,0.013132141569390628,0.011328711306039772,0.012704990790342721
0.0059179531190807245,0.012181840771308019,0.018194280816241932,0.006391793265490636
0.006272923292798298,0.011460746536847182,0.01775107034918694,0.008611559967891775
0.005751068528847405,0.014382462987111197,0.015615633017007748,0.005979910027294163
0.005174172914870083,0.015092494113271284,0.006595495571446367,0.015933185973867177
0.005938443080433903,0.016019986194804887,0.004971395357319873,0.017625791279022134
0.0066960781130448385,0.020677380288312966,0.00846195130910736,0.006189090019194671
0.005275685051203513,0.013475277951333657,0.009435378890884742,0.017748482817095044
0.005098100625982153,0.013107870460652947,0.009996548931728116,0.018145006003708518
0.005454592086082012,0.019090972122200095,0.0109686005893966,0.006149234058639354
0.004398584521403691,0.013870621709714677,0.006186430425696766,0.022428277343327044
0.003573996022482566,0.01245054636057606,0.007552592154480144,0.023398364065680514
0.0030413243453058744,0.011814149447919671,0.015045477894988099,0.011154052903277482
0.006370301885144788,0.010905296427977803,0.022534240947356614,0.007739712066023424
0.007338171403224531,0.010192291033407162,0.02242520190796429,0.011594717532161535
0.006004249066021493,0.011154303675972203,0.021748515506948063,0.006886563207389534
0.003404858028774113,0.012127636145379636,0.013098770697983562,0.012089312388720278
0.004101889829503704,0.01299179928712401,0.007933197353689973,0.019284602399516924
0.004853359503861018,0.015128627315000517,0.008715990057595876,0.011684914437624715
0.005657784960332135,0.013833881115718465,0.010831048282117128,0.011559993617361836
0.005956162500221564,0.012788646906027323,0.009671558440231109,0.017362162851518197
0.007083053033199054,0.01740067976519196,0.00826152294754735,0.007365300004784882
0.006850636307997586,0.015538550992068103,0.0043335054361745805,0.01814980797125725
0.006035892531852033,0.01395595460478171,0.004678371689274079,0.021575866356281857
0.005097857670734973,0.013676201065736492,0.01044032922087997,0.010977761323147062
0.006518286501945299,0.010348934894411042,0.017816152392489813,0.009201949239739726
0.007296779937921828,0.009191611593513813,0.01894836327709199,0.013531908700200202
0.006507898250137107,0.01026024407731399,0.01861396744081552,0.008121407445402401
0.004746351370444909,0.012548561956187056,0.012347894588048153,0.010182579792204525
0.004966262332076352,0.013278851723795988,0.007884227688744964,0.016104268181710433
0.005447820437787605,0.014548177528630094,0.009068317766173624,0.011605186763185161
0.006290325920180888,0.013522728619382559,0.012870365473955293,0.007925475491362053
0.006315710190695289,0.012761115498391273,0.011982632287746526,0.011189249353903733
0.007063600251381235,0.01736956803047012,0.010436220871160317,0.006277007013722506
0.00640954686545809,0.015805309030226877,0.005283679566506426,0.01587732393152368
0.005921476587596481,0.015346453281407164,0.005697215198794353,0.016656178784275097
0.005810316843081721,0.017087638560694424,0.012118346721997207,0.006423329541039816
0.005171763196437381,0.011817932478142147,0.012543193649805686,0.013632529410404163
0.004875088396781504,0.012235017176329886,0.012500725224665325,0.012727938816972656
0.0047597876259808936,0.01711518054362541,0.011947076067603174,0.007017449271139018
0.0053269963901913875,0.017981714213699866,0.008570728338081425,0.008324583767104444
0.005888314742088882,0.018892298874607496,0.007853013052804138,0.007742201240695199
0.006420924949392032,0.02111497267268962,0.008537647814478945,0.006191027284688291
0.004326617663361051,0.014570643866457643,0.008166677373072929,0.01714783192467565
0.0031818342020758523,0.0132785704817103,0.012852642988128927,0.013448619963842575
0.0042801974534081464,0.012163332731476054,0.017880412883588548,0.007423272176176632
0.00434121178863689,0.011324516748842486,0.01733883734036254,0.0090391482764103
0.0034593340780241194,0.013639513343608283,0.017314048425640514,0.0069543982018542535
0.004882207857801719,0.018185764942175664,0.010945611925487217,0.006694294085632278
0.006741785798023297,0.01845513683408402,0.005805774822631405,0.01770684804992314
0.00942141004432357,0.0195583745042993,0.0055402764331201875,0.013256835276983805
0.01167558413198664,0.017325253661603566,0.005158703722891843,0.010420123723709353
0.008689685954315957,0.016137694954391976,0.005829970877252365,0.012022101752165854
0.0036515672089442106,0.01652008049494287,0.010755995933921786,0.008660748966594394
0.0027393488522715133,0.013350014032631665,0.016060161507246436,0.007560091959376909
0.0028506346608266095,0.011517786140890473,0.018320194465884156,0.010260362576847938
0.0030569623001929793,0.011879424527635083,0.019717054058429273,0.008214688616204311
0.0024828443158087642,0.011267231461943951,0.013669908252299058,0.013318192742581456
0.00293606000810776,0.014085780809630478,0.010129272162465086,0.014939991104592048
0.007669598923555575,0.017431356353546038,0.007271645902908157,0.007999640783459815
0.009179990083564623,0.01774596838838059,0.006142864605771157,0.008278182093307471
0.0066348077602248244,0.018708114212944202,0.006866397910069464,0.011474428334443346
0.004958666356411062,0.017680418124128447,0.009418321105722497,0.00803371029265047
0.0035058652284534492,0.012174067123916641,0.011223496306566372,0.014530761933815
0.003196422904986926,0.010312199662208355,0.01706072442847137,0.009771091813977385
0.005280163649450026,0.009963046323131993,0.022467694588247836,0.007155502599192416
0.005322077455055186,0.00949885540206817,0.021533268431053493,0.008004315009585603
0.003969846046306518,0.010912455555281319,0.018773925629206253,0.007008802452808364
0.003972421325238984,0.01298929554689416,0.010645105851401883,0.011781820352418615
0.006265533023204169,0.01922945586322541,0.009221627024155295,0.007046465257726915
0.005302885385396667,0.014872204765592329,0.0059218642717651935,0.020749098633726783
0.006572876811486005,0.01704066643671437,0.00536874813101186,0.01807298703824671
0.008946363299657976,0.01967065089866489,0.005499707149925398,0.007869036409737556
0.007105813805307029,0.016953726868199265,0.006103636004388832,0.009878380677964607
0.005028897672638071,0.015523173878470721,0.010898836377674656,0.008112093536392494
0.004353491062317528,0.013247337120365616,0.01476136804550311,0.007054011651432136
0.0035289678715650064,0.011285543572573945,0.01339478164561549,0.010066424136186802
0.003480035300462645,0.011192703060264892,0.015364817155882216,0.00861073838378042
0.0037149777843994546,0.01084323658013988,0.0155215201370088,0.009290826424620882
0.003491232713648106,0.01207403345629598,0.013355211337215393,0.010019215376260274
0.0047974199671607445,0.015221728684691203,0.01012444012618938,0.008609633671363564
0.006960609601442922,0.017923657252999367,0.008021361787240765,0.00692520855433019
0.0058027483996276165,0.015691742569251793,0.006267334812036248,0.01660289372794024
0.006574964608820751,0.016583512476285617,0.006236026619114402,0.012898352657564718
0.007619110872134065,0.015365077761952572,0.0061596205744549725,0.010752680845055405
0.006247512213627512,0.014158347897127619,0.008239094808245643,0.011449632797593645
0.004765966411410242,0.012211967666963293,0.012664978652657848,0.008727410989176301
0.004714794566528658,0.010949314171247351,0.014311225384346857,0.008521815588165437
0.004706940538906079,0.011474949743171724,0.014107759066137492,0.008857712780532288
0.005042389537378496,0.012590029661917903,0.013321558292077814,0.007640273684144184
0.004598058594607591,0.011569920326132407,0.009105193748368245,0.01499066927806469
0.005854437901989799,0.01413699111169878,0.006721250611756025,0.01474078975230286
0.010067229518675627,0.017429418898592966,0.00534503703174113,0.008101337499870426
0.010239312474184194,0.017353073113195644,0.00513071402729931,0.008480298498615545
0.006879824274896761,0.01608913693474273,0.00641520966067932,0.011137788630811414
0.005742853359264771,0.015095735442662654,0.009264683148971477,0.008565067739542274
0.004992684005643182,0.012266401860033688,0.010471826882318193,0.013474154274357544
0.00426382654447629,0.011034551731715738,0.01408523653448064,0.011050299436359915
0.004827003699321032,0.010223554273519578,0.016935872932623476,0.007961440438607198
0.004609039804268886,0.010067945914127078,0.01606664790011437,0.008699908675331675
0.004341769701403416,0.012343654417564251,0.014369066665094077,0.008043501324018942
0.0058190380669300235,0.01656642337104547,0.011194656195028517,0.006551354002821366
0.0055934479568801425,0.01421859912762699,0.00543296898843577,0.020326288913187898
0.008297385572056868,0.017789001107545204,0.004476468965619911,0.019447132251978298
0.012616310008334979,0.020259189334917927,0.004660744642004654,0.0062980265717395454
0.010592414424476277,0.017631203752235976,0.004484547309271891,0.009414632570077096
0.007413291195616171,0.018917410467631027,0.007809831657653742,0.0063364539116155996
0.0050132087376191055,0.015260589717401615,0.0150830651131095,0.006437298906994441
0.004181279834750225,0.012304785824003933,0.016972920306536597,0.0071935005549183945
0.004115633237345286,0.013402036179582388,0.017535737429440347,0.00649938771088626
0.003993182308655247,0.016357295256446767,0.01461121518270427,0.006488576264880015
0.005697148862205991,0.01905971905265978,0.009560354334294106,0.006660520575623548
0.007087181973967259,0.017180976879408193,0.007764181397970484,0.008029053496645186
0.006150500863636939,0.019378128752402777,0.009693467080228835,0.006429507449322936
0.002856612439558368,0.01566070985566747,0.012673969643714257,0.008733127793428035
0.002618019804791559,0.01361970312837229,0.016712868190927703,0.007398520770841338
0.002721656548079175,0.013526082620637599,0.018544641127803713,0.006821408935290936
0.00274959128953884,0.014565722361003473,0.016903946967046023,0.00675893761738912
0.003378616835594215,0.016402088329943065,0.011938143890067173,0.008206011542331478
0.006588492402399417,0.017689720718006622,0.009234511661543328,0.007077658818205189
0.006649890405146784,0.018886318269719655,0.0089975621335204,0.006790368804336991
0.004381675370455046,0.017704969541814577,0.012293873483487821,0.00676634463692064
0.0031179466452606673,0.01323388700863155,0.01565868724552591,0.007484598868502798
0.003408343533932084,0.01095278107073179,0.016416874632670348,0.008071899189899315
0.003936890650208367,0.011850364250707457,0.017779041409655638,0.006812120888544123
0.00384899574145355,0.011654342833133643,0.012550403300265864,0.012436693854125932
0.004905255064618571,0.013972458707862623,0.011216796374892314,0.009579228015614654
0.004479917847222887,0.012956890683405655,0.00828417978550369,0.013760881366140931
0.005443563644110507,0.014094921504518805,0.006586545467817022,0.01510361632693466
0.009197715338974405,0.018653771845818488,0.006581812016295563,0.006663812255207643
0.008843753980550274,0.0176683808734949,0.006479789345000251,0.007291376883346285
0.006298203373812687,0.014940117799943559,0.007685967498381914,0.010068024481797309
0.006215387186350184,0.014901301032695997,0.010590962447058172,0.007465543199148152
0.005306783447230664,0.011748888316416723,0.009834622729824403,0.013904491122516202
0.004791232689477039,0.010747802245615081,0.012234005324253238,0.012135073862492471
0.005506942642585017,0.010623217886862067,0.01628672604615532,0.006901766319606884
0.005172405802624208,0.010170817140276622,0.014840690499409465,0.007876969666515393
0.005242314613861665,0.01261369841278103,0.013150099702782149,0.007454308538089887
0.006881049211280048,0.01684093121281925,0.010118826521824815,0.006525555375567959
0.008407225072990887,0.018661338839192312,0.0071896616061143375,0.006661457815186367
0.007995939637805595,0.01577753530676132,0.0065976346142069256,0.00930781464830882
0.0069937655644318345,0.01692976023575974,0.010059788237181566,0.006498526681316184
0.004244522845557419,0.010356452535069519,0.009242469002960342,0.015350813409897598
0.004334475203374172,0.010417885908346483,0.010964360768700072,0.011329114568717652
0.005115427571354772,0.011674027402994676,0.011806135908150793,0.010266964467785031
0.005313931124396064,0.01157175729917742,0.011235746898863218,0.011388723727029135
0.005240493086469338,0.012098945251274942,0.011696992139539354,0.007735834045632638
0.0057636621037253305,0.013257222005520186,0.010677162837939486,0.0077438296379914425
0.007203918779593453,0.01338892252830013,0.008142129875196443,0.011585230821515514
0.007676210557432283,0.014736432801096985,0.00833164089666837,0.007998949293065674
0.005088578030556674,0.011938834986596036,0.0070872445675263344,0.016131657633142567
0.005096607729714045,0.012081814179318948,0.007078193232978338,0.015972695335295654
0.0077379923757653684,0.015222461156347747,0.008450933021447572,0.007166802325850423
0.007396580871510243,0.014737641827940826,0.008741604255253691,0.0077552786480293515
0.005222274546704202,0.012699933847825601,0.008786293119056992,0.011327032487768972
0.005516904470090629,0.013409506335116504,0.010049262758873814,0.00848778559661052
0.006143774636820126,0.01222907368174482,0.009199435942732405,0.014443279751382727
0.00556488755141266,0.011958944549339136,0.010408282986184608,0.012667923773259879
0.004517509505492668,0.011207897106428099,0.011721587685602544,0.00890170906208618
0.004334996167484085,0.010886716459503473,0.011302178267803695,0.009920846101696499
0.005486770546252854,0.013244979628191617,0.01155430722107168,0.0081242239764288
0.006524890302637888,0.015491791744825855,0.010638300155792941,0.0067949890109207985
0.00502224350472764,0.012279636276894764,0.006480976213629812,0.01726524284417697
0.00629699021164536,0.014387218261124542,0.005786676601269553,0.015299579035588557
0.00942193571250381,0.016056770253367467,0.005582877742362404,0.008336183191422925
0.00845187605896633,0.015073335103029873,0.0059188400075212136,0.00971059104952198
0.005866629465349608,0.01481825382125283,0.008447869364931375,0.00873837693329144
0.005053273458152562,0.013808158271086807,0.01142132556324581,0.007387217549296984
0.004488106330072901,0.01169083288394681,0.011668485623337521,0.012628106851704724
0.004117495513374055,0.01145825775356102,0.013729098017269188,0.010033747656696403
0.003951586326274168,0.01036592103233512,0.012945783220898722,0.00989609453752508
0.0038423381099426004,0.010804505833543854,0.011524896323016908,0.010955155481001124
0.005290121617280455,0.014986650188911477,0.01123974179388189,0.0075759911298359725
0.0068993631123554534,0.017200390044521965,0.008836413391457723,0.006578322196647675
0.0058488435195319,0.014763129397068213,0.0061454376841790165,0.014369054142657493
0.007086805370455911,0.016820083076329394,0.006198403100365374,0.010624783270572471
0.007499451586574851,0.014375170207758437,0.005737192390707619,0.012216615727989367
0.0060598727537826,0.013570909420584192,0.007552955459835558,0.01295833905835
0.0046175723974157005,0.013122459674956573,0.011982271377797324,0.007581296446436632
0.004203880267725083,0.011535566006537074,0.013244225827038245,0.008071142837698919
0.004087178668042064,0.01239104392517316,0.014088538143433707,0.008361449903935298
0.004526224634486481,0.014466144046343122,0.013512436909328844,0.00684647706441302
0.004290729547885151,0.012686883496136746,0.00720991207443916,0.016665916395965787
0.006403315431166077,0.01633482992112821,0.005710580868960219,0.016795098993720555
0.010186738984929597,0.017779722840587438,0.0052270968456757825,0.007323344503165301
0.009356638958705069,0.016329116588383194,0.005108076112995218,0.009300685971019412
0.006240232395933917,0.017908740503007742,0.007739309772427009,0.007649045778423251
0.004158876617736691,0.016433255178086123,0.01424906981249121,0.006688618572649444
0.0030093964241523913,0.011930133773378936,0.015328580460253082,0.00985424026153869
0.0033564358195866833,0.01237892636342134,0.018984385427870766,0.006543737736062813
0.0026045814141325897,0.012667992629710086,0.014677792520328293,0.008159780488885658
0.003992756701914569,0.017530827651812003,0.012960935850470128,0.006826818106121188
0.005417560554758571,0.018078808386642067,0.009568966666573805,0.0068296966524799526
0.0052033962327702925,0.01813733441881245,0.010658085745927448,0.0067454958463484625
0.003152050732692825,0.014665598532049112,0.012552258926972978,0.008677972978551909
0.003414060012637053,0.013744409707431095,0.015793976279351758,0.00687769346654081
0.0039003645663490435,0.014470613193430359,0.015258773960581447,0.006655422354244114
0.004922276726437726,0.015715329476369423,0.011269871428950234,0.007392964958195682
0.005680649774780249,0.01676781233159073,0.008312467797129837,0.008601396907875572
0.007577496571387377,0.018435874992769354,0.008040632263451386,0.006401370722787627
0.006446855901467778,0.017515732666455695,0.009782148061472092,0.006455023439143522
0.005361788873273897,0.01471894654998496,0.01292166775257993,0.0065016591402357205
0.004878528547088946,0.012369330488347045,0.012175168700457147,0.007450061123639594
0.005846885108687162,0.014282948154442442,0.013021305509683799,0.006354114119957617
0.007511425580971909,0.01705043456351539,0.010044649173934718,0.006292145569692406
0.008352948003120843,0.016895648342892963,0.0069884613106097745,0.00619164878755864
0.007959473377636738,0.014400252973792944,0.0069043739246693265,0.008145459281814236
0.007242894886776048,0.015770575777896118,0.009959813522511917,0.0063154973404682775
0.006436333547301714,0.014177369163715998,0.011944775005955874,0.006247718376542104
0.005532457060776646,0.013007390965165684,0.01013987405803903,0.008450255959005662
0.007116733751576099,0.015419140096454474,0.010538962337852446,0.006278327860651875
0.007385596346693504,0.015577931664680078,0.00860077397966263,0.006260390871909885
0.00743019775095486,0.01464750518713353,0.008591974411306009,0.006613085048232982
0.0058817730584469164,0.0137120257582018,0.008758360434725625,0.009143526725077206
0.00703574783246801,0.01564987307850242,0.011276268754451292,0.006472647460153219
0.006561084672078553,0.013480215434439781,0.009817029469998451,0.008257296873267511
0.005986198651098722,0.013953219433263615,0.009896117694911348,0.007625787568970911
0.006972741956470147,0.015595015162263713,0.010801650705447715,0.006479313382788743
0.007130245263980675,0.01566340316862845,0.009837701224862591,0.00639082910582074
0.00614732801597383,0.014246487874335464,0.00828679692569567,0.008568783352458012
0.007046664543979967,0.014860234924175058,0.008846778008289828,0.006869134011159829
0.006591498097081992,0.015230155561078623,0.009510693474921422,0.006746662018541449
0.006134089320963584,0.01347756442012361,0.009956827027145267,0.008852120486458661
0.005713951969245165,0.014008752454179178,0.01186853114087201,0.006674731463590398
0.00572572245418669,0.014268458551303423,0.011568641117167117,0.006842182003374088
0.004965690836757163,0.013078022062296564,0.00814811962025155,0.011067874137035087
0.006526233554783669,0.015751413264902578,0.008056148675241969,0.006857120272726532
0.005822156318930531,0.010972030690908163,0.006924275105478696,0.019408431263561534
0.004490298223513392,0.01070649273262297,0.010182923510594282,0.016542157182654553
0.00371674427628135,0.009230583723279562,0.013632350628164876,0.008722262456735057
0.0038322640075570424,0.007968288122794556,0.013533718696879037,0.011250207685473128
0.0037561521049846703,0.009981824244304662,0.015861524738891665,0.007152034869409224
0.004673731677983372,0.012685395906485084,0.011017036070822689,0.009613293634948724
0.005230757692867654,0.014798890789496214,0.00792700127637873,0.009440115668324253
0.007120713026938425,0.01718206574857563,0.008013164167836739,0.007618344234255195
0.005486909509079597,0.015156663558614274,0.010409818653756817,0.007494386250429741
0.003596625464451423,0.008914241804138006,0.011265310684405679,0.010614865205600333
0.0043578384374130365,0.00861163871200333,0.014977796212074092,0.00750022062225211
0.004020869663584447,0.008250963333270214,0.013080200769032137,0.01545591319798664
0.004309567271781722,0.008370231313886718,0.013101677324842359,0.013866741565737115
0.005008022247650183,0.007945892594377413,0.012929312309129783,0.008233030134149376
0.005135668833924619,0.00865713528422012,0.010398763787871997,0.009537443246078343
0.007176370026818093,0.013678982510639006,0.00892057004566615,0.008878909973571492
0.008985216096844066,0.016611079867649477,0.0075145066482858,0.00732296983190187
0.0066939316940459485,0.011201138301549868,0.005328511652924041,0.015384208596670928
0.007398242195874992,0.012508808639388889,0.005869366673861864,0.011411706741395066
0.008211552117803665,0.012866965288714765,0.0061251189917022365,0.013428269732755294
0.006985651295638612,0.011407428966479975,0.008198655112777543,0.014335300861771868
0.005605293264984966,0.008453142548526596,0.011366667590835806,0.008244044563586453
0.005242252435579174,0.007491048707427044,0.012294317002602178,0.008950913862208035
0.005069715955964305,0.008971293370871568,0.01311247601579256,0.008941602996803636
0.005533270191571117,0.011066144244197757,0.012213466611074657,0.007378209969363917
0.004912433788043306,0.010066878982506149,0.00654910620042349,0.018224172419280482
0.006609582034034792,0.013720764872190105,0.0053760483961862,0.017085622992198825
0.0105902062402798,0.0150855923064743,0.004852603940345445,0.009813555019459911
0.009720140412042031,0.013938324260943765,0.005083255578407566,0.011466730383539216
0.005400754747734726,0.013860567863848105,0.007878246417800862,0.00933642440040243
0.0036739629200801586,0.011821391736399537,0.013880849366947952,0.007594029644015558
0.0030148731265786607,0.008160640176168497,0.01507783996712177,0.015252268472101269
0.0032794262136978114,0.007423285804929337,0.019052971451071807,0.010803638207824779
0.004016391852556384,0.0067824736832856536,0.017413762266935993,0.010641650825363315
0.003323528770297977,0.006839464777752605,0.015032085590156513,0.012459220444292856
0.0030167312934292635,0.011186634638537656,0.015901611660130203,0.007723485942720783
0.0054207243254430935,0.016007412194664665,0.010301624698592865,0.00782068190322214
0.005494638847234487,0.01515810137790729,0.006876168575083182,0.01373210149143716
0.0074289752949853,0.0172219352366381,0.0069397518818862716,0.00781602814011801
0.006109619162295556,0.013084550983895852,0.008126353403435286,0.011262495904860583
0.005805435614805108,0.009718965130223352,0.013676127712123454,0.007056152283720034
0.006228661722378994,0.007032405744762766,0.013180989883610758,0.008563209420491208
0.007065368765275149,0.008278105659878382,0.014088150700628896,0.007113995540818043
0.006801044452426362,0.010409622558952704,0.008533485408308391,0.015095269673928421
0.00833520621653073,0.013274489933283038,0.007513789659879912,0.010526218464133357
0.006984083810736228,0.010046293899971116,0.005676391547166262,0.014880441402705651
0.007003824220461052,0.010356591240056834,0.004843550162603205,0.017520995183452005
0.01075641774997173,0.01868314429516947,0.0065580727852313685,0.007577561044662789
0.008405178451324142,0.014047984138642038,0.007230707590135329,0.010500073146121917
0.006580969442018214,0.010159933927735391,0.010722772513552636,0.0076161766952191085
0.005878555530533601,0.009000775832641146,0.012778055665629617,0.007504710693417542
0.005478600201495116,0.009865221373001764,0.012467488338087435,0.007633094368411383
0.00495648210059499,0.010866530083660897,0.009470835979204124,0.010380521691372232
0.007155286746834172,0.014458809819109193,0.008717762533944547,0.0077413392358462755
0.006037636933329594,0.013526771608355857,0.008246552373982642,0.008342995914823858
0.005441325013359471,0.011312328322686806,0.01055915506623177,0.008295033449600923
0.0036660146661358817,0.008921590656228945,0.013318723521483434,0.008747338133474373
0.003972537703593131,0.008561802099632844,0.01575081426089859,0.007570892357756695
0.004069763163470823,0.009935576678609403,0.01481143984625263,0.00774095128536913
0.005014458780079353,0.012326069840017573,0.011372319663022283,0.0078113216336179615
0.005210309806054297,0.012964932378382508,0.008782018986002935,0.008554394398219704
0.006223246343229929,0.011727831237091516,0.00859027019529474,0.01154519924815665
0.004658010723513433,0.011796243316510096,0.012075526433806164,0.0078089813240978245
0.003746888656955974,0.006639403550847649,0.008683986277772568,0.02126409849209545
0.004122872210279905,0.006496667531358231,0.008605940267676589,0.021287863089382617
0.00508402645462245,0.011222876081702596,0.011917905930779411,0.007650324142329572
0.005952232935442481,0.009526646239765433,0.006059501059286732,0.03038329840572342
0.0058946341626022565,0.009190818252804312,0.006216284107140953,0.029253910427322116
0.004527544736596442,0.007340948432611282,0.011189270149382497,0.018759223901422227
0.006947214413228403,0.005803125010419807,0.022365231512173678,0.007537217428281319
0.009787707082385607,0.005789333897952184,0.02847743861939464,0.006197526656648109
0.00885459747557128,0.005134912867060437,0.026632654365054395,0.007091974318526021
0.0061957799435392895,0.005551207676451889,0.019677700147597142,0.010647628551632335
0.0048849441475224175,0.0070607335700227,0.01200917397194266,0.013983776645077847
0.005088684669770589,0.008264037108437977,0.009677624095741385,0.015537345502011574
0.005368799834531091,0.007994509123664992,0.011066127730386049,0.014487109816954799
0.008218438271023852,0.006908153357213549,0.01686523500194951,0.007047105443995038
0.00802597358096042,0.005602169745835734,0.0127168738100361,0.012309844683040133
0.008063491989481565,0.007348252104887607,0.009648043658447259,0.011666462810723024
0.010827881672382111,0.015543369393078633,0.00641187303265231,0.008136669134853086
0.012562782190797407,0.01826072292996831,0.003946787347600808,0.008254067475191066
0.01163913901049995,0.015819272858026697,0.0036421516720989743,0.009701279965768774
0.011281204034041712,0.016341363642365787,0.004632006366172051,0.007764621001627212
0.00804685156275685,0.012828944950022311,0.005657264173361161,0.015209292970760693
0.005854272140453173,0.009828547201731137,0.009919402239781338,0.013384903699886291
0.006303562382073701,0.007306565952111975,0.015785399452263118,0.007487391014172581
0.006130156122306777,0.0066612327215734065,0.01675956616912898,0.008441264240642926
0.004800190159669573,0.0077454451761157315,0.01714776687662504,0.007748496572904727
0.004008926701347627,0.010620875796327164,0.012942286132362915,0.009463679074698753
0.004493363000302618,0.013237951420141713,0.008536448262781257,0.011562621425448854
0.006296080652822915,0.016357850076519805,0.0067793868607782404,0.009930744121012386
0.008189021133296085,0.01367634752896212,0.005528412763967066,0.014446443647457197
0.006792106094565334,0.013199001076795837,0.006752787949518047,0.014116485100433632
0.002746376646429374,0.013244581844549016,0.011624382151438609,0.01059066869297666
0.0018365690824913414,0.010073497369353805,0.014914088186909796,0.009606268729887088
0.002069124194883192,0.00875381576650839,0.017033591105633964,0.012164278260666987
0.0021659399399339883,0.008073134839027059,0.019525275779345104,0.009893392202236789
0.0024511237083029783,0.006498253065157211,0.015790683036665757,0.012899897861470805
0.001989820151608812,0.007195728491180676,0.01411759510446406,0.013689904491437175
0.002775445364708244,0.012114237124484596,0.01448734637969923,0.009122568671337764
0.004173788644877568,0.014213599080695053,0.01143765767116657,0.008819878302562425
0.003289483652891187,0.013005177214702013,0.009192135608375339,0.01577773106219723
0.004251221566518447,0.014615735214757609,0.009019111064773211,0.0113576449744758
0.005623494113534984,0.012119630313836696,0.00738678223303865,0.01654245590113647
0.004323970644582991,0.010733427099985251,0.009373266745795446,0.017186054952316863
0.0034568546268686027,0.008492523806760426,0.014947354768317857,0.008174690171115653
0.0037174150495561235,0.006653277190693262,0.015245491133278666,0.009244855606102234
0.003560092375659384,0.008122998503533657,0.01659418898010992,0.008945636884689617
0.003881775711924492,0.010270682095420402,0.015684369966296085,0.008210559249296869
0.004180426554764318,0.012684866385802945,0.01100538875979346,0.0103840996784327
0.0067516555469406036,0.015931297621680007,0.008085705613905666,0.00917185857953838
0.006706289295560542,0.017329367486650097,0.008359470818694887,0.00862577917213927
0.003936734119860306,0.0114190561173517,0.00885819870584745,0.015211353731893107
0.004173267373405784,0.01143335810694605,0.01297056000135958,0.008607101845655432
0.0039640559602306365,0.008097477424096788,0.011208692343194975,0.02012759494846725
0.0037764595222818907,0.0063819721872175085,0.014994181190082062,0.016077000256837826
0.005661358025102327,0.004793609402132684,0.0213132081423752,0.00896762248388421
0.007288811192859924,0.004691601973263339,0.022698434798310595,0.008164650838557528
0.0062291296836442,0.005084413164576063,0.02041664317391685,0.007915610933047417
0.004417205209456777,0.007973155988116388,0.01330188759463461,0.01165856506997158
0.006699221217005942,0.014920967057500557,0.010921223960713053,0.008685145690560754
0.005960120990425676,0.010589836734310357,0.004888283950161676,0.0249706587862766
0.007864370185587489,0.014146159182261468,0.003911449658747797,0.026427353858496032
0.011643400744886056,0.02023134414657754,0.004648091917852857,0.00827757143702806
0.010246745888663521,0.016348787311185446,0.00415769019680114,0.011067007456773595
0.008025384163335862,0.016632019825744963,0.007939421746472015,0.008125907730467485
0.004650129963281025,0.006321065123309986,0.009669926296827626,0.017503787177854935
0.005358105275255594,0.005245612975485554,0.013282712270829954,0.015323765969052591
0.005913441031134759,0.006855211429159593,0.019708289765760147,0.007033477968194669
0.003865650681394346,0.006299454981755244,0.013310366986116713,0.016005292159978278
0.0040091873375376254,0.006259012910321645,0.012076465441297958,0.016976007741919957
0.0044890632872802575,0.005848352971736816,0.014676153971027218,0.013363595366507714
0.005955139375318196,0.005739887316072745,0.018836054372194336,0.008932081365149447
0.007300813770412741,0.006029878991739285,0.020706806204619864,0.007082263091785193
0.006902027255941206,0.006204479909934648,0.01804721256085979,0.007456248768704853
0.00636988488433649,0.007300695056407397,0.01326169198265535,0.00851587929544837
0.008127044269029883,0.010238259651865388,0.009140670088290151,0.007773305674145419
0.01045126766542377,0.014730320662515698,0.004009314422679505,0.009041928039370612
0.012181681940401055,0.017053655774921364,0.0024044252452507086,0.009093855742745972
0.012366859375636424,0.0180757057735415,0.002636209176014279,0.008341132486067345
0.009658928694841482,0.01605116784341799,0.003496853984611899,0.011838938589259513
0.006712923164135471,0.013487351146299334,0.006391773227328668,0.009608905623593535
0.004302955240557279,0.0110715533685265,0.00966544629355456,0.011099372084774187
0.003291195188206716,0.008612666183188605,0.014214065443901022,0.009634147475654933
0.0046792253822135615,0.007886731060694357,0.019047829367591328,0.0075706561038218
0.004474408255229667,0.007968319567406708,0.019459354391604792,0.007620833930835522
0.0026457052835798787,0.008791090929414089,0.016734735547329065,0.008596068384902057
0.002605171659791723,0.012162090183778182,0.014284308026424344,0.008265642844446221
0.0034538872981446124,0.012429293858911436,0.008016252731168332,0.017234633518688484
0.005247292448606067,0.014659830081622426,0.005599605020149179,0.01827870634954213
0.00847819719409403,0.016496278290901473,0.005947228683890122,0.009443084744297094
0.007727058380421182,0.014185299811565216,0.0053867405183687525,0.01087250378751208
0.004770853077664252,0.015634267912713606,0.0077156925916392624,0.00818945238823363
0.002369475877896403,0.012249945230703899,0.014271773572286237,0.008384492512819964
0.003027257154799579,0.009894075382198924,0.020018604685127804,0.006926661950654859
0.0030674142963078824,0.009212353761439527,0.01997993050255507,0.007613806869582164
0.002867969717010628,0.011096693998376895,0.018105729743184334,0.006698962622085768
0.0029399451103244395,0.015169225893952372,0.013430738043852626,0.007690412216936257
0.005270986035410378,0.015833063017599742,0.007758170999035897,0.00810656210690314
0.005461381179116054,0.015262543508068688,0.006128638423958301,0.010110575384173133
0.005736471601749511,0.016014934344888487,0.0073815499431456625,0.008028020756464
0.003895694532729095,0.015160581196552881,0.01153194529800047,0.007476761969217957
0.0035661597104847324,0.012020896915759222,0.016054235019131526,0.0067491630657303915
0.0031987609560376706,0.010175531719337284,0.015393352375714047,0.008029636083669975
0.0038112777272365952,0.011065251440191935,0.014380053967646595,0.006831140354915567
0.004707826751076636,0.014648114774894215,0.01291644235430114,0.0075277021711874946
0.0058872415937280135,0.014738767801846572,0.008003011158463682,0.007369421296742726
0.005910963044983559,0.013829530915800331,0.00629569031464806,0.01087066663391403
0.006803563579634345,0.014745713942481335,0.0070997334217142855,0.007298365917968809
0.005606222864688628,0.012246575165600794,0.009468301323682734,0.008043637273817546
0.0054300128760382815,0.010103266321788084,0.011691033393029904,0.0075876352159629
0.00620595983371293,0.010407022605036575,0.014049370352951288,0.006130059340262848
0.005357379328072199,0.008818802281399637,0.009966496814994716,0.013839207882691985
0.006450837793197044,0.010267888847864892,0.009606748994298777,0.009449257715416036
0.006800366939925911,0.009414944515279456,0.006771261113649769,0.014158963446893779
0.007602574901492479,0.01001943080280026,0.004900288197990648,0.016444633001495797
0.010757399981826008,0.013924882437940284,0.004578243346357422,0.006999630807104078
0.009837549801804383,0.011946982720772758,0.004232620267393988,0.008427144128453749
0.00945452911959202,0.01242570671573386,0.006152828332985374,0.00774014814725515
0.009602356748376104,0.012909813458377696,0.009643385578818643,0.006482543615552933
0.007092304065764978,0.009747712442522807,0.008190524401767147,0.011547250520358005
0.007808385893544974,0.011838661840630966,0.010816340938327604,0.006607673820307483
0.006512294779102891,0.00964661184474199,0.006178018274075219,0.01603197832352605
0.006942439178470563,0.011467446155439643,0.004863674715892103,0.014387933466026214
0.008585644680606937,0.011650256030339992,0.00425209021881891,0.010166832368670348
0.009346776171726452,0.011284028403925242,0.003597805490839338,0.011909714592325194
0.008239980381993422,0.013709055740335555,0.004607828231068909,0.008910807882608911
0.006946754712488738,0.013180096805440711,0.007896801910394935,0.007296352705171157
0.004784558867109637,0.008547038014465939,0.010192591360339433,0.015674866819411444
0.0048348696358140935,0.007673503907807517,0.014668389332536402,0.010752427073680383
0.006375293570137622,0.007037433695603054,0.014797689449851766,0.009247704811346767
0.006276930204637786,0.006514510530861782,0.013218854773076364,0.010949437034849605
0.005912676736421068,0.008415700414404934,0.01298121485857818,0.0067591015027665515
0.006981582193450082,0.010730915449206275,0.005969810064352271,0.013647318409482242
0.010284645242223075,0.016111578793031954,0.004830846121461104,0.007648904374625553
0.008456989217414687,0.012531994405623843,0.0033949354370926992,0.021381219325049626
0.008163369610120758,0.012877760004556912,0.003646808330807607,0.02040610298349471
0.009053741707881683,0.01613030685270664,0.005445421618606337,0.0079021170860873
0.006066501102471335,0.012285564689927992,0.006927244555936323,0.01036218791387483
0.004166452007386217,0.009824829480579497,0.011626270068127966,0.0077535008125360835
0.003893322599535667,0.00874092551125592,0.015483536002093621,0.007307501021566183
0.002839696811664016,0.008335440314618102,0.014249941846829841,0.012367209829489977
0.002818407407620019,0.009803019289351452,0.015207412074811372,0.008041483754033973
0.003186170014816124,0.008257785492165257,0.00816969775939452,0.02117975417211028
0.003934500990019045,0.010577503495131719,0.006332173644402,0.025003356548429268
0.0062173521130602025,0.015357865546713857,0.0068316090616614275,0.009181279738705845
0.007120803962738362,0.011090047311828121,0.005227249730900747,0.018844148677380084
0.004790180311932141,0.01051168549490785,0.006887446147608983,0.016866496151630404
0.0025471716654790724,0.011022909691970697,0.012849297567930728,0.00885219650204044
0.002874125198926091,0.008187592344172519,0.014031673074317734,0.009525820665700537
0.0027316412242053196,0.00870583920446984,0.01741865116243476,0.007903335817206166
0.002776686390033228,0.010851327708221482,0.016060656917015654,0.007588307621740715
0.0034520309471792548,0.012924356744285746,0.009832329384857017,0.010080182679696001
0.006167990473753194,0.015354853561950873,0.007322162201811172,0.008522954899175459
0.00629412834285262,0.015609056381599084,0.0067838058152534094,0.00838609372308122
0.004484242922474532,0.01397215454359358,0.008789470778687209,0.008816759241501807
0.003295660391394489,0.01007282414217097,0.01264146389163738,0.010587124183206242
0.004273744967920095,0.008017631215514047,0.017257451317717425,0.007007754040843578
0.004649495683408547,0.007496453228117586,0.01572874707554122,0.007320774587209497
0.0042063281588407666,0.009337449396383266,0.014225395743704117,0.007334312994885904
0.005844612776114176,0.014046562573906067,0.009748074688210191,0.007834032453688588
0.0071738232029730535,0.014965793906201393,0.006244916790052913,0.008145808258719843
0.006774704379789585,0.012434512199578706,0.00596700056488473,0.009614684644990226
0.006406724210065079,0.013131635552041887,0.009906190303053177,0.007845318103555439
0.004981340647976424,0.008503191959913507,0.010944379206977491,0.008169626706641998
0.0049981912607743395,0.008148952104281348,0.013528130578847922,0.007861459872618817
0.005367509997677637,0.008593414648447133,0.012556761611440509,0.007093073985920401
0.005960712841060699,0.010292920283580777,0.009968371779619302,0.007911781933803038
0.006186323254981845,0.01083584393417072,0.006809714205382698,0.010590008299713289
0.007858864372572808,0.012484043363164023,0.006313440532439432,0.008263621937301967
0.0074349660246282555,0.011810320064817742,0.007871410543231776,0.007949103549062957
0.0057271398774778525,0.00824282264826411,0.009369429771304907,0.009117163592124973
0.006327657659575731,0.008093818504517295,0.012875435257981068,0.006811523632511701
0.006703380357912289,0.00888827533067343,0.01157415631315022,0.007528533200751389
0.006817751830528764,0.009114593727393929,0.006355189137886581,0.012978924192898625
0.008632726219954473,0.011930440041538705,0.004476928195144363,0.010175659641392582
0.009546392907073353,0.00972434334559879,0.003204248046558372,0.015828100115768913
0.008841168223143988,0.009386941616872643,0.0034654566813080018,0.016421249565220584
0.0073813169878373846,0.012014934589176272,0.006248433056571561,0.008018823857779496
0.005708106665724719,0.010051147365257416,0.01065632753839044,0.007437531664629673
0.004459947742801341,0.007596530236132338,0.012773079374944697,0.012128001899557414
0.0046779574397694075,0.007263178118800611,0.01525333495005265,0.007781126707213086
0.004828670838296763,0.0063872724416356875,0.010327661522460278,0.013990617230653608
0.004782077586841386,0.007585696731521209,0.007917146339558956,0.015856802211023726
0.006641822827962573,0.0120824239844863,0.006760330012407896,0.008296478489703366
0.007607904321388886,0.012179900912652577,0.005129706117811121,0.009503639521435575
0.006785992776563058,0.012513172216859303,0.005401847561145781,0.010719236636872784
0.00624750071333751,0.01260426256879459,0.0076645146968757115,0.007986450288004593
0.003868679747561936,0.007300047210511765,0.00882519394238396,0.01879051087069992
0.003925087063487505,0.006045187879111933,0.0144431961442773,0.013891993405772482
0.006948438365102749,0.005642499875373815,0.01805811703528685,0.007881167560722964
0.007388052681237278,0.005109420728549604,0.01718269361401971,0.00954273467202696
0.006272633403799647,0.00568190682139755,0.0168562881942741,0.006975886320093318
0.00474298772833746,0.007669183610836212,0.008039165323776213,0.01891222174648078
0.006968106932710265,0.011552067662170155,0.0052751985440784785,0.012092179058200475
0.007999585879864539,0.012037977023955957,0.004122169488011695,0.016406240129451244
0.008213705275139791,0.012397210768892062,0.0036883094182913164,0.02071776924188296
0.008580555440159789,0.01671008762591929,0.005045312426976906,0.008855428665385865
0.005389609366563245,0.010969539125625115,0.005929367236100229,0.015447191629336287
0.0036511888663012366,0.00802795370655234,0.01295041219938227,0.010463928779484995
0.005528566170421673,0.004014928035414943,0.014145523285792818,0.013332768578615848
0.006500054704794624,0.0037481540950507364,0.015583821707708558,0.014991645737741496
0.0056466114070570644,0.004664526507557529,0.01912254449235512,0.00767881932307071
0.0028275101658911325,0.005370640402046697,0.012275064140682208,0.02361096758648794
0.003042002923725249,0.005882291713061731,0.00899899769650923,0.028175002239103908
0.0031479958668769697,0.005665089856840007,0.010979186591918901,0.023627180605459132
0.005737396891674357,0.005254385518958727,0.01730115649009778,0.007490909619333233
0.005767689576475737,0.004364953735641593,0.012785665859185252,0.011428595192674657
0.005490428476693874,0.006588514878878026,0.011159630664307679,0.008831551536221258
0.005668044714426984,0.01002441160644488,0.006189502552479632,0.016238688724476282
0.006648320683439968,0.011344671070606644,0.004807142449808043,0.015748826238010667
0.007182166391491717,0.01315613380937668,0.006597425912123726,0.009745513451646119
0.0061597178484981375,0.011262697798313804,0.008900934675437747,0.009782408260413945
0.004331872026710893,0.008308457324802537,0.00961579276004291,0.014969714337702436
0.003968674106850672,0.006111884683532028,0.014003974876979153,0.012038696841322031
0.005188692509784181,0.003403055313727581,0.014697249840345969,0.010678683785654421
0.005227386549006935,0.0031445986366988735,0.01453285115328318,0.011598483088443792
0.004307744068461428,0.005209281327849728,0.016027963005505422,0.008900310473500919
0.004576497731547775,0.009010889832494056,0.012561535251833213,0.00933011234539675
0.004561569705233853,0.008591415637762494,0.006567562641337302,0.020417134445273516
0.005631224182027683,0.01180102027355387,0.005295840599883079,0.017859380388445013
0.00896625797441323,0.01228903322072299,0.004476360227755329,0.014568785178345704
0.008425229952804066,0.010886047139909625,0.00475517345935194,0.016154916587671785
0.004331029440906207,0.010079571708246405,0.008159714381011922,0.011434374249349108
0.003474869481354056,0.005799654873640101,0.014755642605303716,0.009068993081406008
0.00404934526174587,0.0037671067703609344,0.018331822265403627,0.011988375882342297
0.005595292392206284,0.0031405345847718463,0.020922536728241566,0.00838811935528927
0.0050594480847971045,0.0032490906088745324,0.01675230585075047,0.009416413403237206
0.003867803586658017,0.005768512602549148,0.014472502430398264,0.008936261273662855
0.005423161644305157,0.009539632372382005,0.006774898441446311,0.017567831753783472
0.0069518016917420045,0.012627434928586952,0.00530834666735847,0.01435452453436101
0.005076520919403704,0.013312813365102084,0.005729926347919472,0.017006316668187586
0.004349004014143228,0.01249449780302112,0.006501586772411661,0.01770788472516934
0.004310239746111527,0.012820164370289109,0.008681629324765596,0.012132882498000461
0.0026703907821144703,0.009140999750572788,0.013023768466227334,0.011286529703160025
0.0036959764815204846,0.003516954998643594,0.014329746181563116,0.012725606783946089
0.004420949929307809,0.0028324421807402046,0.016646276899005438,0.011225243009673513
0.0031589195724251277,0.004351335746712202,0.018587420599726595,0.012236495548724793
0.002860953836451644,0.0054269715258181235,0.01748762757924737,0.012310566809756953
0.0032778162524096078,0.004792466817679349,0.013081679236911094,0.01224396194246237
0.0030460432186550125,0.008075472990092052,0.010919601715752894,0.012816749074317249
0.004513400697819442,0.012275939050307572,0.007215011064470499,0.01502985373264741
0.004976495838785463,0.013184836130334885,0.006657063707750902,0.014035563782926974
0.003770958403726624,0.010882548805875865,0.008213568013159254,0.01512704633327712
0.0033196546087068506,0.009031335297260466,0.009754360553549394,0.01311282298654165
0.0030398088602046065,0.008417886719153599,0.010438413884412953,0.015389976131645305
0.002888059175910712,0.006329879777463677,0.013988281102020059,0.014501219901574469
0.004622650150806763,0.0028253732190743454,0.015251767096528066,0.010871277209683113
0.004925204752076428,0.0025227519673316494,0.015284333307852557,0.011175365226078737
0.003599125173821964,0.0049873066818587365,0.016134031040168403,0.01156238412362039
0.003615859972925906,0.007039134827142445,0.0139496454495683,0.010700083249122971
0.004316169178389084,0.0057755148794688665,0.00843245279919005,0.01827984489466862
0.004711384325301282,0.009032328706969225,0.006707444767393046,0.017808649333481422
0.006539224327497335,0.011998539219030024,0.005062066328765244,0.014607854667768002
0.006567808320278788,0.011091070240795552,0.004987215559118379,0.015883309269878347
0.004455109176046911,0.009457883357031436,0.00775866993875976,0.013056449602889786
0.003886877448712782,0.0061412333382708404,0.011612877162928584,0.01000524066842294
0.003499959764489471,0.004000195099865503,0.012541193819563836,0.01912351472537286
0.004460802919382041,0.0024688677336726283,0.017221318950874656,0.014717881906558077
0.007354431305667329,0.0015649690552311571,0.017827904122218748,0.010179814419950082
0.007351799328889565,0.0014533490444338033,0.016043090023054155,0.011729326995105491
0.005615645462358935,0.0027966100214397265,0.015892017898956053,0.008940467804585957
0.004962611814699681,0.007765372513138675,0.008590761813245376,0.011957235365437397
0.006243926172741364,0.011245589499096886,0.005169700080636899,0.014264498652305857
0.006944246630336843,0.013670009186281869,0.004517513386251755,0.012586123545539809
0.007040986489819976,0.01258970873809752,0.0059876715067656355,0.01239427344790257
0.005457665795621555,0.005122651829424669,0.008604560017484608,0.011323251085172403
0.005801493445438767,0.0033352910649847955,0.014259559406047444,0.008893680435509683
0.005360217184702498,0.003087314676112525,0.014688485248756409,0.009257125455091988
0.004999481861944828,0.0034160460141033056,0.0098781166694594,0.012872170797573284
0.004262625792691628,0.006311889804419995,0.008108889608499677,0.01182800816705643
0.006274947937412109,0.006571366990255194,0.004852772794583019,0.023814750410854527
0.0064758986987291005,0.006626200003016643,0.0046603577345721596,0.024826431161318392
0.004003593304422971,0.007969428187716999,0.00797106961900899,0.012963505253586133
0.0055370535442596765,0.0032219614418158076,0.008947527888844939,0.021116526860467725
0.005976711281882613,0.0025945950701178667,0.011190115989171436,0.014899792503212281
0.004854678079076064,0.002896924576942867,0.015168093617404926,0.010485233472380387
0.004654033211058514,0.0032215443025685304,0.013170338950585853,0.012659976787399215
0.0065304161942108955,0.003868008720919293,0.010733350339745668,0.008693892328389342
0.007262526246450904,0.006207159825374049,0.007616610045649764,0.008793876995853564
0.006795030809838595,0.0071136392910532325,0.0035862303670223562,0.01921591624727891
0.007602828142790083,0.008161754605020164,0.0031866615854519538,0.016529367968641746
0.008725822732700282,0.007832669907030507,0.004235781173385906,0.01184911394222463
0.008110614138852218,0.0066831173955070435,0.005563453972753409,0.011715478454424996
0.005604354070431212,0.006095064107615836,0.006676456759886217,0.013369100086025206
0.0050270314420666285,0.004780399692755814,0.009588556376633174,0.010975678292076654
0.006747279401786374,0.003390890110323566,0.010510399763204836,0.011546604485840944
0.006460258361476193,0.0035951950390673004,0.010772000595326025,0.010899850781848667
0.0042016931573803425,0.004725384513785644,0.009939000222692111,0.011739268348326413
0.004394284986612372,0.005692030812816199,0.008286315932529976,0.01175150039857551
0.006138083309695047,0.005853524255975662,0.007166253693741235,0.013397327531770331
0.0059777088679529265,0.006895940538098238,0.005984608546609165,0.012022859536749305
0.00516746790197157,0.00646891585955449,0.004552329622475756,0.016567164900313864
0.004747022336432596,0.006227460492882805,0.005197858906091385,0.015793567715894775
0.005501207006797182,0.006011621219543042,0.008034888005767531,0.010970989603220817
0.005449242096429381,0.0053723269836977484,0.009632705296594652,0.010111499962002028
0.003652313226654581,0.004843016537119271,0.00952818061186983,0.013371939980009883
0.003906773499801613,0.004864476752495505,0.010366884721497117,0.01107846129883559
0.006142954061162988,0.004564050306717128,0.009679879842275842,0.012529482028650826
0.006255126121716492,0.005230131599467416,0.008539803958387382,0.012361864577640973
0.004953894675947363,0.0063346926316407304,0.005962685139863885,0.013113439724573775
0.005423225455371637,0.0067605806903507475,0.0051951697500018075,0.013020932822545739
0.006868620893745926,0.006494519551459093,0.006207419117974242,0.011945632688442858
0.006750815199873392,0.006548832699821393,0.006768114867745376,0.010347679727197866
0.004656048595024411,0.005431959564489343,0.005824794660444648,0.015797886419293767
0.004436652887862897,0.005027096460621076,0.007547907889211329,0.01406577800007908
0.0066955789823946454,0.0045818227038946936,0.010380754893937114,0.00980175835786129
0.006722037452827376,0.00444856143456669,0.010452823851829655,0.009864126493311882
0.004754591372127495,0.005015313488286452,0.008675712934098566,0.011702251432897399
0.005302323789224604,0.005884834286460048,0.00762381799359382,0.010728657912500035
0.007240177596694937,0.0056805896170416745,0.006954239759823721,0.01418918467041532
0.007047141597895992,0.006506549186877677,0.005640674174507833,0.01253745156798006
0.005765512536462674,0.006556295621001949,0.0041066628389440476,0.014631165080492146
0.005320877652394082,0.006221258103740799,0.004643189241877497,0.014563078026319518
0.00613990921609654,0.006092777789648322,0.007516837384583541,0.010436923476861659
0.005821233545959709,0.005598137557922817,0.009300508235762346,0.009258373505790878
0.0037664128962273465,0.004604254735690086,0.008546622399030061,0.01415865580076561
0.003953552852528543,0.004698124123684215,0.009865719922739553,0.011903591808180645
0.006125549398499602,0.004727043644918386,0.010180988011318386,0.011717043892137579
0.006128009831389847,0.005145207860356932,0.009037308546704152,0.012006172457601792
0.004738135433681544,0.005871215062017977,0.006347232959808368,0.012365335675733627
0.005302743836119574,0.006458383755232527,0.005466927400429275,0.012224470340099871
0.0066134600920122084,0.006240295837772987,0.0060831874725126595,0.012782161240457151
0.006519368763027299,0.0064221457328162285,0.006320873263270544,0.010965515746062299
0.0047595848248211566,0.0053555799227243805,0.005427528461096566,0.015373460907915193
0.004438399382517785,0.004931550312664234,0.006922321846753752,0.014012165690586994
0.006603707702495826,0.004852522624919641,0.010227678859550409,0.009769732140715135
0.006655478990048295,0.00468184678710018,0.01049883211505542,0.009620129403079321
0.004660580810264994,0.00476752898992304,0.008313232341663571,0.012177970812331965
0.005200948390797561,0.005490241104396556,0.00750427171849822,0.010948684507724078
0.0070962588582985505,0.005438807319820401,0.007080607179647393,0.013761938857601408
0.007008067730572969,0.006136632132786057,0.005857360939098558,0.012589067043307853
0.005757034813390291,0.00627309770066824,0.004240118824835368,0.013878484169402561
0.005406427436836281,0.006022433986305715,0.004721595878908165,0.013792293177974271
0.006293866277626966,0.00586633609467733,0.007382249675541591,0.01063273014657751
0.005961844836404988,0.005492475152025982,0.008952473548538774,0.009289610864905044
0.003912674803804017,0.0044816911141769295,0.007968032992323168,0.014267741350664175
0.004054455552571615,0.0045671123258711754,0.009164407907464305,0.012301074453933697
0.006215121006347535,0.004796443030358192,0.010099815744379449,0.011335594632397696
0.006126262828334782,0.005080939184881888,0.00888678312068306,0.011419786030675554
0.004774588506782616,0.005569381793270574,0.006221011773838798,0.01246754535481643
0.005314737592466447,0.006158890582477459,0.005506591296470308,0.012126910303328142
0.006588790596704165,0.005957139639514811,0.006207981295170183,0.012873241277696576
0.0064802050649635755,0.006117073007843734,0.006411109406427969,0.011197977398929013
0.004757011495669907,0.005199082678900575,0.0054844440297929405,0.014791621045201684
0.004461864435384581,0.004830171462111371,0.006815989791182539,0.013665653309921885
0.006464226365359777,0.004860999976884024,0.009877240225410713,0.009926923115601822
0.006495990062344261,0.004776448451737682,0.010159399440988846,0.009661641401915055
0.004551538918222347,0.0046700991247291945,0.007809098402416372,0.012671734603152823
0.00503761198953626,0.005286130873971767,0.00720816205630247,0.01140134451013799
0.006829375408965975,0.005302956412523851,0.0071612349957529,0.013299865885806802
0.006766974890862511,0.005842371042837439,0.00619895366733558,0.012375461520792264
0.005474303770420688,0.005870583175849021,0.004617685057856347,0.013669752639121232
0.00520900673737542,0.0056870799906489,0.005154613345636206,0.013424773430758565
0.006233903006470617,0.005506999070077292,0.00763372936762924,0.01078503669570431
0.005985017908138902,0.005263996054517113,0.008856234878724133,0.00951195014608238
0.0040262338342585335,0.004402252260768276,0.00761526740558296,0.014094681869649026
0.0041851057693710605,0.00453549372453688,0.008464959985482249,0.012471428887317827
0.006199201016519495,0.0047881715842900754,0.009423402150734044,0.01133735045616913
0.006139290395426882,0.005058041136465978,0.008358266099006782,0.011256731785356999
0.0048524387813397235,0.005347668953353168,0.00593114550768257,0.012795703706583256
0.0052599911364135795,0.005788468007290637,0.005528096907058386,0.01228975590653099
0.006534367596323806,0.005625552927781028,0.006561392797742314,0.012586795358020575
0.006382977922629284,0.0056888676418595345,0.006853034245082863,0.01103146577515821
0.004631374519454954,0.0048690154728444675,0.005814742301614392,0.014443765135400008
0.00445491776493264,0.004619720865806654,0.006964130724096403,0.013401012106076854
0.006368179710619926,0.004723799223981574,0.009528535143765084,0.010152361717971113
0.006346445927169434,0.004714981496757234,0.009533449408476521,0.009839214490775431
0.004568414275798869,0.004597031517510749,0.0071821188623348384,0.01293128578038658
0.005015879033956185,0.005138042132477392,0.006732050118014685,0.011749970715125565
0.006668645189804393,0.005160091227935265,0.007080802754036084,0.013032715933739985
0.006593186791853813,0.005551452115508317,0.006460470771933711,0.012123715497612274
0.005215696962742212,0.005415124613972495,0.005031596399398683,0.013756580167705304
0.004938648168021396,0.005195874605781994,0.005641847579242767,0.0131955150046661
0.006154127904914336,0.005092491067538764,0.00801694996354085,0.01079047160167005
0.0059805880346383835,0.00496104077240327,0.008874742119145984,0.009711973231814991
0.004136503510050726,0.004289983538996483,0.0073594396634388305,0.013892551804619546
0.004327706062538615,0.004486169644854787,0.007806307439498814,0.012454406951687955
0.006167265031654223,0.00472495798564597,0.008628959003882553,0.011625294751083794
0.00614613770149753,0.005008352077500583,0.00777700358849094,0.011387314981494454
0.004900498150766136,0.005123030960659797,0.005688774514519711,0.013126332961161188
0.005126943890141012,0.00536791299461948,0.005614744377320307,0.012520594766698279
0.0063826511842972125,0.005232705130947113,0.006995788026389648,0.012126477296926855
0.006211134803660004,0.0052123661724434965,0.007391079530446494,0.010698465866934539
0.0044841176456558015,0.00450169100551714,0.006230071310109648,0.014230861968692554
0.004446002850529822,0.004393717991948299,0.007138857879206942,0.013172306151308554
0.006287470725128468,0.004552063457041789,0.009129970248991622,0.010521551326450997
0.006245134804565479,0.004627433835121911,0.008845614555494184,0.010202111815759581
0.004655709593388845,0.004546300973920862,0.006578269693508256,0.013153251576829525
0.005037284509158159,0.004986816402647889,0.006296292553194218,0.01211446986147759
0.006531174915774982,0.004974692522309467,0.007047127092519486,0.01271795157840382
0.00641773158920829,0.005210645670480988,0.00678294694299683,0.011729376498402663
0.0049068377869055406,0.004877976503582206,0.005465778703799419,0.01381194328166263
0.004707888258477913,0.0047059516957311115,0.006168888517220213,0.01312010846917663
0.006099297895691581,0.00470423431116662,0.008355056687936693,0.010788173248717534
0.005972060589814678,0.004669619278797654,0.008792257199919707,0.009955843758754312
0.004264009079528979,0.004194738792362357,0.007025586404650363,0.013734208774024495
0.004496055162149291,0.004453599786794221,0.007173263203733467,0.012455674276078929
0.0061549048167452445,0.004640261034789626,0.007960034964288043,0.012009205750742963
0.00613033593009799,0.004897139091174066,0.007371572325948423,0.011551163054777998
0.004853889387296245,0.004829372860413829,0.005629475394939031,0.013407003730534387
0.005633086910891978,0.005408001980447415,0.005021105688969888,0.012818930865160148
0.007124166201768666,0.005349240158281795,0.006037575298126867,0.01213199042236762
0.007231396128736298,0.005331565560442897,0.006488025210254973,0.010862936481721491
0.005463970954697784,0.00475273504199391,0.005788324883068501,0.013985945589751919
0.005386799804420154,0.0045457566466316,0.007089573504502303,0.012913684404279101
0.006826377175437846,0.004224495057409511,0.008747077698708965,0.010409969890097036
0.006694534241010783,0.004358163465375882,0.008673467351924126,0.010260922068426815
0.005287559795982357,0.004837206388228056,0.0071313469636969575,0.012448640283498898
0.005636351716472671,0.00551379295417162,0.006613690901463295,0.01132513415631051
0.006519512743057776,0.005345468294682357,0.006258271997882717,0.013792427285209002
0.0062508049268349105,0.005873243978784425,0.005905170949346417,0.012642552247842812
0.005260191893892049,0.005720814936542947,0.00531662418204957,0.01367346244429469
0.0047715725593805,0.00549016735869493,0.006104317079198337,0.013225553413489554
0.0051001722586403375,0.00544040492894182,0.007837771744430913,0.01123253722693764
0.004857999019548957,0.005284570643096705,0.008763178756000536,0.01026256494859858
0.0037968561267853404,0.004694841817716275,0.008203029219147978,0.013357494531978958
0.003981388917933143,0.004975250317242386,0.008518432865193847,0.011659336834053975
0.005215792000241658,0.005027814264195799,0.007848818066763847,0.01305156972244938
0.00543179514240127,0.005454680420607774,0.007052798341967521,0.012748903912854034
0.005126863515828781,0.005951746624155623,0.005930065029150413,0.012557409737062545
0.006746585301165159,0.004454635262348015,0.0037355067362986453,0.02245696927185805
0.0065042237608944195,0.005452639465732791,0.004592075644496316,0.015566027068238073
0.0038339069247561434,0.00504582203674715,0.004778012915889962,0.03226123255178236
0.003739719998056605,0.0051988764241665195,0.0058744923052746045,0.038442441232548905
0.0029392311645995827,0.005967728794381425,0.006764303754909951,0.01701325364420115
0.006307877943990156,0.0029541131373046303,0.007487826188721669,0.0327230287519247
0.0053846321952609995,0.0030697638169659533,0.010566236152567141,0.029995160197970827
0.0076934963200889425,0.004081499691602727,0.021597524590360455,0.014651212738892364
0.01047822128416596,0.0031150877799974793,0.02680924401614525,0.009320376712068965
0.009930741964590555,0.0010554973185649627,0.02450956060298599,0.01247240928421799
0.008423265321052007,0.00034431195794748043,0.01893816112609381,0.016288652109060442
0.008197171647497547,0.0008190306325951258,0.014408790557257812,0.01703981281096665
0.009605107872595825,0.0011335242495352758,0.012180582547208866,0.017512175096612317
0.013901218085456619,0.000852710756434507,0.013617056445642043,0.009843994080892402
0.016945286144217468,0.0005603590604402802,0.012593849151788634,0.020558003296400684
0.017467591176362054,0.001259856869230801,0.011431636123727317,0.04342462069569879
0.018709570967208617,0.0037248869174343314,0.008440789984135432,0.04332617422725357
0.01979334445913374,0.008221414745174266,0.0036051608935228356,0.025452312175189933
0.02073446660341906,0.017004070322119032,8.179930511746284e-05,0.008961066577761087
0.012449678354802736,0.01260768032941901,0.0004377101677773918,0.020532240846347187
0.008839341590972414,0.009782437341385265,0.0023413174343546077,0.017343546927940334
0.007775669706131906,0.005177376858751252,0.011126744046295135,0.007526523756928073
0.005773452520227428,0.002914602874871084,0.01582935895427632,0.0082579978992274
0.00359019592113201,0.003446267090835925,0.019162463990933493,0.007394519627402131
0.0013386840380805757,0.00584144637972921,0.017152004180355056,0.008126254928800921
0.0009565186841869852,0.007261939972792229,0.009394116300690862,0.02044702275587954
0.001570746080307878,0.008614506881972512,0.007364579244943898,0.022134423525692493
0.005507083423254572,0.009144425185114501,0.008531434392276101,0.01853646303858679
0.00572154782116457,0.008025271968431237,0.00896065153086165,0.019020386055887697
0.00106988171690273,0.007698445121767188,0.011739364246262582,0.01594269640504749
0.0005125975068913779,0.006596752362145052,0.0201029594196839,0.009525483113204265
0.0025031799767427578,0.0035538071642620033,0.024202146516736626,0.012315822652543116
0.005316207785811993,0.0029879358839961017,0.02981989567486914,0.007834519412914255
0.006339320132484928,0.002846171736330552,0.026171967031154535,0.008731817694633454
0.004304646665298602,0.002904496216924303,0.021231420421262758,0.009665937357952428
0.0014599274460199544,0.008103882883183635,0.014558773052863152,0.009500427353563273
0.0039035343038989066,0.014244459932359128,0.006899889633977589,0.008983818152611001
0.00691847998061003,0.01457608342983679,0.0038642081082819867,0.01287716741261528
0.008140262778465293,0.01661418736417372,0.003167033258394415,0.009871909172395926
0.005685926864256807,0.013604935030005915,0.003537696043147755,0.013551525341749748
0.004231067436687194,0.00999059414613164,0.006959973009184892,0.014533093241745157
0.006539453694470089,0.004164490840223035,0.0157430132804696,0.006878183911968675
0.007165528177950953,0.002334488207442744,0.018499511060822378,0.00718430379120987
0.005000535623972037,0.0030798724117171747,0.01786480572531262,0.008710707770937716
0.0043633401593611175,0.004618057290310577,0.01603049452506151,0.007711241288013893
0.004829573708490497,0.0060070544856360535,0.008788764730226176,0.015948962382497316
0.004922053404165307,0.010030180058375318,0.005321514909780156,0.01665576466524926
0.006425342861874578,0.0111902517277122,0.004793241199929632,0.012907425080910483
0.006679368037559978,0.009931557389364522,0.004906431089783313,0.015519187135224644
0.003224704277146322,0.009238352319279289,0.006225992850332871,0.013051642637607224
0.0013749158007710027,0.007067808073219642,0.011827489648819346,0.01063968670347935
0.002128499291663023,0.002715738214559594,0.017961297473537807,0.015245782536645103
0.0058885017535234355,0.0023958241404949316,0.02568634773535957,0.008727066395258533
0.008163383138840305,0.0027696335546288026,0.02206658206195662,0.009591979970312718
0.0074355214937276036,0.00215895684806581,0.018939585723893978,0.01110214727659084
0.005243366459992948,0.0022965768020683963,0.018435115947663283,0.0062581236881412775
0.005266286080519557,0.007028407281029254,0.005658209889258854,0.015385370963510465
0.008866885115137264,0.013165473184020223,0.0036367354326460803,0.010149087954802028
0.009453096748720123,0.011973798331618483,0.0017664707416321268,0.024435063400452154
0.009011541771495412,0.012303156669934421,0.001706374479736416,0.02235641115296449
0.008060310633623483,0.01195634971697019,0.0039046745497610027,0.012094759491178228
0.005594524967590425,0.008334964765980878,0.005030874212575268,0.014468756097093294
0.00249627861415319,0.005378946118667269,0.011947714222281013,0.008728826597579542
0.0034232220588378223,0.0030064480918119522,0.020542501645282065,0.0069111351588118635
0.0024599622886385085,0.0024248906455736213,0.019457924551883155,0.01014722560001074
0.002288176020835238,0.0032226303462987056,0.018434859771653572,0.007378019269919253
0.0013701907670604456,0.005943709825600812,0.014871280987525796,0.009513364936047717
0.0019817511005386277,0.008005999546985318,0.009728625482425986,0.011927902441769552
0.0033560874510264473,0.00816749802198143,0.0074801929036179505,0.013588574823301617
0.003228538279671071,0.010077630914803171,0.00977313813657868,0.010758039872149539
0.004739083037926982,0.004035208136832086,0.00892734997239708,0.019391510585078764
0.004798974947466613,0.002957857067609616,0.01000007947071768,0.014454023312211312
0.003129909336260412,0.003649030062180697,0.01271542727554381,0.010563499267628066
0.00329945299938018,0.0033941249734508764,0.012117674459592694,0.012792782645726811
0.005608632318553343,0.003016326203853115,0.011655011014786198,0.007646798975389342
0.005934505840188503,0.004549915647323937,0.010270174244334304,0.00735894783180478
0.004388442894969862,0.005659111082277497,0.005734267347950295,0.018564536447326963
0.005094481659361751,0.00663459305127292,0.005204568581506804,0.015316779556708824
0.006654598047671466,0.005847256825592189,0.006227777720514728,0.012004707224430113
0.00603985725282155,0.00515205926863649,0.00685005811582584,0.011902931775474992
0.0038751668382809266,0.004591313152180379,0.007363742048555625,0.01397496103714691
0.0032496909276443758,0.0034740153051211094,0.009422571814808862,0.012322346087584892
0.004669851082215386,0.002396237026949896,0.010283277794431053,0.011902258143659384
0.004390021224969382,0.0023088056801183823,0.010875790039005809,0.010758822121023661
0.0028528426858203137,0.0023842226170895857,0.01055423253996303,0.01333755377916467
0.003082946740906286,0.0027203635626837732,0.009762685713787416,0.012384661144790277
0.0047371071658538705,0.0029862861897857326,0.008432154662824907,0.012996646881647153
0.00497134761713402,0.0036184492974950877,0.007513626525687898,0.01198342076790546
0.004596058015525316,0.003663213742312162,0.005920094018049366,0.01615057892758432
0.004792756676207095,0.003647184101229699,0.005827502876938845,0.015625377433973225
0.005899672991366689,0.0034773507066301786,0.00703721297207379,0.010754390149084756
0.005888562671246512,0.002983847442361509,0.0077210428158814,0.009303766957511677
0.004448807977311275,0.0023473910759964243,0.007593973756466325,0.015451463254744705
0.004699849393230761,0.002099935037914023,0.008990231598433788,0.012581679294875525
0.0068241739830478786,0.0017644632322529623,0.008991986779330798,0.011324440162471978
0.0070261181705933975,0.0018851520578697675,0.008581376342015931,0.011383934292195428
0.005583365695743973,0.0026966354966118,0.0076805797089247434,0.011489140653894857
0.006023765357493342,0.003364243383986139,0.006602103368916572,0.011088677302620776
0.007567959311260417,0.0033026068936361204,0.0064083623263945875,0.013436797837499254
0.007188194472517121,0.003954979451797199,0.0059994504335954355,0.01118126711523952
0.005144237877373344,0.0031853118385444445,0.004909410478474378,0.017747679868558488
0.004495090286131611,0.0027343992278403566,0.005675752262524149,0.01807353204477338
0.00521240577455503,0.0031967669996148668,0.008785992166859291,0.008002289742364627
0.004981370577560083,0.0028420264361092547,0.009826325975540711,0.007735219475299151
0.00355694541627615,0.0021578237804878806,0.00890666545977347,0.014045063744441815
0.003983058422924224,0.002526940442361852,0.009863864119035271,0.0100336522186603
0.006184351147540341,0.0025657611129401682,0.008714924856634073,0.016671382674708114
0.006519799709349382,0.002991494632025533,0.008140906590588054,0.0177186301060517
0.005238483116180032,0.004362053432945775,0.0068965555777299676,0.010060743554317039
0.005088040445278667,0.004274885097871689,0.006205970173943691,0.01075898301789761
0.006200205117163705,0.0038900655899243297,0.007164646009717732,0.012117867879873763
0.0056938410052642064,0.004085872716563784,0.007941760428565854,0.008379156388074505
0.003533217854775261,0.0023032253290896946,0.00627260881543378,0.02114970289239625
0.0032592100242474493,0.0019710569010512546,0.007607723481448439,0.020786346061022812
0.005962335625565654,0.002765932874493532,0.012666742439719075,0.006192443054272992
0.006063921531872227,0.0027589086204757793,0.010464480658460899,0.008020849388420667
0.004684109840646102,0.0033521835422617332,0.0075873277932613226,0.010473311959903
0.006300289969084917,0.005197007342272894,0.006606411722084063,0.009249582962023745
0.00719514163535856,0.0036852814286658423,0.007061343100920497,0.016516748439976768
0.006717048298033979,0.003958132551425698,0.006773202252606463,0.011319295081654406
0.004248557484837621,0.002702259090884268,0.005288189415980288,0.018054547087441458
0.0037608645881300876,0.002175156377691998,0.006126479914551734,0.02041541246642
0.006023100094307228,0.003323526425561397,0.011388625307148119,0.006377241334264328
0.005744441738068513,0.0035352767647825996,0.008784108558458048,0.008387462659653056
0.004487956557891506,0.003606271119137215,0.006331839513790468,0.010753716465097585
0.005374397758978799,0.00490018618666902,0.006381950951572965,0.009533090955064676
0.005656198025643271,0.00346759812756155,0.008059532405373278,0.009336294555354532
0.0049013470911369985,0.0025189526206054356,0.01014965507865969,0.008016775045407706
0.006171608691956967,0.0029398037955536,0.010333419398424897,0.006541456422829805
0.005347261085668047,0.0032318010019198916,0.007063966507956253,0.009718348118053218
0.006487745840402847,0.004307606257364187,0.005384513025764648,0.009076896877191274
0.006401496573228597,0.004653416839587657,0.00517570164557698,0.009800212510463653
0.0063595469984797474,0.004012693209599155,0.006472493768648209,0.008589757809228767
0.004867671333853487,0.002684561632770646,0.008249733966297893,0.009903446168642966
0.005928401215350661,0.0028057877855469752,0.010587320369189433,0.006480606201074648
0.005014550899282487,0.00287187459980411,0.009060054007343568,0.008196397871746383
0.005787348197930014,0.0038230846859766037,0.006401861141704194,0.011391108180587615
0.005547097487003716,0.005059152907707509,0.005084636328574414,0.009802230339282205
0.003993952760763635,0.0022493215890384407,0.0060779504971167206,0.01678981577716032
0.005055617503846134,0.0019715777882850644,0.011368681677120223,0.008131553601645759
0.00771892132522345,0.001989887023512996,0.010896370732766263,0.015801836879872223
0.00824259043315179,0.0020011267593492183,0.010736041933322645,0.01836853632139169
0.007695474706110275,0.002720888796505236,0.009708900327699797,0.006339400557808466
0.0047271612012640485,0.0019140548834553812,0.0036376288733627037,0.037331407819685816
0.005574372104539995,0.002203908051653071,0.002500356563353353,0.052951560962698874
0.005872810818342326,0.002727686418364622,0.00266224946123525,0.03258479813314251
0.008784747820608646,0.004347099293091435,0.005237772354028275,0.008178382237729324
0.008543478726590841,0.00303519089791431,0.007590097385254348,0.014434424320429007
0.007326229217341377,0.0031887530405641123,0.008772222557220011,0.0066405131220810725
0.0037881553994747637,0.0016127586270249959,0.00545265811420226,0.030681102958621902
0.003507415112405428,0.0013687952643987981,0.0057824357608874215,0.03630780724185874
0.003788564540363115,0.0017790069620636454,0.00980778815888283,0.012953616205428226
0.006958495105837777,0.0017592601973340986,0.010434538800322033,0.02319132572367029
0.008498691686691822,0.001668097981266573,0.012161580843608952,0.03613358265843579
0.0070336718145182315,0.0017046885506679685,0.010248596689692453,0.025636109372743892
0.004543980262285497,0.002570109358740835,0.010283422849008066,0.008161441964841093
0.004056819971966756,0.0029988731118614645,0.005618348879939298,0.015573595489354608
0.005340559955963937,0.0053232471365210875,0.00612438704018996,0.009909434852182248
0.006400716846944025,0.0030449400961061763,0.008110920379207288,0.019409662338373088
0.006157134749613727,0.0026668884342880466,0.009245971371525281,0.013843757028857404
0.0040112916204945726,0.002220172716378126,0.009726561557539386,0.010928717277031689
0.003928603869961362,0.0021948309653317677,0.009065815982949909,0.012661819636432533
0.00670991152894109,0.0034799048954256007,0.01012308311959378,0.00727732796506062
0.006872108455200677,0.004292530033364144,0.007571490555383657,0.006950867017961329
0.004937297040283864,0.003239960777664545,0.0037134547326436425,0.01749115455982765
0.0053495615356126324,0.0036774225332680413,0.0034398493724107147,0.014741304445897108
0.006939573599246088,0.00458647804537039,0.005451587629878631,0.00988911076557175
0.0066114937095718695,0.004330491447694764,0.006767669238473975,0.010104991054930878
0.004192104070979388,0.0032709061025421324,0.0066863868876895025,0.011127774267976741
0.004048439110694773,0.0033955766503442424,0.008234701685837368,0.009487215894994397
0.006042738880019651,0.004321200766217825,0.009413088312225874,0.012272425650243241
0.005536261543722204,0.004631413402397043,0.008253171707314832,0.010717569161967887
0.0037776171856334258,0.003599106316483111,0.005409895113092227,0.013055405950888013
0.003976796423012355,0.0037721395480867204,0.004977690631103945,0.013018425361661787
0.005347698800045899,0.00500766871440733,0.006430781768006539,0.009652587725754516
0.005404141983691049,0.004952603429059744,0.007030013027602703,0.008766952780827935
0.0037286143044449587,0.0032813861313003402,0.0060662243673454234,0.013165290028446148
0.003978662693203572,0.003340458724269922,0.00716150362400491,0.011070134956247351
0.006598885037569747,0.004271050538197435,0.009160198133739942,0.010681183671052908
0.006745400589168324,0.004292105511891356,0.008301235942928422,0.009880710460812766
0.004825010672961397,0.003355821900021107,0.005247382196994604,0.012089646553360152
0.005211328134261177,0.00359061653233266,0.0047049044122197455,0.011677504297715515
0.006975197731582968,0.004474076349165539,0.006141494013316958,0.009798744418722591
0.006731648557018224,0.004516680801629704,0.006383699723298128,0.00876006979737856
0.004453850064728175,0.003169926413174918,0.005333348041696112,0.0132039988348449
0.0042580589261253235,0.0031923285351563944,0.006478529324771543,0.01163045552105145
0.0062912443227140305,0.004287603703429814,0.00899563360213449,0.009799129275745128
0.006024757390065807,0.004377721733078722,0.008642523451229001,0.009196039551181165
0.004027785385155049,0.0032443429064431045,0.00596599925922725,0.012281108886519232
0.004312510815652415,0.00354329286236959,0.005561013237434927,0.011420393141911844
0.005854559468069131,0.00451768209530067,0.006561902820633162,0.01078515652950105
0.005714276212000355,0.004569183078884183,0.00644814726382244,0.00990705030010412
0.004129267285671849,0.0033517738009158408,0.005421037390710248,0.01246077930778627
0.004035249658399428,0.0033404750023338574,0.006255977226503807,0.011253086310006034
0.005854798242014875,0.004282361696404769,0.008434654620338936,0.010368732065827177
0.005789062823739209,0.00427733191562618,0.00840998797229437,0.009249925243827466
0.003972174866972455,0.0030121691272965885,0.0061047238096628795,0.012638502745064293
0.004259331668569557,0.0031715431774061616,0.005914500392884996,0.011770274942020676
0.006153506997429174,0.004184637110096801,0.007177824744719948,0.010022923567554905
0.006141346384234921,0.0042085049338085635,0.006901319114532501,0.009311867344925789
0.00443431878820671,0.003067185880317745,0.005384014932527257,0.012601361822757498
0.004471196572142993,0.0031236399234828203,0.005947446635436761,0.011300508469614473
0.006213345485925732,0.003950194902146225,0.007894223070689911,0.01054108923326273
0.006024560229804289,0.003992094114474886,0.007931007115245454,0.00958877362741321
0.004094796019339977,0.0028842653036470446,0.006034110101665449,0.012460245578993164
0.004170242720385595,0.0030111003752031976,0.006132570611896736,0.011635915672139896
0.0058125462060622,0.004010182726554225,0.007548198472019472,0.010244480816869064
0.005664021947632124,0.0040672171147290315,0.007352831608058986,0.009432800554990215
0.004036752361296055,0.002884036410041553,0.0057572419809348895,0.012830679247576634
0.0040984171746880965,0.002965996277368435,0.00618040726726331,0.01157814310439576
0.0057601618809265155,0.0038529662263989068,0.007879513990740635,0.010702914893015206
0.005691150706406349,0.003859893151940249,0.007844690838848194,0.0098496834335493
0.004035835741581648,0.0027566149037769145,0.006081116123484568,0.012447931260142635
0.004183128040630813,0.0028561745740033288,0.006220876148875014,0.01153006301725454
0.0058688834031485684,0.0037442454211662826,0.007615048826715452,0.010589446729733077
0.005795927089213376,0.0037830507092833222,0.007452453143350296,0.009638746755648579
0.004143834374216651,0.0026720944558194836,0.005812071518142026,0.01290301856474758
0.004210274785295179,0.002729867235146386,0.0061875838394776185,0.011799023570620073
0.005911821653576974,0.0035980875592821525,0.00792846851098803,0.010535026488572324
0.0058111882871402344,0.0036203217739528993,0.00789341581259348,0.00970621096289343
0.00407776762540902,0.002556635970279158,0.006083735407422486,0.012749961198750322
0.004190400162956228,0.002665498956444786,0.00628122524575414,0.011698555458807058
0.005825901176754379,0.0035364217638504643,0.007721605311667866,0.01079663402785674
0.005697000234035743,0.003585867355913847,0.007575833869025163,0.00991737817785512
0.004061979131211628,0.0025389952653747916,0.005962024971020062,0.012871071414801979
0.004106524634311565,0.0026044215768464937,0.006309979428236781,0.011822250145301342
0.005703017348810784,0.0034549552195185683,0.007943552786079887,0.010813784101443203
0.005599608876717376,0.0034843685006959047,0.007917016531465166,0.009907657264012682
0.003962299956587587,0.00242424783539951,0.0061731484871830385,0.012958276808796751
0.004071479443103929,0.0025109657073001685,0.00640303346407603,0.011909035068326506
0.005727387536200353,0.0033692302712885133,0.007888449329144613,0.010864761346641527
0.005654490486136866,0.003405564705646128,0.00774555369314593,0.00999109862727125
0.004049660950681738,0.002388151403549212,0.006047190262173626,0.013012074267043894
0.004136721553912965,0.002458878702302392,0.006342238105647157,0.011940481937167756
0.005769576389494855,0.003271974575675558,0.007933457888675877,0.010949951451911927
0.005666030462596172,0.0033060966689011434,0.007888271114946744,0.010038255879103704
0.003998766629640553,0.0023002107062078097,0.006167896832532987,0.013092699195974427
0.004074445998349378,0.0023753377501512605,0.006438157489716566,0.012055087334279312
0.005702224634648455,0.0032113504678226287,0.007988456237970381,0.01094983779631611
0.005592113899459431,0.003255925419755764,0.007878164111161417,0.010070972255476098
0.003971956419473628,0.0022601669587748027,0.006149299474492759,0.0131912890067616
0.004050131315889153,0.0023359467473940605,0.006431333547375469,0.01210318471783681
0.005651744191004432,0.0031499111225517934,0.007989115614204522,0.011097018140970171
0.005551729065742711,0.0031859495578130705,0.007924210961527556,0.010205805726360673
0.003943031001831841,0.002202131012350087,0.0062210250753725535,0.013195984181038544
0.004023644473955049,0.00227244996139475,0.006492638994852447,0.012148899207260576
0.005637074763117085,0.0030844088293464035,0.008028869732219909,0.011123046584247495
0.005544025088677184,0.0031258191819053217,0.007931579371284664,0.0102091845694116
0.003944079678153404,0.0021502733904031953,0.00619963570568084,0.013328022719753372
0.004025730537938058,0.002218581400716833,0.006474595581670021,0.012257200911864826
0.005641195946442183,0.0030213668345816795,0.008042050133931793,0.011154378992112152
0.00554441486686786,0.0030573665754467585,0.007965326583529055,0.010260711471236566
0.003935494354918924,0.00209756921273159,0.00623992209723583,0.013350103869557909
0.00401555976120043,0.0021681380423287443,0.006510937027071181,0.01227537144915414
0.0056089427528073915,0.0029608567170777127,0.008034491957307278,0.01122374670643571
0.005513441082498671,0.0030085798837683757,0.007957625817427169,0.010341805280656906
0.00391749009048451,0.0020585920509338224,0.0062418174044175994,0.013409091646306123
0.003988546217896948,0.0021256114125745244,0.006517128567119455,0.012346370191375607
0.00555166766709244,0.0029105806065947547,0.008034459009318103,0.011240839197854966
0.005469015136626062,0.0029579180127035695,0.007989606628681308,0.01037975858674238
0.0038909296436997216,0.0020112646477019698,0.006280911862527161,0.013454546440891512
0.003969982688140967,0.0020790947356545656,0.006549462026502028,0.012379892310192594
0.005527219080130444,0.0028549314136568403,0.008024458575775004,0.011284525842995942
0.005463403382562439,0.0029094132685624618,0.007977769065771708,0.010447301972003543
0.0038953535389270057,0.001975921439266205,0.006271483076466293,0.013487072787817602
0.003972043430528899,0.0020418194757788007,0.006537712598060909,0.012423766623863413
0.005505538325576512,0.0028051127062523333,0.007998163702010543,0.011294963613543174
0.005438728623225482,0.0028582224575490712,0.007973791727093964,0.010460857918489696
0.003878605725484718,0.0019338103323716742,0.00629730983664894,0.013526859778190892
0.003952393121065992,0.0019992919332356943,0.0065676647696601646,0.012456027186379582
0.00546651856080321,0.0027565180547846845,0.00799196587329523,0.011318545703614052
0.005404187115591098,0.0028144485824149077,0.007961039401309192,0.01050396446407721
0.003867601067279288,0.001903237760815091,0.0062999860406116135,0.013545729183010089
0.003941670535813455,0.001969676143241047,0.006563208253335583,0.012478853878559324
0.00543013567266484,0.0027192506255009396,0.007958626132292384,0.011358306484955543
0.00537013046922534,0.0027762113600710513,0.007944235734942339,0.010541754547302527
0.0038497116367321917,0.0018687376522203984,0.006316324177267048,0.013575104296067394
0.003921497831749518,0.0019321462011664928,0.0065851581095271935,0.0125113144883798
0.00539712296134447,0.002677088565428426,0.007955862857394297,0.011365041613457739
0.005342345059446475,0.0027346271700270054,0.007933880042716706,0.010555013357370368
0.003842925887178704,0.0018379868635051005,0.006317195309524001,0.013599809847827823
0.003918635390806532,0.001903210422666037,0.00657688202457894,0.012532334508662632
0.005378208112242005,0.002642473408936273,0.007919664361677674,0.011398506628704952
0.00532165515688286,0.0026992227006323514,0.007904436233744684,0.010588313663145634
0.0038330036636038214,0.0018083923987895654,0.00632243384028512,0.013616691024110433
0.003903076024360002,0.0018711057532460372,0.006589265853646652,0.012554059933572873
0.005344523766440031,0.0026076903583822546,0.007912000984560564,0.011412821877506632
0.005286872056161847,0.0026650578693019214,0.007894265276139123,0.010603495326706684
0.003817877126153802,0.0017799670820101052,0.006326959523622277,0.013641927384681804
0.0038900677082861876,0.0018439646718828263,0.006586675347786645,0.012576945251687299
0.005316550312775617,0.002579424538476092,0.007883355810892726,0.011442490824032198
0.005260045368458262,0.0026351064812360093,0.007866665960042565,0.010632948101083829
0.0038077552531770274,0.00175339573243988,0.006328750625640531,0.013654205435117046
0.003878514451208913,0.0018156683400374135,0.006591669747640628,0.012591073298211772
0.005291782217455714,0.0025486948364420612,0.00786741600789647,0.01146238054177098
0.005235752664562536,0.002604245967289801,0.007849128119946924,0.010650311077922464
0.003797995302222065,0.0017268935199583613,0.006327795961713821,0.013674629637596542
0.0038690185092552696,0.0017894193863811521,0.006586399442958545,0.012612995773072493
0.0052692388662872154,0.0025226125732227397,0.007842099791652011,0.01148130725247603
0.005212387115131682,0.0025771934085860463,0.007825122445376174,0.010670151160786722
0.003787443464128032,0.0017016655516180817,0.006327294105785303,0.013689915454693386
0.0038569440697473396,0.0017634791163466466,0.006587731585916951,0.01262684701847372
0.005243792037931396,0.002496599108676463,0.00782338422168663,0.011504490661649484
0.005186647762124841,0.002550955116618887,0.007804999853793706,0.010692915209690769
0.003776371426681817,0.0016777899483411175,0.0063255357013550385,0.013702984366841914
0.003845708914844218,0.0017396138947560166,0.006582731270367797,0.012642418461232919
0.005219775362705423,0.0024739224749655026,0.0077988327085051525,0.01152606299992349
0.005162729579671318,0.0025272659008103585,0.007781676401516261,0.010712574911219143
0.0037653601440971406,0.0016540722512778045,0.0063231972569174535,0.013718649750696612
0.003833911643826965,0.0017150664105229324,0.006581250463384043,0.012657729804141862
0.00519741605206234,0.0024504370045060303,0.007779725998773536,0.011544073518511406
0.005141064996668384,0.0025032189410256708,0.007761161141114484,0.010731105104571736
0.003756205642845166,0.001631357188292916,0.006318962955568934,0.01373050349548872
0.0038248673830408846,0.0016925155029216942,0.00657403756853084,0.01267032031241636
0.005176960453338954,0.0024295481345832366,0.007754122645288349,0.011566074792123227
0.00511966382363116,0.002481607353331896,0.007736671183821647,0.010751579814125018
0.0037455589825530038,0.0016091863827778197,0.006314980107372633,0.013743365099582499
0.003812529047716976,0.0016695696446483647,0.006571096600902147,0.012684102690575363
0.005153486829336157,0.002408801035897074,0.007735000266934275,0.011583877240018517
0.0050964035693819585,0.002460311791718071,0.007716819091610478,0.01076947358899431
0.0037348017003643614,0.0015876178338271817,0.006310589052208428,0.01375532526759021
0.0038021536890914666,0.0016481303142257388,0.006563840021629367,0.01269604168277746
0.005133004921874465,0.002389780379819963,0.007709970260473495,0.011605740828763578
0.005074964347710541,0.002439861911278538,0.007690607195239891,0.010787839764898357
0.003725128928152024,0.001566565704085785,0.006305442030406389,0.013764959985875558
0.00379144505534883,0.0016263986379551265,0.006559186342130163,0.012706479174280694
0.005112397838350282,0.0023703470523500714,0.007689205875686465,0.011624574735570502
0.005052719981354468,0.0024192272586836933,0.007666852274264865,0.0108022413009086
0.0037152218566283385,0.0015458672944008813,0.006299825990168362,0.013775517303354776
0.0037813275580724417,0.0016056782810345174,0.006551578310401955,0.0127173133195394
0.005092448407178654,0.0023525010119974043,0.0076650601368546106,0.011645416322251734
0.005030515925415317,0.002399735578248495,0.007640128610782658,0.010817848580333037
0.0037051510767488094,0.0015256635807791613,0.006294369897013106,0.013784213398454837
0.0037703946639830164,0.0015850060053662464,0.006546173558850891,0.012726250748069462
0.005071954530306683,0.002334607486540582,0.007643468161094005,0.011665953685263058
0.005008186962847777,0.002380470942276422,0.007615047954534566,0.010832877800088982
0.003695256849182009,0.0015058629770633768,0.006288120833384534,0.013793221580858012
0.0037602246963180604,0.0015650298808472557,0.006538287806675945,0.012735980705082955
0.005050403931938644,0.0023166827844455116,0.007616419531691519,0.011681128120767978
0.004986885303378436,0.0023615916710127676,0.007588925822157659,0.01084845003525123
0.0036856839177757,0.0014862653941422695,0.006282866216451584,0.013799083163421095
0.003750182373378872,0.0015451570843465815,0.00653231826771894,0.012742283738777633
0.005029240444251155,0.0022987820408874263,0.007590221261995375,0.011697990027341877
0.0049656733763984,0.0023431887664117435,0.007562301000653903,0.010864659071555281
0.003676224230305032,0.0014672671878522734,0.0062761561420381,0.013805598658078752
0.003739994793377628,0.0015258803998915876,0.0065244966608646905,0.01275030433345126
0.005007488016369611,0.0022816923413905275,0.0075634740788932606,0.011712926586687957
0.004943936918680113,0.00232526478541578,0.007536549665031806,0.010879373596918021
0.003666132387874658,0.0014482528875015823,0.006270655638825794,0.013812133149752086
0.0037295445078284095,0.0015066157140512508,0.006518056907078067,0.012757166643667453
0.004986429717167644,0.0022646362985993913,0.007537149820510467,0.011728845620222235
0.0049232092598589005,0.0023075742751518585,0.007509799340105008,0.010895139854147454
0.0036570051489134194,0.0014298065785228052,0.006263652785099191,0.013817525575619254
0.003719909574017981,0.001487918076932365,0.006509890681851661,0.012763751849999727
0.004965748079888084,0.0022480619969930445,0.007509910219044995,0.011744265379743187
0.004902393337246684,0.002290233497086234,0.007483444245629702,0.010909978377305311
0.0036472109476735058,0.001411346795338416,0.006257572641060388,0.013823636275298447
0.0037094947281546254,0.0014691628273639122,0.006503016177705977,0.012770671375081413
0.004944782483956983,0.002231655795199138,0.007483736856247628,0.011759254454593308
0.004881626333472214,0.0022731876366094868,0.007457056122236613,0.010924918055396731
0.003637846086795413,0.0013933266752302468,0.00625060486050537,0.013829112878477504
0.0036997515639643976,0.0014509426007567458,0.006494804949609194,0.012776868063664317
0.004924374039216332,0.0022156259833077995,0.007456319624881105,0.011775011478393691
0.0048612217636734515,0.0022563821431859487,0.007430308008166967,0.010940203007743865
0.003628338418380282,0.001375393345760549,0.006244152558924514,0.013834294790221868
0.003689630636729934,0.001432696243201284,0.006487534197313083,0.012783115085589988
0.004903921689233432,0.002199694488099979,0.007429906611362601,0.01178995662955577
0.004840896687823764,0.0022398136270389783,0.007403856588614345,0.010954786153237092
0.003619022872915822,0.001357740096632029,0.006237027091112696,0.013839961907426188
0.0036798832476870346,0.0014148203952019408,0.006479251211691964,0.012789486225047334
0.0048838582536551165,0.0021840729408082156,0.007402714341025147,0.011805205873642248
0.00482086555628602,0.0022234294419306226,0.007377207646906003,0.010969783693308338
0.003609675251348867,0.0013402256193849418,0.006230345394578555,0.013844851510653186
0.0036699951899616906,0.0013970412108685842,0.006471633740383356,0.012795256216210749
0.0048638336422978865,0.0021685804554385435,0.0073759483383941124,0.011820520574743396
0.004800890653650803,0.002207300273198096,0.007350501779877056,0.010984631144118557
0.0036004245610377055,0.0013229796939069585,0.0062231379516347884,0.013850151249489327
0.0036602175177883715,0.0013795382111236939,0.006463391366594028,0.012801442794555227
0.004843959936871066,0.0021533425615229626,0.007348985873648254,0.011835539964962647
0.00478107257818143,0.002191322490348006,0.007324016206164891,0.010999326292712478
0.0035911321695026783,0.001305841475583728,0.006216282545598309,0.01385516547433092
0.0036504607013546166,0.0013621542681659105,0.0064555021143425486,0.012807207282921323
0.004824381535270081,0.0021382197817449667,0.007322097940155814,0.011850803125327037
0.004761561332621068,0.0021755446665153466,0.0072972363140050775,0.01101418977636632
0.003582047160854305,0.0012889633880060996,0.006208985787883984,0.013860143457594579
0.0036408243832529736,0.0013450164099523144,0.006447216145336542,0.012813081816816304
0.004804876319272659,0.0021233115712371406,0.007295185015004462,0.011865874082200797
0.004742042711900624,0.002159934165279216,0.007270755615503719,0.011028843183991619
0.003572813373078658,0.0012722037366740208,0.006201986849197546,0.013865170534279377
0.0036310954978496985,0.0013280109114953641,0.006439183352624473,0.012818883200485142
0.004785523493253066,0.002108550301949587,0.007268354749483833,0.011881013461501127
0.004722765403106141,0.0021445081438382294,0.007244083645744473,0.011043616944965872
0.0035637810142306017,0.001255675029704613,0.006194677325493475,0.01387004384617686
0.003621554368687243,0.0013112283146814218,0.006430860504199198,0.012824571316530592
0.004766400814711365,0.0020939491633397665,0.00724145277664155,0.011896178803714835
0.00470363847348603,0.0021292204772931232,0.007217553241902804,0.011058325317609906
0.003554703524111974,0.0012392787345026283,0.006187524590187299,0.013874952145028773
0.003611956721162554,0.0012945796494015249,0.006422689224378806,0.012830308482152811
0.004747383329429562,0.002079496614537641,0.007214678982823807,0.011911231290978146
0.004684654602093365,0.0021141105207987346,0.007190989076366231,0.011072982691710656
0.0035457281603850904,0.0012230833237183607,0.006180192329476934,0.01387984858431964
0.0036024758552100147,0.0012781355755968544,0.006414337359809485,0.012835962602043408
0.004728561104993559,0.0020651966542613942,0.007187848117137327,0.011926400217172463
0.004665833160144469,0.002099136407322232,0.0071644838736239155,0.011087720056848533
0.003536770732872127,0.0012070416512964784,0.0061729467743335716,0.013884633171018516
0.0035930031781059215,0.00126184333953317,0.006406064389775364,0.012841568712230814
0.004709877493753931,0.00205103951592917,0.007161094341259168,0.011941507871182271
0.004647161106668515,0.002084328642224164,0.007137969613703963,0.011102378659566784
0.0035278854730882245,0.0011911809042191223,0.006165577233967065,0.013889497180381172
0.0035836023059760158,0.0012457300321098935,0.006397684059129948,0.012847202372704355
0.004691367725232231,0.0020370223985347892,0.00713437006774008,0.011956609513792613
0.004628651812809776,0.002069650717652011,0.007111542999610684,0.011117052883078097
0.0035190430315053534,0.0011754784700098865,0.0061582539136746835,0.013894259603753479
0.00357425469775197,0.0012297820131476186,0.006389318711475658,0.012852743369010173
0.004673026755135377,0.0020231483740795623,0.007107652728608501,0.01197174889128685
0.004610301188375777,0.0020551333541144,0.0070850811709915,0.011131735133073441
0.0035102618099297545,0.0011599548526418724,0.006150852877520577,0.013899034534908853
0.0035649467693687573,0.001214005478447537,0.006380912793120256,0.01285829919782612
0.004654817784371336,0.0020094123502660812,0.007081018692735663,0.011986843807050344
0.004592080610293051,0.0020407517693579397,0.007058727774506087,0.011146379018209005
0.00350151915893653,0.001144591925564658,0.006143469979794737,0.013903783555784616
0.0035557010605627667,0.0011983971432243056,0.006372483648351774,0.012863809745389176
0.0046367963991218964,0.001995816255132719,0.007054380761773156,0.0120019618987199
0.004574044965082638,0.002026518082636857,0.0070323520712123316,0.011161041316678428
0.0034928507541927296,0.001129402002157647,0.006136036469579065,0.013908491120489938
0.0035465101033352897,0.0011829564789615009,0.006364036749091419,0.01286928695668817
0.004618921492855063,0.0019823530945826486,0.007027820550845866,0.012017059291256328
0.004556141881911562,0.002012423610285985,0.007006060405219683,0.011175672159365237
0.0034842215848004524,0.0011143776821426823,0.006128599726110709,0.013913195477935519
0.003537368345660315,0.0011676861623612432,0.006355560388385237,0.012874752316661553
0.004601204564023125,0.0019690322019407175,0.007001281366857482,0.012032148410932938
0.00453839807251137,0.0019984745397473146,0.006979787022533117,0.011190301997564607
0.003475655698475034,0.0010995227246127543,0.0061211395115227185,0.013917853718846008
0.0035282864279691656,0.0011525829063462178,0.006347074567477556,0.012880165225818377
0.004583652579183123,0.001955841802813464,0.006974801399107426,0.012047239351660664
0.004520811510776193,0.0019846633852936392,0.006953566013391514,0.011204920852258642
0.0034671483466477255,0.0010848356843315447,0.006113657065278593,0.013922490679582008
0.0035192626409007374,0.001137649194365628,0.006338555965776085,0.01288556352647898
0.004566257163895788,0.001942790037868168,0.006948360888359768,0.01206230157791307
0.004503374652656881,0.001970994640563173,0.006927390760554903,0.011219514593597118
0.003458694912819965,0.0010703156054565322,0.00610616421453643,0.013927099690721183
0.0035102933302984837,0.0011228825098228284,0.006330030793084602,0.012890920809015443
0.004549021694069093,0.001929870792741801,0.006921975541565998,0.012077361988455566
0.004486095173748032,0.0019574650646263713,0.006901259132465632,0.01123410515297585
0.003450306197020232,0.001055965319318432,0.0060986466774661345,0.013931665906722563
0.0035013881978256268,0.001108286332055098,0.00632147568166367,0.012896241902415975
0.004531946207076249,0.001917087721629036,0.006895633578329325,0.01209240327233309
0.004468967015174521,0.0019440759549284098,0.006875178348164842,0.011248671613809467
0.00344197230168493,0.001041781697335447,0.006091120413658764,0.013936205269109169
0.0034925372306920267,0.0010938567522935433,0.0063129134129855935,0.012901531882005953
0.004515028436354698,0.0019044374724856215,0.006869351916466921,0.012107421620477388
0.004451995218288691,0.0019308259013814271,0.006849147181055236,0.011263219340180767
0.0034337042398918066,0.0010277674248724607,0.006083570880750151,0.013940703232220162
0.003483753326482651,0.0010795975543054042,0.006304323583136487,0.012906778966324431
0.0044982736576542545,0.0018919218530353912,0.006843116165393799,0.01212242540225486
0.004435177537001506,0.0019177149931198243,0.006823167358111753,0.011277749950890963
0.003425494410215084,0.0010139207883666857,0.006076012890704396,0.013945160002405945
0.0034750257203603704,0.001065506057779461,0.006295725974861676,0.012911987823341057
0.004481673550457639,0.001879539836035156,0.006816942006649991,0.012137401305431122
0.004418511968509104,0.0019047439175507927,0.006797241005584374,0.011292254391366583
0.0034173485619667797,0.0010002433172697869,0.0060684345076342985,0.013949578576534727
0.0034663635234943283,0.0010515842765782166,0.0062871053664728125,0.012917155971153607
0.004465235598915968,0.001867291236812751,0.0067908215070245186,0.012152353889319945
0.004402002712810595,0.001891910511887607,0.006771370832540185,0.011306737388847434
0.0034092655101169967,0.000986733539031903,0.0060608463309763366,0.01395394818479739
0.00345776372320694,0.0010378307298879743,0.006278473204723842,0.01292227826259697
0.004448956149194926,0.0018551757823899767,0.006764760483952143,0.012167278342932065
0.004385646893802018,0.0018792164737445804,0.006745554718550115,0.011321193303562361
0.003401246583965062,0.0009733927847433789,0.006053240607007076,0.013958274960972506
0.0034492273644956494,0.0010242464426751061,0.00626982356759769,0.012927358256527488
0.0044328339262036396,0.0018431933771353485,0.0067387610383308535,0.01218217183985169
0.004369443769625583,0.0018666600317238798,0.006719800294847688,0.011335621981512037
0.003393291504021187,0.0009602199517271334,0.006045624548760211,0.013962550607135771
0.0034407563085342894,0.0010108308094991247,0.006261159871033748,0.01293238906933467
0.004416872118317397,0.0018313436278631892,0.006712821051910127,0.012197035075632825
0.004353396370554326,0.00185424178665187,0.006694101876060062,0.011350022659188119
0.003385402724028245,0.0009472155785319332,0.006037993284052133,0.01396677592737034
0.0034323502705048176,0.000997583743166077,0.006252481977955769,0.012937372675459618
0.004401067250053354,0.00181962594837976,0.00668694726232711,0.012211862038888677
0.004337501013711895,0.0018419607462530911,0.00666846805786212,0.011364391058781887
0.0033775789814875167,0.00093437913187733,0.006030350715600551,0.01397094911829579
0.003424010507426969,0.0009845053641436737,0.006243789324306999,0.012942306297767903
0.004385421066683733,0.0018080405842290112,0.006661136250024606,0.0122266537923093
0.00432175996455845,0.0018298170656911058,0.006642894952524546,0.011378728756895738
0.003369822235568113,0.0009217106577566934,0.006022695789077542,0.013975065834659304
0.0034157372800442845,0.0009715951836982449,0.006235084457383344,0.01294718725125463
0.004369932143319411,0.0017965865502742027,0.006635393505543091,0.01224140705680093
0.004306171604719372,0.001817810035615305,0.006617387444493349,0.01139303204705502
0.003362132453861384,0.0009092098799744828,0.006015028868136118,0.013979126903945423
0.0034075315280596655,0.0009588532512246038,0.006226365420857893,0.012952016435943861
0.004354600551070842,0.001785263991716505,0.006609718198773238,0.012256119030147896
0.0042907361660785215,0.0018059393853685397,0.00659194592877297,0.011407299837881245
0.003354510217541329,0.0008968764311484934,0.006007351417544639,0.013983128624694224
0.003399393598172082,0.0009462790683152726,0.006217634937872758,0.012956790085855097
0.004339425950273641,0.0017740721257517764,0.0065841131010682605,0.012270789399549311
0.0042754534271292255,0.0017942046858727967,0.006566571680494814,0.011421531461020974
0.0033469564378432078,0.0008847102359390521,0.005999662482271945,0.013987069736120437
0.003391324254496415,0.0009338725813988506,0.006208891729254935,0.012961508262236349
0.004324407384559575,0.0017630108312667984,0.006558579333240293,0.012285414791189208
0.004260322318767724,0.001782605487281158,0.0065412672658866685,0.011435724283684128
0.003339470926829335,0.000872710732356271,0.005991963990695526,0.013990948898321373
0.0033833237323365444,0.0009216332409996797,0.006200137625898511,0.012966169189823493
0.004309544920751582,0.001752079457746357,0.006533118557756821,0.012299994039026405
0.004245343388019864,0.0017711412977911866,0.006516033076961594,0.011449877759689553
0.003332055032576784,0.0008608777015365073,0.005984255028405338,0.013994763779014
0.003375393062536348,0.0009095608074347173,0.006191372093788361,0.01297077140935363
0.004294837807289824,0.00174127761485025,0.006507732238342859,0.012314525222371546
0.0042305154083836245,0.0017598116161608016,0.00649087155925139,0.011463990088471852
0.003324708425681703,0.0008492106310341253,0.00597653716541148,0.013998513364310142
0.003367532134506483,0.0008976548008272469,0.006182596407121597,0.012975314165067331
0.004280285287864631,0.0017306048599212108,0.006482421912420124,0.012329006330395041
0.0042158382210342295,0.0017486160024089777,0.006465783547239321,0.011478060013895033
0.0033174320735309473,0.0008377091315151812,0.005968810074363229,0.014002195838532358
0.0033597419258859958,0.0008859147904083312,0.006173810562265411,0.012979795847915043
0.004265887174796622,0.0017200605738821875,0.0064571890191951285,0.012343436006486748
0.004201311384821489,0.0017375537903509036,0.006440770894494871,0.01149208634667483
0.0033102261761218405,0.0008263726546875746,0.005961074666331217,0.01400580978759174
0.003352022620941916,0.0008743402712096757,0.006165015296191364,0.012984215690438122
0.00425164252393141,0.0017096443356087432,0.006432034964092555,0.012357812163130137
0.004186934130350365,0.0017266245615846316,0.006415834806412045,0.011506067544379783
0.0033030911150003363,0.0008152007179121784,0.005953331184332739,0.014009354037704518
0.0033443746586124326,0.0008629307299672371,0.006156211108826443,0.012988572522836478
0.004237550775072854,0.0016993555319257901,0.006406961285789709,0.012372133482638412
0.004172706023427499,0.001715827646011111,0.006390976847355031,0.011520002662434612
0.003296027344379797,0.0008041927374517257,0.005945580158506582,0.014012826947705762
0.003336798557734378,0.0008516856087113398,0.0061473983681369785,0.012992865290540861
0.0042236113224654965,0.0016891936436861496,0.006381969143042248,0.012386398239949682
0.004158626417804393,0.0017051625159725365,0.00636619824775864,0.011533890262110871
0.0032890351007262204,0.0007933481182538934,0.005937822058191888,0.014016227591428157
0.0033292945014627164,0.0008406042929741673,0.006138577811942313,0.012997093240982124
0.004209823286358677,0.0016791580632700613,0.006357060179019505,0.012400604805231955
0.00414469462296537,0.0016946285377338864,0.0063415005067603445,0.011547729206351323
0.003282114777172414,0.0007826662395852856,0.005930057263540107,0.014019554605513882
0.0033218630139844898,0.0008296861857953128,0.0061297496783984905,0.013001255311221111
0.004196186090570608,0.0016692482257823005,0.006332235412775212,0.012414751867490807
0.004130910025272472,0.001684225103625025,0.006316884812256867,0.011561518431847549
0.0032752665896056466,0.0007721464265660378,0.005922286361896307,0.014022806872779164
0.003314504248977919,0.0008189305985542435,0.006120914753833438,0.013005350749326555
0.004182698808835013,0.0016594635081446586,0.0063074963682805164,0.012428837779727872
0.0041172718546701,0.0016739515903513283,0.006292352509073687,0.011575256661712819
0.0032684908523557556,0.0007617879976992265,0.005914509643584955,0.014025983450409391
0.003307218609640644,0.0008083368597663181,0.006112073308060949,0.013009378787280732
0.004169360751535826,0.0016498032951837035,0.006282844156345814,0.01244286120759826
0.004103779432966473,0.0016638073258701325,0.0062679048627558975,0.011588942902616261
0.00326178776571946,0.0007515902095408631,0.005906727721321291,0.014029083179270107
0.003300006302777245,0.0007979042326903595,0.006103226011226001,0.013013338598479035
0.004156171043933917,0.0016402669591077934,0.006258280022061253,0.012456820765762861
0.004090431969705577,0.0016537916854304003,0.006243542999750528,0.01160257603714454
0.0032551575559480496,0.0007415523242778875,0.005898940912139234,0.014032105230668987
0.0032928675624368446,0.0007876319748257942,0.006094373292886708,0.013017229571751512
0.0041431288099928335,0.001630853851263155,0.00623380519376696,0.01247071506307053
0.004077228662981338,0.0016439039719347275,0.006219268218516382,0.01161615500491529
0.003248600395521038,0.000731673541444528,0.005891149752215959,0.014035048644463546
0.003285802632864638,0.0007775192993849979,0.006085515656085548,0.013021050988994596
0.004130233245738634,0.0016215633223280823,0.006209420720823278,0.012484542836703413
0.004064168752833686,0.0016341435213640073,0.006195081543890195,0.011629678805532827
0.003242116452965304,0.000721953054491308,0.00588335463738901,0.014037912594190996
0.003278811652979942,0.000767565397218883,0.006076653648311851,0.013024802262714763
0.004117483369756867,0.0016123947045169908,0.006185127811804976,0.012498302770417555
0.004051251333669949,0.0016245096402522892,0.006170984174683148,0.011643146401636651
0.003235705846547133,0.0007123900230917406,0.005875556017161459,0.01404069630414102
0.0032718948107630197,0.0007577694384995103,0.006067787699050863,0.013028482817495649
0.004104878316444015,0.0016033473330863681,0.006160927451816599,0.012511993648386779
0.004038475593637787,0.0016150016295697549,0.006146977131224332,0.0116565568374875
0.003229368688196668,0.0007029835751539488,0.005867754347601216,0.014043398996272233
0.003265052215664001,0.0007481305531369094,0.006058918369947179,0.013032092096808478
0.00409241711846224,0.0015944205196915182,0.006136820731430816,0.012525614244655033
0.004025840627330157,0.0016056187868830776,0.006123061463320848,0.01166990912511674
0.0032231050607039106,0.0006937328236726017,0.005859950021264451,0.014046020016145327
0.003258283979684288,0.0007386478619327367,0.0060500460951936055,0.013035629632088139
0.004080098807680239,0.0015856135841771967,0.006112808626122606,0.012539163375522236
0.004013345519751458,0.001596360395960508,0.006099238190065969,0.011683202329385637
0.00321691500648729,0.0006846368470019731,0.00585214351032084,0.014048558681484965
0.003251590175738509,0.000729320449794231,0.006041171396552354,0.0130390949283194
0.00406792241428641,0.0015769258298122535,0.006088892093476349,0.012552639906745234
0.004000989362347833,0.0015872257415951176,0.006075508241291652,0.011696435527590473
0.0032107985698711324,0.0006756947075858537,0.005844335198503454,0.014051014403662434
0.0032449708546798753,0.0007201473843581128,0.006032294739890514,0.013042487577749683
0.004055886915960567,0.001568356556743731,0.0060650720820121864,0.012566042692857776
0.003988771182786885,0.0015782140953550252,0.006051872586335007,0.011709607793537788
0.0032047557433365886,0.0006669054401829255,0.00583652552710277,0.01405338662277957
0.0032384260456020907,0.0007111277098343623,0.006023416598052217,0.013045807178311507
0.004043991306562362,0.00155990506301669,0.006041349456797409,0.012579370652672648
0.003976690030182057,0.0015693247301399025,0.006028332089944306,0.011722718248531156
0.0031987865151838026,0.0006582680603952206,0.005828714898208894,0.014055674806138882
0.00323195574493234,0.0007022604477936974,0.0060145374551219275,0.013049053359809746
0.004032234534304232,0.0015515706371717478,0.00601772509651345,0.012592622710222939
0.003964744904044793,0.001560556911331956,0.006004887629825678,0.011735766002623764
0.0031928908393374263,0.0006497815629174935,0.0058209037144459005,0.014057878488030686
0.003225559932782226,0.0006935446020095136,0.006005657759061393,0.013052225801561002
0.004020615547990263,0.0015433525690904779,0.005994199810467634,0.012605797813439883
0.003952934803291523,0.0015519099009976174,0.005981540029416337,0.011748750190535654
0.0031870686490028262,0.0006414449206396603,0.005813092383494461,0.014059997217489692
0.0032192385599826615,0.000684979153673248,0.005996777982043304,0.013055324189095255
0.004009133276396218,0.0015352501414757015,0.005970774392220386,0.0126188949445461
0.003941258706211007,0.0015433829596899701,0.0059582900766189315,0.011761669961293205
0.0031813198578428668,0.0006332570900734597,0.005805281286659186,0.014062030594756695
0.0032129915556559155,0.0006765630682975543,0.005987898567317424,0.013058348254674057
0.003997786626099701,0.0015272626375524086,0.005947449599112849,0.012631913093863148
0.003929715566407409,0.001534975344097686,0.0059351385411520845,0.011774524467782398
0.0031756443505838055,0.0006252170072794485,0.00579747081786987,0.014063978252124368
0.0032068188264718456,0.0006682952915110748,0.005979019963133721,0.013061297748279351
0.003986574501879827,0.0015193893367294684,0.005924226150097505,0.012644851281312125
0.003918304336821728,0.0015266863097248813,0.005912086141989748,0.011787312881262599
0.0031700419986332405,0.0006173235918936067,0.005789661348014019,0.014065839854418167
0.003200720256415266,0.0006601747526545679,0.005970142607205133,0.01306417244852671
0.0039754957835601065,0.0015116295171897747,0.00590110474248754,0.012657708540648993
0.003907023941067892,0.0015185151105351045,0.005889133582125165,0.011800034376747618
0.003164512645380327,0.00060957574697355,0.00578185324889346,0.014067615105160572
0.0031946957077257595,0.0006522003653399342,0.0059612669267929495,0.01306697216163441
0.00396454934436062,0.0015039824570291928,0.005878086032970504,0.012670483925632917
0.0038958732983432266,0.0015104609995517406,0.005866281523403276,0.011812688142107248
0.0031590561185103508,0.0006019723590963417,0.005774046881407082,0.014069303734010306
0.0031887450224835656,0.0006443710266316702,0.005952393346533906,0.013069696713104682
0.003953734044548469,0.0014964474319324574,0.005855170655123846,0.012683176507051797
0.003884851311802464,0.0015025232290127072,0.005843530601273609,0.011825273370878986
0.0031536722250720558,0.0005945123002700421,0.005766242595390725,0.014070905507328835
0.0031828680220603264,0.000636685619870476,0.005943522276782491,0.013072345957462131
0.003943048730405491,0.001489023718766368,0.005832359210167294,0.01269578536905466
0.0038739568702037055,0.0014947010511264737,0.005820881422678203,0.011837789263928655
0.003148360752118944,0.0005871944276913231,0.005758440736151059,0.014072420217940734
0.003177064508596997,0.0006291430137744301,0.005934654123363385,0.013074919766645007
0.0039324922410003,0.0014817105934138936,0.00580965227057652,0.012708309614435056
0.0038631888548684643,0.0014869937180508695,0.0057983345617663214,0.011850235030520255
0.0031431214709636978,0.0005800175849676505,0.005750641634991491,0.014073847688421046
0.0031713342655102397,0.0006217420638986368,0.0059257892809382266,0.013077418036834116
0.003922063402074614,0.001474507332206582,0.005787050383585193,0.012720748356235587
0.0038525461319902886,0.001479400482222709,0.005775890569164659,0.01186260988274571
0.0031379541335025828,0.0005729806025696084,0.005742845616441601,0.014075187770936203
0.00316567705819183,0.0006144816131555336,0.005916928134655488,0.01307984068460171
0.003911761032049759,0.0014674132120169217,0.005764554066965858,0.012733100722741062
0.0038420275606051595,0.0014719205965984738,0.005753549964825281,0.01187491304053145
0.00313285847651007,0.0005660822984302727,0.0057350529937958816,0.014076440341954802
0.0031600926348538763,0.000607360492221186,0.005908071061136114,0.013082187644821757
0.0039015839393651292,0.0014604275100270343,0.0057421638144828455,0.012745365854491476
0.003831631988479639,0.0014645533148903507,0.0057313132436790475,0.011887143727293895
0.003127834220229223,0.000559321478773043,0.005727264069759013,0.014077605306470328
0.0031545807269567124,0.0006003775204883003,0.005899218425635884,0.013084458873661081
0.003891530924022384,0.001453549504375563,0.005719880094065396,0.012757542902624406
0.003821358254819553,0.001457297891474015,0.005709180875002886,0.011899301170656322
0.003122881069985364,0.0005526969383593683,0.005719479137284669,0.014078682593452834
0.003149141050592721,0.0005935315062464805,0.0058903705840185425,0.013086654344052207
0.0038816007792346614,0.001446778473769309,0.005697703349088711,0.0127696310308898
0.0038112051911852463,0.0014501535816866277,0.00568715330204345,0.011911384602969047
0.003117998716909841,0.0005462074613614602,0.00571169847763308,0.014079672156621564
0.0031437733063011584,0.0005868212475809908,0.00588152788152275,0.013088774047650914
0.003871792289533263,0.0014401136979425495,0.005675634000125945,0.012781629412687534
0.003801171620169257,0.0014431196418403392,0.005665230944898127,0.0119233932594006
0.003113186838107969,0.000539851821748029,0.005703922361616632,0.01408057397388503
0.003138477180632761,0.0005802455326893823,0.005872690652453896,0.01309081799322322
0.0038621042339474893,0.0014335544573899808,0.005653672444204541,0.01279353723224216
0.003791256358513987,0.00143619532907144,0.0056434141992653284,0.01193532637913233
0.003108445098108322,0.000533628783767465,0.005696151048682176,0.014081388045631884
0.0031332523463488116,0.000573803140422195,0.005863859220803944,0.013092786206065795
0.0038525353845828753,0.001427100033487794,0.005631819056865037,0.012805353683506215
0.0037814582155122687,0.0014293799016024272,0.0056217034383245264,0.011947183204253123
0.003103773148839049,0.0005275371026202483,0.005688384786893058,0.014082114395394169
0.0031280984631152937,0.0005674928408989805,0.005855033899291645,0.013094678728146777
0.003843084507785052,0.001420749708490206,0.005610074192083713,0.012817077970159681
0.003771775994663733,0.0014226726184616912,0.005600099013075956,0.011958962980277942
0.003099170630735384,0.0005215755247654644,0.00568062381315047,0.01408275306809223
0.0031230151785307165,0.0005613133958046319,0.00584621498978281,0.013096495616867886
0.0038337503649851852,0.0014145027653428336,0.005588438183078202,0.012828709305512349
0.0037622084941215527,0.0014160727395572984,0.005578601252682169,0.01197066495580213
0.0030946371732008065,0.0005157427885151471,0.005672868352696524,0.01408330413043915
0.0031180021282218064,0.0005552635589975365,0.005837402783174878,0.013098236945479333
0.0038245317121810896,0.0014083584877300586,0.005566911343329888,0.012840246912023793
0.003752754506601716,0.0014095795255617874,0.005557210465683643,0.0119822883825801
0.0030901723951762324,0.0005100376244624885,0.005665118619394534,0.01408376766997287
0.003113058936982754,0.0005493420768916246,0.005828597559012231,0.013099902802110912
0.003815427301417665,0.0014023161598974633,0.005545493966510294,0.012851690021850808
0.0037434128206260344,0.001403192237763573,0.005535926939995628,0.011993832515932069
0.0030857759058514835,0.0005044587559139495,0.00565737481569345,0.014084143794632529
0.003108185218978025,0.0005435476888991774,0.00581979958605168,0.013101493289779841
0.0038064358803638633,0.0013963750665646132,0.005524186327685979,0.012863037876285916
0.00373418222032984,0.0013969101380400637,0.005514750943797396,0.012005296614441375
0.0030814473051230143,0.0004990048993806479,0.00564963713242712,0.01408443263277602
0.0031033805785494906,0.0005378791278911777,0.005811009121706211,0.013103008526159782
0.0037975561932171464,0.0013905344927756212,0.005502988683458156,0.012874289726228208
0.0037250614863290153,0.0013907324886082233,0.00549368272604098,0.012016679940603712
0.0030771861841762324,0.0004936747649632449,0.00564190574926921,0.014084634332259932
0.0030986446106926902,0.0005323351205869075,0.005802226412478903,0.013104448643058764
0.003788786980951709,0.001384793723797519,0.005481901272466737,0.012885444832256537
0.0037160493959756866,0.001384658552009623,0.005472722516679636,0.01202798176089053
0.0030729921259587075,0.0004884670568360805,0.005634180834465244,0.014084749060602638
0.0030939769014500604,0.0005269143880009119,0.005793451693947177,0.01310581378656312
0.003780126981593678,0.0013791520449251784,0.005460924316091264,0.012896502464696194
0.003707144723780102,0.0013786875908598636,0.005451870527474964,0.012039201346073286
0.003068864705704907,0.00048338047363643156,0.005626462545162596,0.01408477700443152
0.003089377028679771,0.0005216156458336211,0.005784685190685367,0.013107104116580887
0.0037715749308667346,0.0013736087413686853,0.005440058018487858,0.012907461904063564
0.0036983462419109847,0.0013728188677536426,0.00543112695213132,0.012050337971688257
0.0030648034913175587,0.00047841370891337404,0.005618751027544143,0.014084718369295434
0.003084844562197602,0.000516437604904971,0.005775927116700062,0.013108319806828778
0.0037631295622674228,0.0013681630980903635,0.005419302567285251,0.012918322441203233
0.0036896527204792373,0.0013670516451147014,0.0054104919668058,0.012061390918341235
0.0030608080438831718,0.00047356545154890445,0.005611046416879198,0.014084573379447903
0.0030803790644793223,0.0005113789715527363,0.005767177675272473,0.013109461044641755
0.0037547896076860453,0.0013628143996425076,0.005398658133727938,0.012929083377711486
0.0036810629280254734,0.0013613851850003294,0.005389965730510758,0.012072359472196197
0.003056877917957012,0.0004688343861771946,0.005603348837918961,0.014084342277573719
0.0030759800909121887,0.0005064384480430336,0.005758437059320639,0.013110528030853805
0.003746553797663765,0.001357561930039987,0.005378124873003216,0.012939744026257536
0.003672575631887821,0.001355818749009703,0.005369548385292952,0.012083242925403722
0.003053012662010418,0.00046421919362285796,0.005595658404955202,0.014084025324629084
0.0030716471902131684,0.0005016147329919237,0.005749705451545128,0.013111520979690292
0.0037384208617540445,0.0013524049725954074,0.005357702924594403,0.01295030371099809
0.003664189598530885,0.0013503515980979209,0.0053492400566808734,0.012094040576628669
0.0030492118187551557,0.0004597185513210884,0.00558797522214918,0.014083622799595227
0.003067379904855614,0.0004969065217693456,0.005740983024554107,0.013112440118652157
0.0037303895289626243,0.0013473428098005587,0.005337392412406605,0.012960761767969509
0.003655903593998575,0.0013449829924594655,0.0053290408538833964,0.012104751731509268
0.0030454749254174586,0.0004553311337526832,0.005580299383822101,0.014083134999331772
0.0030631777712823547,0.0004923125069220627,0.005732269941229387,0.013113285688440435
0.0037224585280340393,0.0013423747231889615,0.005317193445044841,0.012971117545541122
0.0036477163842458305,0.0013397121914040667,0.005308950870015572,0.01211537570321134
0.003041801514083097,0.00045105561287893956,0.005572630974648017,0.014082562238371366
0.0030590403203265507,0.0004878313785916486,0.005723566354832698,0.013114057942843768
0.0037146265878948083,0.0013374999932180547,0.005297106115972401,0.012981370404855194
0.003639626735475944,0.001334538453227029,0.0052889701824053335,0.012125911812955848
0.003038191111909696,0.00044689065858227956,0.005564970070075411,0.014081904848729574
0.003054967077417247,0.0004834618249402107,0.005714872409348072,0.013114757148657018
0.003706892438005949,0.0013327178991723505,0.0052771305036401605,0.012991519720266917
0.003631633414619973,0.0013294610351160278,0.005269098852689337,0.012136359390532495
0.0030346432414000853,0.0004428349391063333,0.005557316736575459,0.014081163179726913
0.0030509575628703775,0.0004792025325769478,0.005706188239751752,0.01311538358557133
0.003699254808691713,0.0013280277190566257,0.005257266671686663,0.013001564879850111
0.003623735189573631,0.0013244791930580925,0.0052493369270721416,0.012146717774885232
0.0030311574206149786,0.0004388871215092576,0.0055496710319844576,0.014080337597801423
0.003047011292143516,0.00047505218699409204,0.0056975139722279956,0.013115937546099563
0.0036917124315827316,0.0013234287295325184,0.0052375146689765985,0.0130115052857931
0.0036159308296339677,0.0013195921817544705,0.005229684436471321,0.012156986314611241
0.003027733163338205,0.0004350458721077187,0.005542033005905349,0.014079428486314233
0.0030431277760218155,0.0004710094730003743,0.005688849724545168,0.013116419335458615
0.0036842640399600665,0.0013189202058423149,0.00521787452972906,0.013021340354904732
0.003608219105880386,0.0013147992545650064,0.005210141396631991,0.012167164368527288
0.0030243699793103267,0.0004313098569431557,0.005534402699998133,0.014078436245333184
0.0030393065208203437,0.0004670730751685202,0.005680195606332906,0.013116829271461725
0.003676908369109125,0.0013145014217672908,0.005198346273628727,0.013031069519056531
0.0036005987914595975,0.0013100996634626372,0.005190707808305842,0.012177251306190658
0.0030210673743399294,0.0004276777422373163,0.005526780148398109,0.014077361291432578
0.0030355470286113264,0.000463241678277577,0.005671551719360381,0.013117167684392902
0.0036696441567945193,0.0013101716495887766,0.0051789299058191286,0.013040692225611526
0.0035930686620601403,0.0013054926589865063,0.0051713836573474385,0.012187246508418525
0.0030178248504499484,0.00042414819485794733,0.0055191653781149295,0.014076204057463338
0.0030317041678367272,0.00045949204739318924,0.0056626480175335035,0.013116809170734298
0.0036624437108446917,0.0013059467208645084,0.005159595653872266,0.013050047560415615
0.0035855901728577898,0.001300998880535837,0.005152146051120219,0.01219693229149708
0.0030146196848338767,0.0004207186172738094,0.0055115407359731024,0.014075201364209793
0.0030266714069212847,0.00045565129338525257,0.005651531198255871,0.013111216186925451
0.0036551290799026206,0.0013019140492687056,0.005140213046608793,0.013057891964506388
0.0035779556703744767,0.0012967407513697557,0.00513286731526566,0.012204736632898701
0.0030113496896753667,0.0004173685215726631,0.005503735143584857,0.014075986020185047
0.0030215369758431515,0.0004518336007998534,0.0056408125225473945,0.01310653937035305
0.0036480921679984267,0.001297696737432463,0.005121598883594698,0.013065370512591403
0.0035709368932006704,0.0012922977572171308,0.005114016130271676,0.012212932307668078
0.003008591780776887,0.00041404564517418815,0.005495673486536384,0.01407560867831011
0.003017020781271248,0.00044813738513282736,0.005629292855097821,0.013100818004826955
0.003641159435109026,0.0012937713214713708,0.00510223548584993,0.0130738539888619
0.003563311950834459,0.0012881583746331597,0.005094971473975447,0.012221675787749107
0.0030053146307876303,0.00041094927707443585,0.005488266930455949,0.014075210691761717
0.0030119135065788355,0.0004446105942127882,0.005618663189207944,0.01309538660395709
0.003634021800056755,0.0012898662387902998,0.005083381924869087,0.013081605813881089
0.003556337874692686,0.001284013309036775,0.005075881608217472,0.012229709910563725
0.003002703090782694,0.0004078078127442571,0.005480103022333838,0.014075166717017409
0.003007457984298884,0.0004410347911206268,0.005607481312291076,0.013090015676988077
0.003627457875213201,0.0012858854983624087,0.005064771782371215,0.013089221512648219
0.0035492855516891706,0.0012798460202561662,0.005057376531557876,0.01223777604287717
0.0029998029760491068,0.0004048194378067167,0.005472461227578757,0.014074856291473406
0.0030027701634632027,0.0004376807568417244,0.005596413307594965,0.013084536117622739
0.0036205031156655615,0.0012822216467824029,0.005045861784986971,0.013097039634589889
0.0035420733727715946,0.001275956909054304,0.005038530864342791,0.012246027442328843
0.002996960213827136,0.00040194955126574743,0.005464753851950454,0.014074313592211373
0.002998109631430272,0.00043437788794261733,0.005585629664825945,0.013078763247303898
0.0036139045967910504,0.0012784758083813211,0.0050274233758569285,0.013104675214642498
0.003535325974113709,0.0012720139918986158,0.005019980208746755,0.012253943079696029
0.00299434388563825,0.00039911365253169674,0.005456838634781017,0.01407401191723159
0.0029936390989140256,0.00043115524052907454,0.005574571663511033,0.013073360170955211
0.0036072565204310347,0.0012748625512256455,0.005009055504981571,0.013111893821209298
0.003528303822011114,0.0012682008948132577,0.005001702590117004,0.012261667290261841
0.0029915665077182257,0.0003964121590683358,0.005449216752630985,0.014073559841201283
0.0029891168048287436,0.0004280604578545474,0.005563672096636091,0.013067638779754791
0.003600740365112284,0.0012713574667665983,0.004990646320192274,0.013119413123228679
0.0035215612499527285,0.0012644882430434938,0.004983270946378786,0.01226962602316763
0.002988964815581202,0.0003937857703326098,0.005441464791444076,0.014072847371730646
0.0029846688690114698,0.00042504010088042273,0.005552837548822113,0.013061830782266179
0.003594244577194682,0.0012678933451164328,0.00497251374819459,0.01312663410268732
0.003514804547151276,0.0012608379327249512,0.0049651011536378485,0.012277217897402713
0.0029863965968379325,0.0003912441990957435,0.005433698704029209,0.014072371782928746
0.0029803159305629274,0.00042210831264415013,0.0055419179072950814,0.013056206785178376
0.00358787501625427,0.0012645053134136218,0.004954444829952323,0.01313368089450404
0.0035081679049652754,0.0012572458824939563,0.004947054207761935,0.012284793802351913
0.002983889071577223,0.00038878242276522247,0.005426023460827359,0.014071621727842043
0.002976033953911984,0.00041926617540283273,0.005531053028234445,0.013050293287364225
0.0035815902786817586,0.0012612110459199971,0.004936403146936234,0.013140834231103762
0.0035015807000405488,0.0012537697036509262,0.004928996924177639,0.012292390196003162
0.0029814211020648337,0.00038642297266795316,0.005418315474079689,0.014070825232409743
0.0029717504988106447,0.00041652433481920257,0.005520264265558492,0.013044421262164357
0.0035753015571808808,0.0012579803756955783,0.004918574027858503,0.013147743052742685
0.0034950760783386877,0.0012503486335682513,0.004911130743159433,0.01229976430804111
0.002978790544543535,0.0003840941248527221,0.005410102804172535,0.014068791044674794
0.0029676057965095895,0.0004138560056834237,0.005509316192373699,0.013038868875345017
0.003569104974449427,0.0012548402764752371,0.00490080558891309,0.013154045107548676
0.00348858795253182,0.0012470040067962096,0.004893454040704941,0.012306647067492349
0.0029751417669905754,0.0003817147169911095,0.005400215318129512,0.014062172845216173
0.002963443299423972,0.000411293956630986,0.005498206763297361,0.013034545861249672
0.003562677757715533,0.0012518544881172607,0.0048831298624383455,0.013158514980445868
0.0034820026410912236,0.0012437503591257388,0.004876047692597385,0.01231203953223967
0.0029715412510743556,0.0003793646936979952,0.0053904597687216005,0.014056322176709695
0.002959458251302253,0.00040872408655817384,0.005487298763461828,0.01303000120321825
0.0035568403245128145,0.0012487757769145983,0.004865598473680172,0.013163607286394869
0.0034759376113234516,0.001240475014974127,0.004858533613134723,0.012318306446812609
0.002968166706652784,0.00037711168495446605,0.005380517709658112,0.01404942722202151
0.0029555388941013617,0.0004063274573511441,0.005476190982272099,0.01302494368770874
0.0035504914759391867,0.0012459589630392834,0.004847909689708566,0.013168934973443597
0.003469267426184041,0.001237436223731288,0.004841085601566528,0.012324448666673107
0.0029646373098560722,0.0003749917612787541,0.0053708097432484175,0.014042932533951294
0.002951607756561,0.00040397603483230865,0.005465321891407818,0.013020203824591481
0.0035446537147098747,0.001243048887745625,0.004830515333450748,0.013173690431177392
0.0034633944367645,0.0012342864086046415,0.0048237670203577715,0.012330164660369462
0.002961467009068341,0.00037284090671779366,0.005360874453219342,0.014036415943304006
0.0029479118086108134,0.00040165716809368007,0.005454309435320472,0.013015380174239768
0.0035387363932779595,0.001240248501206556,0.004813214661775476,0.013178470540384929
0.003457077820079363,0.001231314441561679,0.004806625110902376,0.01233598807401588
0.002958091103897599,0.0003708721168184055,0.005351145511566997,0.014029741918228833
0.002944087917480806,0.00039950699226336457,0.005443368282876438,0.01301039828913569
0.0035327736369222405,0.0012375936463632359,0.00479588315120659,0.01318339394955435
0.0034509905946452633,0.0012284201079367622,0.0047894595708551325,0.012341870220550688
0.0029548764832377766,0.00036893045334112317,0.005341384824894031,0.014022876558772508
0.0029404082686606495,0.00039736693438520074,0.0054325158152998595,0.013005351381339781
0.0035270818192082946,0.0012349257057024075,0.004778819165724088,0.013187922767466952
0.003445039504558009,0.0012255689389806218,0.004772496990764246,0.012347328658463433
0.002951689447505504,0.00036707382155405947,0.005331602688048103,0.014016318148450632
0.0029367104547129486,0.0003953385409851892,0.005421651487817583,0.013000487224757626
0.003521235060036158,0.0012323795230171563,0.004761872498860032,0.013192369554381555
0.003438986627664961,0.0012228172504217148,0.0047556842625664855,0.012352875579290285
0.002948532527551065,0.00036530143157817717,0.005321891337713602,0.014009384643837094
0.002933136089127475,0.0003933795584550836,0.005410750673467462,0.012995278427585768
0.0035156233869864163,0.0012299043858762307,0.004744897813455402,0.013196938531839517
0.0034331024366732747,0.0012201401690275359,0.004738874818294203,0.012358400334571916
0.0029454089022303014,0.00036360343683505136,0.005312229164911015,0.01400247951238504
0.002929517455076395,0.00039150157561468465,0.00540002120367973,0.012990195767361129
0.003509941475040621,0.0012274838879747121,0.004728168776939406,0.013201145382483537
0.0034272566748260336,0.0012175288179231104,0.004722215702445234,0.012363630857498554
0.0029424060082646995,0.0003619651637302746,0.005302475158940658,0.013995647773548017
0.0029260553734831046,0.00038968021326805577,0.0053891784441003066,0.012985045623284319
0.00350442353147451,0.001225114960558211,0.004711507947430626,0.01320539083709677
0.0034214700716227228,0.0012149667065933175,0.004705705001973586,0.012368943623913055
0.0029394030456109457,0.0003604080997180098,0.005292846658720347,0.013988565171764816
0.0029226061946426014,0.0003879502686546595,0.005378392093297017,0.012979767807377099
0.003498899434373186,0.0012228521661250746,0.004694867481895343,0.013209559712133565
0.0034157149596516848,0.0012125130590147758,0.004689193536895635,0.012374129452398418
0.0029364589533971176,0.0003589242747899653,0.005283202666490079,0.013981525151939345
0.0029191898153001893,0.00038628196627649755,0.005367701396561876,0.01297448498176249
0.0034934710232375093,0.0012206108631627845,0.004678451535741341,0.01321355087898975
0.0034100991498735114,0.001210089091917763,0.004672855720120548,0.012379169861935194
0.002933613762309459,0.00035749400045271114,0.005273523724208725,0.013974437719149416
0.002915880632648428,0.00038468023932157404,0.005356930181624269,0.01296916529172809
0.003488083568498728,0.0012184579285846665,0.004662086326361772,0.013217468119058134
0.0034044379405966346,0.0012077549875326966,0.0046566357095262694,0.012384164658516793
0.0029307475723464337,0.0003561509574402854,0.005263953045439723,0.013967240282219772
0.0029125716938109545,0.00038316070177313517,0.005346247035156854,0.012963747300114514
0.0034827583287942963,0.0012163760379357179,0.004645810573399487,0.013221314612115478
0.0033989081183487834,0.0012054907352477221,0.004640461311534402,0.012389070558883188
0.002927971923808592,0.0003548631809017031,0.00525434544394195,0.013959997300553442
0.002909324263049741,0.00038169853959836206,0.005335598599569939,0.012958295744584288
0.003477484563974297,0.0012143413172615533,0.004629707106083319,0.013224997614548376
0.003393404539468486,0.0012032856584141926,0.004624449639798613,0.012393827930359706
0.00292523422554612,0.0003536445158202009,0.005244757896441254,0.013952745525612334
0.00290613391222104,0.0003803088219328819,0.005324931023121694,0.012952821364630532
0.003472259718456608,0.001212383894233569,0.004613673532121456,0.013228600740735405
0.0033879423250322903,0.0012011516463887122,0.004608535816624492,0.012398537537024763
0.002922528622496068,0.0003524919558910845,0.005235223817655491,0.013945365948475416
0.0029029834151004523,0.0003789842041291989,0.005314318723483917,0.0129472405035619
0.0034671048834913087,0.0012104877056242093,0.004597739812950076,0.013232120833311229
0.003382557516085464,0.0011990870583897832,0.004592695889779782,0.012403143494336025
0.0029198807032807528,0.000351402011191574,0.005225682621349635,0.013937972512692798
0.002899872250768156,0.00037772465747005243,0.0053037413838758676,0.012941648566215058
0.003461977152605249,0.0012086474444529404,0.004581949432153154,0.013235497163503081
0.0033772116568558963,0.0011970806837560855,0.004576992017439854,0.01240763203030991
0.002917284913458974,0.00035037164035193693,0.005216155555067198,0.013930524706102168
0.0028968317268669983,0.0003765254181171966,0.0052931531518636225,0.012935994929543532
0.0034569264655306005,0.0012068713151956356,0.004566236024481632,0.013238800208291249
0.003371915629091712,0.0011951398208951698,0.00456138407085107,0.012412057362749538
0.002914718323161196,0.0003494058259802052,0.005206674504696975,0.013922992674951229
0.0028938177301807088,0.0003753927841295866,0.005282619304363871,0.012930278711591647
0.003451909335036004,0.001205159076536463,0.004550628663585989,0.013241997131347171
0.0033666762000828256,0.001193267041540439,0.004545859884076669,0.012416375303688712
0.0029122093964044915,0.00034849762911551144,0.005197188271397259,0.013915429683446232
0.002890856193095134,0.0003743177631667468,0.005272107270943708,0.012924523600606492
0.0034469485818584052,0.0012034984701624236,0.00453514811390348,0.013245079956371277
0.0033614869710437718,0.0011914494895079327,0.004530461905116656,0.012420594115961279
0.002909743153814237,0.0003476472513552984,0.005187725703926378,0.01390780924867838
0.0028879457395023177,0.0003733036083316036,0.005261603197322006,0.012918720157642612
0.003442034053548661,0.001201904166228724,0.0045197521405239225,0.013248068873288596
0.003356334017705943,0.00118969965694949,0.00451515683757319,0.012424729793999997
0.0029073100621958177,0.0003468570882277577,0.005178295672599198,0.013900124385132166
0.0028850693880972523,0.00037234949562043066,0.005251143411815972,0.012912856538967852
0.0034371693111955935,0.001200366294934469,0.0045044661718453005,0.013250957903962825
0.003351244197573596,0.00118801007259376,0.004499945768888647,0.012428767327515284
0.002904929078707512,0.00034612082606781593,0.005168869435782897,0.013892396777464575
0.002882240706965272,0.0003714516103500879,0.005240703536538742,0.012906954207369762
0.003432346090137543,0.0011988846114255641,0.004489293529704345,0.013253734267229231
0.003346189061590036,0.0011863800803913248,0.0044848488221271784,0.012432704964155727
0.0029025852373594876,0.00034544095987963766,0.005159468050642262,0.01388461904999289
0.0028794571274272603,0.00037061112319184536,0.005230281319895308,0.012901002976587351
0.0034275733129593877,0.0011974626938963575,0.004474212611760496,0.013256417869912811
0.0033411826606138395,0.0011848111522266653,0.004469845418976475,0.012436559020872635
0.00290028027135047,0.00034481547224410395,0.005150091109687292,0.013876778948626841
0.002876711632088006,0.0003698263766956228,0.00521989428291525,0.012894997381708434
0.0034228437322564244,0.001196096529209113,0.004459237461400398,0.013258998867489918
0.0033362235977161298,0.00118330221932322,0.0044549376216421206,0.012440313849132642
0.0028980193048897007,0.00034424279185891034,0.005140725324187958,0.013868899430727907
0.002874009096802594,0.000369095927100851,0.005209529516518319,0.012888952564673636
0.003418156082847191,0.001194784962407868,0.004444369241044416,0.013261474460057881
0.0033313058060432106,0.0011818501537010744,0.0044401359462841765,0.01244397507339207
0.002895797469107371,0.00034372200885345093,0.0051313812584990875,0.013860965664212983
0.0028713507988496778,0.00036841875982350633,0.005199184482303545,0.01288285762871201
0.0034135154712473365,0.001193530111043789,0.004429594507660841,0.013263855006735303
0.0033264307753320538,0.0011804573971779704,0.00442542789145557,0.012447547776548735
0.00289361197018426,0.00034325320111313446,0.0051220601716145744,0.013852979994971907
0.0028687284560607097,0.00036779491454640335,0.005188871921294989,0.012876715653816179
0.0034089144784380954,0.001192329485625064,0.004414923141529393,0.01326613310560638
0.0033216011132526195,0.0011791219779663208,0.004410815270942889,0.012451024168048002
0.0028914685005063958,0.0003428337073616444,0.005112752229745252,0.013844950180939841
0.0028661484484996144,0.0003672218504812836,0.0051785812250995066,0.012870530576352207
0.0034043559373627247,0.0011911818424098718,0.004400354185150404,0.013268309819626133
0.003316810589852573,0.0011778423706412591,0.004396304126467815,0.012454407990210388
0.00288936101655213,0.0003424637689200311,0.0051034662312926015,0.013836870791720524
0.00286360771889948,0.0003666998573956179,0.0051683135079430296,0.012864300011049015
0.003399838386232401,0.001190089004293781,0.004385879871707863,0.013270388946357573
0.0033120607672973267,0.00117661984568409,0.004381885992352988,0.012457701273930484
0.0028872897457516626,0.00034214227977398656,0.005094200772135286,0.013828742187350371
0.0028611037266330387,0.00036622754581476914,0.0051580749079173874,0.012858023243888458
0.0033953612793507955,0.0011890481235585348,0.004371506363671534,0.013272367831135145
0.0033073534596189547,0.0011754524406983905,0.004367562790270277,0.01246090017683345
0.0028852566714897047,0.0003418677232117067,0.005084951248831621,0.013820569992307177
0.0028586383961899837,0.0003658038585208208,0.00514785947222398,0.01285170501325677
0.0033909222033367517,0.0011880593225196791,0.004357231826001373,0.013274246270232017
0.003302683007525044,0.001174339663841827,0.004353336870250369,0.012464006828995379
0.0028832584377441704,0.0003416397785903278,0.0050757224323965955,0.013812350489485
0.0028562107818916114,0.00036542806297771397,0.00513766783118585,0.012845342069613195
0.0033865235126236183,0.0011871224739579541,0.004343051907035533,0.013276027880281968
0.003298052422429837,0.0011732812994119128,0.004339203312413701,0.012467022920454112
0.0028812949917691733,0.0003414573909952974,0.005066513580597747,0.013804084552334478
0.0028538184482353158,0.00036509934420082477,0.005127503739284485,0.012838935875579572
0.003382161809166446,0.0011862362984053432,0.004328969788439574,0.013277709843096331
0.003293460334746616,0.0011722765167134822,0.004325162813888038,0.012469945511250326
0.0028793671463157706,0.0003413194396149567,0.0050573218504436175,0.013795776028611628
0.0028514627772796303,0.00036481653780144483,0.0051173634411565295,0.01283248834040152
0.003377837500290198,0.0011854001538072353,0.004314984173978393,0.013279293608556179
0.003288904917607812,0.0011713242726293924,0.004311216671706874,0.012472777041074072
0.0028774727858273375,0.0003412252827045695,0.005048150267085643,0.013787422121915282
0.002849142687816351,0.0003645789925315774,0.00510724743519776,0.012825998224349117
0.003373320753559596,0.0011845335106845864,0.004300799357681255,0.013279876741350042
0.003284427328903937,0.0011704014581662369,0.004297393842716977,0.012475725671630565
0.002875617879208831,0.00034116535848939555,0.005039034045424557,0.013778617160133896
0.0028468985760713036,0.00036438433266127563,0.0050971030212797535,0.01281913373165873
0.0033678840158823282,0.0011834160914550194,0.004285316392407401,0.013276759919063024
0.003280084287783704,0.0011694891824402189,0.004283681952870068,0.01247956928890263
0.002873758004913651,0.0003411404908101221,0.005030127468811104,0.013768135394235922
0.0028447576630404405,0.00036424725123143035,0.005086895963803104,0.012810974700548766
0.0033625363401235003,0.001182512869841299,0.004269454218204734,0.013274434316819064
0.0032755591485330586,0.0011688380825502316,0.00426961515717086,0.01248351926106214
0.002871746595057354,0.00034124865493192,0.0050213025098882385,0.013758182624997992
0.0028422795698697296,0.0003642090319791085,0.005077242948840717,0.012803507487671385
0.003357079555204342,0.001181531564114907,0.0042543382377723486,0.01327107302644658
0.0032714893732167364,0.0011680773899044677,0.004255948927069155,0.012486519075409559
0.0028700973720012964,0.00034125209524681917,0.005012099666724554,0.013748632589343914
0.0028402046776743735,0.00036409763664957466,0.0050671398155491066,0.012796052311132306
0.00335184571768061,0.0011805853575169243,0.0042392568377552335,0.013267862749081533
0.003267035685170567,0.0011674012385974467,0.004242570313887532,0.012489922037764861
0.0028681585965672682,0.0003414239749120157,0.005003292015647015,0.013738498149259398
0.002837969750734593,0.00036415512786129714,0.005057076674153082,0.012788252929986001
0.0033465089996515957,0.0011798731267592907,0.004223921264438895,0.013265040390281618
0.0032627276940325536,0.0011668738122730818,0.004228892607574945,0.012493313281386656
0.0028663242618675593,0.0003416001217518297,0.004994444662563538,0.013728426457876383
0.0028357328816225763,0.00036418464648503427,0.0050473733674365326,0.012780529196101412
0.003341416421768812,0.0011790170879947502,0.004209106754031202,0.013261615320882986
0.003258725649654853,0.0011662793466074488,0.004215486409900905,0.01249615565090934
0.00286466796720963,0.0003417792606054737,0.0049853619573301654,0.013718719616141878
0.002833629758468726,0.0003642693752650732,0.005037384776223987,0.012773001486693133
0.0033361348573754967,0.0011782951666513368,0.004194333572619722,0.013258341822771141
0.0032543581315650698,0.001165783015083183,0.004202269304847344,0.012499215511540814
0.0028629055932030724,0.00034204735592516505,0.004976501845352591,0.013708562979528466
0.002831587956166791,0.00036440091180911136,0.005027371862136158,0.012765112382993738
0.003331164573686197,0.0011776381843146676,0.004179433006089935,0.013255234967490679
0.0032502913249721037,0.0011653343140302832,0.004188934697575535,0.012502219744139176
0.0028611817086365648,0.0003423385944885044,0.004967683917800704,0.013698486007046312
0.002829444139709906,0.0003645768504353337,0.0050176608677338745,0.012757383430353727
0.0033260824931304685,0.0011769894428488204,0.004164901458122983,0.013251758741892236
0.0032462432525902584,0.0011649286780424013,0.004175735469063301,0.012504819893428998
0.0028595938391205236,0.0003426480830032022,0.0049586576997469,0.013688635883697977
0.0028274450516409043,0.0003647725937889957,0.005007751581352718,0.012749670062076307
0.003321076171450658,0.0011763780105447548,0.004150473938463904,0.013248362469215022
0.003242124965296049,0.0011645425727805168,0.0041627700917677415,0.012507575120283035
0.002857940797318135,0.0003430132922998486,0.004949815310968084,0.013678449341165641
0.002825469548052647,0.0003650221979902621,0.004997821275729496,0.012741793263807527
0.0033161605287658786,0.0011758800298565333,0.004135981455455862,0.013245022793764378
0.003238056853818736,0.0011642556129830006,0.004149726019465351,0.012510168892089574
0.0028562852236583658,0.00034342180631823186,0.004941018596448077,0.013668399231496538
0.0028234197115187087,0.00036530884412205096,0.004988138765658143,0.01273399663834407
0.003311271971753313,0.001175363378915291,0.004121801121313861,0.013241430705891954
0.0032341516485751565,0.0011639705882570137,0.00413682168631171,0.012512531332684509
0.0028547618603997106,0.00034383184433552517,0.0049320664318617605,0.013658401261324957
0.0028214888186349624,0.0003656167304436688,0.004978300574394629,0.012726186775580883
0.0033063751806936322,0.0011749133426560254,0.004107707510973076,0.013237895187262922
0.0032300772483551143,0.0011637454045917675,0.004124088477724778,0.012514928042637357
0.0028531697106233974,0.00034430798069590553,0.0049232624646121746,0.013648257857962236
0.002819567703870708,0.0003659743452308803,0.004968475392742077,0.0127182967945215
0.0033016039185736258,0.0011745308711459152,0.004093619190678065,0.013234365302613255
0.003226152773175962,0.001163567397882046,0.0041113400641981344,0.012517201663911117
0.0028516178402653303,0.0003448023478436657,0.004914481703399997,0.013638146337812847
0.002817628241394015,0.0003663573437472298,0.004958809664839662,0.012710427557287527
0.0032968428864656326,0.0011741570572921748,0.004079760324163568,0.01323067392093286
0.003222270260580993,0.0011634233194405131,0.004098695396633637,0.012519286403913065
0.002850139516957361,0.0003453226766016592,0.004905610607963658,0.013628106909262434
0.002815756791480097,0.0003667739461911711,0.004949059081823083,0.012702562299443249
0.00329208795011811,0.001173836605418669,0.004065998570615249,0.013227015051054775
0.003218332393120947,0.0011633168140250984,0.00408619510357971,0.01252137948332637
0.0028486462103066595,0.0003458821012062778,0.0048968330492239285,0.013617931963311371
0.0028139229390775206,0.0003672213436002467,0.004939312346905127,0.01269462221601798
0.0032874457915404325,0.0011735710762595104,0.004052273008127386,0.013223337747217609
0.003214473154302728,0.0011632604943278642,0.004073713275636099,0.012523340833856427
0.0028471678553594094,0.00034647221697839555,0.004888090376450148,0.013607812365301003
0.002812063282260857,0.0003677045278253206,0.0049296924563020945,0.012686714655181846
0.0032828025823044625,0.0011733291534340613,0.004038736084692709,0.013219545832056322
0.003210665571966755,0.0011632372459430165,0.004061322637458255,0.012525157967216913
0.0028457574113401178,0.0003470806525665402,0.00487928338137408,0.013597709051904393
0.0028102693174407167,0.00036821116279237156,0.004920018378702654,0.012678780424513966
0.003278193009605421,0.0011731305735870647,0.0040253000920527525,0.01321576266709285
0.003206819743602724,0.001163252316214816,0.004049059930812541,0.012526945018522728
0.0028443328639668774,0.00034772851000368734,0.004870552281773823,0.013587534073714418
0.0028084947490733697,0.00036875305518539107,0.004910359364499605,0.012670815311034908
0.0032736528706251715,0.0011729868013909185,0.00401192363179888,0.013211949030674408
0.003203034088900748,0.0011633137149368602,0.004036834836006654,0.012528608767341862
0.0028429295212105874,0.0003484015031942024,0.0048618480147418364,0.013577385894123703
0.0028067179946044823,0.0003693224302803234,0.004900791747547985,0.012662853300512991
0.003269142175174091,0.0011728658390025887,0.003998706322649337,0.013208049030550473
0.0031992950766068,0.0011634074275908082,0.004024697254060949,0.012530150909229005
0.0028415737064998634,0.0003490967057686782,0.004853110368567531,0.013567248645919506
0.0028049841551860744,0.0003699199767878459,0.004891199149816473,0.012654877348180354
0.0032646482052686335,0.0011727910954961074,0.003985588107914117,0.01320414547606899
0.0031955302622939234,0.0011635411243208574,0.004012666113422459,0.012531640270275817
0.0028402181993212408,0.0003498248826955539,0.004844425759979878,0.013557062687508416
0.0028032761631618165,0.000370545872774565,0.004881623046136952,0.012646872060274992
0.0032602284359190517,0.0011727592258412296,0.003972544519237299,0.013200206945283594
0.0031918223238117573,0.001163713061557738,0.004000689502614249,0.012533018369646268
0.002838882034392321,0.00035057760347857953,0.004835768714881224,0.01354689256216278
0.002801570585221376,0.0003712003592521091,0.004872116227303798,0.012638869377556924
0.003255829084930864,0.0011727587104393392,0.003959635181580991,0.013196203169907942
0.0031881438444732874,0.0011639214635532468,0.003988790270619496,0.012534285217189797
0.0028375835166397196,0.0003513531481953348,0.004827094876146956,0.013536728548351853
0.0027999008846011177,0.00037188045532849984,0.004862603612083322,0.012630848916023563
0.0032514611074706008,0.0011727969403845337,0.003946826550628628,0.013192185274448768
0.0031844648598202585,0.0011641645995457408,0.003976988592786893,0.012535488943222076
0.0028362926963787674,0.00035215708400629023,0.004818461824132935,0.01352652960028378
0.00279825460213125,0.0003725876588680211,0.004853108613704405,0.012622808720074175
0.0032471478197764526,0.001172877619220484,0.003934098677789377,0.013188132085986199
0.0031808219466090697,0.001164446591000857,0.003965247191187519,0.012536585586741311
0.0028350182714134767,0.0003529857013922856,0.004809855467159011,0.013516343112034698
0.002796615582880843,0.00037332151117219455,0.004843669499299117,0.01261476575019981
0.0032428653020335828,0.0011729890484265338,0.003921491783772502,0.0131840247287958
0.003177213174443807,0.0011647620770532147,0.003953581658514211,0.012537581073473738
0.0028337750661283218,0.00035383570788602447,0.004801244813995756,0.013506155744307777
0.0027950054130029176,0.00037408004988318905,0.004834236339689166,0.012606706856795264
0.003238610908888539,0.001173138747865406,0.003908983485715753,0.013179896884816997
0.0031736054292129073,0.0011651132744766716,0.003942003799647619,0.012538502590239083
0.0028325414934086586,0.00035471238550218055,0.0047926672590316265,0.013495948521694815
0.0027934162039090667,0.00037486410193517095,0.004824823643764912,0.012598633070163259
0.0032344066547606107,0.001173326694069205,0.003896561291405456,0.013175733748577284
0.0031700323934599453,0.0011654993598865238,0.003930491923525382,0.012539324493286888
0.002831324420206688,0.0003556116128728941,0.004784115239509635,0.013485745784093891
0.0027918380496594606,0.0003756729101055454,0.004815456227638397,0.012590553271298155
0.0032302336818544283,0.001173546848771277,0.003884248605363308,0.01317152486259388
0.003166485807136675,0.0011659194196959595,0.003919052246195811,0.01254004923005449
0.002830131846941857,0.00035653254534504203,0.004775568168438553,0.01347554388867273
0.00279028291872778,0.0003765057368891364,0.004806103880855809,0.012582460382987912
0.0032260908005182737,0.0011738026013407444,0.0038720330196778717,0.01316729163157889
0.0031629497950076677,0.0011663726693314203,0.003907694117042251,0.012540696161718748
0.002828952092497949,0.00035747703345264856,0.004767048640351931,0.01346532717367278
0.002788748189587969,0.00037736200932570537,0.004796772952243025,0.012574354219297115
0.003221992387735885,0.001174094322295014,0.003859904843378513,0.01316302468515972
0.0031594409116577162,0.001166859543853925,0.0038964034759074104,0.012541247626901045
0.0028277869098266364,0.00035844357086409944,0.004758554455912691,0.013455114278500472
0.002787225330879951,0.0003782420143078919,0.004787481368954096,0.01256624203302866
0.0032179262801070286,0.0011744180200664413,0.003847878502556086,0.013158717744799653
0.0031559579779297134,0.0011673787179336853,0.0038851829104958194,0.01254170640234763
0.0028266429323815425,0.00035943046958583093,0.00475007094177361,0.01344490047451812
0.0027857226752233937,0.00037914443828726785,0.004778209980338436,0.01255811749951451
0.0032138913458061974,0.0011747753614345159,0.003835946739678686,0.013154384417525755
0.0031524881665526976,0.0011679299293476345,0.0038740388059161465,0.012542084402859713
0.002825511847297832,0.00036043941992547704,0.004741612461907582,0.013434678273156078
0.0027842380429935706,0.00038006926412684314,0.00476896185724326,0.012549982635894427
0.0032098961410659994,0.0011751667760617403,0.003824102668752497,0.013150018895876395
0.0031490426781021277,0.001168512936378342,0.003862962578388379,0.01254237100026152
0.0028243946788448714,0.00036146893387781464,0.0047331786263982815,0.013424457779321327
0.002782766372651964,0.00038101609555135917,0.004759748819870645,0.012541840724901939
0.0032059343398007424,0.0011755893591665835,0.0038123546261372696,0.013145617375048827
0.0031456208971664935,0.0011691269972063994,0.00385195470656406,0.01254256785836719
0.002823295164179569,0.0003625181059734065,0.004724760033047757,0.013414237406585889
0.002781311738522153,0.0003819844220450445,0.004750559698852786,0.012533688797591692
0.003202003235202995,0.0011760441650710714,0.0038006984177201024,0.013141188640061922
0.0031422145177117983,0.001169771717707454,0.0038410191792315777,0.0125426829110992
0.0028222086431538406,0.00036358756052854227,0.004716364900576085,0.013404011973215451
0.0027798737557963964,0.00038297363807327195,0.004741395214487009,0.01252552763212896
0.0031981095366271028,0.001176531007763674,0.003789129150557457,0.013136729224339273
0.0031388302231183805,0.0011704465978938335,0.0038301510212214204,0.012542709812286685
0.0028211348763394557,0.00036467649672510005,0.00470799425511445,0.013393788153828256
0.0027784484943993003,0.0003839836936954528,0.004732263319135711,0.012517360046021197
0.003194248544562643,0.0011770482961186955,0.0037776511508842373,0.013132237025883347
0.003135467875989988,0.0011711512410637474,0.003819349335756059,0.012542649640050982
0.0028200763920433465,0.00036578406366587197,0.004699641826799738,0.013383565007782991
0.0027770384064206128,0.0003850139392879644,0.004723157609587779,0.012509183668876326
0.003190418831106236,0.0011775960998619054,0.0037662621459022176,0.013127717587010604
0.003132122478533498,0.0011718850302207665,0.0038086167474279944,0.012542507772426293
0.0028190302891719465,0.00036691053310448533,0.004691312416754504,0.013373339611351768
0.002775643255404419,0.0003860639616296151,0.004714077823257603,0.012500999626127796
0.0031866238743051994,0.001178174439569226,0.003754958449366262,0.013123169095430303
0.003128797306853578,0.0011726476040015644,0.0037979501172281916,0.012542280488900544
0.002817995993236791,0.00036805533374298594,0.004683007315172815,0.013363116066225703
0.002774260516514485,0.0003871335061221834,0.004705029157343128,0.012492809526821417
0.0031828615930051154,0.0011787820048552186,0.003743742213301627,0.013118590307063369
0.003125493092495796,0.0011734384506763432,0.003787348356460333,0.012541968658664129
0.00281697495551057,0.00036921777552394294,0.004674722676082063,0.013352893994910561
0.0027728912252093876,0.00038822214666324386,0.004696008141794672,0.012484612155752372
0.0031791301632458475,0.0011794187834299297,0.003732611956360704,0.013113984829981704
0.0031222061920770858,0.0011742571658311578,0.003776812754284347,0.01254157578878826
0.002815965415530922,0.00037039789452707536,0.004666461094214055,0.013342671877815487
0.0027715353822645524,0.0003893294038901594,0.0046870142119760745,0.012476408262523612
0.00317543207079937,0.001180084497178714,0.0037215651007819718,0.013109351755646117
0.0031189386770879256,0.0011751031873446873,0.0037663415566022845,0.012541100031478607
0.0028149666968750636,0.0003715952273907163,0.004658223875021421,0.013332452128662037
0.002770191244122304,0.00039045503489658443,0.004678050619839575,0.01246819907171801
0.0031717658895429914,0.001180778342928443,0.003710602305829942,0.013104690497678598
0.003115690852870267,0.0011759761855240564,0.003755933467094759,0.012540541964394965
0.0028139795098553397,0.0003728092569970178,0.004650008738712135,0.013322234861033306
0.0027688591425601063,0.00039159865628677053,0.004669115683794587,0.012459983880194397
0.0031681304518770322,0.001181500007563173,0.0036997226070280744,0.013100003379338926
0.0031124607564605965,0.0011768756476936092,0.0037455890854951697,0.012539904093705843
0.00281300282457851,0.00037403981989374616,0.004641817042329081,0.013312019194281691
0.0027675390836102644,0.0003927598310126633,0.004660208784909165,0.01245176330409354
0.003164526991717485,0.0011822492339702347,0.0036889240341354884,0.013095290119867695
0.003109249133785181,0.0011778011159973211,0.0037353072386876853,0.012539185569111369
0.0028120359351130777,0.00037528657996292584,0.004633649894438857,0.013301806761418854
0.002766229877360095,0.00039393828778672314,0.0046513319460409,0.012443538248309703
0.003160954875081954,0.0011830253511446666,0.0036782065115490083,0.013090550500548036
0.003106056480936007,0.001178752174546066,0.0037250867907458636,0.012538386977353228
0.002811079142760013,0.00037654907102710857,0.004625506046132561,0.013291597711749903
0.002764931482302059,0.0003951336819457691,0.004642484428246382,0.012435308377655184
0.003157413116635536,0.0011838280179097673,0.003667569204800397,0.013085786090958739
0.003102881437674948,0.0011797284053062915,0.0037149277642823412,0.012537510057065025
0.002810131752158258,0.0003778270883042114,0.004617386189668909,0.013281391767117562
0.0027636438157020928,0.00039634562279108854,0.004633665777201139,0.012427074211036074
0.0031539023946162096,0.0011846568895062836,0.00365701063794844,0.01308099693602791
0.0030994662048190423,0.0011806309589751994,0.003704520789341466,0.012535510435863812
0.0028091881637749283,0.0003791096745891317,0.004609321654120823,0.013270911852439471
0.0027623889308712557,0.00039755964775877275,0.0046248671194720386,0.01241846412226014
0.0031504923929752556,0.0011855241939995602,0.0036464140520398947,0.013076509648174719
0.0030957066363910234,0.0011814672187874255,0.003693641788472731,0.01253229986603345
0.0028082073957362823,0.00038042639557719416,0.004601321013710197,0.013259978007125459
0.0027610909643265742,0.0003988095905819229,0.004616159101448618,0.012409428246182488
0.0031470968047096638,0.0011864466977427475,0.0036358104493626393,0.01307227850537179
0.003091989828096863,0.0011823762668850928,0.0036827139540988405,0.012529165313768183
0.002807237370953631,0.00038176629005689676,0.004593289828921881,0.013249169874435005
0.002759745974548066,0.0004000837266316424,0.004607568705354812,0.012400615006042715
0.0031436815874784536,0.0011873577278810384,0.003625464447617773,0.013067687698390423
0.003088348727932112,0.0011832665598732759,0.003671994904667694,0.012525654319828019
0.0028063216197106093,0.0003830860259644437,0.004585230423303877,0.01323857894763067
0.0027584780063154746,0.0004013432021474974,0.004598905245562716,0.012391868477002578
0.0031403366289060055,0.0011882923819887012,0.0036151807895586857,0.013063115813673495
0.003084652275331837,0.0011841960071143926,0.0036614004135433107,0.01252231064252467
0.0028053470493592764,0.0003844549592505356,0.004577259545398854,0.013227793226569608
0.0027571918910563966,0.00040265033671023115,0.0045902309251834,0.012383000033005333
0.003136998582171224,0.0011893044136953403,0.0036048571332403926,0.013058652689062655
0.003080993286654808,0.0011851776006313887,0.0036507824178366195,0.012518933704104396
0.002804377630502975,0.00038583493590548987,0.0045693345116239875,0.013217053656870112
0.002755888317914169,0.00040396034825204355,0.004581702373871182,0.012374189031244997
0.0031337475631965594,0.0011902876367344934,0.0035947126239188935,0.013053988426540533
0.0030774608899782614,0.001186152135378506,0.0036402626829391905,0.012515356710463953
0.00280346479345066,0.00038721431953145266,0.004561353556618877,0.013206449926050717
0.0027546129985556115,0.000405289715035151,0.004573143712576598,0.01236543370776599
0.003130438179311815,0.001191309232050154,0.0035846444483658355,0.013049358544624376
0.0030738473771345265,0.0011871629361421322,0.00362984627579218,0.012511860073412168
0.002802543448569081,0.0003886197862717702,0.004553408416203752,0.013195734871635395
0.002753380218886646,0.0004066301285499693,0.00456454110288371,0.012356600463154148
0.0031272392374693254,0.0011923608741463666,0.0035745784496452365,0.013044761151039239
0.0030702994944146254,0.0011881941193567999,0.0036194812916849157,0.012508334682916756
0.0028016042512010886,0.00039004333256319824,0.004545547896626383,0.013185061584442544
0.0027521145483912143,0.0004079920859986342,0.004556055631493151,0.0123478346365959
0.003124055453993618,0.0011934276188741485,0.0035646233866356678,0.01304004281453813
0.003066816360938467,0.0011892476848758512,0.0036091556972095732,0.01250465200571213
0.0028007059583057465,0.0003914690565511635,0.004537646776948276,0.013174467524633263
0.0027508649765732632,0.00040936327504215587,0.004547586470268619,0.012339067043649314
0.00312087425147497,0.0011945061972907013,0.0035547724154731874,0.013035335241498875
0.0030633262919357892,0.0011903217708423655,0.0035989452570880966,0.012501031977741908
0.002799806192099705,0.0003929127360546803,0.004529765063326198,0.013163821962677721
0.0027496402107604506,0.00041075076197771344,0.004539081431544183,0.012330292134043241
0.0031177284563336256,0.0011956262661493432,0.003544948770473329,0.013030623688509557
0.0030596058417514324,0.001191333799555621,0.0035885284240578285,0.012496398891516027
0.002798882031593369,0.00039436282709961806,0.0045219840432650475,0.013152972242418964
0.0027484220885566884,0.0004121352671973155,0.0045306477100005,0.012321222965012008
0.0031147113336219387,0.001196764858054442,0.003535115553273684,0.013026119128714084
0.003055724973292487,0.0011923087392686194,0.0035777940721076107,0.012490984098799014
0.0027979387434354276,0.0003958396992707101,0.0045142210400673155,0.01314184480810394
0.002747148225746407,0.0004135594237405023,0.004522300707950505,0.012311903142415707
0.0031116363676312792,0.0011979518145386636,0.0035253269697809973,0.013021765081293338
0.0030518582578739316,0.0011933441000578102,0.003567080461883326,0.012485638773226716
0.0027970164089493924,0.00039732772861977866,0.004506420851379941,0.013130843349435864
0.0027458731607928563,0.0004149882306404031,0.004514003824750699,0.012302758279144291
0.0031086045990390207,0.0011991207955629858,0.0035157335837027945,0.01301714167731364
0.0030480718372680794,0.0011943613728700308,0.0035565773953891607,0.012480091283792561
0.002796112344808434,0.00039880805308433235,0.004498644798839492,0.013119999036602154
0.0027446378437728236,0.0004164168274143097,0.0045056703389104585,0.01229368594340415
0.003105604976762809,0.0012003248109209341,0.0035061769015925313,0.013012532939801397
0.0030442505109994603,0.001195421029887019,0.0035461532929011892,0.012474662506034191
0.0027951716543664334,0.000400323488006255,0.0044909293120441365,0.013109036372279925
0.0027433890293284296,0.00041787548777411304,0.004497355932779898,0.012284524537213464
0.0031026385195901374,0.0012015694162986826,0.0034966287965653257,0.013007986074166334
0.003040502415252467,0.0011965140405947078,0.003535759371288966,0.012469265846764268
0.0027942415386835143,0.0004018457102238049,0.004483241197822284,0.013098133102258516
0.002742130254726223,0.000419341026117562,0.004489135504240975,0.012275442346477329
0.0030997094059757933,0.0012028047650543602,0.003487217787816157,0.013003287296930321
0.0030368306261848305,0.0011976130853383728,0.003525472544803461,0.012463764998888084
0.0027933464892695888,0.0004033697586129371,0.004475530273542078,0.013087349507165927
0.002740896907563959,0.0004208168892121107,0.004480901023624409,0.012266412103370277
0.0030967761912229657,0.0012040612826177107,0.003477874486042685,0.01299859998417027
0.0030331423103283853,0.0011987347335143449,0.003515287236325082,0.012458349179208858
0.002792443982906992,0.0004049118969352177,0.0044678565191851646,0.013076497961803438
0.0027396862439558103,0.00042230451399664286,0.004472649630689007,0.012257343864459458
0.0030939043960556667,0.0012053473371628483,0.0034685462446103236,0.012993932337408873
0.0030294987949872052,0.0011998827838357496,0.003505160215443049,0.012452946406862599
0.0027915295826314596,0.00040646901740331806,0.004460243870144393,0.01306570211383024
0.0027384549678599024,0.00042380652592773614,0.004464487605943351,0.012248339691530651
0.003091062480085256,0.0012066393464597962,0.0034593175599544395,0.012989165060363943
0.0030259361287007513,0.0012010462313502425,0.0034951073427757114,0.012447486269590547
0.00279064282752479,0.00040802621031136785,0.004452615542964411,0.013054983355008218
0.002737233633909448,0.0004253164831823458,0.004456344199373101,0.012239363088162359
0.0030882172156398006,0.0012079457382180975,0.0034501742958639257,0.01298439093427028
0.0030223682942056977,0.001202231305626175,0.0034851557869220685,0.012442078178810895
0.002789753121425776,0.0004095975979502802,0.004445008994154089,0.013044249379441172
0.0027360298590249094,0.00042683723157047656,0.00444818542782436,0.012230388845633657
0.003085412331215336,0.0012092791875384212,0.0034410661201493406,0.012979613405981593
0.003018829167977326,0.0012034383545646158,0.0034752834046740625,0.01243667842834532
0.0027888496650975898,0.00041118086660524696,0.004437464750557927,0.013033556085553441
0.0027348164361452377,0.00042836744161003166,0.004440092066950866,0.012221460000190965
0.003082650351208962,0.0012106222610112475,0.0034320347766369132,0.012974766011557785
0.0030153589755957683,0.001204662871259137,0.0034654777894002338,0.012431247206161792
0.002787960150941168,0.0004127686278075627,0.004429926963318918,0.01302292362096114
0.00266853649933702,0.0005696821991375747,0.004611949059505014,0.013716188827541831
0.0022773857470971097,0.0013548190070187508,0.0036835106756272946,0.010808155213928913
0.0026967820364731804,0.001184926693014017,0.003632345785144141,0.010333495895847828
0.0031210859740767156,0.00031599481611842116,0.004336372280054608,0.014263768178099514
0.003382578467839013,0.00023232275447675497,0.004355174495574793,0.012068274791717017
0.004182445152509922,0.0008990367530109241,0.003573095420590416,0.013473304100956518
0.0035060782099129175,0.0009539587604813966,0.0035221185156885434,0.013718661238821223
0.0028020067678135633,0.0005430523885761909,0.004543407687453992,0.010957710866801525
0.002879727192271118,0.0007177620325600823,0.003925746519048197,0.01082759011113484
0.0026252209381915,0.001717104842601461,0.0025717258797805643,0.014769936589543198
0.002421175253551857,0.001644023124809245,0.0026420332888839834,0.01274504413358754
0.0028101898908584194,0.0006442895136313637,0.004445332195692221,0.013334554013928367
0.002561874406596451,0.0005349035953161539,0.00524379340353206,0.012739364936665758
0.0037742219920594996,0.0007895237752860927,0.0046533094032234126,0.011564262875238027
0.00451793223151672,0.0008642754284986922,0.00408829862380465,0.011142503934228349
0.0033257024223541415,0.0002638172194762417,0.0038033247105551792,0.013869748250002067
0.002941466076717643,0.0004777330614008504,0.003960505007342513,0.012585774188374279
0.002341796970185678,0.0014376375543032685,0.003634315926444828,0.013249223127727533
0.001975868632708557,0.0014772332736021107,0.0038239707028501144,0.013008104732839396
0.002579710810747092,0.0006835155942427985,0.00451584362449704,0.012104860756108674
0.0029621262364956727,0.0004971377018363512,0.0038259950238267665,0.011477091338363854
0.0038303844740652875,0.0012989748254016347,0.0031426571502890382,0.013430504907131855
0.0035503439565111213,0.001139751706418042,0.0035509371137812246,0.01247741838952811
0.0026047443895835,0.0004851570897876733,0.004910827063598037,0.012833737908107334
0.002458181509613098,0.0005640653197284589,0.005072637028358457,0.012461503290205496
0.0029634932858893753,0.001218761613105048,0.003816028572029599,0.01209220748796326
0.0031742572544294144,0.0012720693524965476,0.003265594609388475,0.011308523358214782
0.0029898943829634577,0.0004224847812493432,0.003964131324723136,0.013602859080794444
0.002724874661424228,0.0004765506455831018,0.004425843850096988,0.012198696802220525
0.002916026303641329,0.0011124231532183,0.003907596190329044,0.012984123477224885
0.0029111221266611294,0.001105830066949234,0.003857656993634375,0.012683407844175584
0.00285709385283539,0.00044239506555185783,0.004247581897940151,0.01230647884777744
0.0030063373934120356,0.00045682432571151764,0.0038294837156465683,0.011794839351376365
0.0031505947168813937,0.0013428121321522918,0.003164182090904331,0.013296167969557451
0.00269781865583269,0.001276155024690152,0.0034754830804981838,0.012361890539314899
0.0026384374362635812,0.0005705710953221078,0.004749558758864623,0.013018209103874639
0.0026435314682882586,0.0005037378824717741,0.00472303778853223,0.012299693052230515
0.0034039018802833002,0.0011051005012300973,0.00361414769687484,0.012522887101465971
0.0035867276512984102,0.001108497172615173,0.003410772399072866,0.01191457256079641
0.0029840021493175856,0.000370953681388285,0.00419207455014455,0.013135446529174366
0.002728429426318107,0.00047103247147216716,0.004506386351049994,0.012089071348363744
0.002761085090284164,0.0011953950814567503,0.003642277572478163,0.01306938557908931
0.0027154377801216923,0.0012318151904619102,0.003491707422952566,0.012525042594559856
0.0028902823598562118,0.0004645764189731859,0.004158434456108512,0.012728623891235738
0.002908340071139112,0.00044362140378083944,0.004054152904785509,0.011951625796235488
0.0031577193399463985,0.0012026542063267491,0.003383228923702044,0.013128770671438545
0.002944569450937301,0.0011292692555275798,0.003613290738366839,0.012375597964171772
0.0027405088192699527,0.00044123756386869347,0.004608660619420477,0.012861587590128936
0.0027608477143408524,0.00043174652263967014,0.00445378676501366,0.01223217887252999
0.0031900546405462886,0.0011953644107881847,0.0034137061427596095,0.012687299334099077
0.003083246430756319,0.001194994617392403,0.0033651523427274538,0.012046746168229833
0.002827282479661684,0.0004296555272736517,0.0043689286040739725,0.013084424223293641
0.0026797921713923503,0.00046441363039485036,0.004553507845318215,0.012075575536106739
0.0029400953544730384,0.001168625556969863,0.0035549041323917952,0.013017858212844412
0.0029891033329951674,0.001176137644776274,0.0034293283044412055,0.012447839389266184
0.002898191793848122,0.0004012710628152312,0.004204162088035226,0.012736978445395165
0.002830551662047898,0.00042626345623712015,0.004223926643377254,0.011986161153355355
0.002977373749739752,0.0012134139888742223,0.0034219103529982142,0.013042623761357666
0.0027951749299621412,0.0011830128680513988,0.0035137332723086554,0.012300356613736926
0.0027800824640632827,0.0004390194182633784,0.004463332541816084,0.012946445320667254
0.002785021356521335,0.0004234703650532023,0.00436744315950748,0.012190650964041165
0.0031620685751677824,0.0011805492904918714,0.0034113355894307158,0.012822044496513346
0.0030614419391237595,0.0011523213919459947,0.0034228882848268646,0.012177330808654043
0.002828521793336508,0.00040748402839831674,0.004407677855945029,0.012906857503859717
0.0027392082697247876,0.0004394684758701825,0.004454002555838836,0.0120447114461336
0.002967020691646517,0.0012002902950074403,0.0034169926936682958,0.013011749669988148
0.0029126376332583976,0.001202030618567452,0.0033402045247940323,0.012357704043919277
0.002866523075406096,0.0004207778327416033,0.004278061522676283,0.012814177896956722
0.002789927735033757,0.00043452137876117346,0.004329458249535937,0.012004054771413123
0.0030051609117315234,0.0011873286603987252,0.0034148272870281756,0.013000448988354873
0.0029212929848993884,0.0011607931845202262,0.0034362796067010076,0.012297981698475458
0.002842553843300824,0.00041081407672562283,0.004372417389803932,0.012859977940703756
0.002806917888834967,0.0004202371358468242,0.004332492418982524,0.012099860297965497
0.0030605994489239174,0.0011940998043596515,0.003375817274065806,0.012882338103479316
0.002930873209006533,0.0011760122554674809,0.0033884213509249844,0.012218092464439083
0.002828434218217121,0.00042374529216260753,0.00438313038003086,0.012865865755833702
0.0027663132418540154,0.0004385787327672073,0.004386324555679587,0.012028197647067973
0.00301902864361811,0.0011998222648247044,0.00337198279315963,0.012979231944056365
0.0029519812078353347,0.0011855423117115627,0.0033424068683017586,0.0123136168860598
0.0028531427966400438,0.00041634718223353714,0.004319146182653943,0.012775855408745134
0.0027794904015078854,0.00043558832472455306,0.004349981169673866,0.011990043162311134
0.002997176749605491,0.0012026437132297665,0.003379383421745183,0.012956271230247202
0.0029059599282486837,0.0011866752159807538,0.0033701408250603965,0.012253986601558828
0.0028429094248976334,0.00042167119812716873,0.004336037077442271,0.012840552069638711
0.00278614235528913,0.0004329495901294621,0.004338171325160051,0.012046105267693008
0.003031667079361021,0.0011980896202002443,0.003377326847624685,0.012895737567968222
0.0029349413447310505,0.0011784820708041416,0.0033762072054170315,0.012229724962782297
0.0028379754588028355,0.0004208072562582544,0.004344742570781985,0.012797359011504885
0.0027803370633844894,0.000437856068951093,0.004336293441339553,0.011995410461281624
0.0030109964944794753,0.0012124589224529639,0.003345587890737242,0.012940540749080002
0.0029106683456610947,0.0011965533436497614,0.0033357479729134868,0.012265632714664987
0.002836342684385581,0.0004291434838840477,0.00432845287880686,0.012765137837966756
0.0027735714939842206,0.0004429899898291082,0.004339009664810426,0.01197661240179906
0.0030137992274632043,0.0012081372522298162,0.0033526908547287064,0.012919100781059987
0.002931427669099743,0.0011896347296618797,0.0033405706871511057,0.01223215068672416
0.0028449119683091385,0.0004241236976093133,0.004317823511846924,0.012780946260782725
0.0027802110021808587,0.00044043256282778713,0.004329238583486953,0.011991771649971008
0.0030093249509954676,0.001207785191023505,0.0033521330765829234,0.012887728063098406
0.0029144601393395167,0.001192310144538481,0.0033397020025309884,0.01221921155247065
0.002842010401421446,0.0004295671223681474,0.004312095968717653,0.012761812556560817
0.0027821524257284533,0.0004446294183493506,0.004310392886261945,0.011965075019521194
0.003009898739393186,0.0012141103697019,0.0033304137403560212,0.012911154466558508
0.0029134819728734527,0.001195511443346412,0.0033255392345586995,0.012239106821093717
0.0028383964371047916,0.0004320898102949507,0.004312382756418075,0.012727937184722052
0.0027790117512831738,0.00044654982856415985,0.004310963426917939,0.011950150063153033
0.002948834424922742,0.0011802200331763896,0.0033423342111427255,0.012374071811949074
0.0029343773267814493,0.001159384877585224,0.0033174745508300152,0.01194026649531582
0.002877090018111579,0.00041155186637542574,0.00421724943051338,0.012232454968637126
0.002835936108049943,0.00044070477823776887,0.0041707018759636755,0.011464322932988845
0.0029337836103245467,0.001235298167888207,0.0031558364783800044,0.01290342101905945
0.0027678835685847527,0.0012271940437256572,0.0031743480715007294,0.012257914361846714
0.002820993439264905,0.00047036515299774245,0.004251520522428741,0.012201853211630025
0.0027807668119047124,0.00047298025676084567,0.004242611852025122,0.01161915266681818
0.002954928110379789,0.0011998294165541763,0.0032090507803819524,0.012553056631633492
0.002968183541253545,0.0011610729030270277,0.003221161434179778,0.011903494924407804
0.002902635996078314,0.00040523807481753036,0.004219380468148833,0.012442994059838317
0.0028313650296507733,0.0004246459882918568,0.004264209220035075,0.011705990954589015
0.00298640920348418,0.0011618550317643434,0.003261658024115851,0.012542008968386273
0.002878523396475142,0.0011708209908310055,0.003211399910559953,0.012010842408347346
0.0028837157597403607,0.00044395245040446384,0.004155608481881179,0.012292556569242805
0.0028266111421698797,0.00046975961787549294,0.004122926890082177,0.01156953843683917
0.002885532027593243,0.0012280970406198792,0.0031178332972346978,0.012775748131276923
0.002813900390237507,0.001195286271203965,0.0031572362341631037,0.012157341377517023
0.002856082103791934,0.0004413361377653493,0.004206582207023541,0.012213083424986556
0.0028272393394182583,0.0004422258106596363,0.004174675479884019,0.011592371760361278
0.0030252556754035466,0.0011877316188428706,0.003153782735831503,0.01257588782814573
0.0029260642143806906,0.0011743808701228681,0.0031611733256225777,0.011942250420020886
0.002859338000902652,0.0004379320590897789,0.004191520329050874,0.012409319412157916
0.0027763819388998932,0.000462950198683215,0.004222083903063422,0.011691649346745363
0.0029007273971411052,0.0011990896312644682,0.003190274249869099,0.012568069800660234
0.0028717216095175617,0.0011892251538134317,0.003150024407233132,0.012015526804108551
0.002877485585380847,0.00043329623234217757,0.004106250059429874,0.012277129993627758
0.00281744021709541,0.00045200351422514383,0.004103835932266149,0.011567487238762074
0.002935178542912123,0.001212098830938267,0.0031369870052484466,0.012693386613683086
0.0028168197390919174,0.0011955255999886694,0.0031585353104093107,0.012071850831263343
0.0028280218281311145,0.00045382066966573504,0.004168350616140575,0.012283477824586244
0.0027881009228394784,0.00046394509532006033,0.004129456486410137,0.01164270007502811
0.0029512930672232177,0.0012141751326906088,0.003123279004394891,0.0125553338554566
0.0028849707951701174,0.001190435425561999,0.0031347726518741363,0.01195443876681907
0.002844281000423906,0.00043983659591316753,0.004148605237585515,0.012343641662256249
0.0027786417812015883,0.00045737681726773933,0.004161307397836464,0.011632608362369727
0.002943520713722472,0.0012010932307808407,0.003151647111197459,0.012583895882946183
0.002868657337304844,0.0011950109770815795,0.0031193332186677,0.012006343565982942
0.002852425450398627,0.00044906547095084837,0.004090095615467782,0.012290454711520977
0.002786175901619836,0.00047070302626435635,0.004090323925285432,0.011598065615001716
0.0029014877624597944,0.0012203412745529134,0.003114068105631523,0.012630666696967826
0.0028264136085655086,0.0011991299426449714,0.003121873221207038,0.012026619490525641
0.002840048604073844,0.0004513335844404939,0.004111351797551855,0.012278056472838616
0.002796380761670257,0.00046078693106934004,0.00408645880009281,0.011612058747243165
0.002968072886861243,0.001206933178065806,0.003108444963446025,0.012564636692994907
0.0028719067078516063,0.0011904981223723175,0.003113922424591484,0.011967140785146383
0.002836577774539596,0.00045410889704501357,0.004111539170015197,0.012311511932052936
0.00277338569236756,0.0004731266066277865,0.004105676802932532,0.011619704273407777
0.0029201892107966142,0.001214812890818986,0.00310713387890057,0.01257375690476914
0.0028564465396691166,0.0012010548161852737,0.0030893372651093817,0.011994086298230119
0.0028472931360493483,0.00045401776172168245,0.0040674412274625885,0.01226862264151295
0.0027841123690243532,0.0004706636062012555,0.0040693417765625215,0.011578652638471132
0.0029300207051233458,0.0012134777707396428,0.0031036288504270016,0.012598220425512827
0.0028431370635423323,0.0011985857365557618,0.0031007128347611103,0.011997327426674328
0.0028354458083744345,0.0004595991346170545,0.004076217133116369,0.012273746614469545
0.0027800666265112846,0.0004744364209509769,0.004059771659205891,0.01160471176570865
0.0029316681851016004,0.001217158142218921,0.003093963115171715,0.012550598217818038
0.0028508845047686714,0.0011994353518683316,0.0030953052577191143,0.011962543732435358
0.0028327494435309614,0.0004593107879384013,0.004073704975550416,0.012277082170961677
0.0027738728686761446,0.0004745996044031876,0.004064349955567217,0.011589121033817599
0.00293480128172493,0.0012158039953001725,0.0030947189963292055,0.012561317041413186
0.0028517339637327247,0.0012028706060765119,0.0030830353784533047,0.011977332632111048
0.0028324334478021067,0.0004632699210019934,0.004052898161693784,0.012255476687935727
0.0027692186139220165,0.00048085130040086404,0.004047876866946738,0.011576251999473947
0.0029152571141823,0.0012217517779248262,0.0030879658622465105,0.01256280902240887
0.002838571971458807,0.0012054335917401526,0.0030818732441559647,0.011972020902676465
0.002830915552504727,0.00046390155865792414,0.004047752992685364,0.012253912152638194
0.0027731202048446035,0.0004780139490824216,0.004037913976165642,0.011578051156230265
0.002932850066903012,0.0012176870682872086,0.003087135062083993,0.012541105177513922
0.002845954266878782,0.001202639166916004,0.0030821352829320386,0.011955572471055397
0.002827278383054908,0.0004665260138525198,0.004045475301789683,0.012252272341976978
0.002767189424792402,0.0004829862754232359,0.004033078529231029,0.011573318967157119
0.0029190805963366586,0.001222899228836353,0.0030769983871462834,0.012542992098172712
0.002838858853123893,0.0012075700509250782,0.0030688181146395557,0.011961923565469722
0.0028277370895683266,0.0004682962359000072,0.00403245258160918,0.01223357173585968
0.0027673459049165554,0.0004834834648967764,0.0040237862184882775,0.011556486107972646
0.002923191069760774,0.0012218180028190178,0.003074055432952324,0.012543139712234124
0.002839447072908737,0.0012069536364589758,0.0030660545693588295,0.01195664615477755
0.002826437319455633,0.00047009435074589793,0.0040265941005148895,0.012232662869665395
0.002765442090806491,0.0004858275458500385,0.00401653324626003,0.011559989561134439
0.0029175456088530827,0.0012235513821040322,0.0030693579568904783,0.012527465670384314
0.0028361471581851657,0.0012081635659619788,0.003061711455059372,0.011946420148238875
0.0028257246072568745,0.00047111961863832903,0.0040196937916709315,0.012225618899088976
0.0027652534106120444,0.0004863416616140569,0.004008348307377717,0.011549206253311885
0.0029196311469640145,0.0012242554382557416,0.003063343109143409,0.0125292539093303
0.0028341446424429632,0.0012096936641338885,0.003054997813517989,0.011948939936661332
0.002823216782401892,0.00047376825328980185,0.004013093006464019,0.012213274128527055
0.0027620249167659813,0.0004894345783330265,0.00400109386377146,0.011542000526882298
0.0029133545997381827,0.001227156936766888,0.0030563741842383326,0.012523384608706379
0.002830997890531686,0.001211800004636713,0.0030484230461599853,0.011942205688341156
0.002822578989983016,0.0004746856632598548,0.004006412636901354,0.012208895328950038
0.0027611944715990005,0.0004897051894079213,0.003995802133884632,0.011537267240504362
0.0029155045020638685,0.001226614039395323,0.003054011838794595,0.012514651495359463
0.0028310606158851617,0.001212114579236466,0.003044539789276177,0.011935855029973717
0.002821371776167423,0.00047635162290239104,0.00399945765944546,0.012202152862403766
0.0027592516765432753,0.0004921508161658307,0.003987417735960002,0.01153107062928028
0.002909194373833886,0.0012296757092817288,0.003046446117879308,0.012512280339578274
0.0028254361348370523,0.0012147043145767239,0.003037602561377029,0.011934948543613847
0.002819837516192187,0.00047809388048764717,0.003993153431999274,0.012191222978268645
0.0027585346840344367,0.0004930943611690285,0.003980203687710396,0.011522186420490107
0.002938723360552086,0.0012443923954697776,0.0029929026210915475,0.012396729224092708
0.002806366380783366,0.0012120299305816988,0.003053026595653996,0.01190975827553633
0.0027037924613785903,0.000519731394770659,0.00407776967500139,0.011508052323245399
0.0027282302941031076,0.0005363279241243699,0.003892739582286629,0.01112848130672287
0.002907262910811087,0.0013202980398831351,0.0028043859368216293,0.01213012250003308
0.002749586489581447,0.0012673391203654213,0.002858663287695448,0.01145973681959768
0.002724583441794756,0.000538448621998561,0.004114287005421586,0.011817329876344028
0.002689822396605405,0.0005266028028859222,0.0041362742992726055,0.011196557035388317
0.0030520846431736554,0.0011910209637896072,0.0029753887289389568,0.01208218117575331
0.003039767137934373,0.0011874473641170728,0.002870223521170531,0.011613285398354918
0.002859185583189979,0.0004964674803818053,0.0038898265094202715,0.01166057433968961
0.0027637095555601543,0.0005495913384071646,0.0039007091387081626,0.011082966958861674
0.0027817151174284673,0.0012781583666618814,0.0028346487931939068,0.012318957018806871
0.0026774752668761157,0.0012547003702155753,0.002838036067166216,0.01175925523151471
0.002802309143112639,0.0005488569248865636,0.003954310703622594,0.011596587845158575
0.002821317502379581,0.0005250589253117883,0.00384834281293978,0.011080052563408363
0.003084276128718826,0.001222018744232836,0.0027889264930114357,0.012210988927228307
0.002947680055549424,0.001184994407134037,0.002849265208299863,0.011646752306749086
0.0027995799284988294,0.0005285067573449024,0.004033475399166627,0.011681831736840138
0.0027463332750816277,0.00055092793799591,0.003982397262909992,0.011159213217940786
0.0029183028840693796,0.0012512333282021836,0.0028038140643234567,0.012132968260839925
0.0028531310162078303,0.0012393610283599084,0.002752588086805164,0.011591947015560777
0.0028252175496124017,0.0005328280892053815,0.003892932909587075,0.011671687449637862
0.00275362518310886,0.0005454450155714933,0.003911075696486953,0.011068846312064628
0.0029322567857088112,0.0012393790783943642,0.0028398974036737304,0.012271896637361215
0.002851678984792472,0.00122708627436016,0.0028372367705039305,0.01176035263421874
0.002793547927296002,0.0005353633986293175,0.003912434393764508,0.011624767152767819
0.002755992380570203,0.0005496117048053814,0.003847073738568101,0.011131957331594044
0.002912629291154399,0.001273664960200812,0.0027894999437537158,0.012152893260186877
0.0027997465254752316,0.0012439941482770204,0.0028254152764668463,0.011602517087734552
0.002759702323411261,0.0005429890208107361,0.003967133304971391,0.011708787115791642
0.002728113749854788,0.000542989492294683,0.003916316955271801,0.011147685477617379
0.002981361067615759,0.001248511528313126,0.002818806231142528,0.012142360675003457
0.0028916641080356325,0.00123546760937029,0.002805515599943113,0.011654405140004731
0.00277494657484054,0.0005379022375661684,0.003903655503533461,0.01166557640985304
0.0027100439952175044,0.000562806954529937,0.0038834470934677556,0.01111566657114841
0.0028631701170027672,0.0012775281519006873,0.00279809776801322,0.012202215949800551
0.002791832881058737,0.0012578404096873638,0.002789294401709657,0.011683013429062715
0.0027757469114179194,0.0005437730143246897,0.003882172107596114,0.011663405302551824
0.00274116516499682,0.0005465034289051067,0.003842533184558768,0.011122854086448997
0.0029545900270954452,0.001252243838332869,0.0027961131521725474,0.012166206008783365
0.0028499619894346365,0.0012305094240721176,0.002813641912973683,0.011658155818400637
0.002769789806521777,0.0005434838692100626,0.003910498904763318,0.01168458080544213
0.0027291938439510835,0.0005570979430733775,0.003851556406860111,0.011147971772429138
0.0029123031618623787,0.0012665050728029948,0.002764983094747873,0.012157014123705564
0.0028236228363849765,0.0012460140547349754,0.0027631709830487905,0.011653707379821982
0.0027772112965270012,0.0005470370254027965,0.003876229164180928,0.01166192200846302
0.0027301568027368888,0.0005559766802277383,0.0038432716244915085,0.011103938903608224
0.0029281881727187416,0.0012555337938708387,0.0027694224932553776,0.01220407218748353
0.002840952846625251,0.0012392810805580575,0.002765644921205031,0.01169829233915105
0.00278020983329833,0.0005472334637375171,0.0038590321217671503,0.011655844404350545
0.002730694334507568,0.0005607445092448106,0.003820369479526027,0.01112636751612105
0.002901629594678289,0.0012634467765326883,0.0027593269778230533,0.012168215381921648
0.002814316691505526,0.0012420558533482993,0.002765147839263858,0.011654140179817493
0.0027751174082179864,0.0005481747473503408,0.0038624453458995086,0.011674573428053139
0.0027329684152578343,0.0005550133584267598,0.0038169587447003436,0.011126054259254867
0.002933077019267112,0.0012561559146624015,0.0027593461479786525,0.012170221845527624
0.002834241210907262,0.0012397802104968808,0.0027622486938747434,0.011675657163426407
0.0027680784764057675,0.0005517608929765965,0.003853458318500845,0.011656403683566248
0.0027179471970094466,0.0005654814061487534,0.0038097794991005813,0.011117716214627055
0.0028939621895807594,0.0012693201374463674,0.0027471348113565514,0.012180142857818488
0.0028095787124717622,0.0012498613138737613,0.0027473188913268577,0.011673143631206181
0.0027674360460036677,0.0005523696252476364,0.00383898148281711,0.011657515612181809
0.002720596687073263,0.0005605420420120573,0.003802641596410767,0.011116583094058208
0.00291676841773804,0.0012602859459755608,0.002756354852762934,0.012165713571724256
0.002823638326132688,0.001243041334028644,0.0027574204816191495,0.011665101690156577
0.002764428689193602,0.0005534049162008959,0.003835896422863143,0.011664325534680005
0.002715862028240925,0.0005657797025233033,0.0037915579278463354,0.011125784286412473
0.0028951745014375893,0.0012685504231145426,0.0027437458451685126,0.012161876740214694
0.002805353672405157,0.0012493610623225573,0.0027452393141385797,0.011664734764038643
0.0027620572179032194,0.0005559672902419974,0.003827050911300218,0.011651823923835082
0.002716708909030649,0.0005647255915768533,0.0037829659191741497,0.011109378326316786
0.0029089252451479884,0.0012652776504831812,0.002739022941651313,0.012172469022228597
0.0028141638970652287,0.0012476391403529214,0.002740063234530521,0.01167411961338561
0.0027609617639235418,0.0005582102550023067,0.003820035227402566,0.011648838520516637
0.002712196519634273,0.0005696094077000461,0.0037774153203732437,0.011114365983472676
0.002893287914708843,0.0012688469825976436,0.0027327381700827263,0.012160829055451409
0.0028056468092018086,0.0012496495329863406,0.0027318739504331264,0.011660028358154793
0.0027631580091394083,0.0005583192547976793,0.003809814404311891,0.011649851133158232
0.002715493528646076,0.000567660841628764,0.0037682178950743097,0.01110852448660006
0.0029029626830668898,0.0012656555909374204,0.0027303107888452475,0.01216378426968359
0.002808003171707246,0.001248601392946011,0.0027297439955866988,0.011669049103832398
0.0027603669026527813,0.0005614695003876813,0.003803493769122283,0.011640922937136465
0.002711805627009872,0.0005725515467996038,0.0037577774884573856,0.01110563104895038
0.0028901154740741623,0.0012713827188360694,0.002719083060765273,0.012163966342042951
0.0027991764528411014,0.0012523764193687907,0.0027199491849793297,0.011665389047942055
0.0027592928707227565,0.0005627630680720665,0.0037969931763963483,0.01163737739921306
0.0027115818873557546,0.0005717433716339342,0.00375371951976398,0.011100949028306963
0.0028985586238381143,0.0012686756012563532,0.002718457088693273,0.012158838604586568
0.002804428465684914,0.00125142298447972,0.0027172368842792245,0.011662561367919275
0.0027580543389967203,0.00056451698857537,0.0037895440857379126,0.011636603212794604
0.0027077432384430694,0.00057561069476713,0.0037461970604886295,0.011101423111967004
0.0028859096660956017,0.0012729873997209186,0.0027119879731092606,0.012156595067632244
0.002795264163495036,0.0012548640488896437,0.002710623218093515,0.011661613851215492
0.002756861258815215,0.0005659832031606927,0.003781336569171794,0.011629821016937079
0.0027082714510239772,0.0005754096796784819,0.0037371478508933034,0.011094207994073204
0.0028914364595883923,0.0012725961729246782,0.0027076277424862008,0.012157010685118408
0.002796120091366353,0.001255188163780084,0.0027073061588681635,0.011662790922001473
0.0027541121449564643,0.0005684628657538904,0.003776984867608765,0.011626699006521385
0.0027046931667323065,0.0005788013636624978,0.0037314928723122622,0.011094453342023773
0.0028840057419261458,0.0012757232524316822,0.002701048347549361,0.012151220959563365
0.0027921297914154214,0.0012575097850119738,0.002699810120486516,0.011657031230926478
0.0027170377707876844,0.0005856604271352447,0.00369215728764992,0.011215727803746887
0.002680579120473439,0.0006107769584964987,0.0036323263361425434,0.01086870183275385
0.002772648466481663,0.0013144796453899237,0.0026540682613232828,0.011858747125342255
0.002674815095762143,0.0012696709116311754,0.0026614882003990013,0.01125919462025557
0.0027352531712115185,0.0005838712269419414,0.003738601395449495,0.011439772746802437
0.0027188021882642265,0.0005721395307166034,0.003703742338573166,0.010914137198150459
0.0029667852448808894,0.0012254511400594395,0.0027011995015572476,0.01187958382684633
0.002863345734431266,0.0012139205303259193,0.00265564203308605,0.011449489860637116
0.0027750931390328713,0.0005773485631212612,0.0036539979869574294,0.011274289161326405
0.002712781314656598,0.00061663037524372,0.0035995284853791477,0.010811548789598485
0.0027377441968984765,0.00130526794294548,0.002571225929066363,0.012071017002701674
0.0026486269092426394,0.0012738530648718055,0.002558970179612486,0.011522728201516693
0.0027699530767599594,0.000597548762430731,0.0036470414016996256,0.011271287392753494
0.0027571254666891396,0.0005826150211494641,0.0035997737662701837,0.010825785146448648
0.002950380911190925,0.0012284247576134452,0.002605976175285777,0.011962969320145515
0.002842985530160821,0.001202115039515073,0.0026081654201906153,0.011436206491462125
0.0027874299178493977,0.0005745108946447049,0.0036718387219062958,0.011353952111106578
0.002729692357705444,0.0005987917704434667,0.0036220700449660966,0.01089936629551958
0.0028075173537930246,0.001266906788966745,0.002579238607865395,0.011945698008221397
0.0027193775968945926,0.00124727768910336,0.0025497172400056516,0.011447089230433447
0.002776142054924852,0.0005862531418313034,0.0036157337037682246,0.011311446186188403
0.002731533349813149,0.0005904527819839609,0.003577605946666043,0.010822669428442296
0.0028653739708085248,0.0012538450167830424,0.002578903559101285,0.01204762564059433
0.0027619146237319956,0.0012358287813732912,0.002576941753987672,0.011551478732837921
0.0027537996871266866,0.0005856291605179796,0.0036290487105835644,0.011307141663470157
0.002706911754631256,0.0006004383650890709,0.003576329827036984,0.010884398911611295
0.0028088925883624177,0.0012752937816909473,0.0025688869411449183,0.01194870745628987
0.0027205543294725894,0.0012481026866481566,0.0025662682846555747,0.011430841683584844
0.0027475987285873506,0.0005815022339345155,0.003630814472767788,0.011376480062215703
0.002704930572622609,0.0005857006846845983,0.0035913015479825854,0.010894178034870746
0.0028619289399369244,0.0012530667272488312,0.0025912305210719845,0.011963166009979886
0.002762533580036314,0.0012389954392362623,0.0025739623531303795,0.011502199961444276
0.0027412665658905857,0.0005837452352135483,0.0036032067931235697,0.011336958797907162
0.0026880019677460675,0.0006034771153510456,0.003553932574106065,0.010880493285002088
0.002780315230336726,0.0012835361155578108,0.002552561119229321,0.012001811049766303
0.002694397993740114,0.0012586630938783803,0.0025478612057332948,0.011508099519669494
0.0027364658099128664,0.0005871797257606926,0.0035995105507047043,0.011345671107095534
0.002701643004940832,0.0005892579716774524,0.0035509811257084184,0.010887530135892231
0.002855117730884241,0.0012565321460773742,0.002561585142065871,0.011969772203940807
0.0027548616953799814,0.0012361955615634098,0.0025567114528691707,0.011490284495388378
0.0027408510138468797,0.0005839480527672226,0.003598242439845825,0.011366206170976802
0.002691228980259293,0.0005998619021094755,0.003547365292045488,0.010905526226658708
0.002798971553995678,0.0012713346906143576,0.0025399510890567563,0.011977514932307483
0.002713133628068385,0.0012501583366693555,0.0025262844990031983,0.011501919937766955
0.002743595043285712,0.000587267937030697,0.003571711605397377,0.011346042832694457
0.0027000634834297827,0.0005947014191436902,0.003525183486731121,0.010876810747882302
0.0028304046407266266,0.00126104914693006,0.002534566201910643,0.012008167387960353
0.002732450070418087,0.0012420585911363025,0.0025289868448351805,0.011530523820104346
0.0027397308866738434,0.0005891901706765927,0.0035711446565233032,0.011347432486359521
0.0026931452851800606,0.0006012472802598682,0.003518921055086158,0.010897930380773642
0.0028060082561169337,0.0012689042431735182,0.0025231249016477025,0.011979316498545901
0.0027171088866593464,0.0012464547408396111,0.0025168854651660914,0.011495791422486645
0.002739787721811837,0.0005884723410866632,0.0035634844379411404,0.011360593122975013
0.0026940593770140727,0.0005963700041448459,0.003516347925959746,0.010892184879466901
0.002826590836225339,0.0012612415969409502,0.0025270293045924256,0.011989650884679499
0.0027294432774639613,0.0012443560141263965,0.002516726383141284,0.011521274741443894
0.002734296746963457,0.0005916772735620757,0.0035512311143607632,0.011347932732094206
0.002683865816509139,0.0006049586110715158,0.003501636810729575,0.01089102036903426
0.002794837944763939,0.0012734165509389551,0.0025143980261710403,0.011993609597825843
0.002705938285113509,0.0012521195509072715,0.002507954365653875,0.011514555227513289
0.002730642298418181,0.0005926798051486568,0.0035459654027791623,0.011351883420414061
0.0026859707786245483,0.0005999808845827692,0.0034974560356247604,0.010891892579505085
0.0028203989378605865,0.0012652930588534905,0.002518962427240576,0.011981374856110201
0.002722727996496539,0.0012468213483313954,0.0025115026519739164,0.01150971613843595
0.002727189913682987,0.0005941501813601814,0.0035419668225318193,0.011355738372762342
0.0026776293942170452,0.0006064885067849098,0.0034913768036691547,0.010896551026976443
0.002795894663115146,0.0012737449602292527,0.002509322030336089,0.0119828992678716
0.002705539677907594,0.0012536157564850845,0.002499696892833129,0.01151134263624107
0.0027259814242626087,0.0005959038811313598,0.0035301312955718974,0.01134717490873233
0.002679433511407892,0.0006046516514466159,0.0034812968148445252,0.010885428194411005
0.002809579851229251,0.0012697999347787274,0.0025074447755485054,0.011988821107189048
0.0027126346054361455,0.0012510320820920834,0.002499147049295638,0.011516922422623664
0.0027235532082596193,0.0005981207820716537,0.0035262572659989265,0.011347237273540813
0.002675345953080922,0.0006090645019418247,0.003475108740908937,0.010891527334986661
0.002797126882680742,0.0012740956162247703,0.0024999390158197245,0.011979439467602992
0.0027049238941518976,0.0012535668569885706,0.002490985690815977,0.01150595757637025
0.002723800526617387,0.0005988133744009429,0.0035187985443687424,0.011346359199643339
0.0026765473414437357,0.0006077941253702894,0.003468847754776954,0.010884761852289305
0.0028062287642040724,0.0012713416714760157,0.002497651532188539,0.011984227415354876
0.0027087191932837536,0.0012529825326370375,0.0024874355996631512,0.011514322241472155
0.002721394931320896,0.0006015622435348235,0.003511623278351547,0.011340027238058239
0.0026721829330536525,0.0006124839908685144,0.0034605097784126014,0.010883453970026522
0.0027936160926606834,0.0012762995083331113,0.0024897885315111837,0.011983387603686987
0.0027003316999398464,0.0012560700207291048,0.002480404662128125,0.011509363635319314
0.0027205205724534025,0.0006024979061745164,0.003505562590519597,0.011338751660243306
0.0026728565826741944,0.0006112654326224103,0.0034553007733573926,0.01088047922271736
0.002802719585103832,0.0012737389015904446,0.0024889076198690223,0.011979668801841818
0.0027047053027691175,0.0012550728179359107,0.0024786808989312077,0.011508251111941653
0.0027180828601920414,0.0006045533029430193,0.0035004401306258023,0.011337127598454014
0.0026683977962773837,0.0006151880506964887,0.003449045828966561,0.010880259659451597
0.0027917726865011416,0.001278228217121985,0.002482414618228444,0.01197923929135852
0.0026970430143934162,0.00125853303929125,0.0024718405945128013,0.011507193205269179
0.0027165304739582463,0.0006059268692906201,0.0034933531403982055,0.011332114375462504
0.0026679912848174554,0.0006150235637095399,0.003442566057563835,0.010874636762257249
0.0027971080248047012,0.001277351482848505,0.0024799895125268805,0.011979118124095491
0.002698764893343789,0.0012585080012052121,0.002469373120244439,0.011507249210033658
0.002714128581402648,0.0006079418421347706,0.0034888720690289306,0.011330651274457025
0.0026645371588458386,0.0006180723373249495,0.00343718256746051,0.01087539953894184
0.0027900599697635573,0.0012804012984263483,0.0024747005669080663,0.011975004116604482
0.0026941324653336415,0.0012606988089601356,0.0024636525320478487,0.011502836444714977
0.002713126002749825,0.0006090307237025209,0.003482701879952463,0.011327522898367937
0.002664037361030615,0.0006182630378089133,0.0034312976160795266,0.010870610436853688
0.002793254617037572,0.0012801371599710648,0.00247143913375726,0.011975783592569775
0.002694305224778352,0.001261324966020018,0.002459865129826517,0.011504661288814727
0.002711017787511634,0.0006111957645683092,0.003477344282157957,0.011323655603052991
0.0026611476461107075,0.0006211616121761899,0.0034251349228047374,0.010868999357977478
0.0027873334281816008,0.001282964907960144,0.0024656404384227667,0.011973994144883541
0.0026902750759977916,0.0012632818293862463,0.00245415464890882,0.011501542404426555
0.00271007377223996,0.0006123326714962447,0.0034718409117841863,0.011320780875815508
0.0026606749003839844,0.0006214577504838773,0.003419872242026054,0.010865519169243082
0.0027902573994622103,0.001282699315074617,0.0024624268392118677,0.0119724298960232
0.0026906870255350873,0.0012637598765218674,0.0024503252631873818,0.011500847183134686
0.002708322429367062,0.0006142283463310803,0.0034667123695256187,0.01131783778872295
0.002658019877452863,0.0006240554332058133,0.003414117652271288,0.01086366230610292
0.0027849807366919915,0.0012853097047420667,0.0024568958286160674,0.01197148018409069
0.002686814041566709,0.001265811330655904,0.002444662534949843,0.01149940188606371
0.0027071099768538553,0.000615541592774643,0.003461019762877224,0.011313848377993593
0.002657171652788178,0.0006246996910122281,0.0034085098184999094,0.010859706724497285
0.002786724078253474,0.0012856177121684572,0.002453231521980636,0.01197046137731762
0.0026864825311707654,0.0012665855381100732,0.002440744307191862,0.011498458831339596
0.0027052681364231807,0.0006173443391980512,0.0034563187213439393,0.011311282265833016
0.0026546963549704365,0.0006269418438801303,0.003403293022050965,0.010858256897270107
0.0027827783579448344,0.001287791409437072,0.002448295000341305,0.011968297546057306
0.00268355276674165,0.0012683455642829606,0.002435541981399654,0.01149613198448186
0.002704007263885809,0.0006186082593006092,0.003450899384465278,0.01130780105112381
0.002653539992858512,0.0006277942356648514,0.0033979020355794642,0.01085453654839554
0.0027834693556591217,0.001288473872689792,0.0024444386620390175,0.01196765328730462
0.0026825354435320707,0.0012694348575046106,0.0024313330909706897,0.011495734849229682
0.002702150826881652,0.0006204152542749336,0.0034460084437181763,0.01130457935940432
0.002651235743692535,0.0006298889335082062,0.0033925211807215665,0.010852479679543179
0.0027801739431198777,0.0012905041145733734,0.0024395243731628958,0.01196589417824858
0.0026799289866240757,0.001271062746760722,0.0024263159936006797,0.011493536319992281
0.0027008469988894675,0.000621698424306195,0.0034409481652683226,0.011301362710830574
0.0026500247081304995,0.0006308161272790642,0.0033873978383500833,0.010849274423237213
0.0027806470200404773,0.0012912433425900536,0.0024356130456316093,0.011964579379962684
0.0026789422354932604,0.0012721336079159103,0.0024219916843097643,0.011492459829392657
0.0026991422180474866,0.0006234105754814929,0.0034360983150339584,0.011298239002798322
0.002647862598754462,0.0006327842914232485,0.0033821321661142963,0.01084694109315194
0.002777712894958302,0.0012931475074936083,0.0024307430876246323,0.011963286315910957
0.0026764678740286954,0.0012737418942508141,0.0024169444532919524,0.011490855155660291
0.00269780371175701,0.0006247588201789094,0.0034310161556131615,0.011294702805665326
0.0026465742633472403,0.0006338366566089248,0.003376943167393338,0.010843675125417005
0.002777818425379585,0.0012940374523190382,0.00242666520094616,0.011962039977219088
0.0026753122100570946,0.0012748511365563147,0.0024125655027676133,0.011489544212573168
0.002696146817325208,0.0006264065154053801,0.003426325479651304,0.011291715814395838
0.002644544492578463,0.0006356485254616824,0.003371866955867221,0.010841414445261512
0.002775435422176576,0.0012957571257145954,0.002421981787879291,0.011960470895225502
0.0026731656640720815,0.0012763501500362776,0.002407652383904893,0.011487763055938748
0.0026947681528074227,0.0006277619642633483,0.003421359952274255,0.011288268354189852
0.002643116656461605,0.0006368003370545612,0.0033667684973955735,0.010838199477379424
0.0027751438683540843,0.0012967985161892253,0.0024178298355103304,0.01195938305036842
0.0026717911501539723,0.0012775649170481242,0.0024031861557338736,0.011486569348161783
0.002693094973130685,0.0006293857306237422,0.0034166582832648356,0.011285107635445105
0.0026411342307436137,0.0006385245472967649,0.0033617243653696707,0.01083577633854094
0.0027730830592566356,0.001298433263350548,0.002413260640117743,0.011957846523705646
0.002669803233697953,0.0012790013306515143,0.0023984155914018816,0.01148472487734991
0.002691658809080803,0.0006307451245567496,0.0034118599776211235,0.011281813876642082
0.0026396283134187564,0.000639715736836438,0.0033567560171406502,0.010832773053929734
0.002772648872341421,0.001299528061315748,0.002409127939412735,0.011956553381423051
0.002668396474408694,0.0012802292438558096,0.0023939522853828176,0.011483318388026176
0.0026899943748820467,0.0006323270756361612,0.003407209984778562,0.011278648332339916
0.0026376756070546643,0.0006413742439410323,0.0033517802933214907,0.010830230900553937
0.0027707872999504154,0.0013011094019283426,0.0024046225393054357,0.011955174505270168
0.002666480787068016,0.0012816472334824156,0.0023892223757625503,0.011481622439076309
0.002688511599433952,0.0006337082204010936,0.0034024736856175532,0.011275300413190524
0.0026361094991202588,0.0006426113269298626,0.003346858257709315,0.010827263634216194
0.002770228368709393,0.0013022527066054008,0.0024004709438360736,0.011953853476146125
0.002665045529728745,0.001282873341724361,0.0023847605538888294,0.011480067686686416
0.002686868527557546,0.0006352490585883731,0.003397903121282507,0.011272186056041075
0.002634209485860661,0.0006441963166440929,0.0033419775006959893,0.010824721615851591
0.0027686037528295987,0.0013037521001746022,0.0023960543431717804,0.011952433029943536
0.0026632503899681487,0.001284239935122957,0.0023800920263241303,0.011478335070796392
0.0026853613648860804,0.0006366356795893097,0.0033932404788387218,0.011268853506344356
0.002632590409558981,0.0006454700417395169,0.003337108511086806,0.010821774864374589
0.0027679215101017915,0.0013049433103006066,0.0023918792553684672,0.01195117773065259
0.002661763256467988,0.0012854829551557344,0.0023756095827789977,0.011476779352137074
0.002683717036070053,0.000638153017783725,0.0033887125071493493,0.011265691544642163
0.002630716201866685,0.0006470036199266788,0.0033322879627563132,0.01081918129160552
0.00276647506178878,0.0013063870588598903,0.002387531897569059,0.01194976222282642
0.0026600591799800094,0.0012868073366659486,0.002371005535223074,0.011474991726949138
0.00268218272156844,0.0006395369392207421,0.0033841419921036417,0.011262424274525734
0.002629053684535593,0.0006482925398190199,0.0033275013267878035,0.010816312107098611
0.0027657367317107315,0.0013075971501343938,0.0023833797538944652,0.011948462788517206
0.0026585658792987296,0.001288047603550005,0.00236653794446591,0.011473357406506129
0.002680532522628844,0.0006410277668558686,0.003379663077062215,0.01125925346529753
0.00262718651586777,0.0006497861386596382,0.0033227379309884015,0.010813673799530145
0.0027644072364516035,0.001309007985016999,0.002379087348052116,0.01194710198778973
0.002656906445259962,0.0012893511652953954,0.0023619803983764664,0.011471585207493742
0.002678961687243853,0.0006424138670371215,0.003375164345211799,0.011255996077676432
0.0026254827569234525,0.0006510867131273589,0.0033180140962000004,0.010810844048449742
0.002763637486900063,0.001310232115399445,0.0023749560133182615,0.011945779818190396
0.0026554199357896515,0.0012905813752534918,0.002357536071043331,0.011469865872529452
0.0026773053442696163,0.000643877924272685,0.0033707503726774775,0.011252849519742316
0.002623622152146971,0.0006525411328178874,0.0033133237027121723,0.010808202867903748
0.0027624218401336043,0.001311605163605942,0.0023707239782292614,0.011944420036267975
0.0026538144140358325,0.0012918579724745614,0.0023530228842334605,0.011468068679964243
0.002675708214671438,0.0006452609663142191,0.0033663157770265325,0.011249608355340533
0.0026218839718035927,0.0006538496149724874,0.003308655814791554,0.01080539416653591
0.0027616236002243415,0.0013128411776024338,0.002366606989722725,0.011943118894679649
0.0026523263058463344,0.0012930813565875418,0.0023485932048717775,0.011466317375138882
0.002674042584803782,0.0006467044786370942,0.003361957114391612,0.011246458786322275
0.002620028048934547,0.0006552713063959995,0.0033040256933121563,0.010802742362569664
0.0027605087331801278,0.0013141813736975456,0.002362423583537416,0.011941763406325814
0.0026507715106627253,0.0012943295087014524,0.0023441211525970906,0.01146447973466715
0.002672423933725682,0.0006480806621343881,0.0033575932444669418,0.011243250335107018
0.0026182628097644774,0.0006565800555314928,0.003299422998131455,0.010799967453870579
0.002759705693012808,0.0013154184845583419,0.0023583298560055995,0.011940460173395718
0.002649296537572874,0.0012955404410757172,0.002339709516087981,0.011462685763619413
0.002670748907940877,0.0006495043176814668,0.0033532869297944294,0.011240101727914646
0.0026164048913138,0.0006579749176741024,0.00329484963993806,0.010797302606837644
0.002758666405219329,0.0013167342587619092,0.0023541877260850443,0.011939128931029299
0.002647776554623038,0.0012967670318841642,0.0023352718388378576,0.011460829415410077
0.0026691071146870762,0.0006508738538143414,0.0033489869555304533,0.011236912467013385
0.0026146150364872727,0.0006592805222449394,0.0032903066692138356,0.010794554054517798
0.002757871261724896,0.0013179688482146002,0.002350119973186521,0.011937821364634293
0.0026463201991010453,0.0012979623685223998,0.002330884587451687,0.011458985570643204
0.0026674204338165163,0.0006522779158497558,0.003344739354445835,0.011233778795399958
0.0026127519500499332,0.0006606501107795753,0.0032857946534712613,0.01079189087283091
0.002756900751932363,0.0013192616256675954,0.0023460195062865734,0.011936499962888966
0.0026448341752771964,0.0012991680816556404,0.0023264798601917705,0.011457103284416877
0.0026657563303435403,0.0006536393388534427,0.003340499836222506,0.011230606930808582
0.0026109379215950093,0.0006619510384516734,0.003281308974810484,0.010789160482024284
0.0027561153519452424,0.001320493169121996,0.002341976809140753,0.011935201656211833
0.0026433940746363807,0.0013003491349705965,0.002322115523549881,0.011455224966996937
0.002664056091882812,0.0006550258265475125,0.003336308403718894,0.011227483711977338
0.0026090680151394483,0.0006632976961248967,0.003276855274518513,0.010786500774644736
0.002755207585798513,0.0013217645455476973,0.0023379151758764916,0.011933886250851736
0.0026419409260761265,0.001301533223438755,0.0023177432828825877,0.011453309618488351
0.0026623719271365947,0.0006563773746325468,0.0033321304003019504,0.011224334542969795
0.00260723325929884,0.0006645909532123974,0.003272427945357108,0.01078379090635309
0.002754440016940396,0.0013229894600900673,0.002333898713980388,0.011932593566914096
0.0026405204463264445,0.0013026984577949364,0.002313401634256568,0.011451398330916195
0.0026606579237868776,0.0006577473789604013,0.0033279936096992247,0.011221220691554668
0.0026053545996367615,0.0006659173194711815,0.00326803018414193,0.010781133156506537
0.002753586102904658,0.0013242422488982664,0.002329871291602508,0.011931291024291722
0.002639095821574717,0.0013038626207381794,0.002309058037163583,0.0114494562348846
0.0026589546548319953,0.0006590886534571328,0.003323874560147435,0.011218090676397143
0.0026035012495512675,0.0006672011563642289,0.0032636597902951175,0.010778441736498173
0.0027528420418981916,0.0013254580907619113,0.002325881773251787,0.01193000220200192
0.0026376975814933093,0.0013050103984361123,0.002304740288492125,0.01144750980229189
0.00265722692747238,0.0006604424548838076,0.0033197931877973546,0.011214990665645679
0.0026016129528126674,0.0006685083020351687,0.003259318111960586,0.010775790201178258
0.0027520375025668967,0.0013266932598809628,0.002321887198518673,0.011928709990348441
0.0026362998504771296,0.0013061551887884218,0.0023004239688496977,0.011445541284106778
0.0026555049663440633,0.00066177297361206,0.003315731169705011,0.01121187778627593
0.002599741656169519,0.000669781860493202,0.0032550029056240804,0.010773113921187984
0.002751318581034891,0.0013278995205971748,0.002317923969946455,0.011927428968706594
0.002634923255712802,0.0013072857741307773,0.002296129743928934,0.011443564195060717
0.0026537625870096497,0.0006631113874384786,0.003311704645578498,0.011208791512811562
0.0025978426044638773,0.0006710708307876106,0.003250716637238485,0.010770470451150137
0.002750560266714805,0.0013291177933703229,0.002313961240176418,0.01192614455646142
0.0026335519005488642,0.001308411141211261,0.002291840320292688,0.011441566936131518
0.0026520226778933144,0.0006644303810856103,0.00330769911079664,0.011205697262770986
0.0025959543411402043,0.0006723329943320606,0.00324645633199728,0.010767809407140306
0.002749868603286286,0.0013303133831761437,0.002310024580653293,0.011924871043477357
0.002632197141275354,0.0013095243341550262,0.00228756953067599,0.011439561206914929
0.0026502652089150157,0.0006657540189509479,0.003303726422382764,0.011202624285202108
0.0025940436672295384,0.0006736048685263606,0.0032422239822331783,0.010765173942331773
0.0027491528388793283,0.001331515856525885,0.0023060917365029096,0.011923595991953955
0.0026308505112974507,0.0013106307833994505,0.0022833057232411413,0.011437537036356206
0.002648507802919521,0.0006670612077121411,0.003299776380243608,0.011199547885832996
0.002592139411245507,0.0006748548270828017,0.0032380178316343614,0.010762527600250227
0.0027484905863529798,0.0013326997180659744,0.002302181536890698,0.011922329133097929
0.002629518358246291,0.0013117260153149922,0.0022790583269919535,0.011435502555218004
0.00264673533943058,0.0006683703443982811,0.0032958571911209864,0.01119648949547004
0.0025902167433405642,0.0006761102476744103,0.003233838847209144,0.010759901291906323
0.002747814854352783,0.0013338868665994002,0.0022982773321302773,0.011921063305832784
0.0026281955165639343,0.001312813795272618,0.002274819036879906,0.01143345266471237
0.0026449609249066274,0.0006696655143329999,0.003291961293225263,0.011193429877497163
0.0025882971331635477,0.0006773475604268511,0.003229685639958709,0.010757268343741827
0.002747182728531415,0.001335058554020784,0.0022943929596703294,0.011919804250860096
0.0026268856708146784,0.0013138909963244115,0.002270594644418309,0.011431391125197034
0.00264317335173577,0.0006709605146343411,0.0032880950683165586,0.011190386359055367
0.0025863622180792886,0.0006785869979112694,0.003225559318899106,0.010754652072341954
0.0027465454079835835,0.0013362306421991264,0.0022905164506988526,0.011918546734386644
0.002625586216552454,0.001314960108549686,0.0022663792858634985,0.011429315385864025
0.002641382355898015,0.0006722433969065499,0.0032842525699353043,0.011187343655025623
0.002584427722624586,0.0006798112601081928,0.003221458410744754,0.010752032169487046
0.0027459438807900176,0.001337389756097695,0.0022866575269749243,0.011917295723653434
0.0026242984104736626,0.0013160192929242895,0.002262177498215731,0.011427228187110876
0.002639579549199413,0.0006735245795973827,0.0032804385021709412,0.011184314887774632
0.0025824802264678396,0.0006810351921738247,0.003217383837912222,0.010749426085308862
0.00274534318533871,0.00133854718449852,0.002282807709510779,0.011916046731444228
0.002623021598288242,0.0013170699186634037,0.002257985446691839,0.011425127430539948
0.00263777225698116,0.0006747950281397756,0.0032766486220297975,0.011181288930035081
0.0025805312892887263,0.0006822460675762935,0.003213334520514148,0.01074681905827205
0.0027447727403215705,0.0013396933356692312,0.0022789738860183105,0.011914803403775074
0.0026217557372513467,0.0013181109744368662,0.0022538060276524026,0.011423015103967187
0.0026359542292508503,0.0006760625988957913,0.003272886158918677,0.011178275277040009
0.002578571042664963,0.0006834548336999688,0.0032093109949247267,0.01074422352278815
0.00274420725995286,0.001340836367191297,0.002275149864003143,0.011913562955446972
0.002620500965106661,0.0013191432769699939,0.0022496366086975595,0.011420890281261534
0.0026341309069857176,0.0006773205466013856,0.003269148005864721,0.011175265610326043
0.0025766079940714413,0.0006846521462195827,0.0032053124398290192,0.010741628889760813
0.0027436679487307177,0.0013419693454934,0.0022713405896457924,0.011912327536650467
0.0026192567454279697,0.0013201661991240274,0.002245479161081244,0.011418753723950114
0.0026322977286732364,0.0006785746963975848,0.003265436534152503,0.011172267247147764
0.002574634966832179,0.0006858459907672456,0.0032013392739392013,0.010739044245071305
0.0027431366543418986,0.001343098103728549,0.002267541607503078,0.011911095317528764
0.0026180236200284996,0.0013211802279761288,0.002241331855694057,0.011416605346630918
0.002630458671268076,0.0006798200746378257,0.003261749362247379,0.01116927373159087
0.0025726581139995856,0.0006870296080496725,0.003197390742675921,0.010736461736519253
0.0027426283757062283,0.0013442177611443088,0.002263756322217773,0.011909867948804612
0.0026168006792967945,0.0013221850682740306,0.0022371959374476186,0.01141444552132445
0.002628610402502623,0.0006810609929604606,0.003258088201485469,0.011166290591294138
0.002570672270629192,0.0006882087655089286,0.0031934671952636943,0.010733888057724222
0.0027421302925070574,0.0013453323965758603,0.0022599816269666187,0.011908643916785902
0.0026155887695102705,0.001323180917172386,0.0022330702382797303,0.011412274247383957
0.002626755856836808,0.0006822937708540957,0.003254451304227997,0.01116331310355079
0.002568681877731117,0.0006893785902149922,0.0031895680128750667,0.010731317536872738
0.0027416529046474236,0.0013464386018868753,0.002256219842120752,0.011907424464646361
0.0026143868047715027,0.001324167707771159,0.0022289554831185906,0.011410091808526883
0.0026248925939506514,0.0006835216030741484,0.0032508398200044347,0.011160345234885159
0.0025666832186500084,0.0006905432505685395,0.003185693387432935,0.010728754907397732
0.0027411871514294423,0.0013475392499262642,0.0022524687451251626,0.01190620858794898
0.0026131956653803862,0.0013251454960288506,0.0022248509081931505,0.011407898384667088
0.002623022762861344,0.0006847417916919656,0.003247252480299962,0.011157383548211877
0.002564679499072313,0.0006916992435050138,0.0031818428448107733,0.010726196170218657
0.0027407403931185765,0.0013486319427393136,0.0022487299322661103,0.011904997018716367
0.0026120143330655454,0.0013261143008438045,0.0022207569373975024,0.011405693996964403
0.002621144618809237,0.0006859566706193906,0.003243690062926921,0.011154430978324794
0.0025626680702968874,0.0006928495592833607,0.003178016490176222,0.010723644678516095
0.002740306239455472,0.0013497186933624013,0.002245001814454109,0.01190378913722252
0.0026108435972407376,0.0013270741211581537,0.0022166730507232942,0.011403479023235122
0.002619259715739475,0.0006871642906372663,0.0032401515983440615,0.011151484934796733
0.0025606512221412387,0.000693991713070936,0.003174213904610223,0.010721097551652204
0.0027398897674155652,0.0013507978500906647,0.0022412854403205482,0.01190258544077033
0.0026096825257517736,0.0013280250304628677,0.002212599468260455,0.01140125339071192
0.002617366816643802,0.0006883663468530753,0.00323663761426936,0.01114854759033107
0.002558627095078684,0.0006951278249216787,0.0031704351514084926,0.01071855719550405
0.002739486545594614,0.0013518707912744,0.0022375796989130784,0.011901385446528778
0.002608531832292887,0.001328966980236108,0.002208535854630028,0.011399017457108446
0.002615467048998524,0.0006895614356556671,0.003233147378699035,0.011145617054254323
0.0025565973102942494,0.0006962561501832529,0.0031666798735144174,0.010716021554441683
0.0027391000058690977,0.0013529364012620684,0.0022338852531870604,0.01190018952335801
0.0026073906773178388,0.0013299000842640779,0.0022044822833068786,0.011396771183885523
0.0026135595379868834,0.0006907507875724608,0.0032296812091269275,0.011142694862889015
0.0025545605700099247,0.0006973781873836466,0.0031629480734499155,0.010713492299825515
0.0027387270851115374,0.0013539956226283247,0.0022302013164536712,0.01189899733218794
0.002606259660520662,0.001330824277519228,0.0022004385401234276,0.011394514900335342
0.0026116450997316584,0.000691933400578908,0.0032262385590006194,0.011139779666303674
0.0025525180230185564,0.0006984927179317616,0.0031592394570430643,0.010710968007516716
0.0027383700877493754,0.00135504770244691,0.0022265283000633598,0.0118978090810927
0.002605138074120444,0.001331739678076052,0.0021964046207100553,0.011392248550535349
0.0026097231281019388,0.0006931101597271369,0.003222819604202708,0.011136872554113053
0.0025504687725134852,0.0006996007957473418,0.0031555539847465818,0.010708449819593645
0.0027380268952479398,0.0013560932859431967,0.002222865636163723,0.011896624561584029
0.002604026387943122,0.001332646229851297,0.0021923803737991187,0.011389972471441906
0.002607794208672366,0.0006942803622779744,0.003219423916741921,0.011133972537092016
0.002548413626149517,0.0007007015829420501,0.003151891399261553,0.010705936738665468
0.002737699021390262,0.0013571318755778577,0.002219213559365455,0.011895443888626069
0.0026029240167832423,0.001333544044421971,0.0021883657513159438,0.011387686604584528
0.002605857932957628,0.0006954446393872233,0.0032160515791658157,0.011131080393476855
0.0025463519791099117,0.0007017958120451801,0.0031482516381224285,0.01070342955143228
0.0027373850181696795,0.0013581639040411123,0.002215571661739986,0.011894266906041864
0.00260183132417772,0.0013344330739442202,0.002184360645830741,0.011385391250314023
0.0026039147228504307,0.0006966025045100116,0.0032127022506858935,0.011128195405414234
0.002544284395734007,0.000702882917254108,0.0031446344713032563,0.010700927557378857
0.002737085844632756,0.0013591890545477771,0.0022119400530458484,0.011893093687708555
0.002600747824499728,0.0013353134251375843,0.0021803649792401032,0.011383086386112056
0.0026019643081858965,0.0006977544080243724,0.00320937594243419,0.011125318104286954
0.0025422104757493558,0.0007039634056634301,0.003141039815081551,0.010698431281918486
0.0027368005142461784,0.0013602076157042135,0.002208318434168065,0.011891924114472298
0.002599673789822042,0.0013361850607477468,0.0021763786716976433,0.011380772266391786
0.002600006995920097,0.0006989000178855154,0.003206072380409127,0.011122447981356481
0.002540130614783754,0.0007050369009261405,0.00313746746673795,0.01069594024488901
0.0027365296131665047,0.0013612193906572595,0.0022047068373831943,0.01189075821484277
0.002598608825436998,0.0013370480773277108,0.002172401633247921,0.011378448889928578
0.0025980426149018435,0.0007000396543013043,0.0032027915257462868,0.011119585390433912
0.0025380445546516455,0.000706103753527526,0.003133917324919848,0.010693454783897586
0.0027362724629769533,0.0013622245742975388,0.0022011050345148915,0.011889595907007248
0.0025975531200428718,0.0013379024529528005,0.0021684337966711128,0.011376116485070677
0.0025960713888294475,0.0007011730972859908,0.003199533149494678,0.011116729963747268
0.0025359525731498173,0.0007071637197745565,0.0031303892059256723,0.010690974568212048
0.0027360294006372157,0.0013632230504919164,0.0021975130078362207,0.011888437187217831
0.0025965063565277454,0.0013387482725884326,0.0021644750700383557,0.011373775062923837
0.002594093217655401,0.0007023005737121754,0.0031962971818328186,0.011113881934883565
0.002533854511915974,0.000708217040744387,0.0031268829995175825,0.010688499811120359
0.0027357999570666734,0.001364214950726546,0.0021939305792438675,0.011887281989852479
0.002595468658160314,0.0013395855276010834,0.0021605253929425855,0.011371424823272986
0.0025921082672247533,0.0007034219429748673,0.0031930834244680026,0.011111041034981877
0.002531750567040048,0.0007092635651842658,0.0031233985349875325,0.010686030280502943
0.002735584300820288,0.0013652002142654864,0.0021903576979153605,0.011886130297889425
0.002594439767158951,0.0013404142943220895,0.0021565846741291345,0.011369065796547052
0.0025901164866263195,0.0007045373670420299,0.003189891785847284,0.011108207407902117
0.00252964064908852,0.0007103034593504247,0.0031199356953421735,0.01068356610334264
0.002735382103136645,0.0013661789310791615,0.0021867942196871944,0.011884982052725708
0.0025934197564602547,0.0013412345748323308,0.002152652857381798,0.011366698152469639
0.0025881180025326034,0.0007056467605247751,0.003186722091158249,0.011105380858262
0.0025275248993311245,0.000711336634672031,0.003116494321704266,0.010681107116968167
0.0027351934239486387,0.0013671510763136657,0.00218324007466155,0.011883837225680673
0.0025924084161063777,0.0013420464379175817,0.002148729854749242,0.01136432193592814
0.0025861127980142972,0.0007067502404768228,0.003183574233983446,0.011102561464999728
0.00252540327461737,0.0007123632075009608,0.003113074291926584,0.010678653387214356
0.002735018024232859,0.001368116714698359,0.0021796951405039845,0.011882695765976722
0.0025914057783905523,0.0013428498957792567,0.0021448156111149403,0.011361937295340456
0.0025841009728471806,0.0007078477601044674,0.0031804480555834664,0.011099749082118701
0.0025232758797675407,0.0007133831314500265,0.0031096754562130033,0.010676204797661373
0.00273485589582236,0.0013690758442609662,0.002176159337383867,0.01188155763500644
0.002590411671432499,0.0013436450104872119,0.002140910043990842,0.011359544283166972
0.002582082533795726,0.0007089394054210005,0.0031773434411658153,0.01109694374539823
0.0025211427030009614,0.0007143964895720225,0.003106297690042282,0.010673761374361344
0.002734706857380061,0.0013700285143270234,0.0021726325579409524,0.011880422785156837
0.0025894260967888176,0.0013444318027071946,0.0021370130984281854,0.01135714303031678
0.002580057562445668,0.0007100251562864866,0.003174260242958086,0.01109414534116882
0.002519003824898705,0.0007154032638677589,0.003102940850192093,0.010671323029512559
0.0027345708579601686,0.001370974738056276,0.0021691147172567225,0.011879291173373618
0.002588448910921372,0.0013452103297783148,0.0021331246971363622,0.011354733596012075
0.0025780260816139866,0.0007111050778983552,0.00317119834125053,0.011091353874842414
0.002516859254651097,0.0007164035156566374,0.003099604811291754,0.010668889763028601
0.0027344477530171327,0.0013719145556311562,0.0021656057185856065,0.011878162751691576
0.0025874800932575988,0.0013459806188263722,0.0021292447855632123,0.011352316094777649
0.0025759881612671775,0.0007121791680265746,0.0031681575964783693,0.011088569255358147
0.002514709057483337,0.0007173972454830027,0.003096289435618768,0.010666461505639567
0.002734337466160069,0.0013728479897904852,0.0021621054755134777,0.011877037473945237
0.002586519521424449,0.001346742723837675,0.0021253732913159044,0.011349890590662706
0.002573943834935034,0.0007132474782237582,0.003165137886167237,0.011085791466382843
0.002512553256209316,0.0007183845010336957,0.003092994597490519,0.010664038239282336
0.00273423987513182,0.001373775076105382,0.0021586138984198582,0.011875915292125264
0.0025855671585662543,0.0013474966772621594,0.0021215101600499044,0.011347457185434227
0.002571893165223628,0.0007143100182743359,0.0031621390767675077,0.011083020431481105
0.0025103919066456364,0.00071936529475767,0.003089720163844182,0.010661619906209544
0.002734154889692196,0.0013746958431469342,0.002155130901776323,0.011874796156947353
0.0025846228983716735,0.0013482425305688752,0.002117655324110855,0.01134501594475226
0.0025698361929821973,0.0007153668308459338,0.003159161044881155,0.011080256119963355
0.002508225040493657,0.0007203396659690428,0.0030864660095487433,0.01065920647675962
0.0027340824007431406,0.0013756103245435771,0.002151656401164101,0.011873680019798497
0.0025836866923645246,0.0013489803205260595,0.002113808729487695,0.011342566960396943
0.0025677729762761223,0.0007164179337149015,0.0031562036612441356,0.01107749846404876
0.0025060527079426597,0.0007213076347296275,0.003083232005138321,0.010656797899429346
0.0027340223109828046,0.0013765185526270053,0.0021481903130174556,0.011872566829536971
0.0025827584458745453,0.0013497100970307602,0.0021099703127498743,0.011340110298329115
0.0025657035608282037,0.0007174633639937517,0.0031532668026950346,0.011074747423391228
0.002503874946453222,0.000722269235406454,0.003080018026647538,0.010654394137250799
0.0027339745191777413,0.001377420560552881,0.0021447325570416826,0.011871456535980965
0.0025818381026851806,0.0013504319001476212,0.002106140020606692,0.011337646041550515
0.002563628002157358,0.0007185031446203735,0.0031503503433490832,0.011072002935492571
0.002501691803103967,0.0007232244928150162,0.0030768239477433693,0.0106519951419111
0.002733938925045665,0.0013783163831103393,0.002141283052273716,0.01187034908669787
0.002580925576459357,0.0013511457789586738,0.002102317793271406,0.011335174255490615
0.0025615463492189815,0.0007195373094001721,0.0031474541607865616,0.011069264953191592
0.0024995033190196594,0.0007241734386400125,0.0030736496457963213,0.010649600871521558
0.0027339154317830437,0.0013792060539311436,0.0021378417217573897,0.011869244430060818
0.002580020805884753,0.0013518517761258713,0.0020985035784441943,0.01133269501584876
0.002559458656271575,0.0007205658845775844,0.0031445781318945034,0.011066533416931777
0.002497309539836014,0.0007251161005797736,0.0030704949972369467,0.01064721127918454
0.002733903938730084,0.001380089609401326,0.0021344084874783094,0.011868142512238982
0.002579123710727918,0.001352549940357395,0.0020946973195816758,0.011330208386386629
0.002557364974473371,0.0007215889020853322,0.0031417221354606987,0.011063808274942442
0.0024951105090211573,0.0007260525090438505,0.003067359880998957,0.010644826319722774
0.0027339043515128016,0.0013809670841363217,0.0021309832753351253,0.011867043280310043
0.002578234226466671,0.0013532403164158108,0.002090898965514869,0.011327714436840414
0.0025552653576108478,0.0007226063902703691,0.0031388860506039035,0.011061089468861779
0.0024929062717450705,0.0007269826934802988,0.0030642441759223937,0.010642445946366822
0.0027336967489936036,0.0013817274085284855,0.002127394942736502,0.011864992594230623
0.0025774325341775383,0.0013539084703357625,0.0020871297512775207,0.011325378830572675
0.0025531479076315662,0.0007235989509063313,0.0031360422541796603,0.011058181298396273
0.0024906889605973096,0.0007279035922654923,0.003061092331956932,0.010639928451168176
0.0027332881683999138,0.001382439226284959,0.0021236229758227363,0.011862350850681934
0.0025765833025164515,0.0013546083097435591,0.0020833256488436043,0.011323183127090502
0.0025509893337013496,0.0007246052873377533,0.0031332146178816456,0.011055184043971947
0.0024884442899705387,0.0007288258198832568,0.003057973330480717,0.010637374174521002
0.00273291713809702,0.0013831388628745046,0.0021198685132857165,0.011859678973608151
0.0025757881683908406,0.0013552894055317236,0.0020795329865449315,0.0113208922459517
0.0025488419659402675,0.0007255945425220884,0.0031304182893040784,0.011052282088245786
0.0024861959875380163,0.0007297372206743375,0.003054914520370283,0.010634890758565552
0.0027325481175513224,0.0013838170141004236,0.0021161577999073396,0.011856918694858675
0.002575009233443363,0.0013559578619246277,0.002075764018913424,0.011318567448901974
0.002546692364793998,0.0007265748482225362,0.00312761340595163,0.011049371579946022
0.0024839418124326805,0.000730645498131744,0.0030518336196134538,0.010632374758449439
0.0027321661967243806,0.0013845071948218133,0.0021124378950504092,0.011854248953153087
0.0025741941133443054,0.0013566353872306238,0.0020719987510741146,0.011316314915258623
0.002544520019598755,0.0007275628089638553,0.003124829476138546,0.011046432632377121
0.002481683825955376,0.0007315501288758556,0.0030487610087876612,0.010629865244705331
0.002731818215047475,0.0013851861185638261,0.002108718133884528,0.011851526850873765
0.002573414840469327,0.0013572936528835444,0.0020682473461723205,0.011313999434472791
0.0025423489912868302,0.0007285406145161953,0.0031220860942901005,0.011043534959786444
0.0024794237120161597,0.0007324458293746661,0.0030457309387924942,0.010627379403100747
0.0027314899857821553,0.001385851467747504,0.0021050109065772335,0.011848777298896454
0.0025726534535855466,0.0013579462339083444,0.002064491994045081,0.01131167810889431
0.002540173015483656,0.0007295165625954613,0.00311934130964336,0.01104062623831019
0.0024771495607282343,0.0007333448183930513,0.003042708117758415,0.01062487205802219
0.0027311457765935,0.0013865189187223124,0.002101305985430105,0.011846073546058773
0.002571885985769626,0.0013585975648690814,0.002060739596031346,0.011309384242066733
0.002537993032140978,0.0007304874101540798,0.0031166048693248623,0.011037713883632814
0.002474879067007592,0.0007342333564017169,0.003039694579308411,0.01062237579663035
0.0027308271373543674,0.0013871725733437274,0.002097613791102142,0.011843333137640863
0.0025711320169489607,0.0013592336743582754,0.002057007836286346,0.011307051409648373
0.002535807865840462,0.0007314531241997773,0.0031138999022742426,0.011034828457368471
0.002472604775485086,0.0007351161449468947,0.0030367021695084824,0.010619896198861433
0.0027305201745223746,0.0013878206255499115,0.0020939251400206387,0.011840580981712038
0.0025703879022608896,0.0013598652306897406,0.002053279049212329,0.011304723008832857
0.0025336121844978647,0.0007324159297456273,0.003111208807427166,0.011031930554199681
0.0024703183223681317,0.000735996896858637,0.003033725969456692,0.010617403157365618
0.0027302155075363556,0.0013884664730323115,0.00209024163251606,0.011837847029905616
0.0025696477236483548,0.0013604935398470789,0.0020495530044526895,0.01130239686449951
0.002531411038833206,0.0007333740879430561,0.0031085316182762395,0.0110290419945794
0.002468027098114731,0.0007368713464146839,0.0030307706566858276,0.010614922648642066
0.002729922217839544,0.0013891012193992776,0.0020865738307848766,0.011835087663019352
0.002568921104757895,0.0013611097848170491,0.0020458429308827944,0.011300047302080018
0.002529207274818097,0.0007343243956246616,0.003105873204159729,0.011026168678973464
0.0024657335892478475,0.0007377383108071339,0.0030278296730978918,0.010612450043331126
0.0027296369678842408,0.0013897302787853046,0.002082912362313379,0.011832326740593393
0.002568195249996464,0.0013617209634102108,0.002042140465722393,0.011297702198220207
0.0025269939014074664,0.000735272374581461,0.0031032318528720327,0.011023290846813631
0.00246343289332191,0.0007386014620104639,0.0030249022652520394,0.010609974389380352
0.0027293601111017473,0.001390354620884268,0.0020792544495450913,0.011829569094300033
0.0025674781392714197,0.0013623251698032801,0.0020384438938601695,0.011295353657822485
0.0025247755624550343,0.000736214827518206,0.0031006099807928296,0.011020419902214659
0.0024611281079509723,0.0007394579852760845,0.0030219967342680985,0.010607506443660037
0.0027290950076477726,0.0013909693959519198,0.0020756067398156027,0.01182679551315079
0.0025667724270462254,0.00136292013433091,0.002034755682913842,0.011292989996137306
0.0025225539075161125,0.0007371512878526987,0.0030980044721107183,0.011017558677650165
0.002458818615872707,0.0007403090625308294,0.003019108130713344,0.01060504237448034
0.002728835119229832,0.001391578021800371,0.0020719664858406548,0.01182402314377339
0.0025660712738513544,0.0013635087960891046,0.0020310746816030014,0.011290628653178394
0.0025203264567948674,0.0007380830076506459,0.0030954137257716433,0.011014697174168918
0.002456504877446698,0.0007411543925982947,0.003016233147593852,0.010602579252237808
0.0027285837484206897,0.0013921804319376862,0.0020683323528691367,0.011821248242459366
0.002565376048190346,0.001364089977876688,0.0020274021719829567,0.011288260933314892
0.0025180936696392827,0.0007390097039519765,0.0030928427633529335,0.011011843337712135
0.002454187298962395,0.0007419933937663733,0.0030133768116821025,0.010600123146072097
0.0027283434646120145,0.0013927750910111216,0.0020647059970223536,0.011818462644385425
0.0025646906011841802,0.0013646631091117556,0.002023737663992875,0.011285884245514752
0.002515855855271451,0.0007399310123062796,0.003090289472812555,0.011008995081296016
0.002451864218632676,0.0007428271228395743,0.003010538123121107,0.010597669513152226
0.002728109306873843,0.0013933640595206523,0.0020610864450064863,0.011815676460652418
0.0025640107804616925,0.0013652302902014603,0.0020200793630626274,0.011283505869084835
0.002513612662566843,0.0007408474550522536,0.0030877515587414486,0.011006149883409139
0.002449536360949304,0.0007436552659406594,0.0030077156289951713,0.010595218636568583
0.0027278831437404926,0.0013939464125401735,0.002057474716760221,0.01181288594989532
0.002563338081315203,0.001365789972221948,0.002016429683797927,0.011281120773765977
0.0025113649339281456,0.0007417584492165933,0.003085231322120575,0.01100331177217982
0.0024472049065549124,0.0007444772165912935,0.0030049099374540172,0.010592773549165418
0.0027276659348066056,0.0013945219571985356,0.002053870237974191,0.011810088012608194
0.002562672373946117,0.0013663424334814777,0.002012787975668076,0.011278729335175267
0.0025091119872484836,0.000742664548723882,0.0030827285176572125,0.011000478160493859
0.0024448688143913766,0.0007452937518303258,0.003002120556530135,0.010590331033475182
0.0027274565358767406,0.001395091719445142,0.002050271811969902,0.011807288145031524
0.0025620132285056577,0.00136688852755517,0.002009152705668012,0.01127633479519826
0.0025068539417509588,0.0007435658781898658,0.00308024230462855,0.010997648265487948
0.0024425282170148187,0.0007461048577042894,0.0029993480645065748,0.010587891707869009
0.002727255203302452,0.001395655040993815,0.00204668040124313,0.011804483137312718
0.0025613615817864335,0.0013674275279005575,0.002005524718390293,0.011273933570148057
0.0025045916918625833,0.0007444619619055592,0.0030777728486136744,0.010994824456072198
0.0024401838032790243,0.0007469101934331336,0.0029965922991919266,0.010585456697847984
0.0027270620298449574,0.001396211898322161,0.002043096100911139,0.01180167296603462
0.00256071671427128,0.0013679596893323,0.002001904110312449,0.01127152718420652
0.002502324733515345,0.0007453531892941491,0.0030753197996998406,0.010992004961127611
0.002437835231891121,0.0007477101412384525,0.0029938522379814375,0.010583024596072087
0.0027268764179612815,0.001396762985521371,0.0020395179922505485,0.011798859676606299
0.0025600781294544527,0.0013684854149801865,0.0019982904163257393,0.011269116640617046
0.0025000529703329143,0.0007462396579508397,0.0030728834412970646,0.010989189669161101
0.002435482628735713,0.0007485045785233092,0.002991128513210854,0.010580595898857178
0.002726699220869424,0.0013973078992014828,0.0020359465274956846,0.011796041256690296
0.002559446756090866,0.001369004386116934,0.0019946838238300954,0.011266699976604063
0.0024977767565009493,0.000747121230350415,0.0030704637939324457,0.010986379635973247
0.0024331259456117373,0.0007492936172649041,0.002988421320529417,0.010578170872941548
0.002726529698568352,0.0013978468385571726,0.002032381752380847,0.011793218250353383
0.0025588221220158597,0.0013695169102379834,0.001991084121586075,0.011264278309128324
0.002495496040650126,0.0007479979925260739,0.0030680601694607172,0.010983573825322114
0.002430765204270805,0.000750077320268034,0.002985729952783399,0.010575748734708785
0.00272636770615781,0.0013983800134449564,0.002028823493703659,0.011790391590942865
0.0025582038362857236,0.001370023079751629,0.0019874913915622506,0.0112618518582305
0.002493210850490855,0.000748870029274147,0.003065672789830237,0.010980772526588118
0.0024284006377865274,0.0007508556344158596,0.002983054479848933,0.010573330063137383
0.002726213628960115,0.0013989072811978424,0.0020252717762895564,0.011787559980971227
0.0025575922986803496,0.0013705227378845402,0.0019839057436589567,0.011259419778574248
0.00249092131555404,0.0007497373050288588,0.0030633017744130875,0.010977975873401073
0.002426032241840283,0.0007516286163815423,0.002980394938486352,0.01057091463140468
0.0027260672569274533,0.0013994288103129022,0.00202172643554708,0.011784724077209454
0.0025569872697631638,0.0013710161401130853,0.0019803268244017423,0.011256982771336726
0.0024886274050468227,0.000750599950741494,0.0030609467374266373,0.010975183334267311
0.0024236599373362523,0.0007523964046871148,0.0029777511567477483,0.010568502083013128
0.00272592834933591,0.0013999446852422093,0.002018187477318985,0.011781884123219158
0.0025563887436777883,0.0013715032915074241,0.0019767546689705507,0.0112545407146479
0.00248632931865176,0.0007514579051998212,0.003058607605508366,0.010972395156964198
0.0024212839613973534,0.0007531589091366764,0.002975123083020746,0.010566092707495372
0.0027257970477946656,0.0014004548319449177,0.002014655002732733,0.011779039540248594
0.002555796684822592,0.001371984165021982,0.0019731893969209395,0.011252093292231136
0.0024840270891453345,0.0007523112235727588,0.003056284367293407,0.010969611336605211
0.002418904325187907,0.0007539162069555625,0.0029725105340013677,0.010563686359416954
0.002725673182375991,0.0014009594208740437,0.0020111288346303254,0.01177619074021789
0.002555210938480538,0.0013724589151366136,0.0019696308617734347,0.011249640956181674
0.002481720693196516,0.0007531599759893615,0.0030539768928480246,0.010966831510000552
0.0024165210290839263,0.0007546683478173128,0.0029699134398489414,0.010561282842614492
0.002725556729397534,0.001401458500512266,0.0020076089602036077,0.011773337689910568
0.0025546315217470452,0.0013729275740753848,0.0019660790292144897,0.011247183473413342
0.002479410249163922,0.0007540041662740061,0.0030516851303806335,0.010964055869499296
0.002414134152041463,0.0007554153440773018,0.0029673318260073044,0.010558882289330671
0.0027254476407333277,0.0014019520706063519,0.0020040954526148198,0.01177048016310244
0.0025540584387409907,0.0013733901647653066,0.001962533921284735,0.011244720778321428
0.002477095834318908,0.0007548438066107781,0.0030494089261350406,0.010961284311101322
0.0024117437418967646,0.000756157235025064,0.0029647655027836223,0.01055648454613062
0.0027253457601044023,0.0014024402462008815,0.0020005882345770954,0.011767618426640243
0.0025534914916083887,0.001373846796755081,0.0019589954829419484,0.011242253094926099
0.0024747774668305213,0.0007556789604860324,0.00304714818334472,0.010958516676348925
0.002409349858626961,0.0007568940521823471,0.0029622143559892384,0.010554089552898653
0.0027252511013051667,0.0014029230644246704,0.001997087277155936,0.011764752381107347
0.0025529307048851916,0.0013742974857887337,0.001955463715498246,0.011239780286359623
0.0024724552322536193,0.0007565096417440115,0.003044902878207731,0.010955753006588093
0.0024069525696535773,0.000757625817658603,0.0029596783614198843,0.010551697323182762
0.002725163612643827,0.0014034005676540095,0.0019935925635582927,0.011761881947865014
0.0025523760383312807,0.0013747422939574302,0.0019519385623658937,0.01123730235145828
0.0024701291888699992,0.0007573358873437167,0.00304267287731842,0.010952993190711746
0.002404551901637797,0.0007583525830805109,0.0029571574089391475,0.01054930772255146
0.002725083177264704,0.0014038728360921012,0.001990104060102534,0.0117590072883239
0.002551827406826643,0.00137518129561537,0.0019484199786395143,0.01123481939511562
0.0024677994010184807,0.0007581577284240255,0.003040458062055304,0.010950237145260503
0.002402147925310663,0.0007590743721117938,0.002954651397297221,0.010546920719993969
0.002725009753806615,0.0014043399090020929,0.0019866217608218713,0.01175612831263908
0.0025512847691994424,0.0013756145240327278,0.0019449079712149774,0.011232331327465142
0.002465465941288435,0.000758975189117565,0.0030382583727825516,0.01094748486791483
0.0023997407083695163,0.0007597912090705573,0.002952160242333012,0.010544536291791147
0.0027249432975922205,0.0014048018433526013,0.0019831456353833266,0.011753245014141905
0.002550748070489077,0.0013760420422254409,0.001941402504512634,0.011229838188285712
0.0024631288537664076,0.0007597883105905279,0.0030360737130187207,0.010944736247226207
0.002397330283617844,0.0007605031401705941,0.002949683848508862,0.010542154338598727
0.002724883722609447,0.0014052587127609346,0.00197967564518372,0.011750357455113845
0.002550217251148719,0.0013764639176322782,0.0019379035334528834,0.011227340004726975
0.00246078820260548,0.0007605971226940939,0.0030339039855232447,0.010941991225605793
0.0023949167090725663,0.000761210193310686,0.0029472221435843946,0.010539774821296057
0.0027248309837841246,0.0014057105596739358,0.0019762117893423626,0.01174746558446759
0.002549692277873376,0.0013768801940626013,0.0019344110464762905,0.011224836728756283
0.0024584440589509467,0.0007614016513493246,0.003031749100804086,0.010939249772042196
0.002392500042566967,0.0007619124006995155,0.0029447750351697033,0.010537397696574934
0.00272478500682753,0.0014061574460630451,0.0019727540426166517,0.0117445694143557
0.002549173082534,0.0013772909343003155,0.0019309250155062703,0.011222328395020784
0.0024560964762483026,0.000762201932315469,0.00302960896121844,0.010936511793341767
0.00239008033565886,0.0007626097970263764,0.0029423424209178498,0.01053502288690319
0.002724515873443554,0.0014064807728484158,0.001969136242238265,0.011740678434609629
0.0025487531077108146,0.0013776814294623515,0.0019274664542171828,0.011219986070121974
0.00245373001958351,0.0007629760258139101,0.00302744821075977,0.010933577967379465
0.002387643504310977,0.0007632997393284786,0.002939865400016296,0.010532510278418257
0.0027240134921500425,0.001406750371668766,0.0019653343656948785,0.01173612257138219
0.0025482854994808572,0.0013781075249516554,0.0019239742396671906,0.011217788066211447
0.0024513248562735173,0.000763762258793524,0.003025291452215601,0.010930547286550624
0.0023851848389947247,0.0007639888435148163,0.0029374097513208243,0.010529953463721594
0.002723551653793218,0.001407008505097928,0.0019615494964977374,0.011731539587250917
0.002547862812548522,0.0013785174131385853,0.0019204931097129827,0.011215495653415493
0.00244893271715419,0.0007645366660071625,0.003023167759314986,0.010927612871550361
0.002382725846105741,0.0007646716904608996,0.002935011631994018,0.010527468851784122
0.0027230912194970576,0.0014072487991676134,0.001957804072876609,0.011726876098521546
0.0025474621954229303,0.001378916082701861,0.0019170309677199104,0.011213169401162909
0.002446540757964875,0.0007653013587786465,0.003021030728071283,0.010924665636528792
0.0023802596624261014,0.0007653522292408581,0.0029325915234919213,0.010524947334220432
0.002722609846491737,0.001407500870217877,0.0019540506080785685,0.011722287879246987
0.0025470242514868753,0.001379327619197476,0.0019135693764886369,0.01121091651401215
0.0024441298307139796,0.0007660750281723946,0.003018901869311726,0.01092169059917216
0.002377792097199589,0.0007660309948022474,0.002930171510140191,0.010522431630997026
0.0027221565990651485,0.0014077443420425328,0.0019503011754480211,0.011717658530168942
0.002546615322448972,0.0013797206503473455,0.0019101247450718293,0.011208603290988675
0.0024417247450462805,0.0007668399109008459,0.0030168105832102015,0.010918754957703357
0.0023753299641539488,0.0007667005383071756,0.0029277838515685706,0.010519940187270583
0.002721727039031986,0.001407976811989727,0.0019465605052414914,0.011713002208245168
0.0025462211085189776,0.0013801103155129807,0.0019066757793721352,0.011206283848376119
0.0024393128476711576,0.0007676064698589762,0.0030147195805567406,0.010915805289026217
0.0023728519580865637,0.0007673767186373036,0.0029254031174876004,0.010517424605871269
0.002721278291579787,0.0014082133959475765,0.0019428192561377262,0.011708385352814371
0.002545826229714654,0.0013805018239872206,0.001903224191763364,0.01120399334855014
0.0024369004217830136,0.000768367952265576,0.003012628551875852,0.010912849030718945
0.0023703779920704747,0.000768044356298263,0.0029230310975066143,0.010514916114910268
0.002720847639621856,0.0014084378943806778,0.0019390945491841833,0.011703737999532136
0.0025454398837257953,0.0013808805503443416,0.0018997913531964591,0.011201662960999576
0.0024344884207637314,0.000769125138730347,0.0030105601901936254,0.010909921556929972
0.0023679050866573397,0.0007687067392943045,0.0029206720232956354,0.010512425229567343
0.002720426433798029,0.0014086583247088166,0.001935375437998808,0.011699080988970916
0.0025450599920733732,0.0013812557992392955,0.0018963650808155811,0.011199339939105228
0.0024320670977802297,0.0007698808779109005,0.0030085030860682546,0.010906978663448457
0.0023654231162088713,0.0007693679699682851,0.002918321334172006,0.010509920414562814
0.0027200055552560557,0.0014088794704378896,0.0019316578324942084,0.011694437898206188
0.0025446812261285994,0.0013816307498805765,0.001892939590097942,0.011197019756055103
0.0024296413925929453,0.0007706341431638925,0.003006458366069052,0.010904041704864666
0.002362937713591086,0.0007700247796833238,0.0029159902859772647,0.010507424445729635
0.002719595647812434,0.001409091432547753,0.001927955552820031,0.011689773981854248
0.0025443174596685328,0.001381995908595018,0.0018895260660106352,0.011194676321424681
0.0024272168630098856,0.0007713805547164695,0.0030044265167042646,0.010901119036079304
0.00236045124428208,0.0007706762467506322,0.002913671579741003,0.010504934958991404
0.0027191871223464204,0.0014092995815103255,0.001924261446753634,0.011685109210159335
0.002543952447839323,0.0013823582340238504,0.001886119249914437,0.011192337699497432
0.0024247866995138825,0.000772124899989149,0.0030024042246704404,0.010898190819079497
0.002357961194297224,0.0007713242280229548,0.0029113596928367126,0.010502441138126687
0.0027187843559240634,0.0014095046284081304,0.0019205720521215245,0.011680448700711119
0.0025435922065940083,0.0013827154672121367,0.001882719378699316,0.011189997422698718
0.002422353835368506,0.0007728655230892956,0.0030003980743076313,0.010895267524056148
0.0023554703742151638,0.0007719669289594698,0.0029090636177284733,0.010499954203400903
0.00271839188070686,0.0014097030136550274,0.0019168913158234481,0.01167577497666143
0.002543241277256456,0.0013830656988416921,0.0018793264537275783,0.011187642442906468
0.0024199197215860006,0.0007736017442160531,0.00299840604675533,0.010892351178983909
0.0023529767219607153,0.0007726056388826971,0.0029067820206081212,0.01049746865142123
0.002718003200310817,0.0014098972058031564,0.0019132177888035726,0.01167110314794888
0.0025428951337854167,0.0013834121524419149,0.0018759381835731657,0.011185289789343095
0.0024174826259280853,0.0007743344123120501,0.002996423414070853,0.010889433149323008
0.002350480074255701,0.0007732405577560615,0.00290451131255117,0.01049498222370108
0.0027176179157616907,0.0014100873427128097,0.0019095517507728475,0.011666430561929281
0.002542553021708629,0.0013837534315773272,0.0018725573103357484,0.011182931204921273
0.002415044025097409,0.0007750626990253954,0.002994454395176086,0.010886521321035023
0.002347983075277686,0.000773869891611103,0.002902253733040311,0.010492501275764466
0.0027172414333405583,0.0014102717752874597,0.0019058944436117337,0.011661750027377843
0.0025422173914661835,0.0013840887464474628,0.0018691846091722407,0.01118056438210829
0.0024126027757953574,0.0007757872548784591,0.0029924994899051633,0.010883613404020843
0.0023454833025398527,0.0007744953578864671,0.002900008667494346,0.01049002182441521
0.0027168690055301235,0.0014104530495994202,0.00190224320092972,0.011657069490447428
0.0025418860618634177,0.0013844204045231562,0.0018658170709512096,0.011178196388908568
0.0024101584532615467,0.0007765082784326206,0.00299055657275191,0.010880705854910595
0.002342980859678217,0.0007751166452939323,0.002897776533318505,0.010487542726920512
0.002716502489131967,0.0014106299522387358,0.0018985997682516276,0.011652386275430155
0.0025415606864909474,0.0013847471000776649,0.001862456095390475,0.011175821583722859
0.0024077125806736825,0.0007772252215983452,0.0029886265609139163,0.010877803824554024
0.0023404768699155456,0.0007757334615945718,0.0028955578817705953,0.010485067595615127
0.002716141552519213,0.0014108022582621023,0.0018949645085537268,0.011647698044693353
0.0025412408906460974,0.0013850687904861346,0.0018591020899812614,0.011173440755635656
0.00240526478067541,0.0007779382119416913,0.0029867088058526652,0.01087490454528936
0.0023379711007189764,0.00077634598309665,0.0028933507986597003,0.01048259345854417
0.002715785727069107,0.0014109709681892797,0.0018913358468362908,0.011643009185409357
0.002540925207070256,0.00138538640870406,0.0018557540421546212,0.011171057145221638
0.0024028144800429313,0.0007786478855713287,0.0029848035789642314,0.010872007101985305
0.002335463470652738,0.0007769544463994292,0.00289115601598493,0.010480120938098091
0.002715435942919822,0.001411135664799442,0.001887714139784075,0.011638317020272449
0.002540615465639624,0.00138569922587835,0.0018524122461355762,0.01116866717549719
0.002400362591638297,0.0007793537028767915,0.0029829113685442216,0.010869113470987384
0.0023329543649469333,0.0007775586084416531,0.0028889743146021537,0.010477650756044314
0.0027150920816474754,0.001411296265418381,0.0018840997019679616,0.0116336214894318
0.0025403111625490367,0.001386007647399894,0.0018490763580467928,0.011166271906340975
0.002397908805715682,0.0007800559773629599,0.0029810311585260906,0.010866222353591422
0.0023304432890951447,0.0007781589151492302,0.00288680473966708,0.010475181633462907
0.002714753002557751,0.001411453338866976,0.0018804921393092173,0.011628924547072437
0.002540011751511866,0.001386311955038746,0.001845746383624282,0.011163872607204691
0.002395453211788816,0.0007807546370593499,0.0029791629285306825,0.010863333591724391
0.002327930769601593,0.0007787550414653383,0.0028846472447580053,0.010472714195532213
0.0027144197068827494,0.0014116065783916702,0.0018768917576325302,0.011624224393172204
0.0025397174858170766,0.0013866118422832298,0.0018424227511069193,0.011161467289039712
0.002392995926102787,0.0007814497493855709,0.0029773072828753306,0.010860448175890014
0.0023254167806970216,0.0007793471163705032,0.0028825020363497937,0.010470248740949765
0.0027140920233959544,0.0014117562088424432,0.00187329831622397,0.011619521446606803
0.002539428435657817,0.0013869075923472042,0.0018391050916852344,0.011159057067679935
0.002390536782609705,0.0007821414041106723,0.0029754637499245047,0.010857564900603908
0.0023229010787614315,0.0007799353139937796,0.0028803688823914454,0.01046778433669034
0.002713769520231689,0.0014119024610287053,0.0018697116695593188,0.011614816498815024
0.002539144312887599,0.0013871993883628965,0.001835793198307181,0.011156641951622578
0.0023880759780403704,0.0007828296128406454,0.002973632216849457,0.010854684183500954
0.002320383918312423,0.0007805195612892615,0.002878247925347281,0.010465321487652052
0.0027134525303801455,0.0014120451168681972,0.0018661321476235427,0.011610108658267778
0.002538865450906539,0.0013874870062739392,0.001832487377209114,0.011154221183129153
0.002385613715735958,0.000783514305672205,0.0029718127029355673,0.010851806241978611
0.0023178654226750856,0.0007810998723959721,0.002876138921657203,0.01046286014975412
0.0027131407857703804,0.0014121843897238707,0.0018625595187506646,0.011605398395263465
0.002538591415549715,0.001387770690050831,0.0018291874465051964,0.0111517954492077
0.002383149857531592,0.000784195638753491,0.002970005050519603,0.010848930452586864
0.0023153455472549145,0.0007816763333315336,0.0028740416756119222,0.010460399916154387
0.0027128343613321442,0.0014123203693457917,0.0018589936780082788,0.011600685949642916
0.002538322321515687,0.0013880504569991942,0.0018258933600144962,0.011149364609834712
0.002380684534467463,0.0007848736068422339,0.0029682093323252796,0.010846057026803468
0.0023128244045967036,0.000782248941869578,0.0028719563668578125,0.010457941038679286
0.0027125333010028876,0.0014124530205516597,0.001855434736657684,0.01159597085737432
0.00253805825577462,0.0013883262991407005,0.0018226051229003003,0.011146928256544062
0.002378217855340057,0.0007855482022784475,0.002966425425769123,0.010843185987312185
0.0023103020080696302,0.0007828177425036993,0.0028698828819382514,0.010455483336157242
0.002712237420110224,0.0014125824635007056,0.0018518826572308644,0.011591253526844189
0.0025377990375939014,0.001388598359431533,0.0018193226697327315,0.011144486823726514
0.0023757498085557427,0.0007862194875966765,0.0029646531420872667,0.010840317040654546
0.002307778385735744,0.0007833827815525306,0.002867821049726762,0.010453026687735564
0.002711946650040894,0.0014127087726354545,0.001848337423095559,0.011586533941095368
0.0025375446106174434,0.001388866654899556,0.001816046048802358,0.01114204009912094
0.0023732804933052206,0.0007868874629125945,0.002962892525800124,0.010837450316245025
0.002305253666386195,0.0007839440325088402,0.0028657708695480526,0.010450571199199859
0.0027116611126075767,0.001412831955272779,0.0018447990595368696,0.011581811924137486
0.002537294997202548,0.0013891312133664075,0.0018127752602447845,0.011139587974845336
0.0023708099361730993,0.0007875521767063545,0.002961143526731335,0.010834585714854262
0.00230272783097016,0.0007845015747806389,0.002863732265887558,0.010448116720503279
0.002711380637357108,0.0014129521355872314,0.001841267488166577,0.011577087716061285
0.0025370501132181713,0.0013893921448400665,0.0018095102072271676,0.011137130634351388
0.0023683381840717103,0.000788213655169194,0.0029594060095751835,0.010831723066368034
0.0023002009342897524,0.0007850554257609022,0.0028617051769998817,0.010445663153510192
0.0027111052294610427,0.0014130693394654847,0.0018377427414898403,0.011572361285439132
0.002536809945414964,0.0013896494682369787,0.0018062509049188592,0.011134667909671731
0.002365865332917973,0.0007888719142634784,0.0029576799322877595,0.010828862453702577
0.002297673057366539,0.0007856056065398033,0.0028596895534180817,0.010443210544869182
0.0027108348494657556,0.0014131836140233757,0.001834224821405368,0.011567632590895561
0.0025365744571537977,0.0013899032277628668,0.0018029973522290796,0.011132199801101281
0.0023633914281429636,0.0007895269808264957,0.00295596521143739,0.010826003743609236
0.0022951442414874353,0.0007861521491638043,0.002857685278613784,0.010440758762693523
0.002710569440797844,0.001413295045732257,0.0018307136750724206,0.01156290177344143
0.002536343560467469,0.0013901535032099198,0.00179974950258414,0.01112972637524343
0.0023609165056728216,0.0007901789003519927,0.00295426178473234,0.010823146851879772
0.0022926145308019732,0.0007866950887293299,0.0028556923071992174,0.010438307765841204
0.002710308994572049,0.0014134036790918881,0.0018272093038918238,0.011558168791125744
0.0025361172705027075,0.0013904003245628477,0.0017965073489872255,0.011127247521300664
0.0023584406437301294,0.000790827684515514,0.002952569598555092,0.010820291772484423
0.0022900839828589184,0.0007872344479808553,0.0028537105961617577,0.010435857522892585
0.002710053465031935,0.0014135095700717128,0.0018237117051933733,0.011553433660817422
0.00253589553197186,0.0013906437546663325,0.0017932708647029486,0.011124763242649865
0.0023559638866510334,0.0007914733679683716,0.0029508885579596672,0.010817438413750149
0.0022875526314153284,0.0007877702662170083,0.0028517400558422134,0.010433407944217207
0.0027098027893600538,0.001413612788993656,0.0018202208600842065,0.0115486964605532
0.002535678295103281,0.0013908838515213039,0.0017900400331439786,0.011122273557442915
0.002353486289684689,0.0007921159760699587,0.0029492185933495947,0.010814586712472636
0.0020094081058792805,0.0012645540481814876,0.003754760462883292,0.01055973882193559
0.0014733170538234058,0.001641041533497015,0.0020181091788405285,0.011209673709126901
0.0024010554987340333,0.001514310941718488,0.0013901926832304396,0.010700696966279021
0.0030294085973098673,0.0005236913976043138,0.0022758129001079217,0.0110494284150833
0.0029736007285445544,0.0004765130911237408,0.0025865593850051645,0.010262617374378506
0.0031117849105795486,0.0011286241599596546,0.0019444039459952575,0.012046183007000794
0.0022802760750028086,0.0012608931506171925,0.001954754957968249,0.011923092212567557
0.0024533158362934834,0.0009369903962455312,0.0030326110634473773,0.010616417825724467
0.0026448690430094218,0.000916725819228703,0.0023868666159315567,0.01063245048298472
0.002441595836692317,0.0017783832388064361,0.0010875799912239633,0.011755347632429431
0.00226953327090366,0.001514041227703434,0.0014464202084753298,0.01147248937568846
0.002484988889804326,0.0008083420568434607,0.003480765758656143,0.010646352490219035
0.0026482870105207883,0.0006199923950015916,0.0032014889250685987,0.010355480287813183
0.0036419229497380093,0.0013579429212299985,0.0014321311457680392,0.011623962910566115
0.003048742429938545,0.0014740319892872697,0.0012640556281102511,0.011178001177629177
0.0025700468536510516,0.0009059854663633392,0.003097089404053001,0.011023319500158894
0.0022817837498577778,0.0010978273359667603,0.003344940357784577,0.010493916049458922
0.0020239896172082475,0.0016256331423082887,0.0015336696999643672,0.011886358663431044
0.002643075969824681,0.0015723751476571439,0.0013069075194598238,0.011510153911995369
0.0028208675058519744,0.0006113690084348519,0.0025334530868212873,0.010682327364294784
0.0026654972983016366,0.0006245745526143305,0.0027413613993383192,0.010296316294830864
0.0027040057311063415,0.0013883437148952957,0.0016797579363948799,0.01188190826645342
0.0022032595548518307,0.0014599451109761341,0.001681125680157755,0.01131893501610201
0.0025790188688255885,0.0008702838759167561,0.0030210491734130205,0.011047324919614118
0.002596360174089461,0.0008255356808083948,0.002679844086398194,0.010715113249699988
0.0026314502119034965,0.0015682676030761432,0.0014027060904948782,0.011542533039928544
0.0025274194916361484,0.0014100495782737958,0.0016087947402210578,0.011329688517003843
0.002527777936865518,0.0007469894181950728,0.0031899344920774206,0.010609228287594906
0.0025625381610172586,0.0007059189305993254,0.002854591973488034,0.010270884610895875
0.002920046016277959,0.0015319149925080411,0.0013842585611154186,0.011802930556041358
0.0025094440470985976,0.0015668000362612914,0.0013674764548199728,0.0113762926175579
0.0025358321312330305,0.0009072170094431692,0.003046233775107964,0.01078007472040172
0.002384562443990094,0.0009243044401160122,0.0030940624370662867,0.010366040047659316
0.0025438519305616253,0.0014632382995146134,0.0015814906473588246,0.011681971442373743
0.002815111569414523,0.0014183798015227158,0.001492050421223555,0.011262773332739884
0.002735612001091099,0.000677523123659663,0.002805803650567278,0.010737273496230854
0.0025793136404250305,0.000729152163007392,0.0028588718032562677,0.01032858591734515
0.0025887808709418444,0.0014267721665846382,0.0016440738367284869,0.011678345683512666
0.002343683536398873,0.0014691270656059063,0.0016045974343388537,0.011300961590481764
0.0026041996114932763,0.0008388178232747957,0.0029015511221466674,0.010763231299086988
0.0025512316591249054,0.0008049238219980127,0.0027218269394619337,0.010356630529868712
0.0026987778981773587,0.0014654368448473994,0.0015727192333218794,0.011721789269369808
0.0025579777720494967,0.0013923768929069956,0.001664278689489919,0.011361962232916318
0.002565819023909159,0.0007870610645261339,0.0030278467659091354,0.010594196876623134
0.00254167377538986,0.0007685290170028922,0.0028149262534997934,0.010296609427658419
0.0027500005079852206,0.001476364921003233,0.001560750492513079,0.011593246044281623
0.002496955962379102,0.0014627511345093572,0.0015791748958634644,0.011185940611038944
0.0025482850197929784,0.0008468214811677169,0.003023458527072888,0.010709918116116428
0.0024503312242915754,0.0008303931587192802,0.0029495714133401657,0.010284399362829664
0.00272044744241521,0.0014332090597365306,0.0016752949372456874,0.011639352618623264
0.0026851008397223686,0.0014234974580899355,0.001621662748533895,0.011273085711595602
0.002590651669721027,0.0007797039030475068,0.0028843352879842667,0.010637611654492883
0.002462189036974785,0.0008149236482894103,0.0028705343606491816,0.01025970468781779
0.0025635730822963308,0.0014557243893352527,0.0017109794527340933,0.011637622751222125
0.0024634639299532476,0.0014447904013376682,0.0016701121439004732,0.011209446581546302
0.002579244591215439,0.0008007262485883596,0.0028892638854619724,0.010682724634327356
0.002508632078188486,0.0007806114925477001,0.0027989972584363185,0.010286089492688194
0.002729188200196485,0.0014168653222274505,0.00173986589058069,0.011597342151685189
0.002539691434748066,0.0013947689894680082,0.0017515970060052052,0.011228458191684127
0.0025453519861311823,0.0008151926906232664,0.0029636861785260963,0.010643241324143616
0.0024858583013320657,0.0008073130385704303,0.0028022511387708936,0.01028905172732512
0.0026720333829544783,0.0014590446650925779,0.0016848574182590015,0.01159618792253967
0.002503640376200222,0.0014209329584042956,0.0016945874185973057,0.011184593069818827
0.002534472455520871,0.0008190841188627723,0.0029637847961300956,0.01060367470379128
0.002468389357022862,0.0007987956034710298,0.0028503358784822425,0.01022369442579152
0.0027483225783406233,0.0014241104089542185,0.0017285582897401228,0.011617726481816807
0.0025705992664335655,0.0014071637965611008,0.0016913495716762523,0.01116811848792386
0.002544341654719623,0.0008204493903669954,0.0029311061586550884,0.010634987013770174
0.0024468746335531036,0.0008256053113516985,0.0028638573508354523,0.01025434768276094
0.002647546873832314,0.0014297068929873414,0.001753157990540246,0.011593865885849411
0.0025461843952295326,0.001401173947930057,0.0017106801675046573,0.011141749356398995
0.002559078061593705,0.0007960603506196068,0.002895969042280265,0.010622624526327605
0.0024738174336780792,0.0007913699646023227,0.002817169442211544,0.010232533304690363
0.002700293928799526,0.0014151332401713926,0.001771304743259242,0.011610566655276043
0.002505763925667416,0.0013973156549466831,0.001739325858969886,0.011154898111003512
0.0025310416692855132,0.000821035860435296,0.0029205052478319974,0.010625530445117236
0.002457988800734335,0.0008095559750940994,0.0028045390604726104,0.010253633927844428
0.002688768247056753,0.0014283784497007212,0.0017554321860509322,0.011596519851073055
0.0025279609076692207,0.001390490101295845,0.0017433531494583316,0.011138867258709505
0.002525731584886173,0.0008088840742692264,0.002935710299007419,0.01060508401907365
0.0024560555554874047,0.0007959929811661506,0.0028213011389297197,0.010234707745915745
0.002720098224380761,0.0014209093761283432,0.00176308849198854,0.011589042865798309
0.002521859743557105,0.0013960252642756911,0.001728869670499547,0.011110843864458245
0.0025152994280009376,0.0008208197572582746,0.0029295634511718096,0.010620344693312387
0.002432014721025432,0.00081284070195558,0.0028356018462449405,0.010235757792357105
0.002691895381146628,0.001421164055668292,0.0017748161812027137,0.011600919503177768
0.0025435795596724306,0.0013902858507405802,0.0017333906873787947,0.011120480066470106
0.0025218316424839397,0.0008045149712275898,0.0029063072914725955,0.010608771861426097
0.0024380561458176475,0.0008006300954758477,0.0028215180005776307,0.010231183155925059
0.0026901036724300987,0.0014168907824039726,0.001784073550590733,0.011593716875730659
0.002510477290338244,0.0013899685313358552,0.0017415882049872198,0.011099264130875166
0.0025140749086289952,0.0008117775645144832,0.002910380487847933,0.01062346476522481
0.0024366234852896285,0.0008010899067765373,0.0028103232691873508,0.010240612899830361
0.002703830453371334,0.0014151162321618068,0.0017824183418403692,0.011593509133346959
0.002524473022956177,0.0013826084248132807,0.001749257239617975,0.01110732315244165
0.002506595739454734,0.0008093220455455841,0.0029166005875432173,0.010607530897203343
0.0024318309256826753,0.0007999862678039086,0.002808048974978208,0.010234155440853182
0.002702678267027291,0.0014192154426877711,0.0017738305511647802,0.011595283506938451
0.002513476248659741,0.0013865532299753825,0.0017378290293544455,0.011092582170281758
0.002500284836710642,0.0008124583697251449,0.002917815217414954,0.01061034520701028
0.0024238325615207755,0.0008009816012396913,0.0028167279212675846,0.010230809424438603
0.0027127182831986145,0.0014135901131236933,0.0017800376976658905,0.01159427888423579
0.00253013054632562,0.0013819321013017873,0.0017371721083326464,0.011087462489322988
0.0024993758074899077,0.0008086693606435436,0.002910262713917456,0.010611509030539458
0.0024178985648633656,0.0008021451874360494,0.002815784540261668,0.010232309708405342
0.00259736988422826,0.001370271780309054,0.0017647805590126462,0.01123218446689201
0.0025342244968442396,0.0013352171166148433,0.001729288221705855,0.010922357452727925
0.0024885663867991008,0.0007585697333238502,0.0027973143776460242,0.010332392605272083
0.0024067912415054243,0.0007751181533793646,0.0026858587757607544,0.009996787403349918
0.002571574249710378,0.0014252487202951422,0.0016926125438901929,0.011591504516748424
0.0023386385072720725,0.001406650674292254,0.0016516126496587654,0.011061320809457424
0.002442159905598615,0.0008284574508863485,0.0028136086249275173,0.010385378864495566
0.0023967895134129097,0.0008027331821445303,0.0027370888032791393,0.010101274851588831
0.0026475244027836364,0.001362205102499021,0.001732979941371078,0.011332094313537539
0.002555003597476122,0.00130984266423834,0.0017168197810881148,0.010867096975108424
0.002515381522526766,0.0007583565367761359,0.002838542111769011,0.010457874716753331
0.0024400234247003508,0.0007654324691848654,0.0027344473419255323,0.01012151420888626
0.0026189749271986144,0.0013743466166964437,0.0016995038800634331,0.011370465764621003
0.0024137134873083214,0.0013634280144685976,0.0016543028179457264,0.010959996381014633
0.002449588328421145,0.0008119415770072676,0.0027934577816509636,0.01038117124513938
0.0023793773118678378,0.0008038800839215226,0.0026912206482238065,0.010049432523075667
0.0026146440136920485,0.0013917313836404235,0.001681182233550411,0.01151862641778591
0.0024784943758086996,0.0013517739248772313,0.0016524893279136548,0.01102063866511563
0.002466051011275196,0.0007861807011187844,0.002791927256477271,0.010407352101517603
0.002401930939568003,0.0007820894051739597,0.0027152588130830192,0.010118731075912669
0.002624684913244319,0.0013669053928792977,0.0017015154775605317,0.011338129389136928
0.002462506057387587,0.0013393930309133558,0.0016681667348765626,0.010881743662738743
0.0024608469726392136,0.000788818578045029,0.0028035162118617823,0.01046798381375435
0.00238681710198502,0.0007835038485296986,0.002703273817155543,0.010117194238238359
0.002635476392980462,0.0013780523716220637,0.0016932585869497926,0.01144244826066255
0.002463277698067558,0.001354363322652732,0.0016533943037030322,0.01100148705092716
0.0024287777467123244,0.0007973935538629215,0.002773072927270224,0.010408111091122796
0.00235742264929494,0.0007973955798394669,0.0026816311186510567,0.010100014903845782
0.0025925674111347548,0.0013910950659277229,0.0016790694189831878,0.011436720007928424
0.0024447883756217067,0.0013551607206022758,0.0016495343896092362,0.010956379257668597
0.0024360818971639465,0.0007890851702944399,0.0027829164376830745,0.01045681228381051
0.0023745237948169713,0.0007783891585280904,0.002694470356793033,0.010135547240896417
0.0026529544658991026,0.001366255797213113,0.0016965781027948195,0.011385927753078205
0.0024735825405296018,0.0013406152464835754,0.0016583172547584134,0.010933264998798525
0.0024259025309039998,0.0007938609027435237,0.0027805501886543306,0.010462890741643575
0.002351533381527483,0.0007940238764151857,0.0026812724767146462,0.010130054696432416
0.00260166204397467,0.0013853000998042518,0.0016723770248765332,0.011433421448231501
0.0024498645525597084,0.0013539426661551722,0.0016371340146839632,0.01098406086137586
0.002418016106881922,0.0007917404451996794,0.0027603044174153357,0.010434271624631819
0.0023538781694027767,0.0007846026833966802,0.002669718834737148,0.010116457867664262
0.00263429064316415,0.00137346255949344,0.0016762853515166684,0.011428328360919962
0.0024582228381776015,0.0013439659846030375,0.0016405372382705028,0.010951526603507818
0.0024180706991804666,0.0007943811479431674,0.0027711712088774017,0.010471306019346066
0.0023501834637153357,0.0007886148208745549,0.002677728047323441,0.010145719182428879
0.00262518169478867,0.0013702202505986244,0.0016732975361145508,0.01139786102921189
0.0024680753826154447,0.0013398347357698142,0.0016383053363227254,0.010952573565994612
0.002414145935023901,0.0007887991313893675,0.0027599573593431715,0.010453822963751146
0.0023444170235233336,0.0007850525983859928,0.0026635307964537067,0.010125300907751069
0.0026245571467487564,0.0013748756604728917,0.0016656106096650726,0.011435122956742058
0.0024484903971065636,0.0013473450674697592,0.0016285426047744382,0.010970368135746107
0.0024022647273217665,0.0007958882406202202,0.0027571530388065552,0.01045652799219501
0.002335321691475522,0.0007889560155088283,0.0026657743475482745,0.01013492230742165
0.0026261989869672798,0.0013699395397258718,0.0016687501661978332,0.011410512633930933
0.0024665798385050176,0.0013381625117778108,0.0016341506672444277,0.010948880668074422
0.0024052714056019345,0.0007878171105173916,0.0027578578319337175,0.010466865095024428
0.0023363107564931263,0.0007831342172708568,0.002664470527258331,0.010140013811777291
0.00262714019120829,0.0013689941142596806,0.001667640080749082,0.011406042056600212
0.0024531561095036403,0.0013417933082177586,0.001630131641425835,0.010951442399252826
0.0023936921223062083,0.0007928883898752838,0.002753618108782151,0.010461433765864859
0.0023248407303216524,0.000787241692312299,0.0026586597244518573,0.010133402308548216
0.0026234803440041993,0.0013713647286580837,0.0016642016311552306,0.011419178862931515
0.0024576207479104196,0.0013407734574220878,0.0016283625393790871,0.010958137501512057
0.002391224572980768,0.0007899433679085862,0.002751344239607472,0.010460355771126296
0.0023239806839434004,0.0007842100869435813,0.0026587506863136766,0.010137628671793856
0.0026263432303938843,0.0013676229463430731,0.0016647633451109486,0.011399354789741509
0.0024556773777206034,0.0013382367987468463,0.0016283722639272766,0.01094032295752786
0.0023879746025692217,0.0007903239099972078,0.0027524529792156316,0.010466906805797321
0.002319725453205638,0.000784316736747138,0.002657315439292686,0.010137769173933369
0.002627861443411631,0.001367281092877271,0.001662520527761931,0.011403768910366017
0.002457268029300744,0.0013382082857436312,0.001625338866718157,0.010948357785294727
0.0023823986957857684,0.0007904981392758983,0.0027479004644005854,0.010458455961107442
0.0023140377911582176,0.0007852347312938805,0.0026534706131912363,0.010133089586456801
0.0026236204094449884,0.0013679949505147665,0.0016592207026675189,0.011402236035611192
0.0024539418975709575,0.0013380396467488928,0.0016226929760997425,0.010942343984284977
0.0023798341804872987,0.0007900840812149464,0.002747538002187117,0.01046112046296773
0.00231256836718086,0.000783494191892455,0.002653529508595428,0.010134967433316006
0.0026300690868193573,0.0013647380332875438,0.0016596847287461127,0.011392883543348399
0.0024576208826379564,0.0013355536048645837,0.0016225853049104775,0.010935705655786027
0.0023760557268113387,0.0007901086477574797,0.002746844936746579,0.010460671087458453
0.0023073819272967327,0.000784591244456693,0.002651512686113901,0.010133388812611737
0.0026254856326360116,0.0013661787293191476,0.0016562798927235067,0.011392668778024657
0.002454556139926964,0.00133672782402716,0.0016192914383298801,0.010936703735691462
0.002371427707780581,0.0007901639929574739,0.002744099351483153,0.010456023992755952
0.0023036620305821203,0.0007838958069674274,0.002649403889556274,0.010129989184172098
0.002628668522578654,0.0013650939465621494,0.0016554907542512065,0.011389320858704966
0.0024552822643248173,0.001335696218612324,0.0016183079966035077,0.01093055171156072
0.002367975847541071,0.0007903981127810019,0.0027442626195999797,0.01045787952147974
0.002299910006504429,0.0007842345776458482,0.002649415316756955,0.010131471160636884
0.0026280187965743245,0.0013645186230934723,0.001654186059828954,0.011381364109820652
0.0024559995978136926,0.0013350221946041695,0.0016169710224905648,0.010925945388747369
0.002364332598221964,0.0007899320314977254,0.0027425718203720486,0.01045499963678235
0.0022961226778287873,0.0007838786107254621,0.002647060602084659,0.010127994559665784
0.002628566076020968,0.0013648144420531816,0.0016520447220753705,0.011381100186183024
0.0024540202089834606,0.0013356011898968613,0.0016145252328092967,0.010924407339740145
0.002359803389105738,0.0007908574892589499,0.00274144812345308,0.01045306741425241
0.002291951158815921,0.000784454421234069,0.002646098787748243,0.010126917725152885
0.002628997029687439,0.001364290055166226,0.0016504937545072742,0.011375100335199097
0.0024556499951046184,0.0013345604513833014,0.0016132147037380938,0.010918771296910674
0.0023570538253841447,0.0007902889425200014,0.0027407729197551954,0.010452204493656508
0.0022891138831281407,0.0007839543003783442,0.0026450408432488193,0.010125650949142034
0.0026300035038963328,0.001363879567122048,0.0016486500066441754,0.011370451991690483
0.0024546338875151216,0.0013346154543765953,0.0016110069732740092,0.010915117961271096
0.0023528980170647884,0.000791014261551215,0.002739620140204715,0.01044989760964686
0.002284878033521204,0.0007845664434381109,0.002643514532378834,0.010123167333003467
0.0026300331166958825,0.001364029627395645,0.0016464305321454548,0.011368072656560452
0.0024550791124399412,0.0013344332740688465,0.0016088591006417745,0.010912436242556528
0.002349552677913124,0.0007909615781375176,0.002738465276956078,0.010447710662388216
0.0022816949647148123,0.0007844237447738455,0.0026424633541836324,0.010121620503941369
0.00263051881010636,0.0013633766828955276,0.0016444498442563385,0.0113608475976405
0.002455037852295607,0.00133405336800189,0.0016070480827750043,0.0109073248130003
0.002346092127061069,0.0007912084908374462,0.0027377865091391933,0.010446385457577038
0.0022781357557993087,0.000784585179079802,0.0026413033868855204,0.010119832050321093
0.0026303220454534583,0.0013629300556091978,0.0016418876698514884,0.011353934969065917
0.0024554002592149164,0.0013339917983729475,0.0016049565108006176,0.010904991777542544
0.002342276659257178,0.0007914124165325431,0.002736499991001136,0.01044324241696776
0.002274328782977401,0.0007848223334210217,0.0026398250793015234,0.010117282843668392
0.0026295533947285382,0.0013627203092805417,0.0016391682863833308,0.011347031757715276
0.002455069732080906,0.0013340320471401286,0.0016027806651003921,0.010901364900061192
0.002338738540180711,0.0007916293341469128,0.0027356712289168545,0.01044134837623295
0.0022709509505855364,0.0007848312628724679,0.0026388763838446918,0.010115549530553035
0.0026299552359828515,0.001362040719106303,0.0016368995649656609,0.011339145744967888
0.002455704457198742,0.0013337279710101783,0.0016009037219695936,0.010897447310738342
0.0023352165479875718,0.000791811120323497,0.002734806544217874,0.010439240847536812
0.00226728544963894,0.0007850877392297372,0.0026376850268292357,0.010113486359530214
0.0026291888511512465,0.001361851723552311,0.0016341775663321614,0.01133230708104154
0.002455488053358126,0.001333848997503236,0.0015986286479616264,0.010894508658959422
0.002331571321465071,0.0007920587130716949,0.0027336813091350036,0.01043656341205062
0.0022637670314503314,0.000785197712212458,0.002636391642160053,0.010111125535118764
0.0026292322740901954,0.001361417493392256,0.0016316253594822988,0.011325302475757141
0.002455720772858576,0.0013337217495931312,0.0015965455040517673,0.010890935892188239
0.0023281073264311645,0.0007923164247502049,0.002732898274763057,0.010434557432118066
0.002260320297226545,0.0007853947365428149,0.0026353608548908667,0.010109327913223248
0.002628998128928365,0.0013610290417024062,0.001629027638247349,0.011317895503012824
0.0024559611411247065,0.0013336159539445024,0.0015943955369406532,0.010887358736715608
0.002324646140984639,0.0007925182602233028,0.0027319655624794626,0.010432142772194456
0.002256858528585131,0.0007855391662241042,0.0026341247205445926,0.010107019225439603
0.0026288487856003253,0.0013607261913207082,0.0016263119698721978,0.011311221197937647
0.0024559774144052525,0.001333661597699833,0.0015921006923019518,0.010884263917814144
0.002321080863059351,0.0007928586204865908,0.0027310313006885306,0.010429722631901717
0.002253330374270611,0.0007857940669094189,0.0026330080455265288,0.010104901608750555
0.0026286368085959018,0.0013603926624231224,0.0016236696016320303,0.011304179032531348
0.002456272130386246,0.0013335687989861774,0.001589914213986336,0.010880703653546604
0.002317715922564381,0.00079305344220455,0.002730169675334809,0.010427505965907195
0.0022499774792294224,0.0007859206216962613,0.00263190706883726,0.010102842940229513
0.002628575837815389,0.0013600443476483044,0.0016210341085605338,0.011297182235556931
0.0024563637079933007,0.001333563000032822,0.0015876791299558402,0.010877309787653257
0.0023142069133343197,0.0007933803260972318,0.0027292865177090484,0.010425144970569507
0.0022464670598141834,0.0007861764714077528,0.0026307460511385905,0.010100651658989561
0.002628343572872603,0.001359798051114641,0.0016183152758139753,0.011290482685014551
0.0024565448225814337,0.0013335744233128756,0.0015854102380461555,0.010874104307739666
0.002310769466200384,0.0007936437584523565,0.002728393839910475,0.010422735991207355
0.002243071929932681,0.000786356635197443,0.0026296333857961677,0.01009851571002007
0.0026282639454004567,0.0013594938240760637,0.0016156498934687797,0.011283562863302283
0.0024566876470994456,0.0013335586931856522,0.0015831613146730125,0.010870586207965455
0.0023073546488971415,0.0007939481680844023,0.0027275852469700284,0.010420498801205087
0.0022396640546919647,0.0007865771206759345,0.0026285538876491665,0.010096417876926793
0.0026281646900241594,0.001359219784407211,0.0016129549064156695,0.011276798100022602
0.002456901787018787,0.0013335648815214556,0.0015808761576616343,0.010867320196468258
0.0023039316321541163,0.0007942447738438702,0.0027267061803023327,0.010418066411457181
0.002236248010746128,0.0007868071294874896,0.002627423915649328,0.010094210779242349
0.0026280006241440174,0.0013589863137885864,0.0016102214299133558,0.011270136009111897
0.002457012616293006,0.001333599310116955,0.0015785574904528402,0.01086399720685945
0.002300539329345213,0.0007945597904440944,0.002725870372305581,0.010415726323994562
0.002232887774957153,0.0007870227440767937,0.002626341918956686,0.01009207499260659
0.00262797245685055,0.0013587109924464843,0.0016075220959618037,0.011263399583766487
0.002457239811913961,0.0013335922950191935,0.0015762648887558386,0.010860620889233733
0.0022971728834685124,0.0007948710292093316,0.0027250563603653114,0.010413382535556476
0.002229521433335773,0.0007872605578979129,0.002625253880717614,0.010089919483225985
0.0026278506037051893,0.0013584891848340192,0.0016047743250198606,0.011256778556016544
0.0024573840947665496,0.0013336349686339174,0.0015739204846546486,0.010857340829208365
0.002293797155823116,0.0007951987136077514,0.0027242219950765513,0.010410967739711365
0.00222616556640839,0.0007874955316245503,0.0026241611683567594,0.010087712289395626
0.0026277999066498903,0.0013582606760668295,0.0016020350412204827,0.011250204953635486
0.002457571624835953,0.0013336657652534278,0.0015715802204363746,0.010854027940357263
0.002290449922882833,0.00079553083488849,0.002723420854572421,0.010408608378561352
0.0022228284052741003,0.0007877409587779538,0.0026231032372398956,0.010085559460254056
0.002627730940102447,0.0013580414733231762,0.001599296124903369,0.01124360450193815
0.00245776120401617,0.0013336992642961206,0.0015692341276885386,0.010850692684997675
0.002287118603584079,0.0007958605031692025,0.002722618451007853,0.010406221225677215
0.002219504538831737,0.0007879824217536212,0.0026220304138321565,0.010083360394133125
0.002627681604988349,0.0013578396293071515,0.0015965419238248943,0.011237105297717395
0.0024579278634655802,0.0013337540257139676,0.0015668674493512556,0.010847420502429372
0.0022837832106079045,0.0007962111859553611,0.0027218227785994397,0.010403814793438538
0.002216181118997722,0.0007882408935200961,0.0026209698798055243,0.010081164781376644
0.002627629295711519,0.0013576472673903412,0.0015937839950904986,0.011230613143551152
0.0024581200527279967,0.0013338020443084873,0.0015644986967942199,0.010844112028723775
0.0022804804901296,0.0007965532749432568,0.002721044232530387,0.010401421579643483
0.002212889405655612,0.0007884893836211933,0.00261992155553908,0.010078971034029193
0.0026276082782401363,0.0013574574850583145,0.001591023797811471,0.011224145439285767
0.0024583013023501184,0.0013338595502090677,0.0015621167235077115,0.010840811462857135
0.002277178886860479,0.0007969125589424066,0.0027202726775516026,0.010399012699546463
0.0022095935771150347,0.000788755108481352,0.00261887517723438,0.010076757947144709
0.002627574463686274,0.0013572862602852323,0.0015882498882287771,0.01121774174377975
0.0024584917051073472,0.0013339248131946746,0.0015597205099436254,0.010837541407247488
0.002273895698333656,0.0007972705877640525,0.002719503120078756,0.010396585483644083
0.0022063198594776106,0.0007890171762090468,0.002617836370117912,0.010074538863016956
0.002627561847641191,0.0013571175274020193,0.001585476294466276,0.011211349388944686
0.0024586777935467416,0.0013339915790529754,0.0015573188185841508,0.010834243169996972
0.002270627489215404,0.0007976372904806308,0.002718751243576899,0.010394171641010714
0.002203057961546464,0.0007892855414500348,0.002616807976453654,0.010072320906975194
0.0026275586847614983,0.001356958094924358,0.001582697074918841,0.01120499379451776
0.0024588748426192402,0.0013340635954066024,0.0015549078455525055,0.010830967976132384
0.002267369447123632,0.0007980076507779305,0.002718001828445265,0.01039173244608885
0.002199804648968139,0.0007895585275118761,0.0026157809698029878,0.010070084785588507
0.0026275544071178536,0.0013568118536821114,0.001579909427225678,0.011198678586275683
0.0024590614863575504,0.0013341445098789867,0.0015524850212790611,0.010827693585718648
0.002264124211007387,0.0007983845731475754,0.0027172632955234323,0.010389292944451928
0.0021965661426806243,0.0007898334836652396,0.00261476542630536,0.010067847415205528
0.0026275707625378233,0.001356668830933022,0.001577122655622733,0.011192382501399744
0.002459262038564333,0.0013342252241208734,0.0015500582864211405,0.010824413562366722
0.0022608935724010757,0.0007987648128359151,0.0027165349060491255,0.010386849273850137
0.002193338080920135,0.0007901132547642667,0.00261375655279961,0.01006560383484105
0.002627584914715301,0.0013565377692727292,0.0015743290786582175,0.011186120974847672
0.002459456085889619,0.0013343144755366863,0.0015476206378834479,0.010821143803661821
0.002257673137100596,0.000799150459035314,0.0027158116456889097,0.010384391412088353
0.0021901214215033246,0.0007903954452000176,0.002612752069924465,0.010063347447076742
0.002627612510109231,0.0013564136362955994,0.0015715325461878719,0.01117989190514461
0.002459654538531851,0.0013344069588830335,0.001545176469579769,0.01081787497680099
0.0022544661149547633,0.0007995408717301891,0.0027150991759407935,0.010381931166920778
0.0021869170843200093,0.0007906814504126361,0.0026117570794274366,0.010061089655496697
0.002627645920900494,0.0013562969255989641,0.0015687329467427005,0.01117368403163038
0.0024598558051416347,0.0013345027959888907,0.001542725468203267,0.010814603746129744
0.0022512723220715256,0.0007999344972665224,0.0027143946790967946,0.010379462350862043
0.002183724795139124,0.0007909694163225661,0.0026107673820943084,0.010058821147154264
0.0026276883913902292,0.0013561883418870078,0.0015659291333469686,0.011167509697287617
0.0024600564234646496,0.0013346043973523987,0.0015402659461626587,0.010811339977937753
0.002248088836792872,0.0008003338852272352,0.0027136977312172215,0.010376984422616291
0.0021805421900215026,0.000791261765510589,0.002609784914624647,0.01005654555459844
0.002627736389359578,0.0013560873390667187,0.0015631224470495292,0.011161360899505446
0.0024602610407834786,0.0013347089532336042,0.0015378002419832054,0.010808074613269316
0.0022449194538794455,0.000800735665051507,0.0027130092932108546,0.010374501080167835
0.002177372913709765,0.0007915552483259289,0.0026088097152852764,0.010054263922108977
0.0026277938668267087,0.0013559927151967103,0.0015603137094787531,0.011155236406282886
0.002460465842202319,0.001334817605229494,0.0015353281791895181,0.010804809667568596
0.0022417608632991147,0.0008011423129697237,0.0027123290224242372,0.0103720103847731
0.002174213174323605,0.0007918524427953755,0.0026078407158904577,0.010051974268305697
0.0026278565300793294,0.001355906116451176,0.001557501739197148,0.01114914045632499
0.0024606729670906256,0.0013349303852163436,0.0015328496117514177,0.010801548906842534
0.002238614203023643,0.0008015520220015746,0.002711656005547065,0.01036951089353002
0.002171065001394645,0.0007921514441362049,0.002606878376657609,0.010049677308589265
0.0026279268828253125,0.001355826004500711,0.001554687913648782,0.011143067592499289
0.002460880833480643,0.0013350465926503807,0.0015303654080002739,0.010798285761436661
0.0022354794133802943,0.0008019654987120999,0.002710991788532506,0.010367006439103908
0.0021679277275943117,0.0007924528558307614,0.0026059232771433165,0.010047374217382072
0.002628004510163088,0.0013557524475849114,0.0015518722224284079,0.011137019030158853
0.002461091451820368,0.0013351662176547673,0.0015278756330315828,0.010795024672752743
0.002232355955440289,0.0008023821468910689,0.0027103347235730825,0.010364493364336789
0.002164800743392347,0.0007927566093869207,0.002604974252435845,0.010045063079628805
0.0026280873891575307,0.0013556859648864376,0.0015490542919837235,0.01113099525771422
0.002461302246606041,0.001335289707101533,0.0015253800855301867,0.010791764122790001
0.0022292439476187553,0.0008028020933086264,0.0027096853305121574,0.010361973589612695
0.0021616847483128167,0.0007930621638114566,0.002604032025465961,0.01004274527704552
0.002628178101308101,0.0013556252928909873,0.0015462352280205592,0.011124993606467199
0.0024615156372485643,0.0013354159568542098,0.001522879839316046,0.01078850286161079
0.002226143484766328,0.0008032250067721771,0.0027090437932010564,0.010359447289158165
0.002158579174870045,0.0007933698059639584,0.0026030963528129595,0.010040420798856989
0.0026282741680631557,0.0013555711483100538,0.001543414479128745,0.01111901469407557
0.0024617298920325903,0.001335545689136033,0.0015203744328026723,0.010785242246191687
0.0022230540480555195,0.0008036508523296869,0.0027084094009772334,0.010356913243906207
0.002155483962249009,0.0007936791474151564,0.002602166874381763,0.010038088695112485
0.0026283768997540017,0.0013555229911342429,0.0015405925711836558,0.011113058220688326
0.0024619457157116597,0.0013356784602365581,0.0015178643970747364,0.010781981429814883
0.0022199757425051883,0.000804079564777278,0.002707782569809878,0.010354372720548004
0.0021523990224170905,0.0007939903028234803,0.002601244116032616,0.010035750242098638
0.0026284854176548875,0.0013554806790206158,0.0015377697932776753,0.01110712238176451
0.002462163218388606,0.0013358140596575676,0.0015153500715407592,0.010778719713236578
0.0022169085836929105,0.0008045107515811645,0.0027071629620651068,0.010351825279752506
0.002149324347531387,0.0007943029046286032,0.0026003275730585385,0.010033404668931
0.002628599896194794,0.0013554441762293702,0.0015349461965454233,0.01110120781460697
0.0024623817665449005,0.0013359527090345297,0.0015128314889020637,0.010775457924737648
0.0022138520786742937,0.0008049446436968048,0.0027065504664628205,0.010349270834820734
0.002146259537799133,0.0007946171470041781,0.0025994173288361516,0.010031052253281552
0.0026287199258068217,0.001355413326801333,0.0015321220303879893,0.011095313477856332
0.0024626019471502285,0.0013360940337340148,0.001510309059849884,0.010772195210561266
0.002210806535470095,0.0008053807844109943,0.00270594510041143,0.010346709731529635
0.002143204890443093,0.0007949326237748095,0.002598513391672281,0.010028693182395899
0.002628845724487731,0.0013553878822340766,0.0015292975330224098,0.01108943861621854
0.002462823313622051,0.0013362380522918182,0.0015077829406054894,0.010768931385970733
0.0022077715836050357,0.0008058193089186971,0.002705346766623142,0.010344141913719702
0.002140159974161844,0.00079524948301696,0.0025976156262009723,0.010026327276582396
0.00262897686064514,0.0013553678575250203,0.0015264727690527872,0.01108358329021236
0.0024630461296379705,0.0013363846909806363,0.0015052532993938632,0.010765666832219765
0.0022047472241787463,0.0008062599553295455,0.0027047552376663927,0.010341567199786822
0.0021371248553578846,0.0007955675014065407,0.0025967239999895165,0.010023954618317963
0.002629113298677729,0.001355353031080812,0.0015236480009742086,0.011077746558838487
0.0024632701488493127,0.001336533816113868,0.0015027204029597484,0.010762400740810156
0.0022017334025040704,0.0008067026711203092,0.0027041705832205696,0.010338986024358725
0.002134099454191576,0.0007958866028992457,0.0025958385145399936,0.010021575368306026
0.002629255042657713,0.0013553432573628517,0.0015208234142953109,0.011071928052320238
0.0024634955753780187,0.0013366853366646256,0.0015001844729826438,0.010759133360844352
0.002198729955747767,0.000807147333526123,0.002703592599479758,0.010336398106875618
0.002131083579315894,0.0007962067478901215,0.002594959020876374,0.010019189401076477
0.0026294016803612556,0.0013553385220683894,0.0015179990968016686,0.011066127429185446
0.0024637221424433746,0.001336839245692576,0.0014976456532374356,0.010755864472995355
0.002195736818636782,0.0008075938397691235,0.0027030212256579315,0.010333803603043208
0.002128077236222566,0.0007965277811551345,0.002594085531485414,0.010016796831319952
0.0026295534061591287,0.001355338590162063,0.0015151753148410912,0.011060344029782709
0.0024639500347127486,0.0013369953754058474,0.0014951042221378586,0.010752593779971589
0.002192753914996223,0.0008080420917053382,0.0027024564205710483,0.010331202632101862
0.002125080277219925,0.0007968496802929942,0.002593218002269018,0.01001439773794004
0.002629709849911698,0.0013553434310233632,0.0015123521691952904,0.011054577487432394
0.002464179119163552,0.0013371537178286231,0.0014925603205188846,0.010749321296164058
0.0021897811349143085,0.0008084919747040502,0.0027018980142522694,0.010328595079186835
0.0021220926355137483,0.000797172321299062,0.002592356324815178,0.010011992032036003
0.002629871025329682,0.0013553529064979713,0.0015095298392084973,0.011048827414482912
0.0024644093776489684,0.0013373141872208732,0.001490014155134565,0.010746046826968253
0.0021868183998258414,0.000808943420430188,0.0027013459749813586,0.010325981109227143
0.002119114225101519,0.0007974956567337791,0.002591500504815519,0.010009579872142783
0.002630036769419306,0.0013553669034915752,0.0015067084891387476,0.011043093254910558
0.0024646408555388136,0.0013374766876809684,0.001487465930203392,0.010742770185017032
0.0021838656532352364,0.000809396298167063,0.002700800196476593,0.010323360711311787
0.0021161449823724303,0.0007978195820613958,0.0025906504490777063,0.010007161218763879
0.0026302069809770044,0.001355385335806777,0.0015038882478598799,0.011037374689104502
0.0024648734404394477,0.0013376411945591245,0.0014849157963568384,0.010739491319928633
0.0021809227719016178,0.000809850558377958,0.002700260588147124,0.010320733909100842
0.0021131847953565746,0.0007981440540253949,0.0025898061179649547,0.010004736111657602
0.0026303815419806294,0.0013554080994905447,0.0015010692704465584,0.011031671280725422
0.002465107194216071,0.0013378076155784791,0.0014823639483682901,0.01073621005730803
0.002177989718375762,0.0008103060794442472,0.0026997270704608115,0.01031810076668246
0.0021102336219385,0.0007984689772582979,0.0025889674684919754,0.01000230460633494
0.002630560350408362,0.0013554350927996882,0.0014982517043371278,0.011025982588946073
0.0024653420417938593,0.0013379759024316378,0.0014798105536215841,0.010732926247759471
0.002175066394630222,0.0008107627962392986,0.0026991995575801142,0.010315461317401086
0.002107291362366182,0.0007987942983292393,0.002588134436354586,0.009999866708877115
0.002630743294419974,0.0013554662338286208,0.0014954356811330083,0.011020308282955929
0.002465577993190486,0.0013381460000129622,0.0014772557785045627,0.010729639831410894
0.0021721527274982584,0.0008112206179340223,0.002698677954172435,0.010312815573667988
0.00210435794849841,0.0007991199475144865,0.0025873069720902054,0.009997422457217613
0.00263093025664419,0.001355501431811302,0.0014926213392094413,0.011014647938077193
0.0024658150066820352,0.0013383178499386853,0.0014746997905079758,0.010726350624806274
0.0021692486524269214,0.000811679464326188,0.0026981621907523658,0.010310163604525812
0.0021014333174077734,0.0007994458547764939,0.0025864850288763105,0.009994971888461143
0.002631121163850083,0.001355540594951878,0.0014898088136750683,0.011009001188555459
0.0024660530811854028,0.0013384913994047521,0.0014721427503001693,0.010723058542420096
0.002166354087827945,0.0008121392616854923,0.002697652177230836,0.010307505421251915
0.002098517382760666,0.0007997719696599294,0.0025856685492241464,0.009992515020036702
0.002631315877229819,0.0013555836535034016,0.0014869982227619987,0.011003367686089264
0.002466292181827933,0.0013386666048473802,0.0014695848067284385,0.010719763471572323
0.002163468969825042,0.0008125999297829314,0.002697147828933942,0.010304841060135513
0.002095610089001225,0.000800098221852793,0.00258485748463293,0.009990051882018276
0.002631514330713284,0.0013556305160544679,0.0014841896997477627,0.010997747057134268
0.0024665322987485754,0.001338843411588879,0.0014670261175147336,0.010716465281379182
0.002160593229924444,0.0008130613996891851,0.002696649072189073,0.01030217056853276
0.0020927113621209167,0.0008004245617514449,0.0025840517864924428,0.009987582509735662
0.0026317164061896957,0.001355681112849875,0.001481383359782446,0.010992138961858291
0.0024667254742503325,0.001338995756199746,0.0014644383667717165,0.010712955687333065
0.0021577253688234853,0.000813518093398875,0.00269614863286968,0.010299468789141206
0.0020898208456511884,0.0008007444972153407,0.002583237784166417,0.00998507803209271
0.0026319333000373135,0.0013557397007574958,0.0014785737491730608,0.010986577012796896
0.00246649587450881,0.0013389372595395668,0.0014616005034593705,0.010707690069438468
0.0021548450199526926,0.0008139384106932677,0.0026955941711120078,0.01029654994970244
0.0020869283598058783,0.0008010180674386781,0.002582323195437626,0.009982332712968185
0.0026322447857529186,0.0013558360751923662,0.0014757243483794048,0.010981294429912462
0.0024661580214029055,0.0013389506113628059,0.0014587027513496538,0.01070256694555246
0.002151904665690114,0.0008144340622300916,0.002695062419060766,0.010293663084576422
0.002083986150548439,0.000801357303670917,0.002581502399907961,0.009979679398764565
0.0026325200076328472,0.0013559110318367867,0.0014729221532089718,0.010975840542665106
0.0024660039611059444,0.0013389001672235682,0.0014558571010432806,0.010697284572488103
0.002149066609241633,0.0008148513901566226,0.0026945355146624924,0.01029084542658437
0.002081119014455633,0.0008016410927765777,0.002580682839439234,0.009977038875753286
0.0026328139822591828,0.0013559869699569247,0.0014701315658356817,0.010970399671460478
0.00246571571957761,0.0013388988132718358,0.0014529970947838703,0.010692067795499142
0.0021461651248744326,0.0008153269300317102,0.0026939840542016223,0.010287975728254338
0.002078192576816636,0.0008019707806175428,0.0025798229705085783,0.009974341480707619
0.002633078029924914,0.0013560906175743904,0.0014673283813577283,0.010965071412865037
0.0024654940659970003,0.001338886340456649,0.0014501456366263186,0.01068690564978014
0.002143300565547956,0.0008157737604381502,0.0026934314700467034,0.010285085705215075
0.0020753217029502767,0.0008022723303418108,0.002578972541715316,0.009971678457529366
0.002633374224467204,0.0013561783255886532,0.0014645350655520212,0.010959631250438674
0.002465237554400633,0.0013388713186723803,0.0014473094779415205,0.01068165707822245
0.002140445696107681,0.0008162413932315362,0.0026929225149908242,0.01028225295207587
0.0020724532889212586,0.0008025837273139427,0.0025781341762641527,0.00996901381145786
0.002633705779726993,0.0013562712690206994,0.001461734875911187,0.010954253260009306
0.0024650322664403466,0.0013388604354458923,0.0014444587411225045,0.010676487772335718
0.0021375829968596225,0.000816709120582822,0.0026923857519221737,0.010279339701315967
0.0020695686003282983,0.0008029097991077624,0.0025772887647773518,0.009966307878426206
0.0026339794310357534,0.0013563839282626795,0.0014589264138149798,0.01094890062045352
0.002464793899043367,0.0013388638730489773,0.0014416002956574377,0.010671306724829029
0.002134745496365303,0.0008171737614055539,0.002691855583747571,0.010276463833842973
0.0020667184370557375,0.0008032194337505269,0.0025764627230886903,0.009963622460312394
0.002634321145842793,0.0013564718398717903,0.0014561464905696476,0.010943511674002312
0.002464596783326113,0.0013388505082136083,0.001438764618085504,0.010666107456363165
0.002131915908773378,0.0008176411747417196,0.0026913339788610536,0.010273593553025238
0.002063860427322812,0.000803542762786808,0.002575631554762802,0.009960936830678278
0.0026346083840068078,0.0013565838076834604,0.0014533553067864182,0.01093816089273628
0.0024643727834969733,0.0013388537903218634,0.0014359233229844458,0.01066095138155628
0.0021290875457536666,0.0008181053688708903,0.0026908017301188,0.010270684055885139
0.0020610167191410433,0.000803853873553024,0.0025747919457731077,0.009958224790312272
0.002634934331693603,0.0013566912173893302,0.0014505731528576084,0.010932817740447343
0.0024641542534260927,0.001338854745912634,0.001433092336979505,0.010655783697118535
0.0021262688983698756,0.0008185770298261238,0.002690293590485902,0.010267804174066652
0.0020581790592813214,0.000804172157517614,0.0025739743826132325,0.009955537314873019
0.0026352541353147126,0.001356799910297378,0.0014477969196443302,0.010927458014870411
0.0024639578529003967,0.0013388527333741973,0.0014302670955145596,0.01065061865047994
0.0021234625258498585,0.0008190400225947449,0.00268978219657534,0.010264903170534058
0.002055349312088603,0.0008044849478265192,0.002573152688495263,0.00995282533309901
0.0026355723266804384,0.001356916017971626,0.001445020787098353,0.010922132810814106
0.002463741294402294,0.0013388622298334144,0.001427438221191384,0.010645477445709005
0.002120657871982551,0.000819510389413527,0.00268927253689742,0.010261998797908628
0.002052523724274376,0.0008048013151493312,0.002572339033719872,0.009950113198260504
0.0026358967660935814,0.0013570298311763554,0.00144225400634058,0.010916806348109452
0.002463548170955732,0.0013388641967454645,0.001424620324231373,0.010640331746234407
0.0021178721052049505,0.0008199730219350761,0.0026887696490297676,0.01025909823005287
0.0020497141860010572,0.0008051120127404969,0.0025715297310505997,0.009947403596524866
0.0026362206345079825,0.001357146100285882,0.0014394903844189106,0.010911482101536188
0.0024633432430039236,0.0013388712630910894,0.0014218055097083835,0.010635195880392618
0.0021150896152235528,0.0008204396214730153,0.0026882708862369896,0.010256188262402023
0.0020469083231466627,0.0008054237371035467,0.0025707205972598057,0.009944681667285564
0.002636550557820569,0.0013572662743829291,0.00143672905306542,0.01090617962057638
0.0024631477467519894,0.0013388794636345542,0.0014189938921481083,0.010630075078462897
0.0021123162842166016,0.0008209047653572652,0.0026877765977575078,0.01025327151166816
0.0020441113019746848,0.0008057345588764472,0.002569919208843179,0.009941959104178884
0.0026368795063775262,0.0013573879647712948,0.001433972950806787,0.01090087356550461
0.002462953827710524,0.0013388886012546833,0.0014161875214454126,0.010624951139123855
0.0021095541040201775,0.0008213686534633486,0.002687289035511292,0.010250357268686285
0.002041323830823305,0.0008060429053074041,0.0025691236921736235,0.009939232596729372
0.0026372159959231604,0.0013575109457037438,0.0014312225381213136,0.010895578097641422
0.0024627646583149734,0.0013388998444779931,0.0014133850545881709,0.010619839124104873
0.002106797875178125,0.0008218330835852106,0.0026868031171956687,0.010247434109372042
0.0020385403632852705,0.0008063527521340239,0.0025683310565898093,0.009936499462056712
0.002637546595980988,0.0013576386613542064,0.0014284755906460345,0.01089029300119782
0.0024625759884386264,0.001338913554702438,0.001410586749152208,0.01061473375369649
0.0021040520251157783,0.0008222954980224295,0.0026863209871743707,0.010244508231967233
0.0020357682540489332,0.0008066588900521084,0.0025675429030038856,0.00993376355484689
0.0026378862257836378,0.0013577662775254413,0.0014257350114097148,0.010885009685192461
0.002462390969470018,0.0013389275976689406,0.0014077946439598641,0.010609630780053236
0.002101314213713862,0.000822758751407437,0.0026858452627213348,0.010241581023489519
0.0020330023575924703,0.0008069657758538622,0.0025667591597265094,0.009931024551356485
0.002638224639597543,0.0013578978094140781,0.0014229974083973228,0.010879735410701166
0.002462209312806768,0.001338943994508342,0.001405005839648363,0.010604537431241415
0.002098584493108718,0.0008232207472310889,0.0026853718443871225,0.010238644952606585
0.002030244429376444,0.0008072708923064507,0.0025659785451983908,0.009928278142713062
0.002638566546742405,0.0013580316156325003,0.001420264078306691,0.010874468327520622
0.0024620289459317797,0.0013389624664562113,0.0014022209791833742,0.010599448313673678
0.002095863429468593,0.000823683166839083,0.0026849037581889975,0.010235708079871115
0.00202749432262454,0.0008075756217618502,0.002565203958243162,0.009925529668914981
0.0026389115950336862,0.001358166918591421,0.0014175359997995222,0.010869205025462476
0.002461854781613974,0.0013389815743263447,0.001399441025273395,0.01059436377501249
0.002093151412954407,0.0008241442073247,0.002684438859448614,0.010232766065137821
0.0020247517337674214,0.0008078792602724627,0.00256443263917336,0.009922775649541518
0.0026392567554424915,0.0013583054206581918,0.0014148118316732626,0.010863949721162471
0.0024616803887087726,0.0013390035324684173,0.0013966647494544435,0.0105892861182113
0.0020904469819105573,0.0008246053243705735,0.0026839773169424833,0.010229819368652015
0.002022016584242349,0.0008081819419460752,0.0025636651712344725,0.009920016882730498
0.002639605657974183,0.0013584457693588234,0.001412092706398007,0.010858699821731925
0.002461510609101655,0.0013390264113637936,0.0013938935874946217,0.010584212523993851
0.002087751395430965,0.0008250656278041003,0.0026835202527347,0.010226869624960973
0.002019289268472191,0.0008084836484225969,0.0025629021823745336,0.009917254901297651
0.002639955737602434,0.0013585886186692614,0.0014093780222578004,0.010853454265208175
0.0024613428251772035,0.0013390512173986704,0.0013911268074046424,0.010579143598855317
0.002085063754924936,0.0008255254366790027,0.0026830668354468593,0.010223915106812965
0.002016569189014122,0.0008087842687637504,0.002562142824437822,0.009914487423677959
0.0026403085132628867,0.0013587339271758892,0.0014066678415274008,0.010848215579433974
0.0024611778784661927,0.0013390779056359542,0.0013883642563501696,0.010574080228512734
0.002082384060136394,0.0008259848636912122,0.0026826170855175544,0.01022095636748412
0.002013856270326051,0.0008090841855317287,0.0025613878791499157,0.00991171589903233
0.002640662661965956,0.0013588814823552683,0.0014039624589460024,0.010842981238741613
0.0024610160606195566,0.0013391060323753583,0.0013856063746924797,0.010569020523711978
0.0020797130097696473,0.0008264433273590944,0.002682171053367721,0.01021799400170244
0.0020111511594140628,0.0008093827361485048,0.0025606369169519695,0.009908940007054253
0.0026410192048756972,0.001359031188590492,0.001401261872086328,0.010837752044075302
0.002460856543613843,0.0013391359211933373,0.0013828529978332942,0.010563965553568158
0.0020770497342340447,0.0008269014106876373,0.002681728535909273,0.010215027239375098
0.0020084529930514687,0.0008096805264606832,0.002559889716367687,0.009906159453122555
0.002641377120253906,0.0013591833607825587,0.0013985658726370141,0.010832528308992735
0.0024606998410362574,0.0013391674333003611,0.0013801041606058368,0.01055891509109842
0.002074394703799179,0.0008273586211850459,0.0026812895358331603,0.010212056223592423
0.00200576242620216,0.0008099770231975411,0.0025591464651730975,0.00990337454922843
0.002641737202143298,0.0013593376334411138,0.0013958747193974403,0.010827308797230347
0.002460545560668918,0.0013392005305174516,0.0013773600012079628,0.01055386824715327
0.0020717476820621985,0.0008278152656143303,0.002680854333560227,0.01020908147719898
0.0020030790130751972,0.0008102725454993146,0.002558407225158087,0.009900585298754894
0.0026420990489949663,0.00135949419648532,0.0013931883266991296,0.010822094125152486
0.0024603941342821747,0.0013392352650202243,0.0013746203961007195,0.010548825685988026
0.002069108581984585,0.0008282711070396793,0.002680422424099856,0.010206102188108062
0.0020004027068492142,0.0008105669829366372,0.0025576717882193492,0.009897791360782652
0.0026424623431810716,0.0013596530730630955,0.0013905067415397323,0.010816884024870188
0.0024602449560889544,0.0013392717092615878,0.001371885393727304,0.010543786807887624
0.0020664774672948974,0.0008287262143846425,0.002679993998035894,0.010203119052151894
0.001997733651991319,0.0008108602611097188,0.002556940309849547,0.009894993127791362
0.0026428275981587542,0.0013598140401066675,0.0013878301647329222,0.010811678003316927
0.002460098545794799,0.00133930965643791,0.0013691551782980423,0.010538751432737392
0.0020638542711652968,0.0008291805217363933,0.002679568970058075,0.0102001318316267
0.001995071650809569,0.0008111524671244698,0.0025562125920095364,0.009892190449026773
0.0026431941595622733,0.0013599773330404807,0.0013851584161061364,0.010806476288331328
0.002459954380321461,0.0013393493086336537,0.0013664296112766222,0.01053371971727551
0.00206123888210414,0.000829634035330003,0.0026791472087347085,0.010197140345681045
0.0019924167514297117,0.0008114434897989598,0.00255548858739159,0.009889383195829915
0.002643562505538878,0.0013601427915935099,0.0013824916233368867,0.010801278602474606
0.0024598127065036733,0.001339390536065652,0.0013637087986635757,0.010528691261701518
0.002058631325341461,0.0008300867723812854,0.0026787288372169572,0.010194144904171514
0.001989768883102079,0.0008117334190908498,0.0025547684190611332,0.009886571620479002
0.002643932314100935,0.0013603104494214805,0.0013798297822633994,0.010796084655136427
0.002459673511640634,0.0013394333568122097,0.0013609927265355488,0.010523665975691812
0.0020560315590089145,0.0008305386463828395,0.002678313669492118,0.010191145268181772
0.0019871280083546636,0.0008120221804891044,0.002554051921767134,0.00988375546324306
0.0026443036227352234,0.0013604803248988637,0.0013771729034409116,0.010790894573897505
0.0024595365978102093,0.0013394778368055497,0.001358281373583475,0.010518643832406551
0.002053439485625345,0.0008309897238884896,0.0026779016786086926,0.010188141526626856
0.001984494054352177,0.0008123098273482936,0.0025533391353055102,0.009880934851564344
0.002644676380417807,0.001360652372599369,0.0013745210583852546,0.010785708028820007
0.0024594021383034345,0.0013395238870653194,0.0013555748312034993,0.010513624543106328
0.0020508551562814074,0.0008314399084479301,0.0026774928337549003,0.010185133718285723
0.0019818670507172724,0.0008125962965686196,0.0025526299986618397,0.009878109790871165
0.0026450505364894188,0.0013608266082157593,0.001371874247463062,0.010780524903718263
0.0024592699199780348,0.0013395715712617355,0.0013528730867503262,0.010508608049632415
0.002048278444084326,0.0008318892534148795,0.0026770870788344896,0.010182121779629865
0.0019792468893863363,0.0008128816234801184,0.0025519244546517526,0.009875280209097854
0.0026454260798325206,0.001361003040153713,0.0013692324858089612,0.010775345162353827
0.00245914003051863,0.001339620869876974,0.0013501761591580945,0.01050359424824506
0.002045709343710001,0.0008323377156443561,0.002676684371077334,0.010179105717000576
0.001976633565678459,0.0008131657907793797,0.002551222509413282,0.009872446156437452
0.0026458029441201996,0.001361181651335025,0.0013665958049301876,0.010770168546838096
0.0024590123956433362,0.0013396717847019104,0.0013474840707307588,0.010498582920805298
0.0020431478247496106,0.0008327852902691295,0.002676284682044191,0.010176085575724981
0.001974027042363268,0.0008134487910576556,0.0025505241264658397,0.009869607608316304
0.002646181140296879,0.0013613624389109884,0.0013639642259391778,0.010764995007159084
0.002458887018476238,0.0013397243244758145,0.0013447968264327398,0.010493574022209826
0.0020405938252008016,0.0008332319728897236,0.002675887936460623,0.010173061294792137
0.001971427253869743,0.00081373064232762,0.0025498292639168376,0.009866764544739887
0.0026465605584203894,0.0013615454167746877,0.0013613377597973548,0.010759824417603382
0.00245876384962253,0.0013397784941223513,0.0013421144419150056,0.010488567401575274
0.002038047333398987,0.0008336777390711507,0.0026754940988451847,0.010170032908022337
0.001968834203288684,0.0008140113146226315,0.0025491378986252197,0.009863916980506334
0.002646941239771806,0.0013617305592847683,0.0013587164412414774,0.010754656615316313
0.0024586428762954173,0.0013398342870811287,0.0013394369433228901,0.010483562921377107
0.0020355082988584854,0.0008341225947868505,0.0026751031395060047,0.010167000419507518
0.0019662478273752225,0.0008142908290832582,0.002548449998193372,0.009861064909107022
0.0026473230983770062,0.0013619178875198528,0.001356100271565712,0.010749491519340626
0.0024585240739020066,0.0013398917183236952,0.0013367643317857257,0.01047856050188152
0.0020329766847206653,0.0008345665194634071,0.002674714996886097,0.010163963789593446
0.0019636681001291103,0.0008145691707361266,0.0025477655274223523,0.009858208304866365
0.002647706125805773,0.001362107394336743,0.0013534892734861094,0.010744329000665685
0.002458407405319024,0.001339950792528829,0.0013340966224924396,0.010473559999746057
0.0020304524572873576,0.0008350095147935068,0.0026743296479132717,0.01016092305768336
0.001961094984915867,0.0008148463467822587,0.0025470844752504373,0.009855347187270918
0.0026480902911805554,0.0013622990766393496,0.0013508834677903527,0.010739168931431998
0.0024582928768833784,0.0013400115089471836,0.0013314338303004297,0.010468561307351076
0.002027935582539252,0.0008354515637298177,0.002673947039001952,0.0101578781986256
0.001958528443607556,0.0008151223550019382,0.002546406801094906,0.009852481532793594
0.0026484755424699643,0.0013624929451851737,0.0013482828631751812,0.010734011221658403
0.0024581804327725664,0.0013400738854996252,0.0013287759592181662,0.01046356432605592
0.002025426020302174,0.0008358926653178476,0.0026735671290552595,0.010154829213949914
0.00195596844425366,0.0008153971948828102,0.002545732479895476,0.00984961133900052
0.0026488618716739784,0.0013626889937469067,0.001345687480357722,0.01072885574978262
0.0024580700752184054,0.001340137919045121,0.0013261230266292596,0.010458568935137738
0.0020229237421313683,0.0008363328100423411,0.0026731898845428603,0.010151776110293855
0.0019534149543754165,0.00081567086892472,0.0025450614869108054,0.00984673660845552
0.0026492492331755216,0.0013628872292143974,0.0013430973282056087,0.010723702405362672
0.0024579617704467605,0.001340203622087178,0.0013234750378535538,0.010453575034803948
0.002020428709807887,0.0008367719927856752,0.002672815261805409,0.010148718873946768
0.0019508679390597423,0.0008159433767324797,0.0025443937900231665,0.009843857322122425
0.0026496376089991825,0.0013630876546374027,0.001340512418713003,0.010718551096202076
0.0024578555006291437,0.0013402710032300994,0.001320831999702937,0.01044858252560896
0.002017940888969824,0.0008372102105575641,0.0026724432244974164,0.01014565750723617
0.001948327364122479,0.0008162147236773741,0.0025437293691548,0.009840973481735476
0.002650026965057499,0.0013632902724991897,0.0013379327647090873,0.010713401707385094
0.0024577512512754533,0.0013403400685161903,0.0013181939212691903,0.010443591297924453
0.002015460250254239,0.0008376474549165747,0.002672073734033631,0.01014259200900633
0.0019457931998675185,0.0008164849090495217,0.0025430681965422064,0.009838085078172692
0.0026504172771010946,0.001363495087381336,0.001335358376607365,0.010708254143554426
0.0024576489962816824,0.0013404108299836012,0.0013155608076259235,0.01043860125856253
0.0020129867561085243,0.0008380837251437631,0.0026717067515785353,0.010139522373737605
0.0019432654098566352,0.0008167539388490662,0.0025424102460165745,0.009835192103488084
0.002650808515853276,0.001363702104836027,0.0013327892641399502,0.01070310830819842
0.0024575487218456184,0.0013404832958325856,0.0013129326655766673,0.010433612309460162
0.0020105203767505956,0.0008385190150295361,0.0026713422405100235,0.010136448599924172
0.0019407439656558129,0.000817021814226756,0.002541755493337475,0.009832294553554579
0.0026512006574294106,0.0013639113288886858,0.0013302254369095983,0.010697964098805126
0.0024574504060589975,0.0013405574763615167,0.00131030950080276,0.010428624352003505
0.002008061078669074,0.0008389533232345687,0.002670980166309061,0.010133370686403045
0.0019382288341342486,0.0008172885401614891,0.002541103913622317,0.00982939242062945
0.002651593677798634,0.0013641227659591337,0.0013276669023997668,0.010692821425357598
0.0024573540342918954,0.0013406333823418888,0.0013076913169703095,0.010423637297186535
0.002005608829241104,0.0008393866467089143,0.0026706204918186573,0.010130288626559398
0.0019357199835081558,0.0008175541212496688,0.0025404554826949414,0.009826485696929297
0.0026519875503672285,0.0013643364223998868,0.0013251136678153334,0.010687680193734457
0.0024572595875634886,0.0013407110249135437,0.0013050781176836524,0.010418651050840791
0.0020031635978790875,0.000839818983347373,0.002670263183108519,0.010127202420413869
0.0019332173842633571,0.0008178185614769936,0.002539810177922569,0.009823574376739188
0.002652382255368547,0.0013645523034757977,0.001322565740714553,0.01068254031191676
0.0024571670515434233,0.0013407904147416437,0.0013024699064758058,0.010413665523466361
0.0020007253527124986,0.000840250331844689,0.0026699082055626354,0.01012411206398363
0.001930721004453183,0.0008180818669959102,0.002539167975583283,0.009820658452505451
0.002652777766611681,0.0013647704172228827,0.001320023126258483,0.010677401692923794
0.0024570764089907804,0.0013408715642355311,0.001299866685245372,0.010408680628680231
0.0019982940628256642,0.000840680690634045,0.0026695555247000804,0.010121017553101647
0.0019282308147523086,0.0008183440423883062,0.002538528852611786,0.009817737916674443
0.0026531740647407456,0.0013649907700911635,0.0013174858302817441,0.010672264248443157
0.0024569876447377154,0.0013409544849793838,0.001297268456372318,0.010403696278829078
0.001995869697586384,0.0008411100595821122,0.0026692051086434003,0.010117918886395051
0.0019257467849518567,0.0008186050941117528,0.0025378927874166197,0.009814812763429166
0.0026535711278379472,0.0013652133698419827,0.001314953857228121,0.010667127892660206
0.0024569007448999435,0.0013410391892968655,0.0012946752210626245,0.010398712390131761
0.0019934522265036385,0.0008415384379883348,0.002668856924286235,0.010114816058959778
0.001667708725089782,0.0014659405861625902,0.0036630163439160934,0.009828398420153928
0.0013273466749522667,0.0015855772954984774,0.001542743021400656,0.010665109155433877
0.0024657026443869264,0.0015029554441213285,0.0008699936260039985,0.010141657649067147
0.002711607690916384,0.000490129143450233,0.0019671577171536817,0.010292776992308555
0.002568921343260201,0.0004920244427353767,0.0024489581514068577,0.009624095375281647
0.00298918284496491,0.0011402806320477514,0.001404020723370553,0.011501254100322569
0.002177417298447983,0.001338304714828932,0.0012425676275344113,0.011328269556861784
0.0021895822870364964,0.0009698892024361381,0.0025551601834151146,0.010159594065935399
0.0022259548127760414,0.0009468899270640283,0.002209599497808828,0.01011548365816805
0.002188703020798598,0.0016369576971871503,0.000867508136232538,0.011256997718993956
0.002245593988179566,0.001321147771136137,0.0011623842573610275,0.011174126528597342
0.002334359176384032,0.000715837120873144,0.0029921256003893966,0.009906887114142875
0.0026515991235263638,0.0005124100149711693,0.002361600811726438,0.009936519607957989
0.0035633832395619435,0.0014933407064211287,0.0007630186133443954,0.011079979643338796
0.002223330962308564,0.0014480814784332728,0.0009379787962808402,0.010673883539090552
0.0021744495373191633,0.0011687956175563136,0.003307650204486516,0.010228802648058009
0.002019443101192946,0.0010603316947015175,0.002930317999817173,0.009829105133555331
0.002746094233292143,0.0016459268762366933,0.0007798113715114198,0.011599591886617746
0.003125885949744523,0.001605999694606067,0.0007004302686036315,0.011220984737081097
0.0023332679456741696,0.0007029645752802474,0.002546680261838446,0.00999351167420533
0.0020764794266203324,0.0008412897564587231,0.0028587589257933867,0.009750374966080784
0.0024065613125476616,0.0014947094594628951,0.0010204216135018026,0.01136734898437164
0.0023490247822089533,0.0015599459873424514,0.0008493398727745082,0.010606522068735427
0.0024085382891141393,0.0007964237514802493,0.0025647921066628385,0.010487091755182917
0.002214972906628413,0.0007917400947801825,0.002646920910409253,0.009969580885874192
0.002680757923747267,0.0013799419769239595,0.0010997602531054318,0.011291504085508408
0.0026296980145857993,0.00139721661388325,0.0010482847798234153,0.0111074832411082
0.0023204020266746985,0.0007711634972783853,0.002536572060257488,0.010146948904924059
0.0022170795337159315,0.0008111311820975476,0.002351905183749173,0.009886651041214879
0.002413846844537007,0.0015969552303121222,0.0009468116874907634,0.01141909813824502
0.0021586023506416497,0.0014932962663238918,0.0010329907729561554,0.010970860335781141
0.0022682029041234297,0.0008578732919766171,0.0027364704730558085,0.01011855134794409
0.0023111355762416353,0.0007280383196118365,0.00241571564282254,0.009847317488144335
0.0030695608285972883,0.0014584689830069591,0.0009468638301979096,0.011202613273358843
0.0025450552412674145,0.001398939479879977,0.0010100984951164345,0.01083582878574025
0.0022430740583647395,0.0009433398726339172,0.0028525142233192186,0.010131263198618403
0.0021453864396484223,0.000921516576266911,0.0026133410190567505,0.009826853011540149
0.0026273117769230747,0.001544616243213594,0.0009259956563212963,0.011245931206830326
0.00258389700291888,0.0014753369801714887,0.0009096292416988759,0.010836691367131628
0.0022773282807799066,0.0008336737964408065,0.0026183370719094455,0.009978125592588882
0.0021603883811669496,0.0008297943279043871,0.0025744549116317843,0.009660971546904222
0.002753735230581384,0.0014569101826621283,0.0010363349166564466,0.01127458320690951
0.00248462162560349,0.0014632286020604614,0.0009594993285314177,0.010703274716545034
0.0022811127685772267,0.0008941541619005319,0.0026123584508567065,0.01014795584661953
0.002137653968196543,0.0008967637805920817,0.0025873081196457286,0.009781593256390537
0.002624957723449051,0.00143676378914716,0.0011172169531950553,0.011154220319051767
0.0025815752709103332,0.001398902976890178,0.0010674760495670036,0.010732269116056316
0.00229449172888529,0.000815689877180825,0.0025498073023716037,0.010050700095503889
0.0021802314949156067,0.0008192077805143632,0.0024409683817435525,0.009729230835877017
0.0026231556511441927,0.0014639700500760273,0.001108627170008457,0.011137062633986354
0.0023367117405035114,0.0014367996274815135,0.0011024729164548532,0.010712521144787443
0.0022152265451546656,0.0008970208334946534,0.0026249427990008294,0.010035158093693819
0.002151833815880506,0.0008395794344402619,0.0024414891620460743,0.009723340754197726
0.0027544922558237206,0.0014452958234598598,0.0011226306418473707,0.011070593416221085
0.0025073682606656504,0.0013898300501383198,0.0011362834516169108,0.010685052847413766
0.0022145518935918003,0.0008830460411505388,0.0026662072161889247,0.01001017257805006
0.0021345661985992556,0.000856067889073232,0.0024927399452738816,0.009723513254456823
0.0026677291133851335,0.0014555712058252587,0.0011219330642933704,0.010985177520798924
0.0024494408398551266,0.0014110511852590763,0.0011127797050709252,0.010602065003688724
0.00220172609145695,0.0008846009354267569,0.002639375300232916,0.009979494180276225
0.0021124117438790476,0.0008505197189068773,0.0025030969308765098,0.009651127475974691
0.002723721397222519,0.0014297113004016454,0.0011614777098084626,0.011026307621922245
0.0024962177549628342,0.0014042907808145644,0.0011213101295888196,0.010620656474105945
0.0021998589317674404,0.0008865340948038588,0.0026096427047182322,0.009989304601127767
0.002093595708435507,0.0008752219996554341,0.0025201308000056977,0.009673962561647065
0.0026288410443662813,0.0014181201262358177,0.0011948433031877103,0.010955482202541156
0.002489537034288543,0.0013824369149126833,0.0011554461745161449,0.01056441784606078
0.0022188633959359,0.0008553913821845049,0.0025858764867262066,0.009987732081304865
0.0021209660551347246,0.0008363530260228105,0.0024775929454940466,0.009660674615199276
0.0026688164732749133,0.0014045293931538715,0.0012136582362910278,0.010943230476251536
0.002431866692598017,0.0013815893098183833,0.001181839364504364,0.010574508156519693
0.002185764581417015,0.0008830301735370918,0.0026030558646733207,0.009975748206111572
0.0020978071661490734,0.0008524432085757242,0.002464984401988946,0.009660888422485693
0.0026592627705257395,0.001408124692959479,0.0012142755363992942,0.010921569632014499
0.002467178415318834,0.0013677452444417464,0.0012010133198895405,0.010572133863312233
0.002183923774098473,0.000868903803001057,0.0026141022722948014,0.009954005953703196
0.0021031177417112196,0.000838926504864011,0.0024704613475225864,0.009655960570886446
0.00266991373920551,0.0014026328920946633,0.0012197292097353885,0.010870846234427708
0.0024389875227427875,0.0013696823616581885,0.0012021798970989017,0.01052202850175261
0.002168182578411301,0.0008812393132669797,0.0026281530547189952,0.009958230314147222
0.002082580518978033,0.000847130213309743,0.0024858385306744286,0.009641304345585792
0.002679697356634142,0.0013977107399770609,0.0012310805796789254,0.010871825966996604
0.0024764702415347524,0.0013670518256716287,0.001204931837809991,0.010535049953590909
0.002161686713566872,0.0008728705781810948,0.0026127195914301482,0.00994265846706576
0.002069284665514677,0.0008509119765529717,0.0024933106088591652,0.009635661733692244
0.0026429136141472263,0.001394680587046363,0.0012430792363917506,0.010843423501097694
0.002458060559868439,0.0013646948320076983,0.0012119924333595833,0.010500646859349434
0.0021633144867236483,0.0008658261603546305,0.002606269899532547,0.009952365652206096
0.0020731735632008486,0.0008396341916523647,0.0024880033461245656,0.0096339774458952
0.0026634799030438995,0.0013834601861326336,0.0012572622867406047,0.01082662652179734
0.0024584581306976313,0.0013582583656373526,0.0012257440495013717,0.010499413654941937
0.0021523149638800858,0.0008694524264628798,0.0026072913185999696,0.009947850286782208
0.002062150557133297,0.0008444374100652671,0.0024809222378149257,0.0096349890979895
0.002643346496679457,0.0013859658074477197,0.0012560996807464803,0.01081320372042371
0.0024557730429082074,0.0013551543316413452,0.001232490902739817,0.010497217164005836
0.002147825392644163,0.0008639386439237843,0.0026085878800669333,0.009935825005676724
0.0020643629661738247,0.0008350177802685054,0.002476177728556624,0.009628796896945626
0.0026603480669350897,0.0013807518411577107,0.001257839568708649,0.010790620541383758
0.002448959721782328,0.0013524901897536416,0.0012355637720243085,0.010477749889814342
0.0021382877321473493,0.0008703431394639725,0.002619850066147989,0.009938286539893586
0.0020539210844098834,0.000839801532963845,0.002483666054153753,0.00962784628401592
0.0026599483329387574,0.0013793254482782303,0.0012581989142076496,0.010777581700415435
0.0024649954522169833,0.001350287406755431,0.0012356500360824326,0.010475913233013693
0.0021329851863298843,0.0008652835072313376,0.0026162694403039813,0.009927091556846573
0.002046688996019923,0.0008384730742389811,0.002486639110706374,0.009619805745745636
0.0025454582693904674,0.0013353022920243125,0.0012566590330375666,0.010559924425503844
0.002453262153148786,0.001299040177206503,0.001231435406046082,0.010327693897296441
0.002109517154516415,0.0008029767687408281,0.002495287808301362,0.009708279114259661
0.0020180203453911373,0.0008020244329559507,0.00236225721287994,0.009448343607470048
0.002500258453803025,0.0013807535533025472,0.0012082536427778859,0.010755163684423951
0.002266040903455797,0.001360885760757483,0.0011840460496185044,0.010410868777440251
0.002069408082764186,0.0008617605003561427,0.0025180629273004957,0.009761139773449997
0.0020217041270221285,0.0008210159428279193,0.002420345705288917,0.009515341111725297
0.0026115592625659315,0.0013151640492074263,0.0012487696393926944,0.010592958843824619
0.00246581329081179,0.0012745817202757003,0.0012275167169874016,0.010267881070541312
0.0021304549020949325,0.0008166326298159007,0.0025379249151271438,0.009813077925427861
0.0020403312509426007,0.0008106080970714575,0.00241107987385022,0.00954197797455006
0.0025214462657481896,0.0013421483968495847,0.0012142008733797317,0.010613733988357093
0.0023336923508067934,0.0013228208916661777,0.001191678573203099,0.010354466877603458
0.0020666503840199527,0.0008438565470326611,0.00249746020600423,0.009738081482514413
0.0020004789113947743,0.0008141335324602126,0.002368248324778104,0.009476639734815731
0.002581557063373216,0.0013390464027009722,0.0012089044235569905,0.010672609870286356
0.0023946114230084517,0.0013115530679769826,0.0011911557416499539,0.010364182622906419
0.0020752923672201153,0.000841226168204224,0.002515202068914803,0.009789631229905973
0.002004533200180973,0.0008224340727025294,0.0024117899194414155,0.009545793759970023
0.0025498384572783576,0.001324639627495726,0.0012219277929459743,0.010555354930838893
0.0023996926335156845,0.0012960689469983114,0.0012022685702430351,0.010281341401856372
0.002078124847379332,0.0008267580252351845,0.0025105025523587195,0.00980000508872557
0.0019994454028071395,0.0008062749528256857,0.002383690846576328,0.009521648363628305
0.002569117068560312,0.0013338115365737235,0.001210669698991094,0.01061437154020423
0.0023713253060570812,0.0013199616787771113,0.0011879494576864445,0.010364654168721255
0.0020359787794588797,0.0008465664506530726,0.002493889918385634,0.009778184094394035
0.001963368928355367,0.0008265703094141926,0.00238463881013614,0.009524679233648737
0.002540706576577746,0.0013325885955208735,0.0012129289229760869,0.01058928734325772
0.002402485658744813,0.0013027800427819665,0.0011957730523195187,0.010321109164997703
0.0020600054518355357,0.000824781246993328,0.002498787801430297,0.009810424545643117
0.00199001550687361,0.0008041976748481825,0.002385800733943641,0.009548742871721116
0.002568805585574673,0.0013197009553078806,0.0012143780062903156,0.010549842904935252
0.0023780507680084624,0.0013029223613036571,0.0011956173778510178,0.010311867034247382
0.0020352175475642793,0.0008401338698230215,0.002502196399629848,0.009805377166272566
0.0019616769225297326,0.0008171586118974662,0.0023746619409830546,0.009534999820877013
0.002555018808832184,0.0013286827881260088,0.0012009420149859985,0.010585790184123606
0.002395042226751727,0.0013041468464218137,0.0011846530833994127,0.010341854835271874
0.002032326308977026,0.00083132723854642,0.002489308550432174,0.009789749912193344
0.001963918807077564,0.0008108518828992054,0.002375577575099332,0.009537394963030688
0.0025557607578148406,0.001320442319984482,0.0012017717751985272,0.010550949461129578
0.002384557042712,0.0012982213003618706,0.0011862551913375103,0.010305174247958413
0.0020338729158350614,0.0008330958199329627,0.0025023854596378935,0.009815812884071053
0.001963885384797247,0.0008083707762518348,0.0023810680278864658,0.009546303179086207
0.002572017647593678,0.001315256406979909,0.0012007985442063916,0.010546789929066465
0.0023982217842921064,0.001295423163162225,0.0011823170786443796,0.010311869281332053
0.0020213076203557567,0.0008318264205498252,0.0024926164079226566,0.009798013471449917
0.0019468869730777626,0.0008128203764474117,0.0023747313698753527,0.009536187489092112
0.002545978504618128,0.0013215984712311418,0.0011952851784339082,0.010553105160424297
0.00238368898720489,0.0012986358879233044,0.0011779839542559822,0.010307291783735737
0.0020196897025470915,0.000828124285841716,0.002491598110061695,0.00980313394038962
0.0019515480097983308,0.000804551030241647,0.002376796910363365,0.009540948728228974
0.0025684925148867365,0.0013121149778371167,0.0011998930757298725,0.010529128613223252
0.0023910699235676213,0.0012917261345471178,0.0011820673109597406,0.010287241584279856
0.002014445714495139,0.0008297778393605174,0.002498609745484794,0.009810980587184768
0.0019415926625535069,0.0008084181743069331,0.0023785142557792493,0.00954446695218118
0.0025544731312412096,0.0013158671100456888,0.001195370853886487,0.010527933373004977
0.0023886957176753624,0.0012934120785996546,0.0011779902127990029,0.010290251197055095
0.0020077551410425955,0.000825988296554762,0.002491780985827728,0.009797340603369512
0.0019377636810478302,0.000804116530198966,0.0023731631441990075,0.009535373493590777
0.0025592014128087465,0.001314608777807153,0.0011936460665207978,0.01052289671583382
0.0023828251265044123,0.0012928574709423993,0.0011764812727799397,0.010278798806064667
0.0020037945899936565,0.0008283866386615726,0.002497882033991672,0.009805091121826408
0.0019345513555867968,0.0008050181483407619,0.002379063472692117,0.00954078266851084
0.0025633027061524216,0.0013110429366778315,0.001193629332369175,0.01050718780291213
0.002392939028912052,0.001288580708063612,0.001176025951978342,0.010268237062442119
0.0020013453062179536,0.0008252969474402962,0.002496525682067168,0.009800070885281727
0.0019297844094349204,0.0008040450262902699,0.0023765927409260443,0.00953551128487672
0.002557381324747398,0.0013129498439599487,0.0011897756451192622,0.01050595845301181
0.002383742422347257,0.0012911612240458065,0.001171921507168704,0.010265809732884157
0.0019949088245132703,0.0008265246434988924,0.0024955206973952425,0.009795987522758188
0.0019256040171537192,0.000803445666094866,0.0023767016430244494,0.00953214844077603
0.002563653913536359,0.0013103760668787328,0.0011894627228167995,0.010496473130318979
0.002389880879459474,0.0012879797368525489,0.001171594980248468,0.010254289979590036
0.0019931110964968926,0.0008255065839033771,0.0024978622105694265,0.009797508614576097
0.0019225491023605794,0.0008034407595778119,0.0023787526615127157,0.00953333569415115
0.002560678664410829,0.0013101315070501358,0.0011877321683871173,0.010485395505295338
0.0023877488513337863,0.001287900628301145,0.0011699008075678327,0.010246475112203262
0.001988264495701869,0.0008250611687609196,0.0024971546014981726,0.009792598829708876
0.0019181014709140059,0.0008024160187785461,0.0023768048948631607,0.009527841223008687
0.0025631679876448477,0.0013103214514811003,0.0011856727165543807,0.010481494607977588
0.0023869462006929285,0.0012881600150649024,0.0011677289888830436,0.010240585495787423
0.001983385672106635,0.0008257956212523745,0.0024980717305462096,0.009790500439120081
0.0019136303823826413,0.0008030668356276014,0.0023785950108346325,0.00952687503447593
0.0025630212029721937,0.0013094796576308629,0.0011846862715113775,0.01047018752925788
0.0023892596988965135,0.001286677095355577,0.0011668132107897538,0.010229805416698424
0.0019809698398631833,0.0008246281625261464,0.002498964293945485,0.009789051581755335
0.0019109268109116586,0.0008019742804069046,0.002378689958862226,0.00952444701868754
0.002564316638342876,0.0013092617807670768,0.0011829252031163428,0.010462607317311943
0.002387432842855099,0.0012870257455971596,0.0011647585917326324,0.010223249349439375
0.0019757485104085182,0.0008254757148000179,0.0024991501026162626,0.00978526332258953
0.00190588407024392,0.0008025627129445859,0.0023786376167744035,0.009520848033284932
0.0025645325763937288,0.0013092890263833683,0.0011811238399498688,0.010456045869660733
0.0023889365267096806,0.0012863979879087072,0.0011629780128080993,0.01021565191572434
0.00197279736670223,0.0008248540505328946,0.0024995578092428567,0.009782837396799925
0.0019031508732805203,0.0008019704120022712,0.002379297912925145,0.009518917348771399
0.002565517393108324,0.0013086008612831304,0.0011796644081245463,0.010446267098737968
0.00238838886932729,0.0012858609654049736,0.0011615050600244808,0.010206691079121328
0.001969100341134622,0.0008251374918090075,0.002500633263050457,0.009780636229605184
0.001899402122549054,0.0008019250964537522,0.0023794176148198656,0.009515963911057041
0.0025667425361622035,0.001308558361036254,0.0011777129237782351,0.01043967243049798
0.0023890616610108555,0.001285683922237076,0.0011594652414654173,0.010200277476717033
0.0019650832244448324,0.0008251664457252277,0.002500739010741079,0.009776826247009946
0.0018954483703864024,0.0008020239179276887,0.0023796544209162105,0.009512880712588722
0.002566667263482141,0.0013085150161118095,0.0011759192501704203,0.010431799601812175
0.0023889122577963363,0.0012853840175611597,0.001157702758028851,0.010192065965722433
0.001961869627649798,0.0008250676874069854,0.0025016127794436575,0.009774727475295335
0.0018924310275722205,0.0008016087476759086,0.0023802494117659287,0.009510474327977036
0.0025684860752211063,0.0013080340353131504,0.0011743877830363966,0.010423535296016398
0.002389448988576477,0.0012849864713058085,0.0011560260686021796,0.010184359794639924
0.001958047652434626,0.0008252710848534763,0.002502262235580685,0.00977182179748845
0.0018883942807339264,0.0008018454704076433,0.0023805355257384246,0.009507535612928924
0.0025683238892089872,0.001308242690699085,0.0011724761091982938,0.010416618092136622
0.002389480071032969,0.0012849339516985113,0.001154068818235705,0.010177403987884593
0.0019545235026586717,0.0008251330902940428,0.0025025208700149683,0.009768646292100528
0.0018851110011659157,0.0008015264719102547,0.0023807497972734744,0.009504614645707546
0.002569519440330105,0.0013079775206945629,0.0011708359044037098,0.01040875737919963
0.0023895122968030417,0.0012846182638539517,0.0011523823065254808,0.010169535553770233
0.001951059534433203,0.000825350382318586,0.0025034644195773875,0.009766364810266374
0.0018816382273986881,0.0008015645381505745,0.0023812603185086488,0.009502134216616713
0.0025702997436807653,0.0013078845454756647,0.0011690358111990738,0.010401226773107987
0.00239004107216216,0.0012843591146660597,0.001150532006953342,0.010162408820203684
0.0019475411986729057,0.0008253300526796948,0.002503849460476025,0.009763102924491696
0.0018781207249406711,0.0008014891032512747,0.0023813549422653786,0.0094990466086518
0.0025708067687708644,0.0013079575394468084,0.0011670993301110956,0.010394164712502764
0.002389804381311059,0.0012843050458605605,0.0011485676666838417,0.010155273088953736
0.0019440593255814485,0.0008255185423242476,0.0025044937956376144,0.009760346557062932
0.0018747938342077216,0.0008014303477427999,0.002381759676454382,0.009496309260575196
0.0025719865712676166,0.0013077760509040848,0.0011653252376758014,0.010386604032308434
0.0023903955738944827,0.0012839929483089189,0.0011467309869518786,0.010147871643568738
0.00194072025302794,0.0008256143689811233,0.002505141604303653,0.009757580419413395
0.0018713688772833074,0.0008014680074778949,0.0023820955852465156,0.009493539046029502
0.002572468083790378,0.0013078432189489082,0.0011633965716102326,0.010379429528431811
0.0023904210433963883,0.001283937026861242,0.0011447423152101865,0.010140897600897772
0.0019372637763573376,0.0008257404478803659,0.0025055776235922474,0.009754521514128521
0.0018679914939230327,0.000801417185982044,0.0023822788541885158,0.009490537619091667
0.002573414614807749,0.0013078379489030471,0.0011615237000646217,0.01037234701691041
0.0023906395942922894,0.0012838086203332052,0.0011428092424263646,0.010133791290012208
0.0019339019578588793,0.0008259345772651566,0.002506200414637106,0.009751782799761839
0.0018646459582081904,0.0008014717573428161,0.0023826495257112702,0.009487836978213354
0.0025741555806263355,0.001307841708442775,0.0011596509548222036,0.01036502768685772
0.002390951632710729,0.001283662866985187,0.0011408883375983061,0.010126677024205038
0.0019305907423973487,0.0008260552817501053,0.0025067179734493145,0.009748858207240389
0.0018613373374403563,0.0008014581737491117,0.002382835181518784,0.009484924056799288
0.002574940670935511,0.0013079321467823672,0.0011577019673336512,0.01035805252486718
0.0023910159958600366,0.0012836395614411436,0.0011388865561620769,0.010119801232462854
0.0019271955441403073,0.0008262971631868845,0.0025072481254600253,0.009745919471224532
0.0018579940069587738,0.0008015263041697169,0.0023830874344244017,0.00948204912657624
0.002575784040270984,0.0013079917763310178,0.001155773476405499,0.01035099135450741
0.0023913533537174595,0.001283536347325453,0.0011369116245170236,0.010112812782692427
0.0019239520232977984,0.0008264733418037549,0.0025077993095961922,0.00974305513867426
0.0018547546725967451,0.000801566226701382,0.0023833486067891168,0.009479222608047547
0.0025765698195348023,0.0013080788638412343,0.0011538144175932792,0.010343938531771246
0.0023915167498964516,0.0012835016890290962,0.0011348980579581293,0.010105923607032623
0.0019206563917501332,0.0008267110499458099,0.002508315427144454,0.009740105370444216
0.0018514750203687234,0.0008016381778805685,0.002383549270733574,0.009476289678045266
0.0025774118448610513,0.0013082000072365072,0.0011518317110617085,0.010337080417845911
0.002391769629274326,0.0012834797045241648,0.0011328588266025937,0.01009913880265496
0.0019174047975365402,0.0008269484696257758,0.002508818188607306,0.009737156665919016
0.0018482373440342793,0.000801727614284191,0.0023837862317842044,0.009473411108187715
0.002578199341792592,0.0013083201888248863,0.0011498534076884517,0.010330130659123962
0.002392003571689856,0.0012834546902134043,0.0011308305297951693,0.01009229656139683
0.0019142070023340525,0.0008271867200790485,0.0025093392748498067,0.009734241412978167
0.001845047152676221,0.000801802064036556,0.0023839952031743097,0.009470512083062342
0.002579055285552916,0.0013084622444786177,0.0011478562576255997,0.010323284252521995
0.002392226635611823,0.0012834654831272556,0.001128777914799913,0.010085573207612986
0.0019109837565992802,0.0008274620942139192,0.0025098376225199644,0.009731260677763849
0.0018418270657166481,0.0008019199293010091,0.002384194053573282,0.00946758275170977
0.002579847114648037,0.0013086376299175665,0.0011458421827645455,0.010316498032528602
0.002392470405316438,0.0012834869608352578,0.0011267144141409733,0.010078871512516494
0.00190782085022083,0.0008277240416102257,0.002510334151742857,0.009728294998470562
0.001838675348444531,0.0008020181735414931,0.0023843976893299004,0.009464666441202259
0.0025806950337447896,0.0013088079741562213,0.0011438289340194466,0.01030969533972298
0.002392698394602766,0.0012835189247183115,0.00112464850806356,0.010072181166848628
0.0019046659575328315,0.0008280176772076767,0.0025108444615124293,0.009725330523698828
0.001835517231623716,0.000802145925731589,0.00238459395310928,0.009461732115215246
0.0025815214860768552,0.0013090096098327113,0.0011417953541983513,0.010302984181176918
0.002392952218563503,0.0012835721322009578,0.0011225612717443393,0.010065575184934854
0.0019015337749283226,0.0008283091101584883,0.0025113235011661053,0.009722317286245749
0.001832384650792931,0.0008022759251919119,0.0023847769910758645,0.009458775721756742
0.002582340838925132,0.0013092237578925332,0.0011397542787482126,0.01029629430622971
0.0023931804123197165,0.0012836382589448614,0.0011204683606931974,0.01005897608736813
0.0018984338953941006,0.000828617035814352,0.002511818884187149,0.009719329148178291
0.0018292847301446015,0.0008024117948330177,0.0023849656666541496,0.009455826022642782
0.0025831952751847556,0.001309444123610744,0.0011377081814539832,0.010289631035634142
0.0023934396621013987,0.0012837119390453138,0.0011183685410394142,0.01005242016011179
0.00189535022026045,0.000828934488970324,0.0025123036558099194,0.009716310833232327
0.0018261897418891948,0.0008025644149209525,0.002385141500200716,0.009452854661660763
0.002584012877607941,0.001309692236694437,0.001135645741861313,0.010283026377624693
0.0023936789750542095,0.0012838084571047113,0.0011162540272264235,0.010045911544526677
0.0018922898881657557,0.0008292589274252296,0.0025127795468513976,0.009713278045600644
0.0018231253068293485,0.000802716272628223,0.002385312563441251,0.009449871836353369
0.0025848635032249814,0.0013099450855457615,0.0011335814655739067,0.010276440447510355
0.0023939299669907556,0.001283911506463595,0.0011141367872078247,0.010039419295021201
0.0018892527477042014,0.0008295974917640659,0.0025132638410600918,0.009710250304969371
0.0018200751683923432,0.0008028833673544562,0.0023854866941301054,0.009446888702336616
0.0025857003447753196,0.0013102156333608405,0.0011315078846169848,0.010269889520974039
0.002394187605176058,0.0012840293078705846,0.0011120098332947812,0.010032969370755158
0.0018862356201078663,0.0008299395123641803,0.002513733523754786,0.009707194940413982
0.0018170438439403986,0.0008030538019570668,0.0023856474094213253,0.009443883298544526
0.002586539066998393,0.0013105017690835908,0.0011294263248509725,0.01026337986763599
0.0023944336140133767,0.0012841627964637365,0.0011098746912541124,0.010026550660780629
0.0018832383836085112,0.0008302948300933145,0.0025142050856246036,0.009704138273548922
0.0018140325705790262,0.0008032332623840996,0.0023858101821599407,0.009440875277054893
0.002587387744781572,0.0013107966852438924,0.0011273412245528817,0.010256890905603897
0.0023946973425207157,0.0012843029042032949,0.001107735689190849,0.01002015596288713
0.0018802652810189348,0.0008306551747735048,0.0025146729871815504,0.009701070156569205
0.0018110394275160397,0.0008034196721327844,0.0023859666381376306,0.009437856304423679
0.002588227494358762,0.001311107996660436,0.0011252473776633045,0.010250437767449315
0.002394950893853175,0.0012844590679091255,0.0011055879481537685,0.010013797253948867
0.0018773090950869181,0.0008310249702891256,0.0025151348861910464,0.009697986591612444
0.001808063997338804,0.0008036118354545597,0.002386116884216214,0.009434823194945523
0.0025890772147109183,0.0013114301657125274,0.0011231487549121185,0.010244015423210694
0.0023952122017572345,0.0012846245569968818,0.0011034351459512336,0.010007464098305089
0.0018743748314979443,0.0008314026812083099,0.0025155965270174533,0.00969489752933455
0.0018051068784913065,0.0008038119353281592,0.002386267155733246,0.009431785397326291
0.0025899235393910427,0.001311764063497764,0.0011210451550810688,0.010237615748045496
0.002395475699498028,0.0012848006558397163,0.001101277170708073,0.010001156586682419
0.0018714606761761129,0.0008317862325258435,0.0025160532851193594,0.009691795650410387
0.001802167413703924,0.0008040166534784667,0.0023864108220897403,0.009428734167958489
0.002590772641032201,0.0013121106835294878,0.0011189361296532554,0.010231248876780747
0.0023957375667001952,0.0012849891819861812,0.001099113139955744,0.009994878967329575
0.0018685638624696469,0.0008321783921835709,0.002516506793694145,0.009688683480788622
0.0017992437046787547,0.0008042286336871219,0.002386552383527897,0.009425674261807859
0.0025916223086922337,0.0013124679597719213,0.001116823623680885,0.010224905950145873
0.0023960052872025552,0.0012851864789591783,0.0010969453924362408,0.009988623715558014
0.0018656884594811754,0.0008325754689539595,0.002516957469677753,0.009685563082895306
0.0017963386231851204,0.0008044450749265348,0.002386690600404839,0.009422605995137546
0.0025924723242539065,0.0013128362810202812,0.0011147071769381897,0.010218587664065101
0.0023962713102495706,0.0012853946620661107,0.0010947732658814495,0.009982393881965161
0.0018628302413781599,0.0008329797936240417,0.0025174046864422676,0.009682431721814265
0.0017934488305954728,0.0008046672861825228,0.0023868245055709537,0.009419526838687848
0.002593323720654571,0.001313215716935333,0.001112587010721518,0.010212296772909269
0.002396540630494591,0.0012856125043328001,0.0010925970800756341,0.009976188962176606
0.0018599909360538427,0.000833389678476622,0.0025178485671585697,0.009679290712814901
0.0017905759270555462,0.0008048944982953308,0.0023869558860008114,0.009416439471302399
0.002594174775194578,0.001313605139596157,0.0011104639277069762,0.010206027347022101
0.002396810802488898,0.0012858394417500293,0.0010904177124846325,0.009970005158401837
0.001857170365428926,0.0008338051422736294,0.0025182899351996373,0.009676141106712825
0.0017877195943197706,0.0008051260948877849,0.002387083887265152,0.00941334280746094
0.0025950276390073663,0.0013140046788109598,0.0011083379074057753,0.010199782161461557
0.002397082570673776,0.0012860758494528056,0.0010882348581837031,0.009963844963981342
0.0018543669420066843,0.0008342263455832937,0.002518727774823365,0.009672981102485998
0.0017848782156104279,0.0008053628387582967,0.0023872088429727624,0.009410236711819798
0.0025958794554416845,0.0013144142849384527,0.0011062093536844625,0.010193559729890892
0.002397355942889708,0.0012863211096902159,0.0010860490917530136,0.009957705846380643
0.0018515819030006549,0.0008346521760779148,0.002519162518276914,0.009669812450482164
0.0017820533473777475,0.0008056033358273977,0.0023873310897498928,0.009407122140784319
0.0025967325228793353,0.0013148329778566166,0.0011040789691776172,0.010187357902078278
0.0023976303425112845,0.001286574923054316,0.00108386096105497,0.009951586901181905
0.0018488140142713765,0.0008350831997343249,0.002519594496342584,0.009666635044710405
0.00177924334984188,0.0008058482891038593,0.0023874504682509247,0.009403998716156096
0.0025975851867980388,0.0013152612135358531,0.001101946689889592,0.010181177902986498
0.002397906436018804,0.0012868372871272969,0.001081670448254561,0.00994548874815507
0.00184606328912465,0.0008355185237910893,0.0025200228785948373,0.00966344810402269
0.0017764486165137525,0.0008060969558194287,0.002387566914534893,0.009400866451006492
0.0025984376717083876,0.0013156983942248014,0.001099813025935926,0.010175017791513133
0.002398183151214825,0.0012871078119397784,0.0010794781011488337,0.009939409331431863
0.0018433296578878047,0.0008359583125750974,0.0025204486070221784,0.009660253103179776
0.001773669055749989,0.000806349238731412,0.0023876808758932855,0.009397725964725262
0.002599290695819951,0.0013161441685964627,0.0010976782853994891,0.010168877039963876
0.0023984615816631727,0.0012873861813839755,0.0010772841421592162,0.00993334869012406
0.0018406126165797156,0.000836402197582613,0.0025208711617597766,0.00965704914723345
0.0017709039602146197,0.000806605157486717,0.0023877920943042525,0.009394576837199601
0.002600142804202019,0.0013165986823779497,0.0010955425352163586,0.01016275560994345
0.0023987407419802965,0.0012876724534358463,0.0010750886763481323,0.009927306277379859
0.0018379121058741943,0.0008368499041190308,0.002521290559941571,0.009653836652584237
0.0017681536250151496,0.0008068641982342518,0.002387900778316335,0.009391419332801517
0.0026009952091621768,0.0013170612925755775,0.001093406296307845,0.010156652188044433
0.002399021122868196,0.0012879661384792827,0.0010728921590501305,0.009921280947793416
0.0018352278938904975,0.000837301380367048,0.0025217071290542315,0.009650616101669039
0.001765417539569517,0.0008071265006926908,0.0023880071466824302,0.009388253753972514
0.002601846963329789,0.0013175320184740096,0.001091269702465388,0.010150566497345857
0.002399302656308756,0.0012882671877093898,0.0010706947208877844,0.00991527259268124
0.0018325597221821677,0.0008377561985210276,0.0025221204234279716,0.009647387022170962
0.0017626955999318777,0.0008073916669557387,0.0023881109512015,0.009385079810585943
0.0026026982180527305,0.0013180106300226873,0.0010891330320369518,0.010144498054115648
0.002399584882416972,0.001288575445262702,0.0010684966318037672,0.009909280429957317
0.0018299073781876294,0.0008382143568663265,0.002522530762472474,0.009644150024192586
0.001759987649266526,0.0008076596331737285,0.002388212532423644,0.009381897940603822
0.0026035491027465983,0.001318496803251903,0.0010869966102006706,0.010138445954519406
0.0023998683313906466,0.0012888905714560893,0.0010662981996621753,0.009903303798526353
0.0018272707241345993,0.0008386755238903101,0.0025229380457687254,0.009640905035320581
0.0017572934469097274,0.0008079302287036563,0.0023883118048267644,0.009378708098350851
0.002604399118902725,0.001318990498946691,0.0010848605717062548,0.010132409931236966
0.002400152448893425,0.0012892125670240834,0.0010640995562951787,0.00989734238201687
0.0018246494564246845,0.0008391395784943522,0.0025233422151786705,0.009637652089184467
0.0017546128422232608,0.0008082032555710471,0.002388408808501548,0.009375510297522462
0.002605248587913259,0.0013194914279728654,0.001082725208319015,0.010126389380021212
0.0024004374912821556,0.0012895411524471703,0.001061900971648351,0.009891395483234368
0.0018220434632446663,0.0008396063481649091,0.0025237433938338134,0.00963439148752065
0.001751945656844039,0.000808478638273433,0.0023885037257991696,0.0093723047984295
0.0026060971728256964,0.0013199994308411619,0.001080590723239528,0.010120383672513182
0.0024007233721610494,0.0012898761860563874,0.0010597026401486412,0.009885462625080412
0.0018194525446877205,0.0008400756052075632,0.0025241414717972702,0.009631123181172537
0.0017492917263691136,0.0008087561672589671,0.0023885964744621993,0.009369091516438909
0.0026069448973509396,0.001320514361614069,0.0010784573090747624,0.010114392503521795
0.0024010099325602256,0.0012902175611698378,0.001057504734942356,0.009879543398411812
0.0018168764685681192,0.0008405472526232351,0.0025245364860615655,0.009627847335670755
0.0017466508573795215,0.0008090357616160457,0.0023886871912754642,0.009365870614301537
0.002607791691766297,0.001321036013166194,0.001076325200678584,0.010108415255304495
0.002401297315957972,0.0012905650621944063,0.001055307483328884,0.00987363721101212
0.0018143151333158203,0.000841021066145914,0.0025249284356896034,0.009624564082749794
0.0017440229319102066,0.0008093172559397842,0.002388775905038489,0.009362642179710286
0.002608637430442986,0.0013215642479241121,0.0010741945753721335,0.0101024514874308
0.002401585326744718,0.001290918597727784,0.0010531110500136725,0.009867743669433167
0.0018117682967091746,0.0008414969312929593,0.00252531729561414,0.009621273469142856
0.001741407748508417,0.0008096005385232715,0.0023888626337747387,0.00935940623293285
0.0026094821077500482,0.0013220989129606171,0.001072065623817987,0.010096500813397188
0.0024018740224767817,0.0012912780154404255,0.0010509156140511965,0.009861862327199924
0.001809235816372412,0.0008419746854392228,0.002525703072759938,0.009617975626683924
0.0017388051732367589,0.0008098854951213441,0.00238894746401039,0.00935616290539702
0.002610325603436337,0.0013226398481349948,0.0010699385326880316,0.010090562703223806
0.002402163341689608,0.001291643177620541,0.0010487213544449633,0.00985599269966864
0.0018067175342377304,0.0008424541791143909,0.0025260857648695765,0.00961467065475039
0.0017362150622559087,0.0008101719940886458,0.00238903041111965,0.00935291223974824
0.002611167900015011,0.0013231869203401056,0.0010678134665066655,0.010084636800201703
0.0024024532420285636,0.001292013977309416,0.0010465284208835564,0.009850134424922207
0.0018042132575541974,0.0008429352925653621,0.0025264653542349876,0.009611358620456152
0.001733637240406962,0.0008104599486714302,0.00238911152620535,0.009349654304560754
0.002612008900169003,0.0013237399931746259,0.0010656905929533735,0.010078722682310371
0.00240274372141997,0.0012923902832364094,0.0010443369737561585,0.009844287064069274
0.0018017228587808118,0.0008434178732650363,0.0025268418390524674,0.00960803963947
0.0017310715957873132,0.0008107492340221759,0.0023891908542339672,0.009346389183807719
0.002612848569153562,0.0013242989263568799,0.0010635700739613368,0.010072819927244634
0.002403034722774104,0.00129277198547783,0.0010421471635330853,0.009838450220936077
0.001799246163391749,0.0008439018101768895,0.0025272152168198136,0.009604713794950726
0.0017285179647401284,0.0008110397626681603,0.002389268426843195,0.00934311692983365
0.002613686843392856,0.0013248636039323088,0.0010614520565661544,0.010066928189995609
0.002403326242099001,0.001293158978469188,0.001039959127666446,0.00983262353739454
0.0017967830225701276,0.0008443869715838686,0.002527585467425717,0.009601381160883823
0.0017259762158627345,0.000811331434695913,0.0023893442845497872,0.009339837611011237
0.0026145236590867055,0.0013254339003165392,0.001059336689704041,0.010061047072452518
0.002403618234924278,0.0012935511555554377,0.001037773007302799,0.009826806617154493
0.001794333293446015,0.0008448732429832688,0.002527952596902823,0.009598041842544591
0.0017234462205882647,0.0008116241549548191,0.0023894184659569084,0.009336551295102743
0.0026153589871695244,0.0013260096977308056,0.001057224113290285,0.010055176219999896
0.002403910689442588,0.001293948418651221,0.0010355889319636185,0.009820999115706353
0.0017918968210735278,0.0008453605138275744,0.0025283165912119605,0.009594695906775695
0.0017209278339815326,0.0008119178433803938,0.0023894910030565824,0.009333258036056868
0.0026161927529393743,0.0013265908915146734,0.0010551144575451682,0.01004931529420085
0.002404203575653451,0.0012943506760395456,0.001033407024518703,0.009815200686192082
0.0017894734690227412,0.0008458486711158989,0.002528677441599801,0.009591343437502132
0.0017184209381729623,0.0008122124083760755,0.0023895619315654182,0.009329957896196646
0.002617024929151857,0.0013271773684404057,0.0010530078535086066,0.010043463943487702
0.002404496871016759,0.00129475783466416,0.0010312274071858037,0.00980941098240671
0.0017870630954377024,0.0008463376165097782,0.002529035148300504,0.00958798451973858
0.001715925400445674,0.0008125077759837239,0.0023896312870745175,0.009326650935168785
0.0026178554627084316,0.0013277690299100548,0.0010509044208815255,0.010037621849473852
0.002404790561648057,0.0012951698105130296,0.0010290501917513363,0.009803629688266455
0.001784665562989862,0.0008468272459954851,0.0025293896960610083,0.009584619218472541
0.0017134410975281546,0.0008128038673944952,0.0023896990978977944,0.00932333720356383
0.0026186843085083257,0.0013283657783269632,0.0010488042759638936,0.010031788694732967
0.002405084617586622,0.001295586522809878,0.0010268754872547851,0.009797856482400832
0.0017822807387826458,0.0008473174668437019,0.0025297410836616135,0.009581247616570131
0.0017109679105223373,0.0008131006098700158,0.0023897653995673717,0.009320016760271497
0.002619511435737055,0.0013289675172448072,0.0010467075314123282,0.010025964167494345
0.002405379030576391,0.0012960078914937337,0.0010247033986173135,0.00979209105757973
0.0017799084909404146,0.0008478081868530369,0.0025300893037108994,0.009577869783198998
0.0017085057170792926,0.000813397936230192,0.00238983022172846,0.009316689656401925
0.00262033679526279,0.0013295741602048032,0.0010446142914258486,0.010020147975195095
0.0024056737771066287,0.0012964338453738172,0.001022534023300285,0.009786333120366308
0.001777548690359402,0.0008482993176241731,0.0025304343478594472,0.009574485786600575
0.001706054402687707,0.0008136957782656722,0.0023898935936318287,0.00931335594156506
0.00262116035878278,0.0013301856194696908,0.0010425246583426894,0.010014339827086475
0.002405968842795607,0.0012968643128882056,0.001020367456653996,0.009780582378990803
0.0017752012111783913,0.0008487907769296854,0.0025307762138037284,0.009571095699670018
0.0017036138519972849,0.0008139940754712714,0.0023899555476131146,0.009310015668631301
0.0026219820888973237,0.001330801813313109,0.0010404387283071625,0.010008539442556166
0.0024062642155461417,0.0012972992273004235,0.0010182037883460467,0.009774838555458243
0.001772865929676911,0.000849282482763287,0.002531114893501873,0.009567699585321977
0.001701183952832708,0.0008142927672208762,0.002390016110297909,0.009306668883074413
0.0026228019526637766,0.0013314226641415786,0.001038356592522886,0.010002746553191819
0.0024065598772360316,0.0012977385265373253,0.0010160431033523465,0.009769101379656642
0.0017705427237546482,0.0008497743597426694,0.0025314503830261544,0.009564297510028042
0.001698764595355537,0.0008145917974743803,0.002390075311587618,0.009303315632879294
0.002623619922885239,0.0013320480958796952,0.001036278338956618,0.009996960894081001
0.002406855819837526,0.0012981821492566885,0.001013885483575277,0.009763370587141823
0.0017682314752053392,0.0008502663338934932,0.0025317826781788696,0.009560889537373194
0.0016963556714712647,0.0008148911130211933,0.0023901331797054988,0.009299955963956094
0.002624435968158326,0.0013326780377212765,0.0010342040500356834,0.009991182211021955
0.002407152029522479,0.0012986300395836723,0.0010117310057552909,0.00975764592439809
0.0017659320664365084,0.0008507583351950883,0.002532111773917182,0.009557475727450682
0.0016939570751904663,0.0008151906626654276,0.0023901897413988182,0.009296589919029364
0.0026252500643997707,0.0013333124211895734,0.0010321338047159776,0.009985410257880484
0.0024074484967977184,0.0012990821436196453,0.001009579743237294,0.009751927143999025
0.001763644382813957,0.0008512502972231145,0.002532437667417324,0.009554056141313607
0.001691568702383038,0.0008154903991120761,0.002390245025161569,0.009293217542156182
0.0026260621861157562,0.001333951180914965,0.0010300676779534034,0.009979644793606026
0.0024077452135528176,0.0012995384102594749,0.0010074317657092727,0.00974621400548983
0.001761368312037874,0.0008517421556118469,0.002532760355103618,0.009550630836765727
0.0016891904511017262,0.0008157902766111868,0.0023902990572514347,0.009289838874193171
0.00262687231063616,0.0013345942551080923,0.0010280057404956629,0.009973885586905682
0.002408042170396803,0.001299998792115067,0.0010052871387859373,0.009740506277106271
0.001759103742855414,0.0008522338500788404,0.0025330798342618355,0.009547199870337829
0.0016868222206617566,0.0008160902527239245,0.002390351864519793,0.009286453955349779
0.0026276804175368075,0.0013352415844127825,0.001025948059726999,0.00996813241217032
0.002408339361752963,0.0013004632436149207,0.0010031459249762113,0.009734803732554935
0.0017568505671099674,0.0008527253224071156,0.002533396102871893,0.009543763297650904
0.001684463912832149,0.0008163902871096523,0.002390403473575444,0.009283062825123162
0.002628486487091863,0.001335893112495279,0.0010238946992338184,0.009962385050285065
0.002408636781023832,0.001300931722358828,0.0010010081832196437,0.009729106152809622
0.001754608677827606,0.0008532165175813655,0.002533709159146738,0.009540321172124612
0.0016821154306461451,0.0008166903418213335,0.002390453910213101,0.009279665520913036
0.002629290502364209,0.0013365487858538196,0.0010218457191090928,0.009956643289873557
0.0024089344236239746,0.001301404188429832,0.0009988739691097163,0.00972341332567855
0.001752377970045138,0.0008537073832708392,0.0025340190019498363,0.009536873546038629
0.0016797766789032713,0.0008169903814478779,0.0023905032006336403,0.009276262079674944
0.0026300924472366597,0.001337208553443721,0.0010198011762088737,0.009950906924623758
0.00240923228588904,0.0013018806041578547,0.0009967433352578272,0.00971772504439107
0.0017501583409271408,0.0008541978695351392,0.002534325630741438,0.009533420470447444
0.0016774475643015997,0.0008172903724621213,0.0023905513705158475,0.00927285253699986
0.002630892307813918,0.0013378723668753924,0.0010177611240779223,0.009945175754969797
0.0024095303647261104,0.0013023609345073155,0.0009946163310928155,0.00971204110894248
0.0017479496889073961,0.0008546879292686218,0.0025346290453971843,0.009529961994677278
0.0016751279946693807,0.000817590283812718,0.0023905984454423886,0.009269436927261118
0.002631690071428392,0.0013385401802615924,0.0010157256131758034,0.009939449587323498
0.002409828658549378,0.0013028451465810684,0.0009924930031581483,0.009706361324903766
0.001745751914528591,0.0008551775175258831,0.00253492924635959,0.009526498166997528
0.0016728178797826845,0.0008178900862873369,0.002390644450970374,0.009266015284039579
0.0026324857271077065,0.0013392119499643707,0.0010136946910148336,0.009933728233293441
0.002410127166228082,0.0013033332097006365,0.0009903733952279848,0.00970068550334532
0.0017435649198301515,0.0008556665919164975,0.002535226234717077,0.009523029034395888
0.0016705171307181716,0.0008181897527722263,0.0023906894124232376,0.00926258763970541
0.002633279265487707,0.0013398876347574357,0.0010116684021627014,0.00992801151054907
0.0024104258878917123,0.001303825095364399,0.0009882575482830951,0.009695013461192364
0.0017413886084439863,0.0008561551122570981,0.00253552001193217,0.009519554642387596
0.0016682256600015785,0.0008184892581079253,0.0023907333550818024,0.009259154025661487
0.0026340706784213786,0.001340567195586067,0.0010096467884337774,0.009922299241820505
0.002410724824364259,0.0013043207770660691,0.0009861455007339297,0.009689345020346615
0.0017392228857320228,0.0008566430405561572,0.002535810580152828,0.009516075035532886
0.0016659433817462557,0.000818788578901753,0.0023907763041787107,0.009255714472403571
0.002634859959568234,0.0013412505954859023,0.0010076298889838686,0.009916591254991057
0.002411023977440504,0.0013048202302805205,0.0009840372884656788,0.009683680007970102
0.001737067658457241,0.0008571303410400954,0.002536097942044854,0.00951259025704803
0.001663670211254203,0.0008190876936892683,0.0023908182848709266,0.009252269009408608
0.002635647103688636,0.0013419377996403093,0.0010056177403468896,0.00991088738313355
0.0024113233498103113,0.001305323432409169,0.0009819329449040973,0.009678018256244956
0.0017349228349708503,0.0008576169798950506,0.0025363821007356605,0.009509100349001823
0.0016614060653270793,0.000819386582639235,0.0023908593222914487,0.009248817665250696
0.0026364321070907206,0.0013426287751444827,0.0010036103766274508,0.009905187463969813
0.0024116229448617956,0.0013058303626599591,0.0009798325011795327,0.009672359602014508
0.001732788325076018,0.0008581029253867496,0.002536663060009164,0.009505605352472201
0.0016591508620369417,0.000819685227650939,0.0023908994415785235,0.009245360467652935
0.002637214967427573,0.0013433234910321023,0.0010016078295339683,0.00989949133999964
0.0024119227670099546,0.0013063410020062558,0.0009777359861576332,0.009666703886888239
0.0017306640399954306,0.0008585881476571871,0.002536940824084114,0.009502105307306358
0.0016569045207110035,0.0008199836122437518,0.002390938667839198,0.009241897443412379
0.002637995683506976,0.001344021918211526,0.0009996101284705662,0.009893798858270988
0.0024122228212819876,0.00130685533314441,0.0009756434265390938,0.009661050956937225
0.0017285498923806,0.0008590726187120828,0.002537215397744168,0.009498600252384557
0.0016546669620015643,0.0008202817214595728,0.002390977026199941,0.009238428618523281
0.002638774255609079,0.0013447240293211384,0.0009976173006706643,0.009888109870154945
0.0024125231135955685,0.0013073733403748337,0.0009735548469679311,0.009655400662561082
0.0017264457962297087,0.0008595563123787544,0.0025374867863152076,0.009495090225577204
0.001652438107732409,0.0008205795418939211,0.002391014541830657,0.009234954018165596
0.0026395506850948433,0.0013454297987568079,0.0009956293712257383,0.009882424231328716
0.00241282365061523,0.0013078950095941754,0.0009714702700742766,0.009649752858434633
0.0017243516668939479,0.0008600392041770098,0.0025377549955833954,0.009491575263692537
0.0016502178809606933,0.0008208770615521566,0.0023910512398870373,0.009231473666689792
0.002640324974586744,0.0013461392025505311,0.0009936463632058091,0.009876741801574575
0.002413124439697252,0.0013084203282123343,0.0009693897165759765,0.00964410740327529
0.001722267421032737,0.0008605212713364307,0.0025380200318932,0.009488055402655357
0.0016480062059066273,0.0008211742698645744,0.0023910871456192797,0.009227987587717671
0.002641097127898307,0.0013468522183221834,0.0009916682977331275,0.009871062444631448
0.002413425489012737,0.001308949285087762,0.000967313205350327,0.009638464159761995
0.0017201929765841828,0.0008610024926784916,0.0025382819020605086,0.009484530677413882
0.0016458030079360292,0.0008214711576059783,0.0023911222842961334,0.009224495804095425
0.002641867149893683,0.0013475688252452944,0.0009896951940469665,0.009865386028141436
0.0024137268073525365,0.0013094818705041487,0.0009652407534913299,0.009632822994430235
0.001718128252745513,0.0008614828485801264,0.0025385406133769544,0.009481001122023606
0.0016436082135414668,0.0008217677168422075,0.0023911566812617234,0.009220998337949383
0.0026426350466290725,0.0013482890039506704,0.0009877270696012715,0.009859712423455052
0.002414028404238903,0.0013100180760823943,0.0009631723764084988,0.009627183777492169
0.001716073169932662,0.0008619623209339348,0.0025387961736442356,0.009477466769687554
0.0016414217503118989,0.0008220639409018889,0.0023911903619181205,0.00921749521071538
0.002643400825175595,0.0013490127365037075,0.0009857639401211348,0.009854041505556577
0.0024143302898610663,0.0013105578947467218,0.0009611080878748747,0.009621546382782228
0.0017140276497778165,0.000862440893061214,0.002539048591097709,0.00947392765272902
0.0016392435469059364,0.0008223598243147592,0.002391223351737148,0.009213986443136195
0.0026441644936285643,0.0013497400063432023,0.0009838058196772297,0.00984837315294267
0.002414632475030659,0.0013111013206813069,0.0009590479000916299,0.009615910687604647
0.0017119916150794441,0.0008629185496895977,0.0025392978744564684,0.00947038380267164
0.0016370735330458153,0.000822655362771206,0.0023912556762743942,0.009210472055293541
0.002644926061127382,0.0013504707982182021,0.0009818527207571175,0.009842707247508027
0.0024149349712274384,0.0013116483492639443,0.0009569918237635323,0.009610276572637928
0.0017099649897977427,0.000863395276890876,0.0025395440328726334,0.009466835250248528
0.0016349116394761578,0.000822950553090604,0.0023912873611754786,0.009206952066631253
0.0026456855377315117,0.0013512050981534538,0.0009799046543302167,0.009837043674449307
0.002415237790520016,0.001312198977039064,0.0009549398681506379,0.00960464392183865
0.001707947699030059,0.0008638710620194719,0.0025397870759224016,0.009463282025406488
0.0016327577979542158,0.000823245393161233,0.002391318432155795,0.009203426495965944
0.00264644293447149,0.0013519428933904314,0.0009779616299133212,0.00983138232215815
0.0024155409455768055,0.0013127532016597248,0.0009528920411329526,0.009599012622328668
0.0017059396689757453,0.0008643458936910325,0.002540027013620954,0.009459724157371414
0.0016306119412312005,0.000823539881910673,0.0023913489150333015,0.009199895361521482
0.002647198263266965,0.0013526841723467417,0.0009760236556316567,0.009825723082128757
0.002415844449658836,0.0013133110218488731,0.0009508483492680399,0.009593382564300718
0.0017039408269318383,0.0008648197617099802,0.002540263856383051,0.009456161674634981
0.0016284740030251578,0.0008238340192667292,0.002391378835712684,0.009196358680932742
0.0026479515369195413,0.0013534289245708037,0.00097409073827445,0.009820065848856818
0.002416148316562694,0.0013138724373615868,0.0009488087978387571,0.009587753640936975
0.0017019511012638085,0.0008652926570436795,0.002540497615018971,0.009452594604998773
0.0016263439180117043,0.000824127806117413,0.0023914082201925628,0.00919281647126624
0.002648702769087155,0.0013541771406932524,0.0009721628833610732,0.009814410519757195
0.002416452560643969,0.001314437448939371,0.0009467733909198964,0.00958212574829646
0.001699970421387766,0.0008657645717662092,0.0025407283007263114,0.009449022975598574
0.0016242216218002807,0.0008244212442718669,0.0023914370945714433,0.009189268749052551
0.002649451974214319,0.0013549288123886763,0.0009702400951925958,0.009808756995075819
0.0024167571967857056,0.001315006058272793,0.0009447421314205643,0.009576498785244383
0.0016979987177575123,0.0008662354990222219,0.0025409559250696104,0.009445446812917011
0.0016221070509147058,0.0008247143364312593,0.002391465485044469,0.009185715530285347
0.0026501991675680087,0.0013556839323354151,0.0009683223769051736,0.00980310517779584
0.002417062240380122,0.0013155782679659265,0.0009427150211313339,0.009570872653367046
0.0016960359218340067,0.0008667054329861394,0.002541180499973445,0.009441866142810588
0.0016200001427829885,0.0008250070861520878,0.0023914934179075737,0.009182156830443525
0.002650944365144478,0.0013564424941734622,0.0009664097305219763,0.00979745497357031
0.0024173677073125875,0.0013161540814995696,0.0009406920607819853,0.009565247256876689
0.0016940819660770754,0.0008671743688187751,0.0025414020377081377,0.009438280990539298
0.0016179008357202946,0.0008252994978079771,0.0023915209195526747,0.009178592664514717
0.0026516875836873894,0.0013572044924656378,0.0009645021570077696,0.00979180629063583
0.002417673613950207,0.0013167335031959797,0.0009386732500785515,0.009559622502551247
0.0016921367839302821,0.0008676423026296487,0.00254162055086846,0.00943469138077192
0.0016158090689032784,0.0008255915765682648,0.0023915480164754736,0.009175023047010268
0.0026524288406380007,0.0013579699226624706,0.0009625996563131738,0.009786159039739235
0.002417979977115298,0.00131731653818359,0.0009366585877567477,0.009553998299649053
0.00169020030980062,0.0008681092314401748,0.002541836052367875,0.009431097337624641
0.0016137247823710902,0.0008258833283548841,0.002391574735269488,0.009171447991974429
0.002653168154113133,0.0013587387810636386,0.0009607022274256631,0.009780513134060611
0.0024182868140758514,0.0013179031923652358,0.0009346480716171811,0.00954837455983556
0.0016882724790408662,0.0008685751531441458,0.0025420485554206733,0.009427498884668694
0.0016116479169961933,0.0008261747598188964,0.002391601102619907,0.009167867513000545
0.0026539055428849087,0.0013595110647856082,0.0009588098684102684,0.009774868489153845
0.002418594142545948,0.001318493472388918,0.0009326416985735641,0.009542751197112205
0.0016863532279347317,0.000869040066483693,0.0025422580735378042,0.009423896044958583
0.001609578414483034,0.000826465878312806,0.002391627145318425,0.009164281623258703
0.0026546410263295524,0.0013602867717274396,0.000956922576455861,0.009769225022868202
0.002418901980642461,0.0013190873856137376,0.0009306394646857339,0.009537128127756303
0.0016844424936940025,0.0008695039709983014,0.0025424646204974463,0.009420288841038113
0.0016075162173417288,0.000826756691862119,0.002391652890248075,0.00916069033549267
0.0026553746244405243,0.0013610659005366525,0.0009550403479179237,0.009763582655284158
0.0024192103468899068,0.0013196849400856768,0.0009286413652045227,0.009531505270239642
0.0016825402144225023,0.0008699668670042656,0.002542668210345193,0.009416677294983251
0.0016054612688815295,0.0008270472091350853,0.002391678364391937,0.009157093662042202
0.0026561063577805904,0.0013618484505793932,0.000953163178358492,0.009757941308661137
0.002419519260210883,0.0013202861445064699,0.0009266473946000749,0.009525882545180202
0.0016806463291164648,0.000870428755556156,0.0025428688573712055,0.009413061428398881
0.0016034135131936416,0.0008273374394198884,0.002391703594827925,0.009153491614864562
0.002656836247440633,0.0013626344219077977,0.0009512910625881705,0.00975230090736148
0.0024198287398884137,0.0013208910082028388,0.0009246575466122882,0.009520259875270132
0.0016787607776568882,0.0008708896384162625,0.002543066576095472,0.009409441262444907
0.0016013728951486412,0.0008276273925920372,0.0023917286087192314,0.009149884205537709
0.002657564315061352,0.0013634238152305112,0.0009494239947000834,0.009746661377802923
0.002420138805564839,0.001321499541107839,0.0009226718142701397,0.009514637185235486
0.0016768835007763075,0.0008713495180279609,0.0025432613812655445,0.009405816817862027
0.0015993393603706471,0.0008279170791060827,0.002391753433324981,0.009146271445274592
0.00265829058276322,0.001364216631886166,0.0009475619681054227,0.009741022648398334
0.002420449477240983,0.0013221117537269961,0.0009206901899365995,0.009509014401745147
0.0016750144400667613,0.000871808397483095,0.0025434532878280416,0.009402188114972242
0.0015973128552386005,0.0008282065099503622,0.002391778095983766,0.009142653344946693
0.0026590150731570362,0.0013650128738135043,0.0009457049755741301,0.009735384649502039
0.0024207607752484727,0.0013227276571202797,0.0009187126653324423,0.009503391453384039
0.0016731535379495871,0.0008722662804976454,0.002543642310934145,0.009398555173711829
0.0015952933268565846,0.0008284956966491055,0.0023918026241293347,0.0091390299150813
0.0026597378093012243,0.001365812543529074,0.0009438530092617697,0.009729747313350131
0.0024210727202355685,0.001323347262878248,0.0009167392315666124,0.009497768270598842
0.0016713007376797683,0.0008727231713719638,0.0025438284658993596,0.009394918013636675
0.001593280723066886,0.0008287846512130783,0.002391827045274685,0.009135401165881655
0.0026604588146733298,0.0013666156440917685,0.0009420060607510116,0.009724110574027908
0.002421385333165284,0.0013239705830972674,0.0009147698791695054,0.009492144785623952
0.001669455983319311,0.0008731790749849541,0.0025440117682201486,0.009391276653951173
0.001591274992411479,0.0008290733861438354,0.002391851387023019,0.009131767107245184
0.0026611781131932306,0.0013674221790860833,0.0009401641210744834,0.009718474367398425
0.002421698635294582,0.0013245976303548393,0.0009128045981233776,0.009486520932460286
0.0016676192197355472,0.0008736339967455507,0.0025441922335296117,0.009387631113511489
0.001589276084145528,0.0008293619143956658,0.002391875677035167,0.009128127748766458
0.002661895729131043,0.0013682321525957696,0.0009383271807517115,0.009712838631072192
0.0024220126481684155,0.0013252284176929366,0.0009108433778854075,0.009480896646802127
0.0016657903925900062,0.0008740879425845917,0.002544369877612362,0.009383981410846096
0.0015872839482135922,0.0008296502493666207,0.0023918999430714355,0.009124483099744556
0.002662611687154729,0.0013690455691777658,0.0009364952298130248,0.009707203304349727
0.002422327393594777,0.0013258629585985136,0.0009088862074123323,0.009475271866007731
0.0016639694483187343,0.0008745409189217355,0.0025445447163703547,0.009380327564174593
0.0015852985352411131,0.0008299384048697093,0.0023919242129483817,0.009120833169211391
0.0026633260122585693,0.0013698624338420568,0.0009346682578321981,0.009701568328192044
0.0024226428936577706,0.0013265012669786069,0.0009069330751913575,0.009469646529051877
0.001662156334132966,0.0008749929326431104,0.002544716765824368,0.009376669591419976
0.0015833197965232882,0.0008302263951233774,0.0023919485145604885,0.009117177965928914
0.0026640387297758427,0.0013706827520292358,0.0009328462539485337,0.009695933645160833
0.0024229591706797413,0.0013271433571463282,0.0009049839692581577,0.009464020576472948
0.001660350997997731,0.0008754439910816948,0.0025448860420920283,0.009373007510219427
0.0015813476840233775,0.0008305142347287376,0.0023919728758674684,0.009113517498398114
0.002664749865347179,0.001371506529585792,0.0009310292068977626,0.009690299199393498
0.00242327624723053,0.00132778924379913,0.0009030388772256283,0.009458393950342321
0.0016585533886318907,0.0008758941019942909,0.0025450525613752847,0.009369341337942743
0.0015793821503482207,0.0008308019386569516,0.00239199732489637,0.009109851774884204
0.0026654594448956574,0.0013723337727489454,0.0009292171050336241,0.009684664936548506
0.002423594146108884,0.0013284389420034576,0.0009010977862986005,0.009452766594218193
0.001656763455488084,0.0008763432735346778,0.0025452163399603462,0.009365671091710971
0.001577423148755374,0.0008310895222241905,0.002392021889732888,0.009106180803410477
0.0026661674946263617,0.0013731644881235573,0.0009274099363526571,0.009679030803780226
0.002423912890329959,0.0013290924671784442,0.000899160683305222,0.009447138453105111
0.0016549811487506852,0.0008767915142406414,0.0025453773941874996,0.009361996788396464
0.0015754706331307586,0.0008313770010873394,0.0023920465985283906,0.009102504591773634
0.002666874040984413,0.001373998682661419,0.0009256076885196831,0.009673396749697607
0.002424232503118804,0.0013297498350788855,0.0008972275547067816,0.00944150947342429
0.0016532064193272543,0.0008772388330076857,0.0025455357404387436,0.009358318444651896
0.0015735245579839808,0.0008316643912200326,0.002392071479485119,0.009098823147560647
0.0026675791106542733,0.0013748363636437153,0.0009238103488905295,0.009667762724324581
0.002424553007901347,0.0013304110617760663,0.0008952983866267945,0.009435879602963694
0.0016514392188323075,0.000877685239072082,0.002545691395150997,0.009354636076911742
0.0015715848784422861,0.0008319517089010241,0.0023920965608610237,0.00909513647814732
0.0026682827305359053,0.0013756775386647528,0.0009220179045252358,0.009662128679070254
0.0024248744282968308,0.0013310761636482799,0.0008933731648649973,0.009430248790859793
0.0016496794995787287,0.0008781307419917911,0.0025458443747661975,0.009350949701416011
0.001569651550242194,0.0008322389706973698,0.002392121870958677,0.009091444590717422
0.0026689849277345286,0.0013765222156109714,0.000920230342220969,0.009656494566698618
0.0024251967880901024,0.0013317451573620987,0.0008914518749135892,0.009424616987548344
0.0016479272145773491,0.0008785753516303216,0.0025459946957586367,0.009347259334209466
0.0015677245297130698,0.000832526193454797,0.0023921474381385747,0.009087747492259584
0.0026696857295365178,0.001377370402647064,0.0009184476485205755,0.009650860341284253
0.002425520111251829,0.0013324180598610251,0.0008895345019807753,0.009418984144739195
0.0016461823175225895,0.0008790190781310549,0.002546142374586759,0.009343564991161945
0.0015658037737736486,0.0008328133942815082,0.0023921732907998296,0.00908404518959326
0.0026703851633907115,0.0013782221081975279,0.0009166698097394443,0.009645225958200726
0.0024258444219144412,0.0013330948883524664,0.0008876210309976577,0.009413350215379989
0.0016444447627791544,0.0008794619319138176,0.0025462874277139788,0.009339866687980295
0.00156388923992932,0.000833100590542746,0.0023921994573919683,0.009080337689355901
0.0026710832568930085,0.0013790773409312214,0.0009148968119808893,0.009639591374070337
0.0024261697443650194,0.0013337756602912517,0.0008857114466425714,0.009407715153631006
0.0016427145053833283,0.0008799039236409213,0.0025464298715641973,0.00933616444022025
0.0015619808862555203,0.0008333877998287695,0.0023922259663917557,0.009076624998026559
0.0026717800377921274,0.0013799361097430005,0.0009131286411562229,0.009633956546751223
0.002426496103027923,0.0013344603933716417,0.0008838057333554638,0.009402078914830386
0.0016409915010261796,0.0008803450642134342,0.0025465697225400988,0.009332458263303164
0.001560078671389055,0.0008336750399732684,0.0023922528463272037,0.009072907121934707
0.002672475533942833,0.001380798423745825,0.0009113652829956644,0.009628321435304697
0.0024268235224715645,0.0013351491055093828,0.0008819038753496234,0.009396441455472323
0.0016392757060557806,0.0008807853647520412,0.0025467069969910506,0.009328748172506722
0.0015581825545287733,0.0008339623290104508,0.0023922801257497384,0.009069184067260353
0.002673169773316821,0.0013816642922477216,0.0009096067230720282,0.009622685999955007
0.0024271520274014623,0.001335841814835606,0.0008800058566259411,0.009390802733164245
0.001637567077451293,0.0008812248365839178,0.0025468417112242668,0.009325034182998591
0.0015562924954232165,0.0008342496851893595,0.0023923078332432272,0.009065455840042149
0.0026738627839676763,0.0013825337247460078,0.0009078529468071703,0.009617050202092216
0.0024274816426366015,0.0013365385396866911,0.0008781116609850631,0.00938516270661786
0.0016358655728368771,0.0008816634912199279,0.0025469738814619743,0.009321316309842053
0.0015544084543630636,0.0008345371269464569,0.0023923359974338844,0.009061722446187135
0.0026745545940248167,0.0013834067309065608,0.000906103939500532,0.00961141400422003
0.0024278123931102207,0.0013372392985880116,0.0008762212720458082,0.00937952133560844
0.001634171150461024,0.0008821013403501998,0.0025471035238595566,0.009317594568000536
0.0015525303921694073,0.000834824672906638,0.002392364646961303,0.009057983891482005
0.002675245231693177,0.0013842833205518908,0.000904359686332419,0.009605777369945756
0.0024281443038780375,0.0013379441102467434,0.0008743346732484391,0.009373878580960882
0.00163248376919159,0.0008825383958237024,0.00254723065448103,0.009313868972347972
0.0015506582701947738,0.0008351123418708015,0.002392393810500769,0.009054240181589124
0.002675934725211644,0.0013851635036527153,0.0009026201723795472,0.00960014026395086
0.0024284774000779,0.0013386529935441992,0.0008724518478762214,0.009368234404515955
0.001630803388510694,0.0008829746696341947,0.002547355289289963,0.009310139537686253
0.0015487920503090256,0.0008354001527964027,0.0023924235167437375,0.009050491322070591
0.0026766231028734224,0.001386047290312032,0.0009008853826350191,0.009594502651974573
0.002428811706953335,0.0013393659675213592,0.0008705727790591902,0.00936258876911146
0.0016291299685017024,0.0008834101739142749,0.002547477444138501,0.009306406278753291
0.0015469316948948347,0.0008356881248040122,0.0023924537944004895,0.009046737318381943
0.0026773103929800374,0.001386934690750473,0.0008991553020131864,0.009588864500786312
0.002429147249833025,0.0013400830513732643,0.0008686974497881265,0.009356941638562358
0.0016274634698486164,0.0008838449209146481,0.002547597134765,0.00930266921022426
0.0015450771668460994,0.0008359762771582693,0.0023924846722027074,0.009042978175873852
0.002677996623852806,0.0013878257153006458,0.0008974299153668939,0.009583225778165038
0.002429484054131714,0.0013408042644399239,0.00086682584292545,0.009351292977625252
0.0016258038538289026,0.0008842789229963325,0.002547714376774087,0.009298928346733105
0.001543228429549533,0.0008362646292661722,0.0023925161789027445,0.009039213899815669
0.0026786818238017257,0.0013887203743922702,0.0008957092074970171,0.009577586452884418
0.0024298221453369576,0.001341529626199109,0.0008649579412084477,0.00934564275199298
0.0016241510823031661,0.0008847121926137378,0.002547829185626827,0.009295183702870777
0.0015413854468872932,0.000836553200657737,0.0023925483432678096,0.009035444495384605
0.00267936602113345,0.0013896186785391739,0.000893993163169006,0.009571946494688835
0.002430161548996779,0.001342259156254258,0.00086309372726983,0.00933999092826799
0.0016225051177087705,0.0008851447423109849,0.0025479415766361656,0.00929143529320874
0.0015395481832281253,0.0008368420109984957,0.0023925811940616573,0.009031669967683295
0.0026800492441245286,0.001390520638331682,0.0008922817671141375,0.009566305874275819
0.0024305022907446026,0.001342992874330167,0.0008612331836356379,0.00933433747393296
0.0016208659230549482,0.0008855765847043743,0.002548051564961241,0.009287683132288943
0.001537716603414666,0.0008371310800577938,0.0023926147600800605,0.009027890321744532
0.002680731521017148,0.0013914262644261239,0.000890575004052054,0.009560664563270671
0.0024308443962460305,0.0013437308002638816,0.0008593762927461093,0.009328682357346112
0.0016192334619149892,0.0008860077324697479,0.002548159165582601,0.009283927234653724
0.0015358906727677018,0.0008374204277216222,0.0023926490701100993,0.009024105562529024
0.0026814128800073302,0.0013923355675351217,0.0008888728586884275,0.009555022534221209
0.002431187891231796,0.0013444729540001584,0.0008575230369489054,0.009323025547713639
0.0016176076984243063,0.0008864381983400645,0.0025482643933093883,0.009280167614834845
0.0015340703570723626,0.0008377100739761342,0.0023926841529646205,0.00902031569493679
0.00268209334921997,0.0013932485584122998,0.0008871753157364607,0.00954937976057027
0.0024315328014888468,0.0013452193555822517,0.0008556733985143897,0.00931736701506689
0.0016159885972667973,0.0008868679950844776,0.0025483672627619534,0.009276404287374484
0.0015322556225773447,0.0008380000388991628,0.002392720037443954,0.0090165207238081
0.0026827729567174934,0.001394165247848713,0.000885482359919789,0.009543736216651635
0.002431879152832109,0.0013459700251463283,0.0008538273596468073,0.009311706730257349
0.0016143761236732876,0.0008872971355067286,0.0025484677883556165,0.009272637266832005
0.0015304464359736107,0.000838290342665977,0.0023927567523698077,0.009012720653937911
0.0026834517304961704,0.0013950856466631379,0.0008837939759832281,0.009538091877654033
0.0024322269711300752,0.001346724982912967,0.0008519849024868964,0.009306044664924348
0.0016127702434188783,0.0008877256324303479,0.002548565984307273,0.009268866567786686
0.0015286427644134104,0.0008385810055315815,0.0023927943265612487,0.009008915490070723
0.002684129698417267,0.001396009765688193,0.0008821101487030032,0.009532446719623177
0.0024325762822643452,0.0013474842491862278,0.0008501460091150432,0.0093003807914919
0.0016111709228060107,0.0008881534986883176,0.0025486618646143656,0.009265092204851446
0.001526844575484764,0.0008388720478214609,0.0023928327888282116,0.009005105236910232
0.0026848068882928972,0.001396937615767693,0.0008804308628901764,0.009526800719443052
0.0024329271121591254,0.0013482478443425944,0.0008483106615682132,0.009294715083142028
0.0016095781286738612,0.0008885807471224147,0.0025487554430484783,0.009261314192680479
0.0015250518372075797,0.0008391634899507682,0.0023928721680073137,0.009001289899124017
0.002685483327785787,0.0013978692077418727,0.0008787561034071876,0.009521153854810324
0.0024332794867576463,0.0013490157888268878,0.0008464788418342953,0.009289047513805484
0.0016079918283823692,0.0008890073905579393,0.002548846733147968,0.009257532545967345
0.0015232645180439264,0.0008394553523808292,0.0023929124929059726,0.008997469481342021
0.002686159044448274,0.0013988045524438875,0.0008770858551692903,0.009515506104242705
0.0024336334320103257,0.0013497881031502405,0.000844650531866435,0.009283378058142453
0.0016064119898011806,0.0008894334418132293,0.002548935748214331,0.009253747279473465
0.001521482586866682,0.000839747655648999,0.002392953792350394,0.008993643988175443
0.0026868340657114844,0.0013997436606886986,0.0008754201031532967,0.009509857447041425
0.0024339889739210525,0.0013505648078788617,0.0008428257135849814,0.009277706691528546
0.0016048385813246188,0.0008898589136786618,0.002549022501291773,0.009249958408004508
0.0015197060129717589,0.0008400404203477808,0.002392996095158203,0.00898981342420701
0.002687508418842197,0.0014006865432673933,0.0008737588324036472,0.009504207863291203
0.0024343461384543435,0.0013513459236375982,0.0008410043688831586,0.009272033390037683
0.0016032715718446403,0.0008902838189074295,0.0025491070051668844,0.009246165946451784
0.0015179347660746404,0.0008403336671167686,0.002393039430145345,0.00898597779399064
0.0026881821309880385,0.0014016332109380671,0.0008721020280462298,0.009498557333845846
0.0024347049516143487,0.0013521314710987222,0.0008391864796295566,0.009266358130437136
0.0016017109307549819,0.0008907081702206272,0.002549189272365646,0.009242369909776506
0.0015161688162892873,0.000840627416652723,0.0023930838261277906,0.008982137102077181
0.002688855229114613,0.001402583674415539,0.0008704496752872346,0.009492905840314106
0.0024350654394103594,0.0013529214709767192,0.0008373720276791421,0.009260680890157117
0.0016001566279500179,0.000891131980282171,0.002549269315129919,0.009238570313017802
0.0015144081341360409,0.0008409216896889919,0.002393129311914724,0.0089782913530002
0.0026895277400197024,0.0014035379443722757,0.000868801759423891,0.009487253365048286
0.002435427627835144,0.0013537159440313474,0.0008355609948726733,0.009255001647294018
0.0015986086338137988,0.0008915552617024483,0.002549347145416111,0.009234767171310287
0.0015126526905312914,0.0008412165070041815,0.002393175916317011,0.008974440551276969
0.002690199690335626,0.001404496031418707,0.0008671582658498827,0.009481599891137147
0.0024357915428883862,0.001354514911056953,0.0008337533630428252,0.009249320380588476
0.0015970669192140775,0.0008919780270265386,0.0025494227748983265,0.009230960499890337
0.0015109024567814611,0.0008415118894103467,0.0023932236681324863,0.0089705847014344
0.0026908711065006443,0.0014054579461079792,0.000865519180062018,0.00947594540238396
0.0024361572105580467,0.001355318392880901,0.0008319491140158944,0.009243637069418376
0.0015955314555036674,0.0008924002887275039,0.0025494962149369763,0.0092271503140883
0.0015091574045821357,0.0008418078577564667,0.002393272596163724,0.008966723807981773
0.002691542014763473,0.0014064236989218143,0.0008638844876649031,0.009470289883309885
0.002436524656826152,0.001356126410359786,0.0008301482296214086,0.009237951693774702
0.0015940022145060197,0.0008928220591982389,0.0025495674765956184,0.009223336629351837
0.0015074175060093896,0.0008421044329138607,0.002393322729199882,0.008962857875440943
0.0026922124411698765,0.0014073933002672113,0.0008622541743793855,0.009464633319133756
0.0024368939076660394,0.0013569389843757632,0.0008283506916902762,0.00923226423426279
0.0015924791685201737,0.0008932433507488389,0.0025496365706227505,0.009219519461242191
0.001505682733513354,0.0008424016357905845,0.0023933740960350273,0.008958986908331334
0.0026928824115458002,0.0014083667604671305,0.0008606282260435243,0.009458975695763084
0.002437264989032646,0.0013577561358357301,0.0008265564820576024,0.009226574672084075
0.0015909622903149203,0.0008936641755892941,0.002549703507429548,0.009215698825437393
0.001503953059915318,0.0008426994873091363,0.0023934267254568523,0.008955110911180189
0.002693551951516704,0.0014093440897582179,0.000859006628622079,0.009453316999788883
0.002437637926844408,0.0013585778856659374,0.0008247655825711884,0.009220882989030805
0.001589451553112798,0.0008940845458375276,0.0025497682971115467,0.009211874737757551
0.0015022284584041146,0.0008429980084199416,0.002393480646245781,0.008951229888527274
0.0026942210864690213,0.0014103252982784814,0.0008573893682118233,0.009447657218468302
0.002438012747033145,0.0013594042548061855,0.0008229779750934691,0.009215189167458417
0.0015879469306042315,0.0008945044734957287,0.002549830949415255,0.009208047214145636
0.0015005089025291428,0.0008432972200870317,0.002393535887185134,0.00894734384491739
0.0026948898415552723,0.0014113103960672758,0.0008557764310421391,0.009441996339727903
0.0024383894754736748,0.0013602352642153243,0.000821193641496667,0.009209493190298146
0.0015864483969221012,0.0008949239704628578,0.0025498914737472926,0.009204216270690662
0.0014987943661953712,0.0008435971432880867,0.002393592477044979,0.008943452784922293
0.0026955582417015657,0.0014122993930551155,0.0008541678034849799,0.009436334352140115
0.0024387681380404107,0.0013610709348573181,0.000819412563677315,0.009203795041025333
0.0015849559266593663,0.000895343048511774,0.002549949879154358,0.009200381923625732
0.0014970848236577263,0.000843897799023495,0.0023936504446070636,0.008939556713119927
0.002696226311565166,0.0014132922990596586,0.0008525634720539563,0.009430671244926076
0.0024391487605644707,0.0013619112877128708,0.0008176347235489602,0.00919809470366179
0.001583469494847306,0.0008957617192919577,0.0025500061743282073,0.009196544189335618
0.0014953802495250741,0.000844199208293368,0.002393709818642488,0.008935655634107538
0.002696894075545272,0.0014142891237805622,0.0008509634234182943,0.00942500700794714
0.00243953136885036,0.001362756343765302,0.0008158601030484202,0.009192392162761437
0.0015819890769587725,0.0008961799943193913,0.002550060367583185,0.009192703084367057
0.001493680618739059,0.0008445013921147968,0.002393770627923811,0.008931749552510365
0.0026975615578153874,0.0014152898767870186,0.0008493676443976422,0.009419341631680542
0.002439915988675244,0.0013636061240007347,0.0008140886841429141,0.009186687403403383
0.0015805146489013082,0.0008965978849778722,0.0025501124668689166,0.009188858625426996
0.0013963106324868262,0.0018230269271343193,0.0038798304565749076,0.008866010921521205
0.0009975590898378456,0.0015728290337076892,0.0011815897889734645,0.009428619102727855
0.0024334040682754492,0.0015536135351966974,0.00046785503763766776,0.008937704595407556
0.0023238014576561225,0.000417046546773773,0.0020223228300747867,0.009252097421654913
0.002222277215293744,0.00040107650981820105,0.002483702340731725,0.008473718614540847
0.003327030542452555,0.0014161105340633024,0.0007114955302439231,0.010260609195838745
0.002028160053468488,0.001650889967872591,0.0005343474425319044,0.010013694030910902
0.0016835088771671488,0.001222030304866278,0.0025935336503050107,0.009231741221752578
0.0015330474160431394,0.0012944914063461434,0.002700964845796575,0.008943675732478697
0.0020768072336819813,0.0015069291456774642,0.0006162250418041051,0.010305457078852522
0.0030985698897464486,0.0012981484799418639,0.0005543733892438233,0.009832799971922301
0.0023224768778423582,0.000506026674028753,0.002402638611630018,0.009141713026698181
0.0022533776598590966,0.000537005418723649,0.0022232391438687443,0.009128250157624782
0.0026197351276239403,0.001445565613927502,0.0004719833932904272,0.0097598380961527
0.001596895672930032,0.001453957632432501,0.0007079858564548764,0.0097129653540811
0.0018676518361148869,0.0011622783218761482,0.002901796032612391,0.009227775163218117
0.00180609739621644,0.0008072396745615431,0.0021029981647943544,0.008939908945245236
0.003331541774257558,0.0017775581789419791,0.0003262202367342996,0.010586280730887677
0.0030899842322806917,0.0015947163789846214,0.00038990023375726484,0.010489228687156365
0.001747805803106037,0.0008375817982377356,0.0024525441031582633,0.008863195942066474
0.0016766514854724128,0.0008924403788680334,0.0022805225925004694,0.00890231786247964
0.002369693484067122,0.0017567815032975454,0.0003929803503546183,0.010146357748409019
0.00211158688531682,0.0015967921229882143,0.00047218994767246077,0.009661286699024973
0.0018977255474508913,0.0009564548157359639,0.002832297605658401,0.009227017390035978
0.001857948206284957,0.0007366642988902275,0.0025724622485403226,0.008895377067562386
0.003495143599356518,0.0015652512201273364,0.0004345713436498983,0.009934354157587873
0.0028768527355382072,0.0015754839186091951,0.0003839682095841097,0.009738359594050576
0.0017633931607481574,0.0010387707386432057,0.002687540643372762,0.009253529682547628
0.0015037169356927076,0.0011439919296494351,0.002670567358196223,0.008909663878146892
0.0023422079995574613,0.001706811179461346,0.00046211488822360335,0.010420050224525367
0.002740560002444085,0.001713770658669705,0.0003387836822361061,0.00995319165006607
0.0019034917754280321,0.0007297801367242725,0.0021842441323414764,0.009234641690943065
0.0017053817133057157,0.0008040146096924874,0.002433774586883577,0.00886194602443444
0.002676247564947684,0.00144315954254108,0.0005558702996819928,0.010103372832412569
0.002356091222263158,0.0014992282509942462,0.0004654747930183707,0.009590102340945903
0.001942647391019225,0.0009449538238704893,0.00248307233454892,0.009585374704654795
0.001749116568671218,0.0009719640186549369,0.002505382153086667,0.009164429868854457
0.0025932195364236446,0.0014069343586728834,0.0005714112874104715,0.010027600101116257
0.0026968154978389666,0.0014010695296262517,0.0004915235911975126,0.009761185879428064
0.0019066071010333376,0.0007958796398799591,0.0022163369954975864,0.009242814649211412
0.00171986623328246,0.0008311555163285931,0.002125854336578204,0.008926221819161053
0.002505470604696933,0.0014974732542745689,0.0005383938736635677,0.010204241409077395
0.0022097888862237067,0.001463746131072743,0.0005297861493540194,0.009818589358407893
0.0018258259999127677,0.0009348507142106797,0.0023309518831470012,0.009256706589061272
0.0017595272550227142,0.0008336529471872015,0.002169630686828025,0.008985306019025148
0.002878276572289267,0.0014139045676695582,0.0005832081573113266,0.009922551992424724
0.002572255563992975,0.0013475345346006268,0.000582791797286844,0.009619158563472854
0.0018341648777510154,0.0009337477076872599,0.0024311792492694153,0.009278619576858497
0.001694781505040349,0.0008976992879730749,0.002221153409917136,0.00900656484087181
0.0025713649259681204,0.0014951495557199467,0.0005769724234542595,0.009878813194470516
0.0023833967024680805,0.0014333875958659802,0.0005825590907325835,0.009637246763397762
0.0017539718295635726,0.0009057503476437666,0.0023578714753907048,0.009141447135047932
0.0016672979668823174,0.0008284386850113095,0.002169597982865339,0.008884689016516314
0.002783900543873567,0.0014874804204695554,0.0006186436917461678,0.009856223182221197
0.0024087732322966185,0.0014341175190928975,0.0006030955929526244,0.009521407927010804
0.0017493718135339037,0.0009656305498154717,0.0024542772445372025,0.009238225512875588
0.001630577178329618,0.0009133581162244352,0.002322276364975606,0.0089452953433744
0.0026914500500308286,0.001454392790554261,0.0006656912182667474,0.009731077560315373
0.002542816146283267,0.001411466689121086,0.000623296354205546,0.00944800115668903
0.00176578084212979,0.0008898973607140919,0.0023738741157442694,0.009185868667490426
0.001624081428300345,0.0008765617790932364,0.0022725472581124565,0.008876784477556167
0.002614939847269382,0.0014614059711214515,0.0006846647346481738,0.009775289941770165
0.0023874067581347914,0.001433666397366494,0.0006319472898261044,0.00946920197068408
0.0017444372010969123,0.000911846699374733,0.002354830526523045,0.009168118828476068
0.0016279275535058268,0.0008711879521061723,0.0022666999483599293,0.008853511819710856
0.002700495366666542,0.0014213866944114586,0.0007212392002115575,0.009732600792834454
0.0024716253588973254,0.001385357853538929,0.0006633274041612884,0.009407216901498653
0.0017733197147048307,0.0009068839907320544,0.002377201878917482,0.009191592805474805
0.001641897610102381,0.0008832393448157436,0.0022788032891715177,0.008880035543852645
0.0026133175503261605,0.0014143802373078492,0.000730679768266202,0.009679421006771355
0.0024267925214904373,0.0013763426844515942,0.0006844824349577846,0.009403199657395452
0.001760054197427202,0.0008914260283617515,0.002354416713949728,0.009127192596851151
0.0016437160352960132,0.0008485186032258509,0.002221323956148509,0.008829107967173618
0.0026601454594491415,0.0014223630436021777,0.0007373598679931151,0.009686867470343615
0.0023829056088783573,0.0013771290754889707,0.0007013301382832085,0.009392445292523501
0.0017432717817666098,0.0009200421967432216,0.0023974979214202666,0.009124972707208719
0.001638023880320593,0.0008625889987434686,0.0022513155217561637,0.008839515330786352
0.002680064058374033,0.0014153171408067707,0.0007522320118763098,0.009612501786117627
0.002436226395290624,0.0013621741117567808,0.0007215953350080831,0.009337178684706146
0.0017427899440742853,0.0009102281586205146,0.0024167650122313175,0.009107062711828245
0.0016300515354847808,0.0008598007003303469,0.002257803856585803,0.008824570412809587
0.002653977462666034,0.0014296694440006248,0.0007552507564660302,0.00959186083943761
0.002398682456934431,0.0013788279199831734,0.000725419597453352,0.009329027759567014
0.001719124375817441,0.0009159243184747847,0.002419993679729603,0.00907322004468812
0.0016151071599088927,0.0008572134933329081,0.0022636734296274576,0.008793010990761513
0.00268920961083677,0.001430605971005303,0.0007672989225600728,0.009570632621953899
0.0024220637385503397,0.0013782136646246779,0.0007319364321617092,0.009292292910846739
0.0017184991396469306,0.0009214013598408652,0.0024406743112007365,0.0090783096282081
0.0016092646025466495,0.0008700265781599857,0.002297067322295178,0.008794524115221079
0.0026728010566722236,0.0014254843122307658,0.0007771903188580648,0.009529245060988437
0.0024369734719807534,0.0013765483211103252,0.0007370199359290787,0.009264000924035507
0.0017155785820935309,0.0009124417369871298,0.002434097938559585,0.009058004067354327
0.0016029751808139274,0.0008651696329432246,0.0022939596752794803,0.008769888194171117
0.002670499427334551,0.001427829790056958,0.0007818771010523361,0.009528302386700526
0.002421368386652139,0.0013812692952127749,0.0007381847900158145,0.009257238692839329
0.0017080992877373518,0.0009169685881454415,0.0024356191399297024,0.009047034405423048
0.0015991006281309856,0.0008675162343805377,0.002302916137940086,0.008759805643750713
0.0026813869513834993,0.0014207609746237574,0.0007904240727279458,0.009502499557693573
0.002438502886431426,0.0013732690235734944,0.0007453011354317268,0.009229260929697582
0.001710761525406749,0.0009147165648967691,0.0024439093953178255,0.009045089211302003
0.0015985593516463718,0.0008679659378286847,0.00230969045232077,0.008756852535141172
0.0026716699427197055,0.0014200736362138104,0.0007936457662126001,0.009483234408287076
0.0024310039244688822,0.0013733626413382925,0.0007496276312303643,0.009218779313992016
0.001702631414692024,0.0009131663935018645,0.0024438109813858556,0.009027541280093207
0.0015973420381084895,0.0008661059016487328,0.002312890009586416,0.008753459924451616
0.0025218987020961653,0.0013457950847622978,0.0007917224363806156,0.009293371232023511
0.002422484467855737,0.0013058631586591596,0.0007608937112391332,0.009140615121179108
0.0016686079345885104,0.0008230673647522803,0.0023022444749199226,0.00883218464160187
0.0015585589213785837,0.0008039188497746505,0.0021495163607008093,0.008617604909708322
0.0024573466573881765,0.0014065376308636903,0.0007569462060158389,0.009441998466045022
0.002190790921726944,0.0013562813961663272,0.0007433336718029734,0.009194068757246173
0.0016363828619374613,0.0008899622315624733,0.002369993901234526,0.00887780186353038
0.0015895387583452127,0.0008092424816423487,0.002225075391458623,0.008660459349596082
0.002665922889732124,0.0013478754417336812,0.0007805329368836438,0.009275927980614112
0.002396700412934221,0.0012945067426965262,0.0007597732219571401,0.009058450693315817
0.0016617280097511432,0.000889817576410765,0.00242238939579112,0.008917271851363286
0.0015511833388695106,0.000854881226769046,0.0022610314562566884,0.008678394087401557
0.0024981495040485506,0.0013815643347565706,0.0007581698965565812,0.009318624246758177
0.002337239157049359,0.0013377062951146518,0.0007316878968342962,0.009131253588282023
0.0016237946832837775,0.0008589828467770706,0.0023286898357429715,0.008831787257161139
0.0015419796581226124,0.0008152437205812185,0.002198835312568276,0.008613297833697131
0.00257646657161345,0.001378560234704727,0.0007624843506392713,0.009332081688934287
0.002306854035717038,0.0013354533887873453,0.0007315052176698647,0.009083495435349578
0.0016256630459264363,0.0008978512596430141,0.0023908583288603366,0.00891087830492955
0.0015403485759511563,0.0008482680288233105,0.002275224970663248,0.008667792923045722
0.002593010504975675,0.0013518751601478247,0.0007785434454260456,0.009250698688105182
0.0024070201253114814,0.0013148802057884415,0.0007370169482155041,0.009041950929949197
0.0016278607732871809,0.0008661952685119058,0.0023534011694326,0.00889080719378096
0.0015176713761585797,0.0008425717410613003,0.0022393058305544542,0.008645325865722243
0.002516260235083078,0.001373077541691791,0.0007702207449770115,0.009304170265498351
0.002320258445921509,0.0013383826696761224,0.0007287958957808006,0.009081586888337862
0.0016063611949498607,0.0008689051561463933,0.0023293537063142794,0.008880608842722548
0.0015230709194332791,0.0008265780436342784,0.0022262595107069277,0.008640979856684623
0.0025867292503282957,0.0013537573294087283,0.0007805371617634917,0.009268489873603538
0.0023543157150263845,0.0013150363320332526,0.000739462231025489,0.00903311884268612
0.0016163922600403965,0.0008778371270560686,0.0023633862137888554,0.008918996139803497
0.001520431641321991,0.000840467635522753,0.0022473907652051503,0.008670529986609435
0.002552438135958218,0.0013520804501086323,0.0007778047030761607,0.009249256616924797
0.002360194363519303,0.0013132024437881467,0.0007396842966514645,0.00904122666653516
0.0016062232492911332,0.0008619678546622394,0.0023370072987518573,0.008885452270200558
0.0015139777049608448,0.0008237583948185808,0.0022116410342647003,0.008647218284350892
0.002554947307945314,0.001360452096915413,0.0007705805277524328,0.009270639219266255
0.0023228783702991143,0.0013177685803332476,0.0007377319625581055,0.009045700118189472
0.0015977418709303933,0.0008746136333890387,0.002355744261695049,0.008894986107074314
0.0015163257303046527,0.0008252102049419027,0.0022275693731908836,0.008658606357814371
0.002586412048994832,0.0013502871787974264,0.0007726571363727381,0.00923346434503765
0.0023592078097347488,0.0013053785417504453,0.0007410101886812059,0.009016765510746398
0.001599920266554769,0.000871359097273119,0.0023682548769629144,0.008897185897437923
0.0015084922895161525,0.0008281162935567063,0.0022321702051888038,0.008658842800861611
0.00256181680060979,0.0013581864981655996,0.0007665526179631456,0.009236930334297186
0.0023435556690570157,0.0013142353751720637,0.0007356247065991172,0.009026184265041027
0.0015879632033119258,0.0008678402131643107,0.002359223318324299,0.008879205233843623
0.0015029104079009533,0.0008212314088760376,0.002226752083545883,0.008644936860044727
0.00258037791619807,0.0013585142307570577,0.0007662483293390786,0.009231784845313408
0.002345566800276471,0.0013136184025817719,0.000734321605109559,0.009009986676021101
0.0015869922053378786,0.000872906898259034,0.002374775508775721,0.00889065849126237
0.001500020469080414,0.000826820836110619,0.002245746990865753,0.00865201953946132
0.002580852943843685,0.00135508695405368,0.0007675674809559111,0.009210905934602564
0.002361597448191644,0.0013117861400880671,0.0007333096709884868,0.008997024003552909
0.0015845498419116224,0.000866821636443436,0.002370400116474135,0.008882769370839582
0.0014933591595485986,0.0008249182771850133,0.0022423575303480376,0.008642811468090454
0.0025719125964852314,0.001359433857663972,0.0007652262635225102,0.00921558205827202
0.0023493998867766598,0.0013168275025669514,0.0007299881098127121,0.008997666398456824
0.0015787695939314757,0.0008675812727916251,0.002368778196845575,0.008878553956384306
0.0014914477670311982,0.0008234335433293683,0.0022449967644983435,0.008638967464263469
0.002584078300837373,0.0013560392836282121,0.0007664556551321327,0.009201795065902482
0.0023585424159886983,0.0013129515292754023,0.000730427721606793,0.008981511402338108
0.0015794297677057788,0.0008681908023424834,0.002375518768298019,0.00888201122368737
0.0014891692479936,0.0008254718452164743,0.0022502505956595495,0.008640098195217792
0.002579177511355743,0.0013563445931994613,0.000765078758452722,0.00919276834833171
0.0023591314552647187,0.0013136388952315653,0.0007291769843281154,0.008977073286221594
0.0015749104615018748,0.0008660567252015483,0.0023718998278298227,0.00887260977386996
0.0014854553021722936,0.000822898296930909,0.0022452619455772507,0.008632319485612902
0.0025820924807582277,0.0013583105892978628,0.0007631229048791003,0.009189686467654796
0.0023551682417829764,0.0013145782580269167,0.0007280107433273458,0.008970386451212373
0.0015717053173018591,0.0008684612486626174,0.002376871101791786,0.008871480435525953
0.0014838825253680318,0.0008234571883876876,0.0022495846471726182,0.00863155426285887
0.0025885282941632178,0.0013572701945691718,0.0007625379776658069,0.009175488640488897
0.0023619181634404315,0.0013129928983080328,0.0007277976610283671,0.008958262660878255
0.0015695144786714778,0.0008684223631862348,0.002380585308137249,0.008868119570118557
0.0014801396440183078,0.0008239147219220124,0.0022507940639561515,0.008627928913455332
0.002586900497330113,0.0013597922128648827,0.0007603014062717828,0.009169675414958701
0.002360294253819679,0.0013153091652879716,0.0007258812320686851,0.008953401262296717
0.001564766449181915,0.0008686173974230703,0.00238088810153324,0.008861517658485737
0.001476675684391458,0.000823208381783713,0.0022513281844664173,0.00862237992326718
0.0025920355227474793,0.0013607228142404738,0.0007591414446319923,0.009161281778706008
0.0023623093072196078,0.0013156720551714813,0.0007246518226331449,0.008943244831616348
0.001562459829041864,0.0008699548015034093,0.0023855943424018174,0.008860270013288544
0.0014739924169883615,0.0008243645820038802,0.0022560042644260937,0.008620342959567746
0.0025941183715399827,0.001361130130116168,0.0007581028606075832,0.0091508810279728
0.0023660234080105707,0.001316204433572552,0.0007232244226708911,0.008934571772750938
0.0015594133022643298,0.0008695541814476052,0.0023864865342511045,0.008855284734155122
0.0014702375335802567,0.0008244077169729218,0.002256815637035778,0.00861518150763442
0.0025945834902463744,0.0013628249802771703,0.0007565224977313083,0.009145314288406509
0.0023655949379807347,0.0013177721591521453,0.0007213606610153154,0.00892807444740303
0.0015562825093947145,0.0008700404298072373,0.0023878721721407752,0.008851470734585944
0.0014676456931299136,0.0008244544294183198,0.0022590799235314256,0.008611370441855608
0.002598246639772862,0.001362996392160712,0.0007556688572684198,0.00913612593759569
0.0023683413807789925,0.0013177673549423744,0.0007202111218420474,0.008918632480032971
0.0015541946670524214,0.0008704848039166669,0.002390593480849434,0.008848957353888187
0.001464881237856789,0.000824992092507291,0.0022614341719285696,0.008608229782215118
0.0025991108429769183,0.0013639386132519894,0.0007543558759499792,0.009128479870934226
0.002369653679221611,0.0013186683089662663,0.0007187391696312564,0.008911718671716218
0.0015511433787039376,0.0008704061479277049,0.002391294921806385,0.008844207442017641
0.0014618490879896792,0.0008247779618527275,0.002262052425358368,0.008603707391506113
0.0026010109520862917,0.0013650698514295235,0.0007530317750421029,0.009121606621495786
0.0023701302360564776,0.0013194450222145876,0.00071739588179381,0.008904118720699685
0.0015485677241709875,0.0008710350204754267,0.0023936094514146354,0.008841150551375934
0.0014594223445473884,0.0008249565415502346,0.0022641582306609787,0.008600545849064018
0.002603679744786146,0.0013657081136507624,0.0007518991047456123,0.00911286826809845
0.002372210643937204,0.0013198482627630205,0.0007162184569812968,0.008895861835386756
0.0014730657397714713,0.0008385203782699496,0.0022514907528948394,0.008689989553254493
0.0013943423877969575,0.0008411455197977293,0.0022044235168009164,0.00853760789046983
0.002346449184173398,0.001323596217676263,0.0007678637535043139,0.008941792769915857
0.0022434061640097644,0.0012635057483261177,0.0007479140318900956,0.008748702183173057
0.0015631662720522919,0.0008180381468530475,0.00232727281186119,0.008764694615626432
0.001513599995219643,0.0007506996901787157,0.002148010403125805,0.00854632596050499
0.0025857592793047156,0.001318084758204,0.0007278479569463928,0.008970504225810425
0.0022287763952432353,0.0012823173081160809,0.0007174077312980722,0.008854443986403303
0.0014575272295956768,0.0008973656633245986,0.002322930102147589,0.008678197600840206
0.001391275493497526,0.0008402164809478512,0.0021570290958466704,0.008500159249935248
0.002483367700359204,0.0013331979957793673,0.0007090673740824398,0.009048490010868635
0.002357990029474158,0.0012677442967011468,0.0006913527213432155,0.008837324580717457
0.0015408167850624436,0.0008242468018267238,0.002293681035887344,0.00870530278063383
0.0014733340759128894,0.0007915328393272874,0.00218255858553954,0.008534366256669085
0.0024855211793820354,0.001302962860491652,0.0007152483330691171,0.008943773657312927
0.002228643727163802,0.0012645467482833555,0.0007037566742732155,0.008793172466381392
0.0014980130979520363,0.0008702886430769911,0.0023431308199968193,0.008722981148261547
0.0014304337090298082,0.0008013635624677114,0.00217332655435969,0.008514502651966297
0.0025642589926282594,0.0013284829766028483,0.0007061705959241335,0.00901159276663404
0.0023359741414385273,0.001288899835454636,0.0006807610191063311,0.008837230008685016
0.0014735089320334009,0.0008498065801866018,0.002293277803071544,0.008701162667034464
0.0013894676720396036,0.0008265738871927686,0.0022055680497604126,0.008519008732232235
0.0024465411352956263,0.0013220667434634113,0.0007239337621747833,0.008975200606260312
0.0022965164225486035,0.0012807403368570146,0.0006911128269976893,0.008778169553366959
0.0015052005757192944,0.0008262139019685767,0.0023007971381082248,0.008749425928504799
0.0014303391629517206,0.0007872558125240611,0.002197004843129153,0.008537600608220463
0.0025225188252527746,0.0013127706248867224,0.0007273073156713898,0.008954024962438936
0.0022769994803749677,0.0012844346551844558,0.0006924672094503559,0.008790201139453637
0.0014647753965688981,0.0008516927600835484,0.002296863535120701,0.008737898977491648
0.001382633115309632,0.0008156600151406667,0.002188554052910332,0.00852710968303348
0.002485644550887709,0.0013193660673341276,0.000723789831404042,0.008991065339346859
0.002322835634697537,0.0012790272835061696,0.0006854207376766181,0.00879663273460719
0.0014893384515158418,0.0008227402368276606,0.002267464923842395,0.008740234024272153
0.0014110170646947924,0.0007965558317871927,0.002177482880769436,0.00854016692652409
0.0024750323461590813,0.0013040984256654639,0.000723521468617321,0.00895444597124961
0.002264696812327696,0.0012663325241643218,0.000693030675635133,0.008776983096110112
0.0014841460926394085,0.0008407033690333269,0.0022909518475356444,0.008750957669252397
0.0014129632811469058,0.0007923849212778821,0.002160241635142822,0.008539743260229073
0.002523806820114985,0.0013079460532547436,0.0007122562388141192,0.008969013385417347
0.0022995846892073023,0.0012668623904299355,0.0006854055364973553,0.00879472538478848
0.0014710258013171287,0.0008428723920965485,0.0022821249555672997,0.008731472367289966
0.001395493207651001,0.0008041832841370421,0.00216063384511687,0.008536738594848298
0.0024858872185778602,0.001311232688152179,0.0007081760292515287,0.008961581294009492
0.0022905038566360986,0.0012648430186648959,0.0006846876334656231,0.008777450450821164
0.0014802017251497469,0.0008362751251454184,0.0022895131976582565,0.008738721159947253
0.0014107595917279049,0.000789738764321488,0.002159166114460013,0.008540207434609216
0.002519650204408658,0.0013111724963368577,0.0007049787799780536,0.008941004715485314
0.002281530233106559,0.0012687760116124314,0.0006834284642277455,0.008769928271024388
0.0014615994211704525,0.000850456932977739,0.002301535181600465,0.008734005582963934
0.0013887983377784139,0.0008023745867215032,0.002166394825580071,0.008533378105836471
0.002515920433550561,0.0013191582798934894,0.0007020184561771594,0.00894696694337424
0.0023085205812480663,0.0012742108659617945,0.000676801116577661,0.008766465855789392
0.0014634614364948655,0.0008402891290365352,0.0022912961906919917,0.0087293409882807
0.0013887587707968072,0.0008005621357557064,0.002172143214602288,0.008531581284463633
0.00250439584803441,0.001317879106930744,0.0007028644565507705,0.008930650699728293
0.0022904416900215957,0.001275231412923967,0.0006763011397466971,0.008751454724539592
0.001461925626606164,0.0008441387397680785,0.002297772099333427,0.008734100595408838
0.0013888179014028082,0.0007989148608935996,0.0021729221712905936,0.008528272320244886
0.0025245839714205342,0.0013184257818772594,0.0007006902651106484,0.008928786217028237
0.002304135944594457,0.0012770200916474323,0.0006719260711646449,0.008750974613858018
0.0014566010982711563,0.000845593536087743,0.00229305427021598,0.008727123920866471
0.001379892085948355,0.0008055627120842121,0.002174979503342433,0.00852350777160667
0.0025088065005961523,0.0013191082770030102,0.000699115866913115,0.00892684418483584
0.0023048680725251715,0.0012762786647165752,0.0006696177118194982,0.008743858887544864
0.0014614872909747242,0.0008411288828602803,0.002290198393888585,0.0087262765227161
0.0013865904270231415,0.0007996815370929511,0.0021715611042310403,0.008521792197109149
0.002518511316871111,0.0013177712522042346,0.0006970495138184234,0.008916850690726499
0.002297155204353783,0.001275885180603907,0.0006689852375516526,0.008737873766325958
0.0014560721119842562,0.0008473052249630729,0.002295756068084341,0.00872313137647649
0.0013811550323098304,0.000802789798247762,0.00217104039628663,0.008517874993834097
0.0025229365787424836,0.0013205302413725572,0.0006940164573125266,0.008915086149851443
0.002307737539716309,0.0012768823462031525,0.0006663648459972484,0.008734212352963422
0.0014550054196360669,0.0008453695238720036,0.002294250380571642,0.008717160539043613
0.0013794315724663345,0.0008028078609849525,0.0021714397679293176,0.008514920974916913
0.0025183930268378838,0.001322227851458077,0.0006921368511064253,0.008905855038978321
0.002301127396287839,0.0012779731646757398,0.0006656128175706866,0.008725313101644969
0.0014531011614028015,0.0008471526714081826,0.0022990562160949933,0.008715155980823577
0.0013790141865031352,0.0008012537870138391,0.0021716047510933725,0.008511474618107336
0.0025293048181307324,0.0013245277039301948,0.0006897533578961997,0.00889889062583738
0.002305160387994929,0.001280103483768463,0.0006634181240135743,0.008719733163179495
0.0014483796865541769,0.0008498016563550205,0.00230166911897132,0.00871007144925846
0.001373089154217018,0.0008047462907022093,0.00217472555146918,0.008507133907246885
0.002526554129493998,0.0013270995977780358,0.0006877846136098997,0.00889343544179608
0.0023090792954654697,0.001281843858771315,0.000660925046212274,0.008712518030093194
0.001448126308573294,0.0008485025688486571,0.002301750172989372,0.008706449772787997
0.001372868281503313,0.0008037517012427138,0.002175911592787432,0.008503277878288322
0.002529635402036426,0.0013282261713416692,0.0006859976468888758,0.008885439240888771
0.0023067737463671714,0.0012833828088038644,0.0006589619754870948,0.00870544280317571
0.0014451275895299934,0.000851183610792951,0.002304534931032746,0.008703209907836656
0.0013697246082762134,0.0008053137700001438,0.0021775347941705193,0.008498792110409364
0.0025339776851175445,0.0013298806646325776,0.0006839634333244644,0.008880554240394765
0.002312496645309014,0.001284771365897278,0.0006562795397527925,0.008699708720964159
0.0014435491005575145,0.0008513018460978009,0.002304294637669454,0.008698825870576798
0.001367179112184488,0.0008066472342774541,0.0021791532563277998,0.008494793483377025
0.0025324097616075663,0.0013310856187229764,0.0006823135923586103,0.008873900465395426
0.002311959763367797,0.0012858685856697062,0.0006544177069132079,0.008692558921041378
0.0014423716521114935,0.0008518327388188511,0.002305380596677774,0.008695664766224829
0.0013661949349628654,0.0008062494078077268,0.0021794132672496823,0.008490832846206824
0.0025371604644486073,0.0013324367695679083,0.0006805350470743726,0.00886743037262879
0.002313129851918879,0.001287218523067689,0.0006525653783129941,0.008686385682187157
0.0014395661764911585,0.0008535844814977665,0.0023069454441696606,0.008691778460301605
0.001362904234487613,0.0008078477894779854,0.002180737546177071,0.008486871928446557
0.0025380942199189583,0.001334165910681388,0.0006788732851960134,0.008861412745767867
0.0023159197709500816,0.0012884640013177742,0.0006507162825506028,0.008679647209306536
0.001438189069119013,0.000853609514231323,0.002307531719709031,0.008688023122992774
0.001361287859049328,0.0008079422090795505,0.0021814402789832143,0.008483166700162394
0.002539605590319308,0.0013356901061134538,0.0006772655960643563,0.008854298321380807
0.002315310539816147,0.0012898255928257018,0.0006491634332656065,0.008672804644535657
0.0014358446376755752,0.0008550302522438347,0.002309353314184962,0.008684445856941711
0.0013589989793132895,0.0008085072025346477,0.002182163377980266,0.008479152284351407
0.0025430609196263362,0.0013374368812272342,0.0006755148788380246,0.008848101177474857
0.002317809321454648,0.0012912000959943639,0.0006472915064988177,0.008666416433568778
0.0014337264585220337,0.0008559616762705935,0.0023105170571361367,0.008680452677211728
0.0013564770942586987,0.0008095446360025629,0.002183411823870789,0.0084752720067075
0.0025438464129339494,0.0013390351430504904,0.000673838857211037,0.008841464292836613
0.0023188866260180105,0.001292455075563948,0.0006455193371397321,0.008659564532567608
0.0014321012068839961,0.0008566254700364315,0.002311708820999679,0.00867671058119433
0.001354784164524811,0.000809771062772444,0.002184089897951347,0.008471258835369335
0.002546646957206616,0.0013406175564660335,0.0006720823796809949,0.008834920444348908
0.0023197574635150067,0.0012938420095474645,0.0006436992746979423,0.008653121467736148
0.0014298484537524885,0.0008579688700879133,0.0023132191028109594,0.008672794336442146
0.001352306940894982,0.0008107504280893468,0.002185212336753498,0.008467155184245779
0.0025487415410084075,0.0013422678466609823,0.0006703712105829532,0.008828632818972736
0.002321918516489856,0.001295162824007728,0.0006418125119822682,0.00864648704816724
0.0014281400498971832,0.0008586468487361907,0.0023142774664102533,0.008668907888163388
0.0013502731448450987,0.0008113916392437844,0.0021863044188700563,0.008463175093652247
0.0025502918673003445,0.0013438507231319262,0.0006687351459925676,0.008821948958509847
0.002322667886639956,0.0012965552148536117,0.0006400580409735856,0.008639769148403975
0.0014261953555627207,0.0008596431490670949,0.0023155991370838276,0.008665090376507213
0.001348171122864373,0.0008119634364286832,0.0021872188071060577,0.0084590394468553
0.0025528524498276864,0.0013455331263847463,0.0006670988854177477,0.008815568592020538
0.002324259670292213,0.001298007731345306,0.0006382494474401662,0.008633220914393485
0.001424187643003311,0.0008606361202441115,0.0023168190169616937,0.008661194549158374
0.0013458458290654363,0.000812840273701623,0.0021884276494707287,0.00845498954511134
0.0025544381127963513,0.0013471689371777154,0.0006655388572614615,0.008809020481105968
0.002325721415907886,0.001299390866137194,0.0006364998946776334,0.008626449317737669
0.0014224567572123925,0.0008613817738421408,0.0023179240748376784,0.00865737071028692
0.0013438700318729724,0.0008133801094295315,0.0021893784263264902,0.008450918285338635
0.0025564542151991724,0.0013488080985401558,0.0006639636212413885,0.008802483607333355
0.0023267298702616015,0.0013008314145828237,0.0006347719943122412,0.008619857334877008
0.0014204952823539249,0.0008624103622033878,0.002319152892680394,0.00865346881277108
0.0013416914456290605,0.0008141114145379675,0.0021903623037419877,0.0084467744695992
0.00255854320912331,0.0013504669804812995,0.0006623884867452687,0.008796083128796484
0.0023283197174418487,0.0013022239162611027,0.0006330204177832841,0.008613234211784533
0.0014187222871372438,0.0008632649409711896,0.002320274383744711,0.008649564776035432
0.0013396359880146873,0.0008148183237914161,0.002191395796900476,0.008442701372457763
0.002560253922887795,0.0013520911051991232,0.0006608282055578178,0.008789526500950558
0.0023294648009061715,0.0013036125361319635,0.0006313153628301891,0.008606570569801564
0.0014169430798404478,0.000864162583830139,0.002321441156179208,0.008645640441169696
0.001337642045491131,0.0008154218803259758,0.002192281145802453,0.008438544566866567
0.00256236852299745,0.0013537709991530522,0.0006592482662658498,0.00878309364706553
0.0023307352249666248,0.001305050314730228,0.000629593836870884,0.008600011065529376
0.0014150917889864288,0.0008651375815514275,0.002322633679472187,0.00864166946498478
0.0013355421324869913,0.0008161658831535195,0.002193298026131979,0.008434396264914134
0.0025642393607288017,0.0013554477144316077,0.000657697079711597,0.008776600753303743
0.0023321340024004106,0.0013064685755397232,0.0006278869309619022,0.008593342146080062
0.0014133648020355045,0.0008659986430275649,0.0023237871658612456,0.008637723232363285
0.0013335556784077913,0.0008168167650868564,0.0021942824701258043,0.008430249944236627
0.002566117956419851,0.0013571399293574866,0.0006561526865980294,0.008770083026724279
0.0023332968754842054,0.0013079338536043992,0.0006261921808532058,0.008586724695966472
0.001411562514082543,0.0008669401361330271,0.0023249600588764853,0.008633736259188705
0.0013315157376991703,0.0008175000282071945,0.0021952542722288417,0.008426043486851434
0.002568104597756425,0.0013588553610076402,0.0006546177957864865,0.008763637955418457
0.002334660387665955,0.0013094074840177999,0.000624486713047809,0.00858010822463209
0.0014098135783195372,0.0008678453646032354,0.0023261021839297035,0.008629757567921021
0.0013294963709111667,0.0008182161119662553,0.002196293897612339,0.008421862138320928
0.0025699116654647734,0.00136054954740291,0.0006531051151366417,0.008757129828309807
0.0023359371113022506,0.0013108737701466645,0.0006227983107146086,0.008573455605237415
0.001408107062279268,0.0008687256109547286,0.0023272194040085473,0.008625774944552165
0.001327528383150692,0.0008188796129985917,0.0021972675156528955,0.008417646078440009
0.002571812172085217,0.0013622612202973076,0.000651592256009254,0.008750679845062457
0.002337178017735036,0.0013123654596602313,0.0006211082800314364,0.008566864916423266
0.0014063768223002288,0.0008696421412683757,0.0023283255695759754,0.00862176691633013
0.001325535624986918,0.0008195859952697962,0.002198262151159167,0.00841341601421242
0.002573669744485594,0.0013639680527908933,0.000650095200873505,0.008744230853819427
0.00233849925181056,0.0013138447101625815,0.0006194267204711508,0.00856024151940235
0.0014047094453759057,0.0008705173627679762,0.0023294112647690023,0.008617773074498312
0.0013235920929671795,0.0008202722148975799,0.002199254292570337,0.00840919617055668
0.0025754761123682845,0.0013656751375135086,0.0006486080912306337,0.008737764714122586
0.0023397257108571635,0.001315336337027082,0.0006177585523190316,0.00855363436563322
0.0014030349893319975,0.0008714052110012994,0.002330484537972726,0.008613756978137373
0.0013216507996086767,0.000820949631573109,0.0022002112479669322,0.008404946235178967
0.002577328871131277,0.0013673994031100495,0.0006471271953494247,0.008731338903669268
0.0023409881018168588,0.0013168405296833836,0.0006160933939730248,0.008547044028605824
0.001401375237050071,0.0008722916979613135,0.0023315477807710917,0.00860973860414669
0.0013197169880054167,0.0008216446552157243,0.0022011924262586163,0.008400702079320874
0.002579121351378511,0.001369119292775476,0.000645661389738029,0.008724888197924045
0.0023422461453905517,0.001318342461650085,0.0006144405384033253,0.00854043186823486
0.0013997473830441864,0.0008731596789904068,0.0023325973147847187,0.008605720522410211
0.001317811872550945,0.0008223203780682865,0.0022021520828517482,0.008396447442551197
0.002580917301386147,0.001370850215899303,0.000644200973060829,0.008718455805389545
0.002343467215493278,0.001319860989946297,0.0006127921975841322,0.008533846805551961
0.0013981167072300447,0.0008740376681693245,0.002333631150040719,0.008601684906265434
0.0013159064248868422,0.0008230048456701016,0.0022031064218312776,0.008392176241832406
0.002582708937787803,0.001372585159685385,0.0006427502061196837,0.008712035893844306
0.0023447171926221865,0.001321381496447391,0.0006111486979137844,0.008527256256348743
0.0013965164800970448,0.0008749030676171585,0.002334652743151873,0.008597653922877748
0.0013140241011425364,0.0008236893317869193,0.002204067174248553,0.00838790693515298
0.0025844662994406295,0.0013743190192513635,0.000641309161095569,0.008705608096153752
0.0023459412210301424,0.0013229072961847184,0.0006095128524715183,0.00852066847958136
0.0013949301155620545,0.0008757642134755177,0.0023356567637465683,0.008593612954130105
0.0013121549400876866,0.0008243668691806084,0.002205008774453605,0.008383621106984105
0.002586227938465576,0.0013760618487378366,0.0006398744474674934,0.008699203603673034
0.0023471620205090093,0.0013244440528898842,0.0006078803246204468,0.008514096232544118
0.0013933555571064363,0.000876624623983566,0.0023366450269943872,0.008589566068101507
0.0013102954217333507,0.0008250506794439524,0.0022059539267190826,0.008379329779268849
0.0025879673870126143,0.0013778044349395846,0.0006384508612638085,0.008692796820149912
0.0023483869641470556,0.0013259828456658668,0.0006062552374142847,0.008507516832914687
0.0013918050249912544,0.0008774745549234319,0.0023376196625839642,0.008585520585214617
0.0013084549536506627,0.0008257293573770226,0.0022068928074622293,0.008375033512121486
0.0025896910024764564,0.0013795516642417312,0.0006370356260374034,0.008686397286216748
0.0023495931027516944,0.0013275312889408412,0.0006046360236131346,0.008500948739631007
0.0013902638436239735,0.0008783223534501754,0.0023385756325961142,0.008581465759183327
0.0013066231653875479,0.0008264075768761184,0.0022078216983282203,0.008370725160086733
0.0025914067724766275,0.0013813038744657014,0.0006356293272364898,0.008680010494397367
0.002350801834245657,0.0013290860674747963,0.0006030221951529569,0.008494384344164264
0.0013887414503078565,0.000879163954695552,0.0023395172849916828,0.008577411062829865
0.001304806772556847,0.0008270865454456399,0.002208750939794402,0.008366414005959711
0.00259310209473101,0.0013830566166058984,0.0006342329299227245,0.008673623175782508
0.0023520024282942327,0.0013306452360393238,0.0006014153548187348,0.008487820753593292
0.0013872360292306685,0.0008799990550594914,0.002340442738152393,0.008573352700076812
0.0013030044860435246,0.0008277618762484198,0.0022096696267864093,0.008362094137435671
0.0025947867569971698,0.0013848144371629053,0.0006328441445859732,0.008667248722648084
0.0023531941063628437,0.0013322125082498113,0.0005998134726255,0.008481267496905288
0.0013857437263014999,0.000880830494028085,0.002341350821901175,0.008569288840711873
0.0013012139111306786,0.0008284376968650674,0.0022105830147809776,0.008357766898414673
0.0025964576916024363,0.0013865742289114087,0.0006314643635958566,0.008660879952025833
0.002354384163546113,0.0013337840084493016,0.0005982176914212116,0.008474715200986534
0.0013842701866779075,0.000881655507680267,0.0023422449731945196,0.008565224588526297
0.001299438823522383,0.0008291118543628145,0.002211491813002621,0.008353435091104238
0.002598113396001114,0.0013883366218050287,0.0006300928626149047,0.008654516489428036
0.0023555650272981616,0.0013353618343152412,0.0005966277212107666,0.008468168869941372
0.0013828104469358349,0.0008824756917188843,0.0023431222796696577,0.008561155068440091
0.0012976754777745793,0.0008297844258010691,0.002212392017833146,0.008349094752368395
0.002599757558623395,0.0013901031735093368,0.0006287292986658798,0.00864816334147342
0.0023567412293673115,0.0013369463240362016,0.0005950429453743456,0.008461628297350919
0.00138136613722586,0.0008832908032945597,0.0023439843053327503,0.008557083189394821
0.0012959253623621534,0.000830456673550884,0.0022132885908841913,0.008344749128526495
0.0026013872908076828,0.0013918717008264477,0.0006273744647020773,0.008641814138152609
0.0023579124919923034,0.0013385359776735726,0.0005934640950907337,0.008455089848298788
0.0013799378700792267,0.0008841001971909369,0.002344831482709594,0.008553009226694292
0.0012941883999448543,0.0008311273179655197,0.002214178960222847,0.008340397170861838
0.0026030038835713914,0.0013936437905220395,0.0006260275262336653,0.008635473134824012
0.0023590769847815717,0.0013401325605358059,0.0005918903513659077,0.008448557784403102
0.001378523448040525,0.0008849045981892698,0.0023456619928334628,0.008548931303569627
0.0012924632377510903,0.0008317972486202647,0.002215063394773579,0.00833603816083327
0.0026046075328121448,0.0013954186914141625,0.0006246888224332478,0.008629139410545605
0.0023602372360633462,0.0013417348711929913,0.000590321892822886,0.008442029187439696
0.0013771249182225772,0.0008857034958685258,0.00234647757812813,0.008544851995284175
0.0012907513824794426,0.0008324663033996209,0.0022159434832077054,0.008331673864855216
0.002606197597915467,0.0013971958711905292,0.000623358299563385,0.00862281130725342
0.002361391776276128,0.0013433430029184483,0.0005887587476141412,0.008435504721562305
0.0013757409963432385,0.0008864970563234136,0.0023472772067122012,0.008540769807904865
0.0012890515965460498,0.0008331342724224622,0.0022168172738079622,0.00832730285845368
0.0026077747884183876,0.001398976158622906,0.0006220355988861936,0.008616491523147213
0.0023625410516373087,0.0013449574666284311,0.0005872005400438604,0.008428985452289112
0.0013743716364432426,0.0008872853122176002,0.0023480608464471566,0.00853668519206743
0.0012873641552248484,0.000833801511217877,0.0022176861313535556,0.008322925977547892
0.002609338875442019,0.0014007586834859581,0.000620721028147168,0.008610177772004606
0.002363685505161756,0.0013465774809597686,0.0005856475808356318,0.008422469482592659
0.0013730173332679382,0.000888068162395688,0.0023488293640454307,0.008532598978519356
0.0012856891886855067,0.000834467768085649,0.002218549847819931,0.008318543456316588
0.0026108900486865854,0.0014025438427517159,0.0006194143159534938,0.008603870870498641
0.0023648246186278765,0.0013482036247569721,0.0005840996311000144,0.00841595819788764
0.0013716770740932816,0.0008888457003537799,0.0023495818705452447,0.008528510196196834
0.0012840259399500764,0.0008351331924012238,0.0022194080033797457,0.008314154752604438
0.0026124283724660844,0.001404331650390985,0.0006181154560153492,0.008597571146906003
0.0023659589102253756,0.001349835704323434,0.0005825566581508626,0.008409450941831693
0.0013703513547945693,0.0008896178631221074,0.002350319025740106,0.008524419798752356
0.0012823749039792788,0.0008357977953691823,0.0022202614577903064,0.008309760621614244
0.0026139539916929296,0.001406121727168047,0.0006168244779537283,0.00859127748739723
0.0023670882898303683,0.0013514735483625198,0.0005810187080840457,0.008402947408779532
0.0013690398356778074,0.0008903847326520736,0.0023510408169919697,0.008520327565612214
0.0012807356229756024,0.0008364615775459897,0.0022211097107109846,0.008305360725138497
0.0026154670106242326,0.0014079143997721853,0.0006155411663280636,0.008584990906947393
0.002368212875533417,0.0013531174460497833,0.0005794855587272143,0.008396448241618724
0.001367742260274754,0.000891146273258723,0.002351746971608506,0.008516233389996367
0.0012791080162215323,0.0008371246336573254,0.0022219530622984854,0.008300955171248329
0.0026169674729793206,0.0014097093860527233,0.0006142655662418515,0.00857871079105009
0.0023693328165777616,0.0013547671173270964,0.0005779572555468305,0.00838995270997795
0.0013664588147944813,0.0008919025307158318,0.00235243801116818,0.008512137794619592
0.0012774921763442618,0.0008377869464925323,0.0022227917479659388,0.008296544225794993
0.002618455636296918,0.001411506697906846,0.0006129975739551304,0.008572437095380516
0.0023704481620186162,0.0013564226946798424,0.0005764336969439944,0.008383461113212321
0.0013651890711527902,0.000892653539941785,0.0023531136850444274,0.008508040459256834
0.0012758876931608096,0.000838448611901868,0.002223625615662868,0.008292127669899767
0.0026199314578019203,0.0014133064127429024,0.0006117371150576494,0.008566170131610049
0.0023715590818474117,0.0013580842122875923,0.000574914793527278,0.008376973369632062
0.0013639330599981396,0.000893399262467631,0.0023537741439760445,0.008503941675190179
0.0012742946566681246,0.0008391096404961643,0.0022244550356419262,0.0082877057608362
0.0026213951232962863,0.001415108351424492,0.0006104841930749463,0.008559909389950354
0.002372665611865457,0.001359751575237445,0.0005734005452275696,0.008370489177847948
0.0013626906417349583,0.0008941397769988017,0.0023544195727977805,0.008499841548888647
0.001272712867133083,0.0008397700860128996,0.0022252800165406105,0.008283278486065747
0.0026228467665122992,0.001416912605106169,0.0006092387069943523,0.008553655130798591
0.002373767931290079,0.0013614249106934835,0.0005718908341292721,0.00836400875080804
0.0013614616000792367,0.0008948750589981446,0.002355049836624834,0.008495740007016632
0.001271142157170743,0.0008404300173777504,0.0022261006715929357,0.008278845845677164
0.0026242863860313696,0.0014187190941172452,0.0006080006324208554,0.008547407225034387
0.0023748661094276616,0.0013631041525737863,0.000570385626308971,0.008357531830749668
0.0013602459417834266,0.0008956051298687119,0.0023556651548000294,0.008491637306277902
0.0012695825340357922,0.0008410894440742838,0.002226917200452786,0.008274407989493414
0.0026257142099205565,0.0014205277652258252,0.0006067699162023335,0.00854116552812852
0.0023759602430799705,0.0013647893187069147,0.0005688848626781654,0.008351058412887538
0.0013590434558319916,0.0008963300401049117,0.0023562655354420637,0.00848753341201006
0.0012680337748906456,0.0008417484489054376,0.002227729631061758,0.008269964874032785
0.0026271302792878655,0.0014223386446233833,0.0006055464895463497,0.008534930171430349
0.002377050491766661,0.001366480448537663,0.0005673884627149722,0.008344588492079526
0.0013578540599949885,0.0008970497695847071,0.002356851014579939,0.008483428420899258
0.001266495829215823,0.0008424070622256941,0.0022285381434710284,0.008265516591880398
0.002628534698294988,0.0014241516526067926,0.0006043303225575488,0.008528700957550237
0.002378136896040876,0.0013681775080690926,0.0005658963936475525,0.008338121900663614
0.0013566776534833281,0.0008977643701758491,0.002357421742511267,0.008479322452838015
0.0012649685871414806,0.0008430653264611159,0.0022293428450600792,0.00826106319008133
0.0026299276384528308,0.0014259667982505428,0.0006031213514149478,0.008522477907263876
0.002379219607978819,0.001369880548066298,0.0005644085820256121,0.008331658666723658
0.0013555140715948851,0.0008984738577599953,0.002357977724228195,0.008475215511339954
0.0012634518942163289,0.0008437233121863882,0.0022301438481769718,0.008256604680831621
0.002631309139414095,0.0014277840578113537,0.0006019195317858901,0.008516260985486144
0.002380298730936067,0.001371589570330313,0.0005629249742074717,0.008325198681871242
0.001354363244870028,0.0008991782411629756,0.0023585190674745827,0.00847110772171399
0.0012619456930678145,0.0008443810470396266,0.002230941310181821,0.008252141142342429
0.0026326793552909726,0.0014296033942179586,0.000600724818523585,0.00851005008730164
0.0023813743454755127,0.0013733045867460045,0.0005614455180100637,0.008318741882328503
0.0013532250319551328,0.0008998775662471925,0.0023590458512385633,0.008466999131480888
0.0012604498405512394,0.0008450385959995546,0.0022317353344537454,0.008247672587947188
0.0026340383961718935,0.0014314248089888242,0.0005995371553872429,0.008503845234386154
0.0023824466034535825,0.0013750256304929838,0.0005599701448745669,0.008312288241190338
0.001352099324514252,0.0009005718399884754,0.00235955812329004,0.008462889800959645
0.001258964239153618,0.0008456960123058454,0.0022325260679114806,0.008243199063464508
0.0026353863431726743,0.001433248265106537,0.0005983565007320616,0.008497646343073612
0.0023835155855053396,0.001376752704347715,0.0005584988043637201,0.00830583766107858
0.0013509860267998293,0.0009012610917801204,0.002360055985077152,0.00845877982071255
0.0012574887964933558,0.0008463533389760566,0.0022333136393121677,0.008238720611415843
0.0026367233433796274,0.0014350737501336876,0.0005971828034474331,0.008491453381365624
0.002384581409603728,0.0013784858385992068,0.0005570314346721465,0.00829939011082163
0.0013498850088349947,0.0009019453518846188,0.002360539493762381,0.008454669233915376
0.001256023386010505,0.0008470106425275205,0.002234098176417439,0.008234237253817809
0.0026380494834705916,0.0014369012489384302,0.0005960160173234543,0.008485266323831288
0.00238564420094402,0.0013802250534928756,0.0005555679771433504,0.00829294552355057
0.0013487961785543505,0.0009026246339621315,0.0023610087250720375,0.008450558121088182
0.0012545679214242625,0.0008476679698250164,0.002234879824744407,0.008229749037497644
0.0026393648743944817,0.0014387307364826171,0.0005948560991709093,0.00847908510562526
0.00238670404908923,0.0013819703683605915,0.000554108377796654,0.008286503835066916
0.0013477194228631723,0.0009032989705913378,0.0023614637580021457,0.008446446545810168
0.0012531222920249385,0.000848325376734458,0.0022356587099339052,0.008225255988384321
0.0026406696374683806,0.0014405622039516332,0.00059370300165859,0.008472909709562628
0.0023877610823194095,0.0013837218137892234,0.0005526525757885863,0.008280065003287596
0.0013466546336389374,0.0009039683828549927,0.002361904654339741,0.008442334567753782
0.0012516863936238131,0.0008489829236366874,0.0022364349740044255,0.008220758139641822
0.002641963862918976,0.0014423956296278381,0.0005925566830335524,0.008466740088572714
0.0023888154073432085,0.0013854794092238566,0.0005512005163168406,0.008273628959256778
0.0013456017157300413,0.0009046328924384107,0.0023623314914469834,0.008438222261087336
0.0012502601338591213,0.0008496406606507719,0.0022372087524443643,0.008216255526390073
0.002643247668161649,0.0014442309977993,0.000591417099159493,0.008460576206188277
0.0023898671294856418,0.0013872431826810875,0.000549752142181194,0.008267195656843803
0.0013445605593605844,0.0009052925277273892,0.0023627443355595007,0.008434109683079932
0.0012488434057049032,0.0008502986482491343,0.0022379801780595438,0.008211748173762207
0.002644521157382207,0.0014460682943673304,0.0005902842070820823,0.008454418036539476
0.002390916370182006,0.001389013160715663,0.0005483073959783801,0.00826076504219589
0.001343531068932585,0.0009059473086775044,0.0023631432546583012,0.008429996901739529
0.0012474361158846938,0.0008509569426575073,0.0022387493928560857,0.008207236116108432
0.002645784429909979,0.0014479075000752243,0.0005891579659505019,0.008448265537231155
0.002391963232113281,0.0013907893683149427,0.0005468662230338168,0.008254337058792378
0.0013425131452763737,0.0009065972601990086,0.0023635283187544106,0.008425883981613253
0.001246038167072393,0.000851615599119127,0.0022395165295610014,0.008202719380598925
0.0026470375967739845,0.0014497486023394358,0.0005880383336064818,0.008442118683297726
0.002393007828589356,0.001392571836109435,0.0005454285664174191,0.008247911661414491
0.001341506688135342,0.0009072424063279388,0.002363899591829597,0.008421770983840147
0.0012446494610452873,0.0008522746778259829,0.002240281727555695,0.008198197995198518
0.002648280756120114,0.001451591584722141,0.0005869252703869774,0.008435977442272324
0.0023940502724600337,0.0013943605912403925,0.000543994371115391,0.008241488794748671
0.0013405116050839482,0.0009078827682739738,0.0023642571414345696,0.008417657975694031
0.0012432699062817376,0.0008529342348588385,0.002241045125594299,0.008193671989747426
0.0026495140105266767,0.0014534364319860407,0.0005858187365231866,0.008429841783281506
0.0023950906696185107,0.0013961556639273814,0.0005425635819252616,0.008235068411363112
0.0013395277989633203,0.0009085183701810181,0.002364601030976944,0.008413545018384025
0.0012418994068830727,0.0008535943288523991,0.0022418068594042746,0.008189141389001307
0.002650737462735911,0.001455283130509126,0.0005847186927757847,0.00842371168253948
0.0023961291337911863,0.0013979570851030295,0.0005411361432328648,0.008228650463576404
0.0013385551776185398,0.000909149233795824,0.002364931323388233,0.008409432176393462
0.0012405378712969063,0.0008542550191472183,0.002242567069961925,0.008184606220878231
0.0026519512096173305,0.0014571316640728678,0.0005836251013759111,0.00841758711029927
0.00239716577366002,0.0013997648847874392,0.0005397120006314052,0.008222234901489841
0.0013375936502360317,0.0009097753808251856,0.0023652480811388434,0.008405319513892909
0.0012391852086902882,0.0008549163636105514,0.002243325894527033,0.008180066510821486
0.0026531553513318203,0.0014589820188387645,0.0005825379244257223,0.008411468043735052
0.002398200698073774,0.001401579095790147,0.0005382910990727955,0.008215821681039893
0.0013366431253137318,0.0009103968333771606,0.0023655513634774643,0.00840120709310092
0.0012378413277608876,0.0008555784222216861,0.0022440834720774024,0.008175522283361571
0.0026543499847210598,0.001460834179882729,0.0005814571253810632,0.008405354459342686
0.002399234018176993,0.0014033997501413523,0.0005368733841749809,0.008209410754984556
0.0013357035154792686,0.0009110136120050181,0.0023658412301055106,0.008397094979078198
0.0012365061403777791,0.0008562412543320223,0.002244839942841785,0.008170973564154301
0.002655535204971984,0.0014626881321173728,0.0005803826683382963,0.008399246333767735
0.0024002658417114583,0.0014052268810705927,0.0005354588018288569,0.008203002078711679
0.0013347747328663728,0.0009116257374382259,0.002366117737921709,0.00839298323481251
0.001235179557827369,0.000856904919503934,0.0022455954450045,0.008166420376386613
0.0026567111075055656,0.001464543861364803,0.0005793145179549779,0.008393143647973604
0.0024012962780256063,0.0014070605228785466,0.0005340472978267222,0.008196595609086725
0.0013338566916380474,0.0009122332297450889,0.0023663809425496112,0.008388871924330063
0.0012338614931527868,0.0008575694781873994,0.0022463501190388598,0.0081618627439745
0.0026578777849289655,0.0014664013522170708,0.0005782526400421827,0.008387046381437549
0.0024023254359101945,0.0014089007096253258,0.000532638818571355,0.008190191301939475
0.001332949307938147,0.0009128361082104881,0.002366630898539454,0.008384761112222503
0.0012325518606694536,0.0008582349904503449,0.002247104104539593,0.008157300690062312
0.0026590353291080066,0.0014682605898430174,0.0005771970008569499,0.00838095451671141
0.0024033534229651525,0.0014107474767700782,0.0005312333104153429,0.008183789116042985
0.0013320524983037125,0.0009134343918275224,0.0023668676577777844,0.00838065086216286
0.0012312505750882222,0.0008589015169199553,0.002247857541046997,0.008152734236767585
0.0026601838305926814,0.0014701215590660537,0.0005761475675795977,0.00837486803763354
0.0024043803474770595,0.0014126008599335352,0.000529830720031527,0.008177389009826317
0.0013311661816146033,0.0009140280988200473,0.0023670912713797056,0.008376541239207322
0.0012299575528868874,0.000859569118471477,0.0022486105691606724,0.00814816340659438
0.0026613233780894414,0.0014719842442227945,0.0005751043082061905,0.008368786928445901
0.0024054063167391025,0.0014144608953013365,0.0005284309943952162,0.008170990942738623
0.001330290277676533,0.0009146172468030871,0.0023673017882976507,0.008372432307978047
0.001228672711103041,0.0008602378559952062,0.0022493633286116183,0.008143588220905867
0.0026624540591496065,0.0014738486299017972,0.0005740671913740059,0.008362711176100466
0.0024064314377639094,0.0014163276199402252,0.0005270340805632654,0.008164594875711266
0.0013294247076491006,0.000915201852785647,0.0023674992556642327,0.008368324133447038
0.0012273959679271222,0.0008609077907941609,0.002250115959864832,0.008139008700899876
0.0026635759597416504,0.0014757147000516804,0.0005730361866575603,0.008356640767930693
0.002407455817408491,0.0014182010711081047,0.000525639925959275,0.008158200769631412
0.0013285693943857824,0.0009157819330757874,0.0023676837192881674,0.008364216781278602
0.0012261272427059329,0.0008615789842762433,0.0022508686034517365,0.008134424867463547
0.00266468916431512,0.0014775824385164819,0.0005720112643222503,0.008350575692995745
0.0024084795618825637,0.0014200812868615355,0.0005242484781532662,0.008151808586887119
0.001327724261716468,0.0009163575032909086,0.0023678552226837476,0.008360110316922981
0.0012248664555095203,0.0008622514980692256,0.0022516213997418356,0.008129836740733119
0.002665793755803232,0.0014794518288780666,0.0005709923954251784,0.00834451594196876
0.002409502777175615,0.0014219683057242422,0.000522859684926024,0.008145418290446488
0.0013268892350805411,0.000916928578346281,0.002368013807871704,0.008356004806577265
0.0012236135276703648,0.0008629253940243421,0.002252374489629218,0.008125244340758835
0.0026668898156412477,0.0014813228542138969,0.000569979551847483,0.008338461506372527
0.002410525568841687,0.0014238621666588175,0.0005214734943206168,0.008139029843939652
0.001326064241175003,0.0009174951724539173,0.0023681595149986578,0.008351900316648201
0.0012223683813379956,0.0008636007341798963,0.0022531280138911626,0.008120647687006976
0.0026679774236773265,0.0014831954974289666,0.0005689727061811724,0.008332412379579705
0.0024115480420579326,0.0014257629092949372,0.0005200898545184394,0.008132643212123994
0.0013252492079442353,0.0009180572990377403,0.002368292382181755,0.008347796913838404
0.0012211309396519675,0.0008642775807678962,0.002253882113526247,0.00811604679855817
0.002669056658190325,0.0014850697409364835,0.0005679718318500756,0.00832636855606443
0.002412570301595448,0.0014276705736440036,0.0005187087139560485,0.008126258360221591
0.0013244440647677382,0.0009186149708103224,0.002368412445917055,0.008343694665450173
0.0012199011267851213,0.0008649559962139204,0.0022546369297758747,0.00811144169421253
0.0026701275959441716,0.0014869455667768032,0.0005669769030383195,0.00832033003164371
0.002413592451885948,0.0014295852002851638,0.0005173300212507876,0.008119875254372435
0.0013236487421856907,0.000919168199690122,0.0023685197406387165,0.008339593639017541
0.0012186788677208944,0.0008656360431545116,0.0022553926039198488,0.008106832392256874
0.002671190312023969,0.0014888229566128188,0.0005659878946973622,0.00831429680364669
0.0024146145969487056,0.0014315068303049734,0.0005159537252045164,0.008113493861468393
0.0013228631720881851,0.0009197169967858719,0.0023686142989275756,0.008335493902592028
0.0012174640884715627,0.0008663177843932005,0.002256149277534736,0.008102218910701104
0.0026722448799692444,0.0014907018915956407,0.0005650047825797211,0.008308268870526917
0.002415636840410664,0.001433435505229412,0.0005145797748323964,0.008107114149028668
0.0013220872876108156,0.0009202613724409407,0.002368696151508359,0.008331395524691785
0.0012162567159198746,0.0008670012829385319,0.0022569070923330065,0.008097601267157301
0.0026732913717390813,0.001492582352464968,0.0005640275431916951,0.00830224623220999
0.002416659285556348,0.0014353712671194545,0.0005132081193171484,0.008100736085421641
0.0013213210231002913,0.0009208013361486216,0.002368765327087217,0.008327298574219695
0.0012150566778348726,0.0008676866019919399,0.0022576661902248187,0.00809297947885731
0.00267432985758864,0.0014944643194548194,0.0005630561538211119,0.008296228889907128
0.0024176820352761644,0.0014373141584794495,0.0005118387080313921,0.008094359639629175
0.0013205643141839978,0.0009213368965822513,0.0023688218525111694,0.00832320312063926
0.0012138639029239064,0.0008683738049267731,0.002258426713370451,0.00808835356272708
0.0026753604062525796,0.0014963477722857719,0.0005620905925263189,0.008290216846083769
0.002418705192073601,0.0014392642222868966,0.0005104714905361859,0.008087984781354503
0.0013198170976590302,0.0009218680615837351,0.0023688657526649,0.008319109233845549
0.0012126783207203524,0.0008690629553232195,0.0022591888041048917,0.008083723535294428
0.0026763830847823683,0.0014982326901847262,0.0005611308381268206,0.008284210104595739
0.002419728858112549,0.0014412215020030066,0.0005091064165535854,0.008081611480996762
0.0013190793115404036,0.0009223948381195556,0.002368897050468088,0.008315016984257219
0.001211499861645935,0.0008697541169384657,0.002259952605042563,0.008079089412779085
0.0026773979586058854,0.0015001190518114929,0.0005601768702156243,0.008278208670520593
0.0024207531351644667,0.0014431860415258539,0.0005077434359904679,0.008075239709577992
0.001318350895026887,0.0009229172323075423,0.0023689157669289835,0.008310926442815477
0.0012103284569760784,0.0008704473537218631,0.00226071825902695,0.008074451211047625
0.002678405091543212,0.0015020068352873156,0.000559228669140961,0.008272212550245519
0.0024217781246581404,0.00144515788522736,0.0005063824989181576,0.008068869438798412
0.001317631788467121,0.0009234352493904034,0.0023689219210720797,0.008306837680952443
0.0012091640387988775,0.0008711427298112987,0.0022614859091624412,0.008069808945633392
0.0026794045457678166,0.0015038960181574267,0.0005582862160112721,0.008266221751434606
0.002422803927660177,0.0014471370779202814,0.0005050235555746079,0.008062500640977476
0.001316921933375528,0.0009239488937152051,0.002368915529982264,0.00830275077067153
0.0012080065400563497,0.0008718403095351319,0.0022622556988435424,0.008065162631747646
0.0026803963818115284,0.0015057865773735065,0.0005573494926906341,0.008260236282998042
0.002423830644887177,0.0014491236648636132,0.000503666556361221,0.008056133289045446
0.0013162212723877636,0.0009244581687495016,0.002368896608791768,0.00829866578450111
0.0012068558944835965,0.0008725401574094168,0.0022630277717462714,0.008060512284266469
0.0026813806585990973,0.0015076784892935212,0.0005564184817907908,0.008254256155115238
0.002424858376707604,0.0014511176917654668,0.0005023114518370959,0.008049767356564177
0.0013155297492593464,0.0009249630770515928,0.0023688651706659175,0.008294582795519978
0.0012057120366203305,0.0008732423381470613,0.0022638022718511844,0.008055857917749282
0.0026823574333954127,0.0015095717296471217,0.0005554931666724853,0.00824828137919704
0.0024258872231598043,0.0014531192047627774,0.0005009581927176968,0.008043402817650255
0.0013148473088514412,0.0009254636202747768,0.0023688212268402,0.008290501877377673
0.0012045749018015299,0.0008739469166416364,0.002264579343460571,0.008051199546441798
0.002683326761852198,0.001511466273538772,0.0005545735314366327,0.008242311967891892
0.0024269172839435664,0.0014551282504341183,0.0004996067298703574,0.00803703964702741
0.0013141738971030263,0.0009259597991564448,0.002368764786575379,0.00828642310428109
0.0012034444261271426,0.0008746539580003151,0.0022653591312105895,0.008046537184261184
0.0026842886979748203,0.0015133620954230773,0.0005536595609232832,0.008236347935073243
0.002427948658422634,0.00145714487578662,0.0004982570143143183,0.008030677819957237
0.00131350946102576,0.0009264516135015186,0.0023686958571993667,0.008282346551027341
0.0012023205464723582,0.0008753635274984569,0.0022661417800818656,0.008041870844829218
0.002685243294173037,0.0015152591690936103,0.0005527512407069847,0.008230389295808384
0.002428981445638175,0.0014591691282504712,0.0004969089972189913,0.008024317312262982
0.0013128539486773917,0.0009269390622001431,0.002368614444099324,0.00827827229298851
0.001201203200448385,0.000876075690629255,0.002266927435420465,0.008037200541453588
0.0026861906012113916,0.0015171574676758975,0.0005518485570913102,0.008224436066389418
0.0024300157443451335,0.0014612010556867942,0.0004955626298934958,0.00801795810029526
0.0013122073091551174,0.0009274221431928095,0.002368520550721083,0.008274200406124288
0.0012000923264237748,0.0008767905130712607,0.002267716242947667,0.008032526287132934
0.002687130668216742,0.001519056963603629,0.0005509514971049173,0.008218488264278614
0.002431051652923374,0.0014632407063656686,0.0004942178637983994,0.008011600160928596
0.0013115694925760117,0.0009279008534766553,0.0023684141785765356,0.008270130967006944
0.001198987863494785,0.0008775080606871778,0.002268508348753245,0.008027848094575744
0.0026880635427520443,0.001520957628615072,0.0005500600484966632,0.008212545908128577
0.002432448565171665,0.001465333539020232,0.0004928671373807586,0.008005360867192063
0.001310872664621129,0.0009281909208092757,0.0023680087330261975,0.00826588370780494
0.0011977910778332376,0.0008781664522846597,0.0022691237645464787,0.008023086237908525
0.0026886267443310707,0.0015228954239292472,0.000549176019980913,0.008206792608782414
0.0024346376344025777,0.0014675865524038415,0.0004915166028504772,0.007999548559164033
0.0013100026932505316,0.0009278525224502608,0.002366742781751743,0.008261205012677927
0.0011963982167015345,0.0008784894357433718,0.0022692049477377667,0.008018187255852283
0.002688321958857666,0.0015249030854080352,0.0005483388109614258,0.008201456983431655
0.0024355172048560153,0.0014697845764935363,0.0004902822138563453,0.00799377471107585
0.0013092483851520993,0.0009275423804759132,0.0023659563624399047,0.00825714777948341
0.001195332858865114,0.0008784495298882941,0.0022695301380458934,0.008013767457672991
0.0026890018831132686,0.0015267724640022563,0.0005476054504063029,0.008195632874604427
0.002437029721158194,0.0014718573033836472,0.000489147054623631,0.007987987925025784
0.001308304134008029,0.0009271186697317456,0.002365165452221888,0.008253105074785494
0.0011938721733071717,0.0008785093970207317,0.0022697278381679413,0.008009433652088468
0.002688671879787783,0.0015287180020019204,0.0005468195832856197,0.008190557537763734
0.002438271588076414,0.0014739508126281736,0.0004879837872528289,0.007982614784572885
0.0013074717827646,0.0009262733694484631,0.0023641138901644527,0.008249289568071473
0.0011926972971882971,0.0008781268462853675,0.0022698309690404473,0.008005400071423
0.0026885740191451893,0.0015304328724350322,0.0005460602947607036,0.008185224295164575
0.002438998883826519,0.0014757774759092703,0.0004868860039519355,0.007977147779030847
0.0013066300253242848,0.0009256033988982111,0.00236344602097459,0.0082458463658505
0.0011914756473875975,0.0008777382942491212,0.002269933254570491,0.008001603925165022
0.0026887201860192004,0.001532135081573363,0.0005452397045690028,0.008180175268051043
0.0024403788848425174,0.0014776240778758539,0.00048572353133112913,0.007972040210517502
0.0013056596811320974,0.0009246412078713106,0.0023623286669416967,0.00824230351130031
0.0011900786337930454,0.0008773186789030672,0.002269856846194306,0.007997875351610083
0.002688184727123006,0.0015337500638455302,0.0005444022573231174,0.008175330739900424
0.002441122541836349,0.0014793470159808694,0.00048457394503700446,0.00796684558371706
0.0013048108839169353,0.0009236587514227351,0.0023614091937578037,0.008239227748833922
0.0011889075972537572,0.000876677934063495,0.002269847480304225,0.007994468828344243
0.0026883081696822864,0.0015352667572194492,0.0005435815893459584,0.00817017337871642
0.0024421505639487463,0.0014810353963235965,0.0004834308467386411,0.007961664462679725
0.0013037239847767757,0.0009227277166527126,0.002360368059203332,0.008236125614363151
0.0011873903417269395,0.000876205767903172,0.0022697100075014867,0.007991043867192103
0.0026880130997913036,0.0015368464682146445,0.0005427343594257385,0.008165416314657453
0.002443336516543484,0.0014827958581961557,0.00048223820322355903,0.007956590761592526
0.0013026707272465457,0.0009215599263473794,0.002359054172867511,0.00823318987202186
0.0011859736216963267,0.000875598770128112,0.0022695819795941767,0.007987800898375962
0.00268768336449403,0.0015382757317546367,0.0005419321495210882,0.008160373425977101
0.0024441014828486653,0.0014844288909856404,0.0004810861418277271,0.007951297424667185
0.0013016029669176336,0.0009205399262783126,0.0023579246750170136,0.008230525045342697
0.0011845368624496507,0.0008749999415164202,0.00226942711173121,0.007984665828287692
0.0026876955199905115,0.0015397181632868953,0.0005411131857126334,0.008155437335659082
0.002445391554237422,0.0014861323100903326,0.0004798862422840973,0.007946208421810827
0.0013004004927308934,0.0009193812143883283,0.0023564027574076163,0.008227722461680362
0.0011829247891574483,0.0008746549133255744,0.0022693422357888604,0.007981624874053087
0.0026866767171530425,0.0015409490343159895,0.0005403174810674093,0.008150385973942223
0.002445971787319531,0.001487559928295008,0.0004787511043838048,0.007940681915598468
0.001299362610353645,0.0009181178273838827,0.0023548753456909353,0.008224157123070546
0.0011817952444667752,0.000874302542523146,0.002269504219421519,0.007979075144172398
0.0026857306718368053,0.0015418724969620187,0.0005395063140105089,0.008144531943884172
0.002446083925822003,0.0014886398776003014,0.00047771843849345695,0.0079348489549242
0.0012983016133421095,0.0009171834722965153,0.0023535465932622906,0.00822022900837079
0.0011806729954819393,0.0008740239323004537,0.002269171099786478,0.00797635138280713
0.0026851765863566165,0.0015429860667251275,0.0005385091338906799,0.008139080919440501
0.0024466504658223203,0.0014898274640505803,0.00047660332748646224,0.007929466496029571
0.0012971518902338325,0.0009163354815760404,0.0023519031265805505,0.008215936677213159
0.001179516171918144,0.0008737884579092482,0.002268458083042013,0.007973311395562472
0.002684677676612094,0.0015441901053189473,0.0005374434632969049,0.008133621274369923
0.0024470130712578226,0.001490999086833553,0.0004755046309818862,0.007923865755064565
0.0012960797635192306,0.0009157202603250136,0.0023505861824221976,0.008211498010554352
0.001178526285608373,0.0008736989436077032,0.0022680150440808253,0.007970367968925484
0.0026843776083285025,0.0015454211607782758,0.0005363827383161048,0.008127591488706006
0.0024474191421632826,0.0014921756854884944,0.00047447484899067573,0.007917938435392432
0.0012949593988212695,0.0009152708437362276,0.002349496844931107,0.008206777734961538
0.0011774631928027056,0.0008736793683620219,0.002267485209063308,0.007967219935335567
0.002684177250979646,0.0015469295009575405,0.0005352576993332357,0.008121695659750221
0.0024479157881485535,0.001493588219053091,0.00047341831887190596,0.0079121805638955
0.0012937538761981027,0.0009148818108090357,0.002348381982704039,0.008201809567790479
0.0011763663128015163,0.0008736734952657697,0.002266939235980412,0.007963822369775582
0.002684134884100655,0.0015485714075458464,0.0005341232973756908,0.008115735671300115
0.002448441445743263,0.0014950804847269402,0.0004723586850296958,0.007906281205071364
0.0012926136820812925,0.0009146022917779982,0.0023475165097352297,0.008196709327294398
0.0011753480858223613,0.000873793236270311,0.0022666833313639374,0.007960403384171985
0.0026840549441098475,0.0015502359392288397,0.0005329794629420832,0.008109576529465163
0.0024489736871582493,0.0014965934722642373,0.00047129659612827886,0.007900279141343282
0.0012915334604196435,0.0009143636462479144,0.0023467811236295094,0.008191413097302622
0.0011743800324466728,0.0008739101735989184,0.002266441345915966,0.007956825704301592
0.0026840751619020375,0.0015520123337089283,0.0005317805048602626,0.008103553389245224
0.0024495404206548665,0.001498213651158109,0.00047018512203123107,0.00789444868419759
0.001290454675418585,0.0009141733924835328,0.0023460730155348344,0.008185981895282992
0.0011734126828142068,0.0008740659539107509,0.0022662625836847327,0.007953082865910698
0.002684142032405622,0.0015538349981510033,0.0005305656260898666,0.008097564882865156
0.0024501903887944997,0.0014998739260439408,0.00046904896833046693,0.007888572687405178
0.001289449382970014,0.0009139981002268342,0.0023454885389343387,0.008180471380295293
0.0011725037898635065,0.0008742744355472387,0.0022662856047970387,0.007949319798664256
0.0026841558048144565,0.0015556708990103934,0.0005293553585780788,0.008091483981003714
0.0024507962023920526,0.0015015750655944951,0.0004679077315509824,0.007882647796380926
0.0012884583397025687,0.0009138420209180971,0.002344981792155934,0.008174901428788153
0.0011715880567526597,0.0008744910993783892,0.0022663750436248084,0.00794546755237464
0.0026842411475710404,0.0015575797657292275,0.0005281463531623401,0.008085455755361298
0.0024515005981185774,0.0015033763528573,0.00046674250203078323,0.007876772387332209
0.0012874491863612853,0.0009136836032174599,0.0023444555086263776,0.008169310213456049
0.0011706275310472405,0.0008747525348000152,0.0022665520930614845,0.00794152962735442
0.002684283136975737,0.0015595122083244292,0.0005269634929682853,0.008079436509790903
0.0024522464994780556,0.0015052305702858693,0.00046556553702951963,0.00787083679768143
0.00128647147725345,0.0009135116398100331,0.002343938671929844,0.008163745119825096
0.0011696806893394596,0.0008750515091153168,0.0022668589054280507,0.007937583987825781
0.0026842997112015,0.0015614263017760155,0.0005258146456573083,0.008073356827757077
0.0024530049255175723,0.0015071130369971376,0.00046438350641257357,0.007864854101741776
0.0012855027247207006,0.0009133421389754475,0.002343391704188781,0.008158218391528157
0.0011687120417610219,0.0008753862380553862,0.002267201680823527,0.0079335910213512
0.0026843049880274383,0.0015633360263920839,0.0005246905051220222,0.008067326777490858
0.0024538393633759177,0.0015090336858876385,0.0004631860222958116,0.007858890319661815
0.0012845468909709287,0.0009131502971680415,0.002342749469124654,0.008152738193166385
0.0011676784691819402,0.0008757088606194438,0.00226745827556716,0.007929194141743524
0.0026841721490022327,0.0015651961717514657,0.0005235973115466332,0.008061274360177235
0.002454535879871768,0.001510924101020301,0.00046199555891087986,0.007852838079704466
0.0012836470127345545,0.0009129844014272104,0.0023421390463313047,0.008147331593512554
0.0011665383640097006,0.0008759304367594721,0.0022674642480213047,0.007923701568236656
0.002683827635199911,0.0015669598158953683,0.0005225210687929368,0.008055010352891365
0.00245486378103564,0.001512699257233085,0.00046083607977248674,0.007846575681439183
0.0012828234653433832,0.0009129411120692275,0.0023417323335196915,0.00814195583349789
0.0011654943491232203,0.0008761747608813754,0.0022675163780952246,0.007918186429562298
0.002683709008511738,0.0015687044401473745,0.0005214264723964354,0.008048633432545724
0.002455384985475271,0.0015144764080250893,0.0004596614693503613,0.007840354181330368
0.001281961814038048,0.0009129518987040419,0.002341244491583609,0.008136497909002265
0.0011643856606702383,0.0008765026184880656,0.002267476191624416,0.007912659643663406
0.002683566694082672,0.0015705165248027927,0.0005203074470027708,0.008042475501204904
0.0024560148247660444,0.001516331767709493,0.00045844972146067775,0.007834231099673728
0.001281116851007288,0.0009129461278436982,0.002340649414723109,0.008131021381396583
0.0011633007222042109,0.0008768438660107071,0.0022674668722183805,0.007907045538388491
0.0026834271298666556,0.0015722961481400032,0.0005192267360362485,0.008036173817877716
0.0024565581475687764,0.0015181732037735703,0.00045726064425301413,0.007827944080710192
0.0012803017160838274,0.0009130086942807484,0.002340159498332468,0.008125584595021117
0.0011622242046939529,0.0008772557421415617,0.002267568492019871,0.007901424075155782
0.002683279408335695,0.0015740818068010153,0.0005181760722869335,0.008029786361993443
0.002457183158519108,0.0015200534433845699,0.00045608404892009773,0.007821623066662625
0.0012794791721779288,0.0009130568271693474,0.0023396057076593155,0.00812011629988745
0.0011611250378827842,0.0008776712023211476,0.002267622187248931,0.007895761790774421
0.0026831339100674874,0.0015759184769898664,0.000517139751061565,0.008023502258464483
0.0024578196488004096,0.0015219975358365598,0.00045490264862629826,0.007815368781135305
0.0012786609562453347,0.0009131071047765054,0.00233899380279254,0.008114665422801879
0.001160033756519868,0.0008781105502024577,0.002267704987148554,0.007890064468619862
0.0026829756253837754,0.0015777298625640386,0.0005161375153159881,0.008017177658034901
0.002458469458634665,0.0015239242913719828,0.000453738136696452,0.007809041328650519
0.0012778983658400743,0.00091316142988974,0.0023384070570028666,0.008109229487193071
0.001158984484477416,0.0008785733696665572,0.002267829552992484,0.007884368644704052
0.002682755798280884,0.001579518474806763,0.0005151523826080691,0.008010835230410001
0.0024590756555600505,0.0015258404909608341,0.00045258801674974035,0.007802729639620924
0.0012771597237963856,0.0009132163568031979,0.0023377951985018145,0.008103780815204815
0.001157961524406377,0.000879019483439749,0.0022678992955358444,0.00787866052896978
0.002682578585018401,0.0015813213690088867,0.0005141721344513177,0.008004561101429154
0.002459709554648693,0.0015277685051977882,0.00045144370898641314,0.007796480564695824
0.0012764355847671206,0.0009132747492845567,0.0023371564526381656,0.008098328380521009
0.001156954373662842,0.0008794795457339013,0.0022679646018819296,0.007872961253696003
0.002682365020977153,0.0015831154652181717,0.0005132076094682686,0.007998291101346597
0.002460328274372608,0.0015296811259211535,0.00045031930383340887,0.0077902112104452125
0.0012757469175725472,0.0009133291708071814,0.002336538455876965,0.0080928721299801
0.0011559850098853998,0.0008799289304070127,0.0022680306917102254,0.007867270571109263
0.0026821399469990144,0.0015849094487734516,0.000512254903348105,0.00799199511499692
0.002460898614794232,0.00153158788041049,0.0004492169692797541,0.007783947760379564
0.001275062075304015,0.0009133985168496093,0.0023359373862040095,0.008087406170900039
0.0011550262180096708,0.0008803725936293509,0.0022680689872026484,0.007861592643118333
0.0026819457541184446,0.0015867273260612347,0.0005113067014663573,0.007985725854433006
0.0024615007657804405,0.0015335071206011087,0.0004481267402145722,0.007777713342768515
0.001274381086233283,0.0009134676372620306,0.002335329302292394,0.008081924808251468
0.0011540768306125349,0.0008808181194004946,0.002268094418845778,0.007855925613236786
0.0026817346484923417,0.001588553711577603,0.0005103648373968319,0.007979459506470454
0.002462077425525906,0.0015354224473425476,0.00044705074092659465,0.007771474801054228
0.0012737157015603664,0.0009135459804481981,0.002334744237795333,0.008076436649401162
0.0011531515849631194,0.0008812596259977696,0.002268116990466736,0.007850265570079912
0.0026815400063854356,0.0015903840642138313,0.0005094260431630532,0.007973172756767956
0.0024626446239529617,0.0015373322174415012,0.00044598677813870787,0.007765237473752756
0.0012730554313258621,0.000913640937535126,0.0023341775281103022,0.008070934860861263
0.0011522363455772676,0.0008817063036954608,0.0022681250180496713,0.007844616969529362
0.002681360653665162,0.001592229270448633,0.0005084841264870682,0.007966903747154894
0.0024632280427799576,0.001539247672808064,0.00044492744712818313,0.007759021664467476
0.0012724000053859618,0.0009137420303759792,0.0023336108894464517,0.008065416786882313
0.001151332112552409,0.0008821538345677621,0.0022681205615516457,0.007838971179950896
0.0026811904929114165,0.001594083421011953,0.0005075411983420211,0.007960637610359261
0.0024638038174344574,0.0015411634775827675,0.00044387403439977304,0.0077528082338648
0.0012717520896987913,0.0009138571127791853,0.0023330643752264113,0.008059891457557027
0.0011504403502727004,0.0008826071355587932,0.0022681205665965576,0.007833330400275711
0.002681033596538935,0.0015959445251567078,0.0005065983756044258,0.00795435956051126
0.002464385290044479,0.0015430810685119038,0.00044282649989057723,0.007746592581588186
0.0012711080429633288,0.0009139825385572622,0.002332532748060461,0.008054355263658853
0.0011495547940683813,0.0008830650713077462,0.0022681183843636515,0.007827693477158759
0.002680888008823209,0.0015978195570178712,0.0005056538543830331,0.007948088866614435
0.002464974197130003,0.0015450087196259936,0.0004417813972355275,0.007740388440365427
0.0012704651564059246,0.0009141153360278132,0.0023320067210231,0.008048811080385992
0.0011486738781502413,0.0008835269154308569,0.002268116548441868,0.007822055877332135
0.002680755296095767,0.0015997045974682966,0.0005047097589635834,0.007941820062064878
0.0024655714705693584,0.0015469434224927349,0.00044073871336329246,0.007734185109215849
0.0012698275566870526,0.0009142560379029232,0.002331492533836311,0.008043263914824825
0.0011477995167630663,0.0008839964927975785,0.0022681249818746908,0.00781641953718956
0.002680626439610376,0.0016015951820649835,0.0005037668658760535,0.007935547977075392
0.002466174151356829,0.001548883340351058,0.00043969828035214393,0.007727981550481549
0.0012691957822727562,0.0009144024311966259,0.00233098622199468,0.008037713608948598
0.0011469316689732428,0.0008844704039512702,0.002268137314941694,0.007810782469542095
0.002680507020119621,0.001603492953153009,0.0005028242648843974,0.007929282374905821
0.0024667857266446134,0.001550831172819621,0.00043865833441114057,0.007721786589988533
0.0012685683777086518,0.0009145540101103736,0.002330481872247518,0.008032162535741865
0.001146068587289254,0.0008849506449044691,0.002268154495475858,0.00780514479653803
0.002680393489934784,0.0016053951996896133,0.0005018832858212695,0.00792302352990001
0.002467408261885814,0.0015527849597373365,0.0004376191561997825,0.0077155951322511185
0.0012679485279033524,0.0009147085411265474,0.0023299800562747554,0.00802661322968101
0.0011452124716606659,0.0008854367871977256,0.0022681795568976707,0.007799507238184971
0.0026802806146445607,0.0016072992469247473,0.000500945073035783,0.00791676718881605
0.002468034635506445,0.0015547432497819188,0.00043658174607033194,0.007709406055540964
0.0012673356640665455,0.0009148662387516932,0.00232948018570539,0.008021067300303197
0.001144362777266437,0.0008859273502039509,0.002268209243467736,0.0077938701873003155
0.0026801727993250694,0.0016092062133390764,0.0005000098796418675,0.007910517291246831
0.002468670363155572,0.0015567075092336792,0.0004355459497617177,0.00770322301499232
0.0012667288470431294,0.0009150256427743846,0.002328977880782742,0.00801552568101758
0.0011435182670092936,0.0008864230545246797,0.0022682426779225026,0.007788234777073544
0.002680065355185277,0.001611114905604672,0.0004990786188905443,0.007904275177908787
0.0024693132420942534,0.0015586765219743435,0.00043451238100001503,0.007697044301617735
0.0012661297644894702,0.0009151855194832197,0.0023284729266905115,0.008009990106656
0.0011426808819222653,0.0008869225543887612,0.0022682799027184983,0.007782601533570128
0.002679957643759463,0.001613023424812983,0.00049815201311139,0.007898037770868921
0.0024699598062336405,0.001560648440104338,0.00043348198427992036,0.0076908691231183405
0.0012655383718767042,0.0009153465629396173,0.002327965563590392,0.00800446141111657
0.0011418506652989952,0.0008874256448084061,0.002268318705609793,0.007776972051987052
0.0026798505810300653,0.0016149319200126158,0.000497229953749873,0.00789180770711921
0.0024706125982677817,0.001562623133373988,0.0004324549163917788,0.007684700027425437
0.001264954616726261,0.0009155075918245868,0.0023274530574791666,0.007998939276628578
0.0011410278310482556,0.0008879315350045569,0.0022683566366180955,0.007771347182899023
0.002679742544858106,0.0016168398591452735,0.0004963125651227501,0.007885586082285175
0.0024712688489235764,0.0015645994169729283,0.0004314317583073778,0.007678537111270074
0.0012643791198933584,0.000915668694752347,0.002326936112773793,0.007993424318025733
0.0011402135319233387,0.00088843947196422,0.0022683931672421416,0.007765727980211754
0.0026796338699752917,0.00161874647293115,0.0004954000460646074,0.007879370932354954
0.0024719274556796976,0.0015665759490094831,0.0004304133267248836,0.007672379675363788
0.0012638118527162397,0.0009158301219581964,0.0023264156010739216,0.007987916168989157
0.0011394079634086342,0.000888948950192451,0.0022684267037531227,0.007760115838580414
0.0026795245595672527,0.0016206523557962369,0.0004944921066853344,0.007873163386956044
0.002472588186991058,0.0015685526316937173,0.0004293999835511488,0.007666229315208531
0.0012632523976237914,0.0009159915527378947,0.002325891014799749,0.007982414076354903
0.0011386112705558695,0.0008894589859049964,0.002268455433577929,0.0077545113372163455
0.00267941516042125,0.0016225579026904837,0.0004935885649306498,0.007866963688004677
0.0024732500126905914,0.0015705289729909372,0.00042839214266412085,0.007660086178840779
0.0012627007264056265,0.0009161533373572421,0.0023253635770374872,0.00797691773234383
0.0011378238664456056,0.0008899693285366732,0.0022684792235405497,0.007748915357679675
0.0026793056310303897,0.0016244631242784873,0.0004926892400201044,0.00786077071756751
0.0024739121978195225,0.0015725042773031153,0.00042739021975431776,0.0076539498450900285
0.0012621567846546997,0.0009163156676715723,0.002324834425794217,0.007971426279796906
0.0011370460338083407,0.0008904793865536207,0.0022684971464363305,0.007743328473846777
0.0026791965935534794,0.0016263686532321392,0.0004917936411538984,0.00785458477262788
0.0024745742250113613,0.0015744785046598168,0.00042639430158345723,0.007647821305111782
0.0012616201210145447,0.0009164788508673229,0.002324304088537517,0.00796593884726617
0.0011362777394655962,0.0008909887995870629,0.0022685084357126585,0.0077377509378838
0.0026790889246679148,0.0016282750194167525,0.000490901344269187,0.007848405970211947
0.002475236250850332,0.0015764515418105062,0.00042540440335424713,0.007641700666451405
0.0012610906152330833,0.0009166431606022012,0.0023237735935663847,0.007960454731765211
0.001135519101272996,0.0008914975197564917,0.0022685132750375333,0.007732183003586522
0.0026789826251734893,0.001630182485708829,0.000490011995790024,0.007842233644668245
0.002475897657124236,0.0015784232116482946,0.0004244205551573555,0.007635587656276734
0.0012605680772895223,0.0009168089216572712,0.002323244041637781,0.007954973218607247
0.0011347701359726975,0.0008920052997015929,0.0022685115773935292,0.007726624649661404
0.002678878574321442,0.0016320916339815506,0.0004891251781786118,0.007836067637191312
0.0024765586050574918,0.0015803937743602418,0.00042344261418838434,0.007629482577160461
0.0012600520623844483,0.0009169764487227693,0.002322716043333583,0.007949493671511163
0.0011340305217150113,0.0008925122232273877,0.0022685034729245023,0.007721075766165738
0.0026787772168248777,0.001634002964385981,0.00048824056638180834,0.007829907964046142
0.002477219507041815,0.0015823635200656232,0.0004224703749656486,0.007623385326276169
0.0012595423768649585,0.000917145858247898,0.002322190188433218,0.00794401565646445
0.00113330010947998,0.000893018370965272,0.0022684894971878844,0.00771553609315318
0.002678678675387545,0.0016359167163334477,0.00048735793920964837,0.007823754146950806
0.0024778802033481504,0.001584332635642663,0.000421503651683686,0.007617295567909727
0.0012590388165378212,0.0009173173905722832,0.002321667109781849,0.007938538924140683
0.0011325786840912328,0.0008935238699844122,0.0022684701450177884,0.007710005321519092
0.002678583409946979,0.00163783317417764,0.00048647708881471093,0.007817606030198635
0.002478541210864178,0.0015863014782158808,0.0004205421721025873,0.0076112132533352654
0.0012585411376641428,0.0009174911253198874,0.0023211469497510027,0.007933063286645208
0.0011318659119724363,0.0008940289474330161,0.0022684458768850715,0.007704483102709016
0.0026784914723041926,0.001639752513165315,0.00048559788065313054,0.007811463693981743
0.0024792028744163807,0.0015882703782989106,0.00041958565216636875,0.007605138251318687
0.0012580492414272053,0.0009176670507385265,0.002320629759501074,0.007927588773733353
0.0011311615879925684,0.0008945337875863164,0.0022684172902272463,0.007698969039543503
0.0026782567638667047,0.0016415851642026765,0.0004846938442773452,0.00780490117077143
0.0024798660891113228,0.0015902359993950745,0.0004186365683571709,0.007599075391362023
0.0012575621197814454,0.0009178489433785267,0.0023201078477469847,0.007922108138165471
0.0011304674089408053,0.0008950408102930583,0.0022683665667504764,0.007693461968725659
0.002677928932354266,0.0016433572313608654,0.0004837699227481982,0.0077980396567725405
0.0024805341106096538,0.0015921968886784986,0.0004176941484283601,0.007593023505813502
0.0012570813184613883,0.0009180488151179072,0.00231957824575708,0.007916613256508229
0.0011297869418508688,0.0008955606400911258,0.0022682888208484606,0.007687956693774858
0.0026776230901583383,0.0016451340370783754,0.00048284518869553313,0.007791182107251092
0.0024812087099687,0.0015941520682951236,0.0004167579173879965,0.007586965168848841
0.0012566093724877857,0.0009182761230220656,0.002319049709190781,0.007911097861759751
0.0011291214531517944,0.0008960999963420726,0.0022681911768067838,0.007682448361806683
0.002677340455636315,0.001646920020197687,0.00048192002415927624,0.007784319283170129
0.002481889444479428,0.001596106669120785,0.0004158289617139935,0.007580896992845189
0.0012561428418018587,0.000918531309688898,0.0023185251207227062,0.00790555616335299
0.0011284673403337273,0.0008966561266477532,0.002268073291378405,0.007676933440118784
0.002677083613887503,0.0016487233732553988,0.00048099439349610955,0.007777453171358239
0.0024825793423094706,0.0015980687371805991,0.0004149074182719729,0.00757482491912965
0.001255679902078777,0.0009188103870697652,0.002318007356222838,0.007899987299157741
0.0011278232118402105,0.0008972262399279176,0.002267942877511872,0.007671411342359977
0.002676845355469273,0.001650545126231061,0.00048006952132184557,0.007770580895374109
0.002483273672537687,0.0016000385546694855,0.00041399427731332334,0.007568747215500965
0.0012552240536890557,0.0009191087375100611,0.0023175056062269554,0.007894392352814486
0.0011271924623665083,0.000897805403282172,0.002267807630808431,0.0076658835192264475
0.0026766198960729935,0.001652383856135896,0.0004791447135098861,0.007763700643665251
0.002483966226949174,0.0016020147475414388,0.00041308937432695377,0.007562669810053026
0.001254776754422464,0.0009194230796607737,0.0023170240941730695,0.007888771257702463
0.0011265765360240155,0.0008983887954997267,0.00226766800163441,0.007660351375134951
0.0026764071514551926,0.001654239211680089,0.00047821776893134185,0.007756817745707477
0.0024846595440161296,0.0016039972577354179,0.00041219099507450115,0.007556601698930877
0.0012543390767232431,0.0009197499182122022,0.002316563261837548,0.007883124668069005
0.0011259760968055333,0.0008989743683032033,0.00226752656128224,0.007654816435270342
0.002676202967908522,0.0016561090127165117,0.0004772877296534927,0.007749933797853432
0.002485351339100277,0.0016059843536325152,0.00041129826347808537,0.007550543607189204
0.0012539122082259766,0.0009200874776232567,0.0023161263671248153,0.007877454888427069
0.001125391641213418,0.0008995606345810934,0.0022673869456347638,0.007649279856808057
0.002676006772351539,0.0016579920350813552,0.00047635427654366667,0.007743045958940131
0.002486041106413999,0.0016079762398579338,0.0004104105500622898,0.00754449503224341
0.0012534941356423484,0.0009204353769950036,0.002315713729111806,0.00787176431010554
0.001124820169797215,0.0009001479649010136,0.0022672504913819874,0.007643742254121176
0.0026758198834763557,0.0016598891119226828,0.00047541744445975264,0.0077361548423161685
0.002486733836188708,0.0016099756362721004,0.0004095266054498483,0.0075384557283581346
0.0012530824033458465,0.0009207924051318885,0.0023153217744336617,0.007866056091672152
0.0011242582393664196,0.0009007379728621782,0.0022671193199401184,0.007638203117062715
0.0026756414478752485,0.001661799590966651,0.0004744782703188602,0.007729260058289706
0.002487431264944064,0.0016119838507708012,0.0004086454226453234,0.007532421876022796
0.0012526758784050852,0.0009211583379101566,0.002314947883078572,0.007860334750974678
0.001123703695688823,0.0009013328196594702,0.0022669961880775096,0.0076326617488037445
0.002675471553727183,0.0016637215980285652,0.0004735379300890067,0.0077223605279091185
0.002488135978248433,0.0016140013976798226,0.0004077659450705568,0.007526390448410328
0.0012522736733461418,0.0009215330046502022,0.0023145876144517893,0.007854604378316202
0.0011231544515286063,0.0009019347264586984,0.00226688160583132,0.007627117529224609
0.0026753100997707058,0.0016656532943776748,0.00047259731107325873,0.007715458931644066
0.0024888513830273007,0.0016160288053243958,0.00040688689256464445,0.007520360999599109
0.001251875606475685,0.0009219154053231699,0.0023142349678756807,0.007848868954787173
0.001122609332561768,0.0009025452514710588,0.0022667755487682387,0.007621569817231631
0.002675155890239616,0.0016675920279640437,0.000471657625857776,0.007708557673323552
0.002489578504582281,0.001618065420593145,0.0004060076100636969,0.007514332264667465
0.0012514823928293161,0.0009223045707836629,0.0023138857569025583,0.0078431326499892
0.0011220681496165047,0.000903165323616867,0.002266678397165832,0.007616018818033342
0.002675007187729839,0.0016695351586294177,0.000470720240290979,0.007701658247258302
0.0024903174625482793,0.0016201103064006038,0.00040512809691562265,0.007508303503480045
0.0012510946350855724,0.0009226990750038727,0.002313536244194413,0.007837398874846515
0.0011215307879665966,0.0009037947576726933,0.002266589204758882,0.007610465285546578
0.0026748623079261413,0.0016714809867679834,0.0004697863900038149,0.007694763126815024
0.002491068009385779,0.001622162913843237,0.00040424870196473516,0.007502275516435239
0.0012507128013328219,0.0009230971190815572,0.0023131829464564362,0.007831670524480182
0.0011209973919989666,0.0009044326969430402,0.002266506691216798,0.007604910375816587
0.002674719241684635,0.001673427965883216,0.0004688573396403203,0.007687874210056356
0.0024918289027201957,0.001624222164638309,0.00040337021959416805,0.00749624869088413
0.0012503377369106298,0.0009234970145707465,0.002312823857777554,0.007825950030485588
0.0011204687406909306,0.0009050779037186661,0.002266429611502461,0.007599355809944332
0.0026745758393731003,0.001675374646490693,0.0004679341209021746,0.007680992743733984
0.002492598049831018,0.001626286535444066,0.00040249368792506443,0.007490223781894229
0.0012499702387514578,0.0009238973469812237,0.0023124576407820008,0.007820238946579305
0.0011199458404638311,0.000905728706231188,0.0022663557098632197,0.007593803535006856
0.0026744308074537013,0.001677320059115351,0.0004670173020221435,0.007674120296329551
0.0024933736352292803,0.001628354492561117,0.00040162011093785417,0.007484202451576875
0.0012496109373797692,0.0009242970226233582,0.0023120832569315714,0.007814538070072579
0.0011194297716573944,0.0009063834747565742,0.0022662823867649067,0.007588255636131214
0.0026742830814497492,0.0016792634229483038,0.0004661071637993759,0.007667258127514405
0.0024941536753258393,0.0016304242548147892,0.0004007505300527515,0.007478186027943229
0.0012492604857226592,0.0009246953414574744,0.0023117005714037757,0.007808847623151633
0.0011189217841942837,0.0009070406092162917,0.002266207121042975,0.007582714264858105
0.002674131968082881,0.0016812042294907582,0.00046520373119068436,0.007660406714096371
0.002494935908771595,0.0016324940465351281,0.0003998860059238304,0.007472175641699964
0.001248919199569649,0.0009250920740136338,0.0023113100703765375,0.00780316724109892
0.0011184229026148065,0.0009076985796890273,0.0022661272073987906,0.007577181485249937
0.0026739775391533094,0.0016831425224087696,0.00046430675943169315,0.007653566288894104
0.0024957186992670918,0.0016345624883106849,0.00039902747890666556,0.007466172507681859
0.0012485870380143519,0.0009254872440422416,0.0023109124555338117,0.007797496095659348
0.0011179338598153626,0.0009083560929231721,0.0022660401273129687,0.007571659166801548
0.002673820045799334,0.0016850786604708573,0.0004634158618321265,0.007646736756480479
0.002496500525932923,0.0016366284123865461,0.0003981757807571682,0.0074601774328415015
0.001248263842131475,0.000925881123052709,0.0023105089080520023,0.007791833111187879
0.001117455298320407,0.0009090120397494782,0.002265943795694535,0.00756614892316598
0.002673660013661785,0.0016870131667909196,0.0004625305277017953,0.007639917496364121
0.0024972799818537934,0.001638690829104928,0.00039733160699750836,0.007454190964317317
0.0012479492935868342,0.0009262742384818739,0.0023101009028148995,0.007786176984959268
0.0011169876719156174,0.0009096655301810822,0.0022658363865575865,0.007560652096189556
0.002673498282774719,0.001688946769564693,0.0004616500954978729,0.007633107870904171
0.002498056175265528,0.0016407490456243783,0.00039649543741570074,0.007448213701415858
0.0012476429728033817,0.0009266671899570802,0.002309689897410265,0.007780526249696827
0.0011165312782034085,0.0009103158803642771,0.002265716404413274,0.0075551697037928465
0.002673335729804315,0.0016908802570045802,0.00046077382957259436,0.007626307211733882
0.002498828378382952,0.0016428025483849484,0.0003956675736170445,0.007442246075799927
0.0012473444709578151,0.000927060654419118,0.0023092774997328226,0.007774879431317992
0.0011160863467294215,0.0009109625889055694,0.0022655828361518417,0.007549702472602102
0.002673173274469096,0.0016928144157513454,0.000459900972224929,0.007619514652082893
0.002499596049138485,0.0016448510002542809,0.00039484817454934866,0.007436288340749208
0.0012470533479519569,0.0009274553441127142,0.002308865372549125,0.007769235072393153
0.0011156529646594723,0.0009116053171141425,0.002265435033111601,0.0075442508652082685
0.0026730118579025765,0.0016947500948969823,0.00045903076087026087,0.007612729372334639
0.002500358951792598,0.0016468943315588263,0.00039403724947935576,0.007430340730819296
0.0012467691232235505,0.0009278519117782457,0.002308455045960024,0.00776359178993728
0.0011152310734629776,0.0009122438638502264,0.0022652726966234356,0.007538815068467025
0.0026728523537507473,0.0016966881383655476,0.00045816248442986425,0.007605950578073273
0.002501117026460176,0.0016489326693789482,0.0003932346914932366,0.007424403332120691
0.0012464913384472563,0.0009282509588849264,0.0023080479744903813,0.007757948369921675
0.0011148205257591165,0.0009128781789010907,0.002265095929568846,0.007533395045134542
0.002672695524425846,0.0016986293173632812,0.00045729551186790107,0.007599177448219625
0.00250187036280367,0.001650966281063557,0.00039244030179720585,0.00741847607805792
0.0012462195651772956,0.0009286530196886342,0.00230764545984849,0.00775230377573344
0.0011144210891739607,0.0009135083334223278,0.0022649050988165164,0.00752799056211227
0.002672542046803067,0.0017005743335593718,0.000456429288192374,0.007592409281863109
0.0025026192337067317,0.0016529955735994457,0.00039165378968269526,0.007412558874155502
0.0012459534059288742,0.000929058539621058,0.0023072485399867697,0.007746657169938842
0.001114032460077434,0.0009141345114127035,0.002264700769401981,0.007522601215875904
0.0026723924838207027,0.0017025237738167768,0.0004555633543083245,0.0075856455108070445
0.0025033640470480023,0.0016550210291297446,0.00039087479903575785,0.007406651544944494
0.0012456925325214634,0.0009294678760181462,0.0023068580164650673,0.007741007946014769
0.0011136543066313836,0.0009147569998451949,0.002264483693880155,0.007517226487555051
0.0026722472452585344,0.0017044780808352586,0.00045469736012429996,0.007578885662754248
0.002504105268743139,0.0016570431594189114,0.00039010293999721063,0.00740075383168229
0.001245436680428929,0.0009298812974762482,0.002306474447023442,0.00773535572186238
0.0011132862748502465,0.0009153761466246023,0.0022642547134452936,0.0075118657815892356
0.0026721066291232683,0.001706437576783911,0.00045383106095255477,0.007572129403228487
0.0025048434354296802,0.0016590625064469044,0.0003893378062707376,0.00739486546013401
0.0012451856331869551,0.0009302989748599239,0.002306098114774044,0.007729700332027802
0.0011129279901942776,0.0009159923431255188,0.0022640147052134375,0.007506518465306866
0.002671970800315865,0.0017084024613602945,0.00045296432288415695,0.007565376538230188
0.0025055791136794846,0.0016610796071663254,0.00038857899987383747,0.007388986122418244
0.0012449392386111753,0.0009307209784616411,0.0023057290664792013,0.007724041822373383
0.001112579089999609,0.0009166059964349619,0.0022637645572119087,0.00750118391117624
0.002671839778905142,0.0017103728059891317,0.00045209711981037505,0.007558626978487505
0.0025063128290133407,0.001663094955686042,0.0003878261542662937,0.007383115486765015
0.0012446974052754045,0.0009311472911007238,0.00230536714476913,0.007718380424650242
0.001112239237619441,0.0009172174982888155,0.0022635051027329336,0.00749586153196353
0.002671713478264786,0.0017123485731457692,0.0004512295165906255,0.007551880753082276
0.00250704507419466,0.0016651089911895519,0.000387078944586781,0.0073772532487869705
0.0012444600948576295,0.0009315778111659033,0.0023050119963753247,0.0077127165223695796
0.001111908131937181,0.0009178272074741953,0.0022632370755462654,0.00749055081057746
0.0026715917025221295,0.0017143296253528196,0.00045036165580956803,0.007545138010350718
0.002507776273824417,0.001667122072162489,0.00038633709993198873,0.007371399137462755
0.001244227327338189,0.0009320123628903475,0.002304663120367934,0.007707050622052078
0.0011115855292239604,0.0009184354281141044,0.0022629610891674676,0.007485251325426305
0.0026714741610690735,0.001716315734862972,0.00044949374332648546,0.00753839897987506
0.002508506745628612,0.0016691344557379292,0.00038560041535601173,0.007365552920411508
0.0012439991713357392,0.0009324507163615616,0.002304319916883136,0.007701383316504695
0.001111271247318845,0.0009190423941490023,0.002262677606070201,0.007479962771173673
0.0026713605002538,0.0017183066109166948,0.0004486260290572613,0.007531663962875799
0.0025092367083131037,0.0016711462990816957,0.000384868755688532,0.007359714428000578
0.001243775729932271,0.0009328925975446058,0.0023039817147716005,0.007695715245578484
0.0011109651642058807,0.0009196482593201085,0.0022623869186634516,0.007474684969067616
0.0026712503174450646,0.0017203019217100898,0.0004477587912858696,0.0075249333165191236
0.002509862382753033,0.0016730884071089176,0.00038412615915774144,0.007353579186086567
0.0012435470027169029,0.0009333046003050447,0.002303607339664994,0.007690009347084814
0.0011106553975288723,0.0009201930039487239,0.0022620041453175685,0.007469384556548668
0.0026712131464999636,0.0017223471848512987,0.0004468781572020006,0.007518262357627162
0.002510285333838137,0.0016749446093874524,0.0003833461747307143,0.007346952845334116
0.0012432708231971236,0.0009336706602806784,0.0023031430421016517,0.00768424942726279
0.0011103033956650495,0.0009206485061719436,0.002261493726917076,0.00746403012757673
0.0026713069285650985,0.0017244747045651,0.0004459842493079743,0.007511663335340639
0.002510748370655223,0.0016768773449164398,0.0003825501635983771,0.007340375365478993
0.0012429578250744064,0.0009340431443000311,0.0023026850003791603,0.0076785325815691766
0.0011099167900351602,0.0009211525606024371,0.0022611007377129058,0.0074586921329046155
0.0026713319551130554,0.0017265829589957246,0.00044511742528934484,0.007504986704051203
0.0025112331440661963,0.0016787969500510118,0.0003817647099910371,0.007333648409083944
0.0012426773481399654,0.000934380095475439,0.0023022955293699986,0.007672846337551614
0.0011095484150833131,0.0009216381425269057,0.002260769261087237,0.00745336934862032
0.002671307158245289,0.0017286900230172395,0.0004442502075469323,0.007498302739910168
0.002511635695565536,0.0016807326315715775,0.00038097285429073113,0.007326986992160225
0.001242371084949032,0.0009347164940064734,0.002301874872389967,0.0076671838542303515
0.0011091570657130664,0.0009221023389695967,0.0022603978917128662,0.0074480354577656244
0.00267137259797956,0.001730806355771582,0.000443373737125409,0.007491678573332458
0.0025121599013662402,0.0016826865572485046,0.00038015600242821804,0.00732033867722969
0.0012420682272321216,0.0009350263422063589,0.0023014007793083044,0.007661553030868992
0.0011087575642084668,0.0009225972901735883,0.0022600665585773127,0.0074427149739486245
0.002671352150530734,0.0017328843184246056,0.0004425049588113166,0.007485093560841626
0.0025126470942370724,0.0016846197391961052,0.0003793325644075095,0.007313670085511854
0.001241793922642822,0.0009353197498916467,0.0023009322009828214,0.007655970362013218
0.0011083799367584434,0.0009230775356935241,0.002259759661158235,0.007437397085786985
0.00267134490950066,0.001734936703371166,0.0004416418003242366,0.007478485847274496
0.0025131218456122266,0.0016865499417278277,0.0003785058454049063,0.007307013972094723
0.0012415072530702672,0.0009356174913925158,0.0023004411640028966,0.007650426721475682
0.0011079795802432302,0.000923571275560714,0.0022594487775151823,0.007432092712272563
0.0026713497292886325,0.0017369903167041981,0.0004407845016438558,0.0074719301526140385
0.002513670391690754,0.0016885002601225842,0.0003776695586331757,0.007300358533523189
0.001241217591785353,0.000935879023267895,0.0022998865466995885,0.007644917894384916
0.0011075672006431476,0.0009240648943477386,0.0022591419475405054,0.0074267913028560496
0.002671315046611967,0.0017390285192043792,0.0004399434901329605,0.007465400823569536
0.0025141851911352213,0.0016904526803515649,0.00037683529064533826,0.007293699250392839
0.001240935156010324,0.0009361335058572213,0.0022993201292029895,0.007639465214275856
0.0011071581541767473,0.0009245611895480496,0.0022588578214012742,0.007421500487186006
0.002671281856047456,0.0017410443985002599,0.000439119341532067,0.007458859418420022
0.002514718414795693,0.0016924005502053756,0.0003760048465078114,0.007287026659467549
0.0012406563647716492,0.000936375325596482,0.002298721837105228,0.007634050881936301
0.0011067439743649417,0.000925063794215791,0.0022585652846326063,0.007416227060135458
0.0026712273741811513,0.0017430484613465763,0.00043830538755158745,0.007452371881532515
0.0025152645981529323,0.0016943505626538487,0.0003751735898318288,0.007280381450535426
0.001240385377318678,0.0009365935158754748,0.002298068737196502,0.007628671879885326
0.0011063357989997595,0.0009255571010509967,0.0022582530024115813,0.007410962470301918
0.0026711619886409586,0.0017450304092495718,0.000437504260875085,0.00744591405524261
0.0025157997675433748,0.0016962875026944805,0.0003743478850201875,0.007273749923944421
0.0012401299240982337,0.0009368043003028016,0.0022973956660732294,0.007623334328296452
0.0011059410141755941,0.0009260528645502865,0.002257940079918641,0.007405722462774498
0.0026710751206869793,0.0017469875296026386,0.00043671647724923294,0.00743947269011661
0.0025163322983374954,0.0016982069281195765,0.0003735321975996666,0.007267127479161089
0.0012398886394837392,0.0009369990707283327,0.002296697119069308,0.0076180242565158625
0.0011055586135921358,0.0009265362743295336,0.0022576004689325506,0.0074005071981283355
0.0026709722977644027,0.0017489330729361509,0.0004359380266300703,0.0074330676402505486
0.0025168494670789994,0.0017001168041071955,0.0003727269389008885,0.007260540618169299
0.0012396549372465943,0.0009371809016848968,0.0022959700645179323,0.007612739628474368
0.001105187227129819,0.000927005478437114,0.002257231867009009,0.0073953172925175295
0.0026708620090050202,0.001750867001600275,0.00043517046697896463,0.007426684543025766
0.0025173587821325284,0.0017020115306625187,0.0003719358389247564,0.007253970814583492
0.0012394336066582125,0.0009373517542875144,0.0022952313320004697,0.007607478009995601
0.0011048316343267776,0.0009274639033452926,0.002256842847193856,0.007390160981335353
0.002670728884075862,0.0017527889575948525,0.0004344128876014294,0.007420318312356422
0.0025178440060125303,0.0017038877101639227,0.00037116160620749306,0.007247424010089504
0.001239223390186774,0.0009375131506240254,0.0022944841742570726,0.00760223216180398
0.0011044935024722628,0.0009279024583483924,0.0022564184005479074,0.007385037055307542
0.0026705911048119425,0.001754705236713356,0.00043366128066296564,0.007413970970205339
0.0025183110612936226,0.001705747186339048,0.00037040349128715934,0.007240910631497209
0.0012389860191410142,0.0009376432338929987,0.0022936644191756303,0.007596784289915326
0.0011041725487294359,0.0009283228173656414,0.0022559553964997324,0.007379953980251338
0.002670441370005413,0.0017566146191867313,0.0004329153751915351,0.007407639786781108
0.0025187554863759305,0.0017075825861131131,0.00036966529996069336,0.007234423288578984
0.0012387250813586746,0.0009377369987616043,0.002292784705186765,0.007591132777278265
0.0011038743711609346,0.0009287148478106488,0.0022554543589696917,0.00737492144024463
0.0026702720260754244,0.0017585170916628256,0.0004321741375317004,0.007401317235704735
0.0025191564004074635,0.0017093896312825893,0.0003689506576474746,0.007227970041329632
0.0012384712982906661,0.0009378186928894026,0.0022919176984048896,0.007585490881712743
0.0011035962239313631,0.0009290700577473018,0.0022549102780810887,0.0073699421141347286
0.002670095589933818,0.0017604182818411402,0.00043143419789376465,0.00739500815242413
0.0025195275632667975,0.001711172250114625,0.0003682567971814245,0.0072215564929652264
0.001238221266608625,0.0009378855578431498,0.0022910587622717127,0.007579857837319547
0.0011033346580317177,0.0009293902931591448,0.002254323151420339,0.0073650162422294625
0.002669906984142604,0.0017623177120551646,0.00043069401171172346,0.007388716753415754
0.0025198668080120687,0.001712928963267859,0.0003675821170301759,0.0072151796049815435
0.0012379763816861027,0.0009379396276405961,0.002290212239546131,0.007574230546090993
0.0011030921213376799,0.0009296774065744248,0.002253697798905176,0.007360142197973718
0.0026697099654735966,0.0017642133678755175,0.0004299523116794861,0.007382432592953475
0.002520172006373607,0.0017146582313497974,0.0003669259047619656,0.007208836466863389
0.00123773401920836,0.0009379881059769799,0.002289381771178917,0.007568605370433493
0.0011028657197597656,0.0009299366849910995,0.002253033234813351,0.007355318193888669
0.0026695130134856125,0.0017661088067567863,0.00042920688838174665,0.007376156806789004
0.0025204557402074917,0.001716364328183011,0.0003662856958279995,0.0072025269772804795
0.0012374909447951147,0.0009380331152082573,0.002288562266465388,0.007562979577795957
0.0011026516111268352,0.0009301722227628216,0.0022523281320623277,0.007350539521581505
0.0026693182252137348,0.001768006587084417,0.0004284570830247298,0.007369890036255616
0.0025207192054183714,0.001718050390981858,0.00036566007208646664,0.0071962482173308865
0.0012372460454830655,0.0009380788288575207,0.002287755694563778,0.007557352240664898
0.0011024487779256193,0.0009303885752117617,0.0022515879916503324,0.007345802276294227
0.0026691286846742654,0.0017699072020872378,0.0004277032162793272,0.007363624548979287
0.002520965114481357,0.0017197180283125564,0.0003650484788971334,0.007189993948089353
0.0012369983946881541,0.0009381286226948249,0.002286964416337026,0.007551721169300148
0.001102255526294639,0.0009305894962774273,0.002250815345706217,0.007341103356749562
0.0026689460839796008,0.0017718130963327002,0.0004269446710683413,0.007357361243268318
0.002521197525373357,0.0017213707460323668,0.0003644493951438809,0.007183764587400561
0.001236747219073445,0.0009381830922443661,0.002286186145280016,0.007546084942388326
0.0011020706533168899,0.0009307761745164226,0.0022500106126996542,0.007336438235465609
0.002668772198185553,0.0017737256141040817,0.00042618111922704363,0.00735110126206521
0.002521417752022396,0.0017230104880408047,0.000363861580097195,0.007177559320537844
0.0012364933889720262,0.0009382434071969014,0.002285422191480127,0.007540442641457032
0.0011018946862810183,0.0009309508586709934,0.0022491784617546698,0.007331804221309931
0.002668605824258678,0.0017756443229793686,0.0004254126938305812,0.007344842650758078
0.0025216259931225334,0.0017246376481880982,0.0003632844633755001,0.0071713755884370055
0.0012362381621559696,0.0009383097085588519,0.002284674416758105,0.007534792403003245
0.0011017282632748095,0.0009311139320107008,0.002248321230416085,0.007327199061051592
0.0026684465578752747,0.0017775701403966982,0.00042463905667065996,0.00733858619329032
0.00252182208199108,0.001726253874614528,0.00036271726855520426,0.007165214620809794
0.0012359817446086234,0.0009383817960474674,0.0022839428074635806,0.007529133458162421
0.0011015711134054766,0.0009312652919338567,0.002247440145591761,0.007322620294335373
0.002668295037459491,0.001779504082299526,0.0004238601692087641,0.0073323325780003945
0.0025220073389591127,0.0017278606760455614,0.00036215936061249757,0.0071590755713070555
0.0012357247365059765,0.0009384592559617834,0.0022832282401555946,0.007523465483803801
0.0011014232794982876,0.0009314056757412277,0.0022465384536308752,0.0073180663791961335
0.002668149417191877,0.0017814463094332736,0.00042307639298478337,0.007326081039645908
0.0025221810093252668,0.0017294588817806432,0.00036161047931852297,0.007152956833084835
0.0012354676760501183,0.0009385418056349607,0.002282531835024436,0.007517788249342956
0.0011012847931754896,0.0009315351476984911,0.0022456181830156127,0.0073135357897108535
0.002668009774052777,0.0017833973351655218,0.00042228790370652577,0.007319831167832395
0.002522343513343238,0.0017310497379774557,0.0003610701604077953,0.007146858124070158
0.0012352104534655826,0.0009386294367195701,0.0022818532791775213,0.007512102154317106
0.0011011549809027802,0.0009316544056628464,0.0022446806241644282,0.0073090270862673
0.0026678762475101626,0.0017853574508830353,0.00042149493867253126,0.0073135836167289355
0.002522496543082698,0.0017326343080943088,0.00036053780825530727,0.007140778514110298
0.0012349533113187607,0.0009387218368045896,0.0022811917703181635,0.007506407855735737
0.0011010335125045511,0.0009317643882540664,0.0022437275095504756,0.0073045390233647586
0.002667747977475737,0.0017873262033455879,0.00042069792580321625,0.007307338377969751
0.0025226401799499747,0.0017342130651791597,0.0003600130101567669,0.007134716963679223
0.0012346965113448286,0.0009388191343503024,0.002280546795821627,0.007500706297272859
0.0011009201185732604,0.000931865974134908,0.0022427602023883516,0.0073000705556173955
0.002667625111122131,0.001789303142371213,0.0004198972798672187,0.007301095363712745
0.0025227756062539994,0.0017357865790356426,0.00035949533811546817,0.007128672709842329
0.0012344400579590283,0.0009389213116666549,0.002279917031195994,0.007494998676242518
0.0011008141772940227,0.0009319601455392672,0.002241779486252927,0.007295620807203816
0.0026675073705191223,0.0017912878687259633,0.00041909347763988104,0.0072948554327655225
0.0025229040034360456,0.001737355455972815,0.0003589843924271941,0.007122645154096378
0.0012341840867181634,0.0009390280516700951,0.0022793008976713064,0.007489286481993528
0.0011007152787967955,0.0009320476320570074,0.0022407862032795475,0.007291189006217251
0.0026673942103731963,0.0017932796877764901,0.00041828715844665054,0.007288618873917102
0.002523025722742362,0.0017389199574382496,0.0003584799883023914,0.007116633512025438
0.0012339288167125412,0.0009391391894406344,0.0022786972602807736,0.007483571331409093
0.001100623147076738,0.0009321291039415153,0.002239781163933761,0.007286774742252625
0.0026672851280499766,0.001795277883199795,0.0004174789708098257,0.007282386009171302
0.002523141385411025,0.0017404802494952216,0.0003579820325590911,0.007110637252194273
0.0012336744651195895,0.0009392543019634984,0.0022781046651942504,0.007477854774054561
0.0011005375346972305,0.0009322049214081315,0.0022387645693933427,0.007282377770582343
0.0026671794690157394,0.0017972817996187629,0.00041666951783692784,0.007276157745597448
0.0025232512624636205,0.001742036388320752,0.00035749049964455795,0.00710465636109141
0.001233421344740781,0.0009393728923601527,0.0022775216695268092,0.007472138368293574
0.0011004584191213708,0.0009322752314411436,0.0022377364778062743,0.007277998052895874
0.0026670765292007956,0.00179929062049289,0.00041585941938641945,0.007269934711710063
0.0025233553072838335,0.0017435880854782804,0.0003570055253309,0.007098690757217534
0.001233169890995851,0.0009394945103746822,0.002276947202941676,0.007466423480776481
0.0011003859799236996,0.0009323400622560874,0.002236696801202122,0.007273635901519247
0.00266697546378611,0.0018013035414093921,0.0004150492359247121,0.007263717558888001
0.0025234532556443505,0.0017451348879859575,0.0003565273627578032,0.007092740688654583
0.0012329205173629146,0.0009396186516451185,0.0022763802178103086,0.007460711258231165
0.0011003204734793715,0.00093239913819917,0.0022356449339878456,0.007269291802051067
0.0026668756101837724,0.0018033198995754058,0.00041423944510939206,0.007257507072354621
0.002523544699948833,0.001746676259148048,0.00035605635423558487,0.007086806721176607
0.0012326736036046072,0.000939744869257517,0.0022758198205683963,0.007455002696747914
0.0011002622372718596,0.000932452092077496,0.0022345801039243825,0.007264966469624092
0.002666776288497333,0.0018053390567242095,0.00041343049081062457,0.007251303858156949
0.002523629080961378,0.0017482114754255767,0.0003555929655939935,0.0070808893784822385
0.0012324295480085974,0.0009398727651426693,0.0022752654115166184,0.007449298539792726
0.0011002117265593075,0.0009324984302889327,0.0022335013590267334,0.007260660852385223
0.002666676819543097,0.0018073604563437985,0.0004126227439311982,0.007245108408694667
0.002523705592356302,0.0017497396993046848,0.0003551377564019331,0.0070749894068303995
0.0012321886786155532,0.0009400020324428086,0.0022747165501627166,0.007443599301360163
0.0011001694334294646,0.0009325375110734778,0.002232407418635227,0.0072563760476508105
0.0026665767609888227,0.0018093836723909174,0.00041181648383333523,0.007238921188331392
0.002523773459217445,0.0017512600229135447,0.000354691340608447,0.007069107708031387
0.0012319512720384209,0.0009401324420801318,0.002274172937265716,0.007437905275879166
0.0011001358914115192,0.0009325686523445093,0.0022312968407859524,0.007252113317762383
0.002666475672813249,0.001811408336125881,0.0004110119206257878,0.007232742581672738
0.0025238317748070265,0.0017527714165082816,0.0003542543963318118,0.007063245232738569
0.0012317175917906109,0.0009402638409982896,0.002273634496145612,0.007432216518404202
0.001100111713775744,0.0009325910783808927,0.0022301680378980296,0.007247874064211105
0.0026663732129589383,0.0018134341536449792,0.0004102091857323631,0.007226572826877303
0.0025238794948833454,0.0017542727639239051,0.00035382765566770483,0.007057403052291999
0.0012314878381790623,0.0009403961832166908,0.00227310133799893,0.007426532869022395
0.0011000975302057547,0.0009326039484959975,0.0022290192502077365,0.007243659807083344
0.0026662691881601916,0.0018154609433000913,0.00040940832923213363,0.007220412106894253
0.0025239156077751118,0.0017557629115452467,0.0003534118816290072,0.007051582320141803
0.001231262158717357,0.0009405294722736688,0.0022725737092462376,0.007420853966818096
0.001100093985294724,0.0009326063674290172,0.0022278486070235865,0.0072394721642205975
0.002666163439196887,0.001817488608096867,0.00040860933669593116,0.0072142605311567255
0.0025239389931663117,0.001757240655422978,0.00035300787224886826,0.007045784240654057
0.001231040663801207,0.0009406637793664188,0.0022720520488208784,0.007415179272776967
0.0011001017545135636,0.0009325973793650353,0.002226654175459833,0.007235312837724868
0.002666055900057342,0.0018195171294444006,0.00040781213333716674,0.007208118071114269
0.0025239484787714984,0.001758704752503784,0.00035261645426192076,0.007040010052697827
0.0012308234137824643,0.00094079924307666,0.002271536961155148,0.007409508079401517
0.0011001215149679736,0.0009325759911335351,0.002225433952456658,0.0072311836048908635
0.002665946580005084,0.0018215465789765974,0.00040701658222625663,0.007201984648862783
0.002523942891815936,0.0017601539474995842,0.00035223846609058073,0.007034261048754796
0.0012306104262607203,0.000940936037331726,0.002271029162683676,0.007403839530641568
0.0011001539472752812,0.0009325411654707244,0.002224185877146205,0.0072270862905757
0.002665835544295858,0.0018235770972630074,0.00040622249434392195,0.0071958601237675345
0.0025239210112045483,0.0017615869642804186,0.000351874756577169,0.007028538552751462
0.0012304016867751176,0.0009410743886791592,0.0022705295067737977,0.007398172646164431
0.00110019974083714,0.0009324918435180377,0.002222907876820879,0.007223022767300013
0.0026657229157191517,0.0018256088785270337,0.00040542963642689465,0.007189744267135834
0.0025238816051938277,0.0017630025081495082,0.00035152618230465164,0.007022843895203845
0.0012301971485253582,0.0009412145638179766,0.002270038956795873,0.007392506331305259
0.0011002595815816632,0.0009324269476287598,0.0022215978552624525,0.0072189949453244345
0.0026656088638083737,0.0018276421757220792,0.00040463773358668544,0.007183636811493711
0.002523823436944644,0.0017643992840525088,0.00035119360006199046,0.007017178438727701
0.0012299967310825672,0.0009413568592903955,0.0022695585508089693,0.007386839404580797
0.0011003341467773773,0.0009323453820742823,0.0022202536981638823,0.007215004757000989
0.002665493607682995,0.0018296772879112084,0.00040384647979699496,0.007177537442244118
0.0025237452691873577,0.0017657759944017853,0.0003508778670227974,0.00701154355107646
0.0012298003287571737,0.0009415016025168025,0.0022690894034912076,0.007381170618906986
0.0011004241070570384,0.0009322460502001228,0.0022188733011712057,0.007211054160778632
0.002665377391052774,0.0018317145459125508,0.00040305554676648667,0.007171445796217067
0.002523645864821462,0.0017671313371613513,0.00035057984168145175,0.007005940597607693
0.001229607814699412,0.0009416491415143039,0.002268632685283445,0.0073754986757967435
0.0011005301251083308,0.0009321278481171335,0.0022174545566829504,0.007207145135231836
0.0026652604853911826,0.001833754309485242,0.00040226458806711513,0.007165361484534264
0.0025235239894857452,0.0017684640108735108,0.0003503003819934407,0.0070003709596476475
0.001229419042064501,0.0009417998410281924,0.00226818959887592,0.007369822246784346
0.0011006528540288144,0.0009319896691413155,0.0022159953534137914,0.007203279677638061
0.0026651431838450135,0.0018357969552631251,0.00040147324680338227,0.007159284099594933
0.00252337841997861,0.001769772708528398,0.0003500403474083731,0.006994836022858183
0.0012292338536164015,0.0009419540751770796,0.0022677613708638514,0.007364139987176339
0.0011007929438096378,0.0009318304064438638,0.00221449358214843,0.007199459810603974
0.002665025779396381,0.0018378428642036302,0.00040068116223617226,0.007153213220184707
0.002523207926913587,0.001771056110078695,0.0003498006032369705,0.006989337183743449
0.0012290520864060171,0.0009421122227507327,0.002267349241061671,0.007358450548399788
0.001100951045031518,0.0009316489453779502,0.002212947122516889,0.007195687585993713
0.0026649085692848303,0.001839892416938655,0.0003998879739725344,0.007147148420980956
0.002523011278165129,0.0017723128793817285,0.000349582024081424,0.006983875860628775
0.0012288735741416918,0.000942274662428961,0.0022669544486662203,0.007352752590404524
0.0011011278105620686,0.0009314441626763225,0.002211353834626934,0.00719196509361846
0.002664791843131011,0.0018419459862247885,0.00039909332738159774,0.0071410892834957215
0.0025227872349085022,0.0017735416562478933,0.00034938549935847554,0.006978453496197692
0.0012286981538484475,0.0009424417655274424,0.0022665782256134233,0.007347044790169434
0.001101323903223049,0.0009312149197532101,0.0022097115509041817,0.007188294472039519
0.002664675871883824,0.001844003928866935,0.0003982968782431989,0.007135035397968945
0.0025225345340620345,0.0017747410459617353,0.00034921194062649503,0.006973071567552164
0.0012285256694833625,0.0009426138944781412,0.0022662217936203948,0.00734132584866439
0.0011015400016740303,0.0009309600554907652,0.0022080180612887956,0.007184677921360366
0.0026645609075812604,0.0018460665812990579,0.00039749829565562637,0.007128986368950943
0.0025222518868680166,0.0017759096103677045,0.000349062288337762,0.0069677315972870146
0.0012283559749380506,0.0009427913983840856,0.002265886356972651,0.007335594494910512
0.0011017768059426206,0.0009306783795127074,0.0022062710964722418,0.007181117717895409
0.0026644471743713922,0.001848134254612218,0.0003966972646980007,0.007122941824357328
0.0025219379669172955,0.0017770458564541282,0.0003489375196454152,0.006962435165920386
0.0012281889383816693,0.0009429746097737703,0.002265573100423877,0.007329849488529737
0.001102035046111462,0.0009303686626619529,0.0022044683115107354,0.0071776162302653514
0.0026643348642144352,0.001850207229165708,0.00039589348870088686,0.007116901415649272
0.0025215913961005644,0.0017781482227970085,0.0003488386575739885,0.00695718392400996
0.0012280244451993057,0.0009431638443252377,0.002265283190744628,0.007324089620067513
0.0011023154900150678,0.0009300296284787528,0.0022026072671882248,0.0071741759383738375
0.0026642241338287547,0.0018522857515293107,0.0003950866904478264,0.0071108648215812715
0.002521210735875454,0.0017792150669749935,0.00034876678017832144,0.006951979606733108
0.0012278624002223014,0.0009433593984252352,0.0022650177757565894,0.00731831370916385
0.0011026189509062293,0.0009296599424250596,0.002200685407878004,0.007170799452766728
0.0026641151006941803,0.0018543700321667466,0.00039427661296157336,0.007104831752538812
0.0025207944729292338,0.0017802446519233892,0.0003487230304505651,0.006946824050282488
0.0012276077312362702,0.0009431901269267704,0.0022643821965590647,0.007312300564938486
0.0011027815460561456,0.0009285889425971203,0.0021978555939739276,0.007167168158305348
0.002664633480572311,0.001856927101078608,0.00039335801074504343,0.007099384630232537
0.002520219460175602,0.0017816868386059496,0.0003486078708581776,0.006942476664064977
0.001226959779759779,0.0009425926924354991,0.002263151052552481,0.007306388300855372
0.0011025042415475507,0.0009267488969128192,0.0021942946374328568,0.0071631864115236435
0.0026659065749415466,0.0018600173171244656,0.000392431921979983,0.0070942544082484935
0.002519888382068089,0.0017836189959666022,0.00034843148853255524,0.006938131829604758
0.0012260828667108221,0.0009416760359540215,0.002262104602295309,0.007300989612163809
0.0011019598159079682,0.0009248630897995333,0.002191568013944263,0.007159412336666072
0.002666486641250135,0.001863034545899499,0.0003916667203019115,0.007088671191573516
0.002519252070532724,0.001785540011647983,0.00034830647910430955,0.006932983582472378
0.0012252698477837392,0.0009404357272613256,0.0022616761554799295,0.00729600269564116
0.0011014544975716809,0.0009228535709860142,0.002189645077931329,0.007156002807351139
0.0026664717700696666,0.0018658108639976589,0.00039092483692567504,0.007082849856986112
0.002518221467779488,0.0017873256958655078,0.00034812370024294147,0.006927878704786845
0.0012244204041921799,0.0009389838175156738,0.0022612289958393295,0.007291320165436066
0.00110088602754016,0.0009206527352122275,0.002187692201730566,0.007152723792458282
0.002666606012026559,0.0018683875798115,0.00039007416229165843,0.007077478610995896
0.002517574277729381,0.0017890229290438695,0.0003477313718828399,0.006923067851183076
0.001223547748645099,0.000937230432974289,0.002260283219254381,0.007286863988583414
0.0011002181002376652,0.0009183328948189529,0.0021855865944703638,0.007149433449702328
0.0026667056754353193,0.001870724042616611,0.00038914884004812977,0.007072582600483912
0.0025169167063803584,0.0017906437064714902,0.00034716187683256404,0.006918403389875245
0.0012226654743907178,0.0009354579914960019,0.0022592404878191137,0.007282834880570056
0.0010994838853276882,0.0009162063442190747,0.0021839358972068016,0.007146236866933162
0.0026666740338775596,0.001872723382470503,0.00038827484358377497,0.0070674052170648875
0.002516404246111077,0.001792157304407209,0.00034652332009517904,0.0069132529542364
0.0012217410284631116,0.0009336864612528493,0.0022582430433504036,0.007279164476897662
0.0010985933768294437,0.0009143113722774137,0.002182654784800605,0.007143136066805156
0.002666466883848974,0.001874586487279621,0.0003874454497017884,0.007062261299156559
0.0025160614327597993,0.0017937902915537136,0.00034579090039728864,0.00690801268237889
0.0012206596567127012,0.0009318282370026746,0.002256881812438312,0.00727587202031386
0.0010974481650619643,0.0009124724495097427,0.002181351940793545,0.007139872921363704
0.0026664542347623003,0.0018764128581101058,0.00038666213140719444,0.007057303439605341
0.0025160211495041025,0.0017956048198540498,0.0003449369705562192,0.006902708318231793
0.0012194812728653396,0.0009299659989839403,0.0022551959304656336,0.007273001971324716
0.001096117882584209,0.0009108867909527685,0.0021802991658671114,0.007136470166926806
0.002666378070461071,0.0018780502374484305,0.00038596537713130074,0.007052386381998774
0.002516208655513124,0.0017974608877425705,0.0003439941952801936,0.006897111905548532
0.001218347421968118,0.0009281112378862498,0.0022533440799482832,0.007270467865796397
0.0010947464967807912,0.0009095599001390285,0.002179559841024798,0.007132974169077324
0.002666118716020698,0.0018794503460167697,0.0003853367381259174,0.007047530505287299
0.0025164526345999483,0.0017993054255099302,0.0003429757469016181,0.006891434312026805
0.0012172755385626774,0.0009262827310675347,0.002251277161299786,0.0072681976279749105
0.001093363903539547,0.000908407616998731,0.0021789359518587545,0.0071293482498008265
0.0026658450727036977,0.001880667143036458,0.0003847499278597563,0.007042862243713155
0.002516885596103208,0.0018011556080954473,0.0003418806430904326,0.006885775632935948
0.0012162766259466882,0.0009244138335970468,0.002248919552820063,0.007266116645419303
0.001091977567904626,0.0009073553415458824,0.002178326665675287,0.007125574737020491
0.0026655016338942993,0.0018817565264973714,0.00038420743888010626,0.007038448017998186
0.0025173609221794944,0.001803030780941441,0.00034073893404967174,0.006880178522823702
0.0012153617723905303,0.0009225204455462048,0.0022463937740755577,0.007264234680952504
0.0010906207298695093,0.0009063893850041403,0.0021778362277930148,0.007121698589350953
0.0026650498846780245,0.0018827239155483064,0.00038373668636018795,0.007034091158637032
0.0025178301154743653,0.001804902779662233,0.0003396010965437353,0.006874511390526354
0.0012145382381773039,0.0009206044998837163,0.002243825259855889,0.007262507911253757
0.0010893057040447264,0.0009054898749804145,0.0021774671880853648,0.007117780186558382
0.002664443875538082,0.0018836157454130678,0.000383331598808859,0.007029819471227361
0.0025182626189371635,0.0018067863042132608,0.00033848245598545206,0.00686886559511288
0.0012137850419527447,0.0009186281276032349,0.0022411599892567,0.007260892556841351
0.001088026901143959,0.0009045648723949922,0.002177071079505136,0.007113800704343927
0.0026637788494921454,0.0018844764816248005,0.0003829742591635697,0.007025694499827835
0.0025186531339780236,0.0018086831365605428,0.00033738275006785055,0.006863320754358212
0.001213097879927069,0.0009166101793126385,0.0022384066348727465,0.007259375865764946
0.001086796309361744,0.000903625838394939,0.002176654229714629,0.007109788832970332
0.002663042428748963,0.001885283871198891,0.0003826629637713248,0.007021670573600628
0.0025189988796552095,0.0018105470331707494,0.0003363144867078722,0.0068578202110178375
0.001212494072726037,0.0009145591081515238,0.002235624167665276,0.0072579239255831955
0.0010856389584371505,0.0009026725346425698,0.0021762257778440383,0.007105791658216061
0.002662199736730347,0.0018860316428336273,0.00038238903865181223,0.0070177268539256335
0.002519244365777218,0.00181235617211834,0.00033528749411761356,0.006852401751420424
0.0012119571649777062,0.0009124883657983467,0.002232822530946633,0.007256518907933204
0.001084548626505911,0.0009016802752369502,0.002175731791936265,0.007101826181401849
0.0026613123382070113,0.0018867403453590214,0.00038214246843956256,0.007013861386997023
0.0025194289489032717,0.001814112941433839,0.00033430376676523045,0.006847079205083845
0.0012114657194041043,0.0009103906003821794,0.0022299862715311767,0.007255145761529423
0.0010835068655628017,0.0009006333945607629,0.0021751342570261313,0.007097904148814736
0.0026603878945077445,0.0018874301902927718,0.0003819189171445529,0.007010086837339356
0.0025195392980723644,0.001815824241891172,0.0003333665710277095,0.00684185980257695
0.0012110048445860826,0.0009082698810864324,0.002227132770466815,0.007253811066942525
0.0010825068860234408,0.0008995283803232434,0.0021744469933972113,0.007094042576361352
0.0026594303208271274,0.0018881017693750802,0.0003817206957147921,0.007006353523145164
0.002519567238531709,0.0018174813286447784,0.0003324829935579575,0.006836709405610529
0.0012105661411407553,0.0009061356726609235,0.002224295097966133,0.007252513622349759
0.001081544387736277,0.0008983714504724023,0.002173682816458216,0.007090265209753669
0.0026584330776320136,0.0018887567055652353,0.0003815441938156383,0.007002652230722617
0.002519517852830728,0.001819080489233564,0.00033165300264730496,0.006831632963638287
0.0012101401623158042,0.0009039804886476898,0.0022214628295980157,0.007251244109877396
0.0010806132099979748,0.0008971449315319514,0.0021728097997254087,0.007086573434940013
0.002657418030706862,0.0018894030256191893,0.0003813808359038259,0.006999002635491551
0.0025193907219093568,0.0018206224621011241,0.0003308715462467898,0.006826657059012203
0.0012097195791076888,0.0009018086609083059,0.002218632789871015,0.007250002614800044
0.0010797104473946387,0.0008958498829540462,0.0021718279122546614,0.0070829718354778175
0.0026563933209722626,0.001890035617661441,0.00038122720816769184,0.006995393358095357
0.0025191940822053534,0.0018220982339782418,0.0003301372777612035,0.006821764344272596
0.001209305213185234,0.0008996222651586619,0.0022158218113385014,0.0072487830277291245
0.0010788380608359243,0.0008944903200347033,0.0021707500673332483,0.0070794718181982075
0.0026553461254851733,0.001890652418480109,0.0003810798911310788,0.006991816996119402
0.002518915565827069,0.0018235045983348189,0.00032944982795188066,0.006816957630762252
0.0012088918850789528,0.0008974235981841926,0.0022130381350487236,0.007247581419923342
0.0010779929213225346,0.0008930612209402278,0.0021695729210155536,0.007076075340449066
0.0026542904038393505,0.001891259347652835,0.00038093481999523635,0.006988269316738631
0.002518564261365649,0.0018248449262014954,0.00032880702126741895,0.006812238445951859
0.00120847309006529,0.0008952122921567007,0.002210282735303708,0.007246393056765758
0.001077168850654866,0.0008915614856753634,0.0021682945268382933,0.007072781458749039
0.0026532301062224734,0.0018918625787873284,0.00038078880477601646,0.006984753328031956
0.002518143260894188,0.0018261237037641976,0.0003282062926173361,0.006807606520210394
0.0012080453302056216,0.0008929891308207779,0.002207560877409663,0.0072452155696244675
0.0010763634817377821,0.000889992288810674,0.002166922462674749,0.00706958863856459
0.0026521666437618104,0.001892463594082226,0.00038063993932966516,0.006981259785256067
0.0025176513940113956,0.0018273415922084773,0.000327645947060486,0.006803054960983974
0.0012076070211665124,0.00089075945972637,0.0022048837015977603,0.00724404586241061
0.001075575930924946,0.0008883597567942907,0.0021654675538464166,0.007066497216229312
0.002651100471451569,0.0018930625576821687,0.0003804856949511145,0.0069777829115122815
0.0025170947593129637,0.001828499210770252,0.00032712326713603835,0.006798579875867699
0.0012071568682148765,0.000888524484245255,0.0022022527056368407,0.007242877328430311
0.0010748045816817743,0.000886665097562163,0.002163929177605595,0.007063502684968493
0.002650036431000471,0.0018936625099632317,0.00038032230410551637,0.0069743275407468915
0.002516476227218178,0.001829599977889522,0.00032663432208319547,0.006794186834239055
0.0012066929500401783,0.0008862877780630756,0.0021996679971580924,0.007241706525493423
0.001074047664775258,0.0008849122957845592,0.0021623114932144962,0.007060599360630526
0.0026489802465206537,0.001894264218364445,0.0003801476164482612,0.0069708900159763595
0.0025158025584928836,0.0018306457038721844,0.0003261761196807623,0.006789869146093695
0.001206215205309432,0.0008840531067246637,0.0021971351035007156,0.007240529646100499
0.0010733042843721003,0.0008831081575578198,0.00216062450165406,0.007057784063338115
0.0026479297862253164,0.001894868270017689,0.00037996019803933725,0.006967466681887231
0.0025150756638185837,0.0018316391908317867,0.00032574621717630897,0.0067856226588586446
0.0012057227256176328,0.0008818234491219343,0.0021946572976230213,0.007239343644659009
0.0010725727729796728,0.000881256646865803,0.0021588739879118985,0.0070550513589926565
0.0026468888291806187,0.0018954769762851921,0.00037975858734852583,0.006964055158221844
0.002514300805912422,0.001832584821810374,0.00032534178059901136,0.006781444797519976
0.0012052141542507467,0.0008796015758166288,0.0021922353921346523,0.007238146195916546
0.0010718506857161027,0.0008793628000871369,0.0021570656931506524,0.007052395065736435
0.002645859908015502,0.0018960922167104858,0.00037954171792156595,0.006960654831644658
0.0025134839868750387,0.0018334869137634359,0.00032495983874924084,0.006777331503569847
0.0012046892772554268,0.0008773896244802154,0.002189870183174079,0.007236935468140307
0.001071136620033474,0.0008774318992784517,0.0021552070470053776,0.00704980903828632
0.0026448434692685034,0.0018967145961082264,0.000379308938125572,0.006957263664425804
0.002512628326450783,0.0018343489107897023,0.00032459770138201717,0.006773278462816712
0.0012041483894895814,0.0008751908292468603,0.002187563701153302,0.007235710382069158
0.0010704297098622717,0.0008754701376662913,0.002153306575668431,0.00704728769859952
0.0026438402700252727,0.0018973439949969795,0.00037905979982902626,0.006953878967254824
0.002511739162689327,0.0018351739131186853,0.0003242527080730745,0.006769280635920076
0.0012035920035265398,0.0008730072940973538,0.002185316042926291,0.0072344692557440955
0.001069728881878157,0.0008734827479077921,0.0021513703709266246,0.007044824910156525
0.0026428510103201765,0.0018979809999012632,0.0003787937448629172,0.006950501235094847
0.002510820712466472,0.0018359658416273734,0.0003239220574545456,0.0067653357627538175
0.0012030203925537046,0.0008708410776235633,0.0021831261097521276,0.007233211433322367
0.001069032946180844,0.0008714747505822583,0.002149404596709605,0.007042414018630508
0.002641877235919323,0.0018986258677124264,0.00037851069058421203,0.00694712920881548
0.0025098777751792764,0.0018367283406220728,0.0003236032545214458,0.006761439082408902
0.0012024342159611939,0.0008686944471818393,0.002180994061034667,0.0072319366742136975
0.0010683409185861794,0.0008694521006996073,0.0021474171339636006,0.007040049277392576
0.0026409183643803015,0.0018992784747710696,0.00037821092564144763,0.006943761224957147
0.0025089143838821167,0.0018374649592456588,0.0003232940850705586,0.00675758562617512
0.0012018341768938925,0.000866569169662911,0.0021789194447854087,0.007230644853936411
0.0010676518325515268,0.0008674198607600579,0.0021454145525584855,0.007037724663712582
0.0026399747033416083,0.0018999390303767864,0.000377894749934324,0.006940396399871145
0.002507934506846042,0.0018381795011397333,0.00032299233788029235,0.006753771670815867
0.0012012208380442523,0.0008644670333973267,0.002176900961713738,0.007229336218444869
0.0010669646135835675,0.0008653831040263081,0.0021434029224822394,0.007035434033151685
0.0026390468579982253,0.0019006075460153522,0.00037756259334483243,0.006937034104911008
0.0025069427419696466,0.0018388755366448692,0.0003226958586865447,0.006749992931213977
0.0012005951103616463,0.0008623895535185743,0.0021749371751113417,0.007228011035284472
0.001066278491154146,0.0008633468866903689,0.0021413884032713605,0.007033171520956262
0.0026381345230503624,0.0019012837198637618,0.0003772150046837129,0.0069336737767323395
0.002505942565567729,0.001839556330149752,0.00032240267251984944,0.006746245446315953
0.0011999580306495583,0.000860338386618312,0.0021730268209738386,0.007226669805772494
0.0010655929151886243,0.0008613161253611132,0.0021393770308440136,0.007030931523838331
0.0026372376715055805,0.0019019670917544563,0.0003768526207486347,0.006930314479923827
0.0025049377607492935,0.001840224914396587,0.0003221109583218658,0.006742525106834161
0.0011993106724836223,0.0008583149596295628,0.0021711683468320854,0.007225312904242722
0.0010649073308787282,0.0008592954371727652,0.0021373741392111366,0.007028708623555982
0.0026363561312421173,0.001902657368604086,0.00037647608405343684,0.006926956031190899
0.002503931819437239,0.0018408843742578726,0.00032181899163378575,0.006738828504588958
0.001198654062654809,0.0008563204675446532,0.002169359813337565,0.007223940819558064
0.0010642212204657402,0.0008572889933056404,0.0021353845500301123,0.007026497447089638
0.0026354899407271142,0.001903354283879261,0.00037608611780793775,0.006923598071135931
0.002502927950322379,0.0018415376374575697,0.00032152522093771704,0.006735152117087019
0.001197989275311294,0.00085435614954537,0.0021675996062162396,0.007222554158438253
0.0010635341833513754,0.0008553009666715296,0.0021334132325213713,0.0070242930663526925
0.0026346387603321604,0.0019040574451549166,0.00037568353422746503,0.006920239987158576
0.0025019291909010905,0.001842187382372374,0.0003212282764885222,0.00673149228889223
0.0011973174385111528,0.0008524230153618612,0.0021658860849862027,0.007221153411776274
0.0010628459234666367,0.0008533351024863255,0.002131464579550459,0.007022090804249465
0.0026338022535225716,0.0019047665534450405,0.0003752691129238144,0.00691688151046371
0.002500938188484045,0.001842836187645299,0.00032092689387928084,0.0067278460283070095
0.001196639614406721,0.0008505219917925129,0.0021642174233250243,0.00721973908679271
0.0010621561883080936,0.0008513948102601438,0.0021295424657958536,0.007019886164624322
0.0026329803400094356,0.0019054813061991434,0.0003748436258750908,0.006913522397034308
0.0024999576211758735,0.0018434864177235344,0.0003206199187632383,0.006724210370799691
0.0011959569072846916,0.000848653886270954,0.0021625918612165006,0.007218311613651937
0.0010614648308891253,0.0008494832974361814,0.002127650542126207,0.007017675009527708
0.0026321726695496457,0.0019062013544517318,0.0003744078452504844,0.006910162452257823
0.002498989751223816,0.0018441402194104876,0.00032030633460108395,0.006720582566454909
0.001195270413024838,0.0008468194188763487,0.0021610077355789614,0.007216871392776563
0.001060771795429049,0.0008476034486630039,0.0021257921225761728,0.007015453504726228
0.0026313789793803066,0.0019069263642057916,0.0003739625282593481,0.006906801399919296
0.0024980366642024386,0.0018447995600012112,0.0003199852502368362,0.006716960045767573
0.0011945811668034089,0.0008450192214230658,0.0021594634232527735,0.007215418765660693
0.0010600770418101963,0.0008457578791693574,0.002123970146268256,0.007013218116530534
0.0026305990325070326,0.0019076560575588264,0.00037350840612475366,0.006903439074693827
0.0024971003266760624,0.0018454662758410603,0.00031965587559809177,0.006713340460588632
0.0011938239807889359,0.0008432070426012424,0.002157837679203001,0.007213554223005949
0.0010593835151142211,0.0008439437396257117,0.0021221838533388637,0.007010977809722282
0.0026298212658388415,0.0019083858632463612,0.00037304897807515983,0.006900069529709131
0.0024961668715907915,0.0018461328351379615,0.00031932383240506306,0.006709718849533311
0.0011930212120409628,0.0008413872022167144,0.0021561745153457434,0.007211401506717017
0.0010586944672110038,0.000842149352505516,0.002120437246036596,0.007008745329363323
0.00262903388250503,0.0019091133278768165,0.00037258679798736336,0.00689669511976884
0.00249522600169157,0.0018467965193020711,0.00031899213481882617,0.006706103701440667
0.0011922191288937598,0.0008395774611183709,0.0021545526864113,0.007209250532684998
0.0010580073486729654,0.0008403609118737648,0.0021187235468757017,0.007006519673926908
0.0026282417735158992,0.0019098404150286966,0.00037212116883055413,0.00689333385620546
0.002494283260816174,0.0018474617438330556,0.00031865730320005374,0.0067025077900650975
0.0011914165383719356,0.000837770702407769,0.0021529583032472194,0.007207105659861329
0.0010573200007717328,0.0008385772028742264,0.002117041549572966,0.007004296782968315
0.0026274460507003275,0.001910562365402397,0.0003716525837995303,0.006889989751684691
0.0024933410203497115,0.0018481264458179187,0.0003183171706703635,0.006698924687689803
0.0011906164038275986,0.0008359711990872533,0.002151394216663602,0.007204975331990976
0.001056633851032045,0.0008368085705297989,0.0021154036038235464,0.007002078524851581
0.0026266413796315617,0.0019112711018713215,0.0003711823404526681,0.006886653645345799
0.002492401685901103,0.0018487869054712672,0.00031797107553051897,0.006695344722266916
0.0011898189589226494,0.0008341846644232143,0.002149858866009572,0.007202861729235043
0.0010559473295638658,0.000835062404099807,0.0021138082113441887,0.006999862723430362
0.002625833770844535,0.0019119659148903467,0.00037071002682286463,0.006883328302495909
0.0024914745782842196,0.0018494458404020963,0.0003176170759658678,0.006691770905877049
0.0011890203646922975,0.000832414548049244,0.0021483391307526942,0.0072007620892408685
0.0010552558269962319,0.0008333433079957811,0.0021122470535420994,0.00699764151345913
0.002625033632758462,0.001912648811055519,0.00037023570665060273,0.006880018047385646
0.0024905684529803775,0.0018501073012599206,0.00031725354011553295,0.006688201781380384
0.0011882188953238506,0.0008306656600877388,0.002146829657276638,0.007198676927759941
0.001054557196814988,0.0008316592075447276,0.002110723643244482,0.0069954105603027335
0.002624241330324966,0.0019133184586072895,0.0003697610691325556,0.0068767176017353205
0.0024896859827848506,0.001850772085042722,0.0003168806075023027,0.006684628631266701
0.0011874155752451862,0.0008289421352570007,0.00214533193517068,0.0071966070839610844
0.001053851876128918,0.0008300157152707188,0.0021092420672962106,0.006993168065888418
0.002623455160069994,0.00191397417497784,0.000369287073199223,0.006873424759982295
0.002488827982637305,0.0018514409553673362,0.00031649845641725774,0.006681050724861628
0.0011866111171091754,0.0008272449954995438,0.0021438427649818547,0.007194549798960115
0.0010531404930645071,0.0008284130578053448,0.0021077985088536547,0.0069909102391262235
0.002622677876590545,0.0019146173594298433,0.00036881353417067325,0.006870143895072717
0.0024879959435156955,0.0018521151645504378,0.0003161067898163543,0.006677472181186717
0.0011858069456677682,0.0008255739338884022,0.002142359070252394,0.007192501934615121
0.001052424722139661,0.0008268504936896392,0.002106390882029893,0.006988634317423458
0.0026219091269117927,0.0019152484194608094,0.00036834056393510194,0.006866876776306835
0.002487187950468349,0.0018527942513805464,0.0003157061436291244,0.0066738936377408785
0.0011850058393715471,0.00082392887999977,0.0021408835833625203,0.0071904617994794015
0.001051707545806437,0.0008253272472321735,0.002105020848739163,0.006986340595349923
0.002621145470022285,0.0019158673771802962,0.00036786849884625297,0.006863621778626007
0.0024864001159695666,0.0018534771188900606,0.0003152978091018354,0.006670315334172686
0.0011842098202922478,0.0008223090458487063,0.0021394194518199795,0.007188426830132938
0.0010509912403167249,0.0008238406233046578,0.0021036871687147704,0.006984029721685739
0.0026203858872518404,0.001916476062068085,0.0003673972073810142,0.006860379496724628
0.0024856300443678353,0.0018541638902055358,0.00031488287134278845,0.00666674036807198
0.001183419506060661,0.0008207128485045101,0.002137967304904214,0.0071863936730476915
0.0010502769331720777,0.0008223870831948728,0.002102386587002137,0.0069817016999000475
0.0026196309691224567,0.00191707685205274,0.0003669264736188123,0.006857150944493233
0.0024848758378227436,0.0018548548520185052,0.00031446228048294134,0.006663170871263198
0.001182635343516628,0.0008191394285698184,0.002136528947105761,0.007184360286814998
0.001049565664010654,0.0008209644817071743,0.002101118244621652,0.006979357591090236
0.002618880037312045,0.0019176709485932764,0.000366456336225126,0.006853934512766978
0.002484135402651835,0.0018555493743495205,0.00031403709415402114,0.0066596065855706365
0.0011818578035021016,0.0008175885513225406,0.0021351071282316295,0.007182325440780323
0.0010488583529553496,0.0008195713551747872,0.002099881531489783,0.006976999144236171
0.0026181326648102607,0.0019182592062892473,0.00036598664564252,0.0068507289092753065
0.0024834074907623244,0.0018562468190693629,0.0003136080680383577,0.006656048289663391
0.0011810867045024657,0.0008160599157037905,0.002133702603065872,0.007180287717614338
0.001048155247232717,0.0008182060582280577,0.0020986740182187486,0.006974627388087812
0.00261739022337896,0.0019188426361684751,0.0003655170124355822,0.0068475342488801706
0.002482692102091383,0.0018569468885783432,0.0003131755386476786,0.006652497322397903
0.001180321542837505,0.0008145534177863034,0.002132315240517878,0.007178246232096208
0.0010474562266190042,0.0008168676455988993,0.0020974939057212456,0.006972243197533402
0.0026166538573225363,0.0019194217098520002,0.0003650472077344417,0.006844349951492948
0.002481989364325601,0.0018576491146980385,0.00031273977649419986,0.006648953528437344
0.0011795619310331718,0.0008130692493559673,0.0021309456137349955,0.007176200972531585
0.001046761138140865,0.0008155558390964893,0.002096340688499786,0.0069698478012114335
0.002615923967018968,0.0019199965069148224,0.00036457715874902433,0.006841174733987129
0.002481299305125771,0.0018583530449180663,0.00031230103803362087,0.0066454163100178095
0.001178807330276931,0.0008116075040856201,0.002129593980485977,0.00717415210753464
0.0010460695902365456,0.0008142702693292187,0.0020952135737781685,0.006967442149762205
0.002615201411260586,0.0019205672753570152,0.00036410675649449124,0.006838007988415412
0.0024806224570788136,0.00185905859310748,0.00031185939803625223,0.006641885597371613
0.001178057055850567,0.0008101680248307898,0.002128259794287958,0.007172099787456833
0.0010453810167268516,0.0008130105034427494,0.002094111601642341,0.006965026747677017
0.002614487159190566,0.001921134229327653,0.0003636359084777537,0.006834849505616546
0.0024799594058926085,0.0018597657600022326,0.0003114148199461195,0.006638361166178029
0.0011773106289653835,0.0008087506637936248,0.002126942705541883,0.007170044470629804
0.0010446950161579782,0.0008117763652933101,0.0020930345677033484,0.006962602106698664
0.0026137816094291243,0.0019216972497734862,0.00036316459970646783,0.006831698699310329
0.002479310459348742,0.0018604743675608025,0.0003109672726312894,0.006634842371340469
0.0011765678079458958,0.0008073552901043876,0.0021256426922370434,0.0071679867184884045
0.0010440113574694465,0.0008105677316577025,0.0020919825141332378,0.00696016874670882
0.0026130849679638604,0.001922256155006604,0.000362692787100304,0.006828555161412174
0.0024786759167909353,0.0018611842681980544,0.00031051667872903613,0.006631328890020359
0.0011758283849487871,0.0008059816384813234,0.002124359426617192,0.007165926869202516
0.0010433298182952239,0.0008093843021855101,0.002090955140311867,0.006957726903722707
0.002612397668709194,0.001922810897783426,0.0003622203717368688,0.00682541891431402
0.0024780561506954524,0.0018618954501971917,0.00031006290027366253,0.006627820676310378
0.0011750921886298912,0.0008046294278728868,0.0021230925091273523,0.007163865184993323
0.001042650207958633,0.0008082258270036077,0.002089952301965361,0.006955276678023406
0.0026117200306316085,0.001923361411423931,0.0003617472854372094,0.00682228983511725
0.002477451447727062,0.001862607899184256,0.00030960581863290437,0.006624317402440408
0.0011743591499458503,0.0008032984439545372,0.0021218418334853963,0.007161801951126441
0.0010419724109472037,0.0008070921742855581,0.0020889741569758064,0.006952818197642989
0.0026110521488526095,0.0019239076154030559,0.0003612734860233022,0.006819167636080294
0.002476862000421039,0.0018633216189698047,0.0003091453384597504,0.006620818686510599
0.001173629209572335,0.0008019884802762915,0.002120607295519006,0.007159737340695485
0.0010412963119912414,0.0008059831819752993,0.002088020750404453,0.006950351475497786
0.002610394244009377,0.0019244495253744292,0.0003607989077447882,0.00681605217663772
0.0024762880919941698,0.0018640367044960421,0.00030868133760356305,0.006617324314301391
0.0011729022882875798,0.0008006993335200574,0.0021193886399790574,0.007157671411440905
0.001040621779067458,0.0008048987039845999,0.0020870920445753586,0.006947876384026127
0.0026097466078189315,0.0019249871821822528,0.00036032347907623643,0.006812943382197673
0.0024757300476644516,0.0018647532733755857,0.00030821367633182724,0.006613834028986949
0.0011721783537483282,0.0007994308548775141,0.0021181856630574035,0.007155604222221261
0.0010399487196033654,0.0008038386927278226,0.00208618814096177,0.006945392774059761
0.0026091094278003625,0.0019255205719954534,0.000359847145087582,0.0068098410699372865
0.002475188143476388,0.0018654714131952851,0.0003077422223469578,0.006610347466937912
0.0011714574127394235,0.0007981829435260831,0.002116998225836135,0.007153535828835425
0.0010392770670357777,0.000802803149131629,0.0020853091806553,0.0069429004794128515
0.0026084828812042173,0.001926049678618865,0.0003593698522566058,0.006806745059612158
0.002474662684882348,0.0018661912324286554,0.0003072668379563489,0.006606864299519739
0.0011707394635254607,0.0007969554945566737,0.0021158261037080954,0.0071514662355190994
0.0010386067381027864,0.0008017920670646267,0.0020844552276676,0.006940399258193254
0.002607867203534274,0.0019265745204848693,0.0003588915468599503,0.006803655249916755
0.002474154013568232,0.0018669128859953468,0.000306787374962951,0.006603384228644263
0.001170024501055813,0.0007957484060540207,0.00211466903030676,0.007149395446267634
0.0010379376423021447,0.0008008054682005147,0.0020836263867633747,0.0069378888274925984
0.002607262602695431,0.0019270951069156358,0.00035841219586468266,0.0068005714938462105
0.0024736624570196133,0.0018676365383539168,0.0003063036915077381,0.006599906865525566
0.001169312539539677,0.000794561591061924,0.0021135267871821867,0.007147323500072028
0.001037269698674538,0.0007998434139547545,0.002082822849414705,0.006935368908133785
0.002606669221226101,0.001927611429860509,0.0003579317860340775,0.006797493598300461
0.002473188326286582,0.0018683623610361072,0.00030581565236556356,0.006596431782386607
0.0011686035994388653,0.0007933949536437284,0.0021123991380395954,0.007145250438092216
0.001036602824944234,0.0007989059620392759,0.0020820447947602233,0.006932839192560891
0.002606087208531936,0.0019281234898765362,0.000357450310280872,0.006794421409720061
0.002472731944142508,0.0018690905494259797,0.0003053231173937131,0.006592958581273588
0.001167897701235769,0.0007922483870207915,0.002111285795441575,0.00714317630063242
0.0010359369356064952,0.0007979931724878805,0.0020812923955772066,0.006930299337179048
0.0026055167152228245,0.001928631281778281,0.00035696777085536416,0.006791354789233646
0.0024722936382826294,0.0018698213067364683,0.00030482594429837885,0.006589486839312543
0.001167194881307299,0.0007911217862478555,0.0021101864745805923,0.007141101149439839
0.0010352719546152355,0.0007971051286039564,0.0020805658718490256,0.00692774899178984
0.0026049578472739534,0.0019291347799470387,0.0003564841837293489,0.006788293573969503
0.0024718737177267794,0.0018705548341541893,0.000304323994968754,0.0065860160971799465
0.0011664951885132725,0.0007900150476900283,0.002109100896337595,0.007139025060342623
0.0010346078118391598,0.0007962419237087892,0.002079865462388338,0.006925187796412123
0.002604410695369937,0.0019296339547881097,0.0003559995734193652,0.006785237601481757
0.0024714724918594487,0.0018712913442403094,0.0003038171322615727,0.006582545894664234
0.0011657986717944708,0.0007889280626324148,0.002108028755097727,0.007136948107377854
0.0010339444329299406,0.0007954036531113683,0.002079191398436831,0.006922615365990277
0.002603875354091995,0.0019301287818628088,0.000355513971203314,0.006782186725212952
0.002471090277731125,0.001872031065790664,0.00030330521814006246,0.006579075766774463
0.0011651053823627528,0.0007878607212828711,0.002106969729806677,0.007134870369213031
0.0010332817425492205,0.000794590423942504,0.0020785439280119077,0.006920031297015369
0.0026033519025810224,0.0019306192327648122,0.00035502741794904565,0.006779140788749566
0.002470727386177438,0.001872774234968409,0.0003027881168232427,0.006575605221718087
0.001164415378593138,0.0007868129189749148,0.0021059235048572857,0.0071327919336300755
0.0010326196690002337,0.0007938023588734609,0.002077923324150461,0.006917435175953941
0.0026028404011469134,0.0019311052737565335,0.00035453996245609476,0.006776099623932355
0.00247038412488484,0.0018735210939017026,0.0003022656943879474,0.006572133751991084
0.0011637287234194992,0.0007857845524375301,0.002104889756981578,0.007130712886403508
0.00103195814208979,0.0007930395875137363,0.0020773298619668557,0.006914826571804859
0.0026023409068814275,0.0019315868730343394,0.00035405165734485496,0.00677306307171346
0.00247006080396632,0.0018742718949701686,0.0003017378160867258,0.006568660851939731
0.0011630454825945931,0.0007847755195112434,0.0021038681488494454,0.007128633308025006
0.0010312970928835373,0.0007923022462891726,0.002076763819001321,0.0069122050336289705
0.002601853473987349,0.001932063999280737,0.000353562559095511,0.006770030975018275
0.0024697577331549876,0.0018750268977541168,0.000301204347172572,0.006565186005646681
0.0011623657277447625,0.0007837857226943434,0.002102858344358571,0.007126553277647586
0.0010306364564245296,0.0007915904831106359,0.0020762254889038776,0.006909570098109062
0.0026013781430531276,0.001932536619362422,0.00035307272870171633,0.006767003168346419
0.0024694752171408037,0.0018757863670033888,0.0003006651544407749,0.006561708683202674
0.001161689535566481,0.0007828150680308586,0.002101860010818326,0.007124472869806067
0.0010299761710367277,0.0007909044529125555,0.002075715174523556,0.0069069212890696605
0.00260091494732105,0.0019330047033246382,0.00035258222984535954,0.006763979484315801
0.0024692135579764186,0.0018765505761306769,0.00030012010539330614,0.006558228351111586
0.0011610169846804422,0.0007818634636412201,0.002100872812796509,0.007122392150240069
0.0010293161761585118,0.0007902443150506704,0.002075233182342364,0.006904258114066357
0.0026004639183156114,0.0019334682266557116,0.0003520911279807473,0.006760959755666152
0.0024689730576391736,0.001877319807910604,0.0002995690675853341,0.006554744470150494
0.0011603481563014471,0.0007809308206510071,0.002099896416513153,0.007120311177102531
0.0010286564131729585,0.0007896102357684158,0.002074779829256653,0.006901580066772299
0.0026000250804529296,0.001933927168214698,0.00035159949054195327,0.006757943809392375
0.0024687540146297723,0.0018780943524643301,0.000299011909036065,0.0065512564906133625
0.0011596831350892398,0.000780017054383062,0.0020989304949267794,0.007118230001731743
0.0010279968262091469,0.0007890023885871776,0.002074355444430286,0.006898886628666674
0.0025995984515659494,0.001934381510319843,0.0003511073861318303,0.006754931465799491
0.002468556725221049,0.001878874507398276,0.0002984484977408292,0.006547763854679213
0.001159022007952896,0.0007791220840377789,0.0020979747252950626,0.007116148666360282
0.001027337360983055,0.0007884209532341111,0.0020739603654538244,0.006896177267136561
0.0025991840471102823,0.0019348312404737493,0.00035061488343409217,0.0067519225421245775
0.0024683814864048456,0.001879660579341634,0.0002978787006078691,0.006544265998480578
0.0011583648632609543,0.000778245832797278,0.002097028787997402,0.007114067203607119
0.0010266779640645816,0.0007878661164918747,0.00207359493974722,0.006893451434378556
0.0025987818803950785,0.0019352763512171067,0.0003501220510944223,0.006748916850385487
0.002468228595787771,0.0018804528841389737,0.000297302383141111,0.006540762348523757
0.0011577117909532563,0.0007773882292472918,0.0020960923699361806,0.007111985637943015
0.0010260185827502962,0.0007873380744300744,0.002073259529174214,0.006890708568159423
0.0025983919612820646,0.001935716839547725,0.00034962895778445466,0.006745914193860923
0.0024680983525082827,0.0018812517471641459,0.0002967194091441385,0.006537252318937002
0.001157062882087149,0.0007765492076934954,0.0020951651648671915,0.007109903985235112
0.0010253591642756606,0.0007868370329677556,0.0020729545101444823,0.006887948090576246
0.002598014297790128,0.0019361527079227606,0.0003491356716848706,0.006742914368440225
0.0024679910591169896,0.0018820575050205609,0.00029612963982595715,0.006533735312681062
0.0011564182279846268,0.0007757287083676685,0.0020942468715095253,0.0071078222520744765
0.0010246996548751624,0.0007863632086469959,0.0020726802738879947,0.006885169405728454
0.002597648898138835,0.0019365839646221306,0.0003486422601703921,0.006739917162438848
0.002467907023460359,0.001882870506573206,0.00029553293295086374,0.006530210719612743
0.0011557779203485395,0.000774926678470094,0.0020933371945056913,0.007105740436315841
0.0010240399995718236,0.0007859168309677285,0.0020724372301134894,0.006882371898790499
0.0025972957697821004,0.0019370106231084267,0.00034814878980536467,0.0067369223545967315
0.002467846559579487,0.0018836911134473575,0.0002949291422482081,0.006526677913638414
0.0011551420515220916,0.0007741430729800237,0.0020924358453688107,0.007103658527152955
0.0010233801420035965,0.00078549814393738,0.0020722258091433483,0.00687955493464603
0.0025969549198114608,0.0019374327021784636,0.0003476553260750043,0.006733929713600835
0.002467809989015297,0.0018845197012787272,0.0002943181166304726,0.006523136252149812
0.0011545107142193086,0.0007733778552855435,0.002091542541766864,0.007101576504441749
0.0010227200238270377,0.000785107407375982,0.0020720464630203336,0.006876717855494682
0.0025966263564818266,0.0019378502265110795,0.00034716193308146476,0.006730938998081533
0.0024677976429520426,0.001885356661247753,0.0002936996993052859,0.006519585074675189
0.001153884001481158,0.0007726309979475777,0.0020906570074508816,0.007099494338313963
0.0010220595842940685,0.0007847448987941904,0.0020718996680332514,0.006873859978753427
0.0025963100892934655,0.0019382632268230096,0.00034666867346474714,0.006727949955502214
0.002467809863393508,0.001886202401380005,0.00029307372706126875,0.006516023700525805
0.0011532620068636214,0.0007719024836995356,0.002089778973098971,0.007097411988997712
0.0010213987600150491,0.00078441091543009,0.0020717859277319117,0.006870980595113646
0.002596006129144278,0.0019386717400718446,0.00034617560830034103,0.006724962320711248
0.002467847004567948,0.001887057347949604,0.0002924400295358567,0.006512451426736713
0.001152644824485495,0.0007711923063652016,0.002088908176570703,0.007095329406160049
0.0010207374845803672,0.0007841057760783702,0.002071705775127257,0.006868078966109206
0.0025957144890595214,0.0019390758099824754,0.0003456827968753156,0.006721975815426338
0.002467909434815982,0.001887921947203421,0.00029179842833675237,0.0065088675265541785
0.0011520325490531568,0.0007705004717235076,0.002088044362756062,0.00709324652806073
0.0010200756881722185,0.000783829823006304,0.0020716597749921425,0.006865154321370888
0.0025954351849597416,0.001939475487535524,0.00034519029648508024,0.006718990147407862
0.0024679975382188974,0.0018887966670443378,0.00029114873616403845,0.006505271247391519
0.0011514252760454569,0.0007698269986669142,0.0020871872840888895,0.007091163280924348
0.001019413297308428,0.0007835834242734818,0.0020716485269863176,0.006862205856063884
0.0025951682359550564,0.0019398708312685711,0.0003446981622961591,0.0067160050089759785
0.0024681117163376375,0.0018896819986700946,0.00029049075596446027,0.006501661808263096
0.001150823101923012,0.0007691719203536272,0.0020863367011458044,0.0070890795781461124
0.0010187502345471002,0.0007833669760191522,0.002071672668631955,0.006859232728143902
0.002594913664858404,0.001940261907821838,0.0003442064471444984,0.006713020075901093
0.0024682523900471,0.0018905784585161942,0.0002898242800065158,0.006498038397699442
0.0011502261241915432,0.0007685352853499012,0.002085492382822603,0.007086995319254968
0.001018086418075264,0.0007831809047431592,0.002071732878107132,0.006856234055209879
0.0025946714990947683,0.0019406487926302478,0.00034371520130679586,0.006710035006253991
0.0024684200016137237,0.0018914865903496597,0.0002891490888937598,0.006494400171355974
0.001149634441507353,0.0007679171589189678,0.0020846541067800696,0.007084910388932877
0.001017421761300896,0.0007830256699192079,0.002071829877647226,0.006853208911314844
0.0025944417712889076,0.0019410315705231638,0.0003432244723208614,0.006707049438850382
0.002468615016774985,0.0018924069674139533,0.0002884649505640489,0.006490746249134113
0.0011490481538375707,0.0007673176243832656,0.0020838216600962156,0.007082824655997258
0.001016756172468552,0.0007829017667147444,0.002071964437155038,0.006850156323649133
0.002594224519852635,0.001941410336400407,0.0003427343047734637,0.0067040629916615465
0.0024688379268829126,0.0018933401947418605,0.0002877716192215767,0.006487075712384285
0.0011484673625705485,0.0007667367845672248,0.0020829948397903955,0.0070807379722348076
0.0010160895542000853,0.0007828097288531306,0.0020721373778591506,0.006847075268891537
0.002594019789921364,0.0019417851960115307,0.0003422447400414178,0.006701075260210349
0.002469089251396281,0.001894286911651862,0.0002870688341790464,0.006483387600928071
0.0011478921706233873,0.0007661747633193846,0.002082173453359629,0.007078650171117046
0.001015421803001057,0.0007827501316736609,0.002072349576270143,0.00684396466933856
0.002593827634152914,0.0019421562667747486,0.00034175581602722627,0.006698085815840591
0.002469369540444298,0.001895247794423424,0.00028635631862072473,0.006479680909792706
0.0011473226825716434,0.0007656317071626293,0.0020813573194869745,0.007076561066478618
0.0010147528087639205,0.000782723595440149,0.0020726019685325427,0.0068408233887930865
0.0025936481136161886,0.0019425236786382925,0.0003412675668744299,0.006695094203712379
0.002469679377473009,0.0018962235591337834,0.0002856337783091169,0.006475954585702064
0.0011467590047733853,0.0007651077870757252,0.0020805462688442628,0.0070744704510978616
0.0010140824542057383,0.0007827307888817884,0.0020728955550900928,0.0068376502281934076
0.0025934812987541034,0.0019428875750293866,0.0003407800226579642,0.006692099940675054
0.0024700193822880623,0.001897214964749086,0.00028490090017447146,0.006472207523302071
0.0011462012454598444,0.0007646032003716122,0.002079740144879421,0.007072378095076616
0.0010134106142434603,0.000782772432957563,0.0020732314055919706,0.0068344439208668575
0.0025933272704733237,0.001943248113942881,0.0003402932090190153,0.006689102513106733
0.002470390214189971,0.0018982228164869,0.00028415735079766603,0.006468438561233046
0.0011456495148207864,0.0007641181727261435,0.002078938804692364,0.007070283744132393
0.0010127371553220463,0.0007828493049206161,0.0020736106642881575,0.006831203127424053
0.0025931861213025066,0.0019436054690755906,0.00033980714679020404,0.006686101374397681
0.002470792575423906,0.0018992479694032822,0.00028340277478630096,0.00646464647772923
0.001145103925109851,0.0007636529603971465,0.0020781421201276663,0.007068187117767424
0.001012061934699106,0.0007829622427697136,0.002074034555927754,0.006827926430330693
0.0025930579566027256,0.0019439598310515877,0.00033932185156590645,0.00668309594226531
0.002471227214876801,0.0019002913322911938,0.0002826367930169718,0.00646082998593413
0.0011445645907171966,0.0007632078525892751,0.002077349978868185,0.0070660879072239596
0.0010113847996565941,0.0007831121499662986,0.002074504392008135,0.006824612328001118
0.002592942895946364,0.0019443114088086553,0.00033883733321965763,0.006680085595931794
0.002471694932087443,0.001901353871920008,0.00028185900072622016,0.0064569877289652215
0.001144031628227073,0.0007627831740281734,0.00207656228568459,0.007063985773260543
0.0010107055866297064,0.00078330000058388,0.0020750215776235825,0.006821259228425326
0.0025928410746486963,0.0019446604310876135,0.0003383535953659244,0.0066770696729594875
0.0024721965816849856,0.0019024366176172516,0.00028106896544365394,0.006453118274428141
0.001143505156479926,0.0007623792877638504,0.0020757789638302547,0.007061880343727042
0.0010100241202723804,0.000783526844913693,0.0020755876189388826,0.006817865442299878
0.002592752645343117,0.0019450071480628325,0.00033787063476778205,0.0066740474658790756
0.002472733078051221,0.0019035406662727564,0.00028026622475516147,0.006449220108593319
0.0011429852966062229,0.0007619965981820981,0.002074999956606479,0.007059771210923655
0.0010093402124256015,0.0007837938155066574,0.0020762041312831605,0.006814429175578949
0.0025926777798082174,0.0019453518331493877,0.0003373884406715008,0.006671018218430569
0.002473305400553067,0.0019046671877804826,0.00027945028386689265,0.006445291630028371
0.0011424721720230022,0.0007616355543383747,0.0020742252291043577,0.0070576579286859755
0.0010086536609788383,0.0007841021337886411,0.002076872848004674,0.006810948521413294
0.002592616670906441,0.00194569478498347,0.00033690699406028807,0.006667981121577207
0.002473914599177608,0.001905817430981851,0.0002786206129486396,0.006441331142750206
0.001141965908430868,0.0007612966535076153,0.0020734547701003253,0.0070555400091809484
0.0010079642486257772,0.0007844531172248759,0.002077595630108841,0.006807421451364903
0.002592569534792979,0.00194603632961077,0.00033642626681847077,0.006664935309069521
0.002474561800691633,0.0019069927301654263,0.0002777766442416701,0.006437336848791478
0.0011414666337532296,0.0007609804451584272,0.002072688594255113,0.007053416919418902
0.0010072717414989774,0.0007848481871937333,0.002078374476850824,0.0068038458059068736
0.0025925366132520697,0.0019463768228737272,0.0003359462208031882,0.006661879852614741
0.002475248215438634,0.0019081945121579636,0.0002769177688958098,0.006433306840053814
0.0011409744780651898,0.0007606875352045625,0.002071926744503289,0.007051288077386995
0.0010065758876603417,0.0007852888775384604,0.002079211537299763,0.006800219284057639
0.002592518176362215,0.0019467166530850683,0.00033546680679066843,0.006658813756635568
0.002475975144708583,0.001909424304125226,0.0002760433335159783,0.006429239089591375
0.0011404895734513033,0.0007604185907189025,0.002071169294736324,0.007049152847790953
0.0010058764154350557,0.0007857768439581478,0.002080109123034074,0.006796539432074563
0.0025925145254212527,0.0019470562439571962,0.000334987963304832,0.006655735952466513
0.0024767439889276624,0.0019106837421197969,0.0002751526363682993,0.006425131441980099
0.001140012053825884,0.0007601743450802612,0.002070416352858798,0.007047010537379527
0.0010051730315705745,0.0007863138743112759,0.0020810697221129194,0.006792803631161401
0.0025925259961475894,0.0019473960578542248,0.00033450961529563116,0.0066526452920274235
0.002477556256602175,0.0019119745804797048,0.0002742449232314674,0.006420981602899459
0.0011395420546853729,0.0007599556036115512,0.0020696680641244533,0.007044860389760035
0.0010044654192004456,0.0007869018998935988,0.0020820960144257487,0.006789009083990302
0.002592552962291107,0.0019477365994092148,0.0003340316726532389,0.006649540540865371
0.002478413574191111,0.0019132987021874598,0.0002733193828303672,0.006416787127778737
0.001139079712781145,0.0007597632498111477,0.002068924614963404,0.007042701579676684
0.0010037532355876473,0.0007875430078831169,0.002083190888638734,0.0067851527999878425
0.002592595839642132,0.0019480784195233076,0.00033355402853556433,0.006646420370476788
0.002479317697044587,0.0019146581302822772,0.00027237514181707094,0.006412545409318814
0.0011386251657093352,0.0007595982521806725,0.0020681862372447777,0.007040533206651814
0.0010030361096171367,0.0007882394550173181,0.00208435746089315,0.006781231579215677
0.0025926550904572334,0.001948422119847893,0.0003330765574796057,0.006643283349889185
0.002480270521446838,0.0019160550404835857,0.00027141125924387896,0.006408253663941758
0.00113817855138511,0.000759461671769328,0.0020674532130456266,0.007038354287948243
0.0010023136390047134,0.0007889936826729996,0.0020855990954346875,0.00677724199468889
0.002592731228447108,0.0019487683577523694,0.00033259911327302675,0.006640127936369107
0.002481274097986064,0.0019174917751436707,0.00027042672046394983,0.0064039089168962905
0.001137740007396113,0.0007593546705081529,0.0020667258800923594,0.00703616375074397
0.0010015853872050045,0.0007898083335589947,0.0020869194275563354,0.006773180372959391
0.002592824824341426,0.0019491178518766608,0.00033212152654841083,0.006636952465104445
0.0024823306463721225,0.0019189708587073221,0.0002694204303995582,0.006399507985937106
0.001137309670208729,0.0007592785204200218,0.0020660046378400557,0.007033960423415929
0.0010008508799494414,0.0007906862701537591,0.0020883223889492397,0.006769042772783587
0.0025929365121019404,0.0019494713883618491,0.00033164360205199285,0.006633755137881834
0.002483442571925472,0.0019204950148963241,0.0002683912060912889,0.006395047463476411
0.0011368876741821288,0.0007592346138170386,0.0020652899543557326,0.007031743025798341
0.0010001096013818114,0.0007916305951271508,0.0020898122358992046,0.006764824961609556
0.0025930669959640606,0.001949829827827317,0.000331165115553566,0.006630534010482225
0.002484612483922651,0.0019220671857984022,0.0002673377684509619,0.006390523696924351
0.001136474150381351,0.0007592244746250173,0.0020645823741217927,0.00702951015832916
0.0009993609897447084,0.0007926446740331109,0.0020913935806849454,0.006760522389685152
0.0025932170582726208,0.001950194113194593,0.00033068581033749453,0.006627286978715273
0.0024858432160384776,0.001923690553131657,0.0002662587331169846,0.006385932767097935
0.0011360692251352643,0.0007592497709400516,0.002063882526881402,0.007027260289890726
0.0009986044325497373,0.0007937321605046544,0.002093071426557398,0.006756130161467378
0.0025933875683747487,0.0019505652784996947,0.00033020539321364044,0.0066240117629039015
0.0024871378492083004,0.0019253685619819787,0.00026515260029414073,0.0063812704644762835
0.0011356730182933157,0.0007593123290312157,0.002063191137659943,0.007024991744155683
0.0009978392611447002,0.0007948970243134335,0.0020948512067825707,0.006751643004032294
0.0025935794926785086,0.0019509444588383796,0.0003297235299646701,0.006620705890630305
0.0024884997372096205,0.0019271049473363643,0.0002640177434568214,0.00637653226303706
0.0011352856411142793,0.0007594141488923572,0.0020625090381599046,0.007022702684250319
0.0009970647446292168,0.0007961435826413598,0.002096738828305688,0.006747055232090191
0.0025937939059693903,0.0019513329015884628,0.0003292398401650288,0.006617366677538268
0.002489932535325231,0.00192890376380668,0.0002628523967714914,0.006371713291418395
0.0011349071937408522,0.0007595574216472717,0.002061837179759548,0.00702039109552724
0.0009962800829931059,0.000797476535019439,0.002098740720743065,0.006742360709252854
0.0025940320043205396,0.0019517319791177822,0.00032875389125395767,0.006613991205811465
0.0024914402325777176,0.0019307694189612317,0.0002616546410682773,0.006366808301048708
0.001134537762166529,0.0007597445489723175,0.0020611766483578913,0.007018054766060054
0.0009954843993888547,0.000798901002421972,0.002100863891305319,0.006737552805039527
0.002594295119695288,0.0019521432032100251,0.0003282651917528056,0.0066105763002458255
0.0024930271879952722,0.0019327067108458322,0.0002604223881658498,0.006361811631013063
0.0011341774145742077,0.0007599781648143221,0.002060528681254712,0.007015691264643931
0.0009946767313992642,0.000800422571020031,0.0021031159865611457,0.006732624347065353
0.0025945847366724297,0.0019525682414718666,0.00032777318348455855,0.006607118501418849
0.002494698171458642,0.0019347208702302097,0.00025915336335775646,0.006356717169204151
0.001133826196954512,0.0007602611598068916,0.002059894686584335,0.007013297915895502
0.00099385602117072,0.0008020473413714199,0.002105505362147313,0.006727567567915217
0.002594902511466679,0.0019530089359966175,0.00032727723264818517,0.006603614035503562
0.0024964584099719674,0.0019368176082957822,0.0002578450857806817,0.006351518309212806
0.0011334841278743486,0.0007605967086031565,0.0020592762655540137,0.0070108717719271196
0.0009930211042189572,0.0008037819836821322,0.0021080411613664226,0.006722374045908584
0.002595250293676296,0.0019534673247309196,0.00032677661953807777,0.006600058780575464
0.0024983136399225653,0.0019390031706369305,0.0002564948464068631,0.006346207902819615
0.0011331511921539208,0.0007609883006516787,0.0020586752379500965,0.007008409580179381
0.000992170696730461,0.0008056338000485725,0.0021107334041258596,0.0067170346389825095
0.0025956301513605094,0.0019539456659159807,0.00032627052668979744,0.006596448228532084
0.00250027016649639,0.0019412843984743435,0.0002550996833141638,0.006340778207162385
0.0011328273333216625,0.0007614397748784427,0.002058093671595181,0.007005907746728072
0.0009913033811087713,0.0008076107947641999,0.002113593087889443,0.00671153941090131
0.0025960443996972133,0.001954446466124838,0.00032575802520212033,0.006592777442265644
0.0025023349312006202,0.0019436687982340305,0.0002536563538831305,0.006335220826233239
0.0011325124445419313,0.0007619553587600036,0.0020575339162401565,0.0070033622943608724
0.0009904175895181753,0.0008097217537228912,0.0021166323022358494,0.006705877548652675
0.0025964956341331287,0.001954972512567035,0.00032523805888969574,0.006589041007351498
0.002504515588770508,0.0019461646208536292,0.0002521613034691415,0.006329526646072714
0.0011322063577103236,0.0007625397125106325,0.0020569986427383924,0.007000768814565445
0.0009895115850898073,0.0008119763344314972,0.0021198643594188132,0.006700037269908724
0.0025969867686378685,0.0019555269103091783,0.0003247094259240939,0.006585232977414956
0.0025068205950979196,0.0019487809523447742,0.00025061063007152687,0.006323685762765685
0.0011319088303568077,0.0007631979790773429,0.0020564908884381683,0.0069981224124605725
0.0009885834404249514,0.0008143851681419594,0.0021233039433814728,0.006694005719306976
0.0025975210800432314,0.0019561131253537935,0.00032417075748598516,0.00658134681222568
0.0025092593079055103,0.001951527817505888,0.0002490000444301027,0.006317687402628625
0.0011316195298775643,0.0007639358407775402,0.002056014109745168,0.006995417643357618
0.0009876310129599286,0.0008169599759853744,0.002126967280159536,0.006687768851883278
0.002598102259503265,0.0019567350346177425,0.0003236204929140443,0.0065773753076784815
0.0025118421021864735,0.0019544162990393606,0.00024732482489508984,0.006311519833763514
0.0011313380145288145,0.0007647595836058657,0.002055572243235325,0.006992648439687404
0.0009866519166823594,0.0008197137012772445,0.0021308723334065196,0.006681311302075529
0.0025987344725269387,0.0019573969840319602,0.00032305685070257,0.0065733105160183155
0.0025145805031892465,0.0019574586746541373,0.0002455797663262502,0.006305170267856025
0.0011310637104904981,0.000765676170331396,0.00205516977684684,0.006989808026502689
0.000985643489592254,0.0008226606606134198,0.002135039029121666,0.006674616236294155
0.0025994224289518416,0.001958103856336198,0.000322477794593871,0.006569143655331684
0.0025174873396740694,0.0019606685754071044,0.000243759122165213,0.006298624751591533
0.0011307958841668274,0.0007666933236458661,0.0020548118327407194,0.006986888823528421
0.0009846027561982876,0.0008258167165935802,0.002139489514628705,0.006667665186756111
0.0026001714650651323,0.001958861150407816,0.00032188099382436663,0.006564865006336506
0.0025205769211401837,0.0019640611690746597,0.00024185653869760186,0.006291868046551423
0.0011305336086155785,0.0007678196209884972,0.002054504264259985,0.006983882331513075
0.0009835263842103146,0.0008291994759005952,0.002144248457927973,0.006660437864196946
0.0026009876399976455,0.0019596750743011908,0.00032126377645365264,0.006560463794627133
0.0025238652434433476,0.0019676533731260997,0.00023986498038619842,0.006284883496553095
0.0011302757229019829,0.0007690646026501983,0.0020542537692571365,0.0069807789998179385
0.0009824106344430827,0.0008328285167030014,0.002149343394462135,0.006652911946509267
0.002601877849294367,0.001960552654831003,0.00032062307440703167,0.006555928056333198
0.0025273702276610403,0.001971464102956931,0.0002377766450000146,0.006277652881910023
0.0011300207826658078,0.0007704388952299234,0.002054068022879769,0.006977568072014903
0.0009812513027524451,0.0008367256502767234,0.002154805129953136,0.006645062840135484
0.002602849959331558,0.0019615018669339097,0.0003199553586529088,0.006551244484381028
0.002531111998588692,0.0019755145620779205,0.0002355828670964464,0.006270156259575446
0.0011297669999982575,0.0007719543527115904,0.002053955833424131,0.006974237405358059
0.0009800436526476149,0.0008409152226775623,0.0021606682097877828,0.006636863410771637
0.0026039129665381684,0.001962531786908172,0.00031925656257150297,0.006546398252632114
0.0025351132104025217,0.0019798285825341714,0.00023327400824102833,0.006262371788943237
0.0011295121701319153,0.0007736242176348197,0.0020539273252663096,0.006970773259289467
0.0009787823369469919,0.0008454244630582829,0.002166971467270477,0.006628283679347797
0.0026050771869791517,0.001963652774569773,0.00031852199116276546,0.006541372814614493
0.0025393994281801037,0.001984433025733063,0.00023083933215066447,0.006254275543578977
0.001129253581860649,0.0007754633052842786,0.0020539941538978445,0.006967160047251966
0.0009774613065877077,0.000850283886614052,0.00217375866599732,0.006619290479240677
0.002606354482663352,0.0019648766904322343,0.00031774621327321456,0.006536149672884108
0.0025439995765776783,0.0019893582560086332,0.00022826686280645307,0.006245841309532829
0.0011289879079238454,0.0007774882139950601,0.0020541697586906964,0.006963380045055409
0.0009760737043731574,0.0008555277615213579,0.0021810792546737823,0.006609847070292422
0.002607758532571397,0.0019662171555240595,0.00031692293342864284,0.006530708115068215
0.0025489464686345433,0.001994638702348089,0.0002255432234044079,0.006237040372722082
0.0011287110705649973,0.0007797175648460714,0.002054469659870835,0.006959413047718637
0.0009746117410924885,0.0008611946505696609,0.0021889892564611237,0.006599912705239278
0.0026093051585230104,0.0019676898632707152,0.00031604483913697456,0.0065250249119080785
0.002554277430918245,0.0020003135272603644,0.00022265345395455744,0.006227841299413278
0.0011284180763775093,0.0007821722742175516,0.002054911807088647,0.00695523596560068
0.0009730665510467223,0.0008673280403700151,0.0021975523201081012,0.00658944214450369
0.0026110127181677833,0.0019693129550330687,0.0003151034187295583,0.006519073972369764
0.002560035044717181,0.0020064274264575757,0.00021958080537326714,0.006218209716544087
0.0011281028131029786,0.0007848758623124273,0.0020555169876237734,0.006950822349055823
0.0009714280236579834,0.0008739770726240937,0.002206840965689999,0.006578385116164351
0.0026129025805451136,0.0019711074737864174,0.00031408874379992575,0.006512825951012576
0.002566268026903778,0.0020130315889519217,0.00021630650815015697,0.006208108103268128
0.00112775779921932,0.0007878548002825988,0.0020563093025834684,0.006946141829745961
0.0009696846074381217,0.0008811973943065768,0.002216938065222761,0.006566685719612426
0.002614999703726277,0.0019730979138374355,0.00031298920920419336,0.006506247802637232
0.002573032279966266,0.0020201848546686544,0.00021280951422507143,0.006197495610507963
0.0011273738750519969,0.0007911388971223976,0.002057316719309416,0.006941159465577313
0.0009678230823604345,0.0008890521457507178,0.002227938607227897,0.006554281774676547
0.002617333338378505,0.0019753128888030072,0.00031179122233316524,0.006499302280727684
0.002580392146384662,0.002027955116424522,0.0002090662117967758,0.006186327934830844
0.0011269398214932673,0.0007947617248176775,0.0020585717063571498,0.0069358349761233715
0.0009658282966171383,0.0008976131074229849,0.0022399518050704604,0.006541104123188171
0.002619937887799019,0.0019777859453894084,0.0003104788320554082,0.0064919473775904265
0.0025884219106012568,0.0020364210254759014,0.00020505011472352975,0.0061745572854712705
0.0011264418892946825,0.0007987610758729645,0.002060111953949644,0.006930121856661832
0.0009636828641454024,0.0009069620278232946,0.002253103622194168,0.006527075899020536
0.002622853961859679,0.001980556556838268,0.0003090332864865526,0.006484135708102671
0.002597207601103567,0.00204567407589344,0.0002007315312967104,0.006162132502174372
0.0011258632184602102,0.0008031794392336939,0.002061981174698544,0.006923966362917637
0.0009613668203944506,0.0009171921548732012,0.0022675398028530846,0.0065121117966655175
0.0026261296720216185,0.0019836713377066216,0.0003074325077082117,0.006475813845475543
0.0026068491554159315,0.0020558211638066217,0.0001960772223786821,0.006148999409389974
0.00112518312329924,0.0008080644680211159,0.002064229965268295,0.0069173063678497505
0.0009588572363050702,0.0009284099910135056,0.0022834295159642466,0.006496117391012382
0.0026298222257245055,0.001987185530324741,0.00030565047134347074,0.006466921627658764
0.0026174630238109905,0.0020669877442716193,0.00019105006700316165,0.006135101531439089
0.0011243762150678126,0.0008134693915854854,0.002066916684651654,0.006910070109373864
0.0009561277951169214,0.0009407372862135457,0.0023009697418315904,0.006478988596649719
0.0026339998916342397,0.001991164823089021,0.00030365647996054876,0.006457391470594029
0.0026291853010272964,0.0020793217433715443,0.00018560876627501255,0.006120381351811319
0.0011234113310566584,0.0008194532908478905,0.0020701082613411343,0.006902174879859992
0.0009531483449578752,0.0009543132696745377,0.002320390556463372,0.006460611410381801
0.0026387444227266937,0.0019956875706042426,0.00030141432303724107,0.006447147751721037
0.0026421754896956973,0.00209299842822398,0.00017970763602834878,0.006104782384094002
0.0011222502381636607,0.0008260811028525649,0.0020738807698799967,0.006893525764444743
0.0009498844545719392,0.0009692970973229465,0.0023419614971359254,0.006440862167514367
0.0026441540403264545,0.002000847493504752,0.00029888132454481114,0.006436106369117041
0.00265662101315213,0.0021082264957090206,0.0001732965687902472,0.00608825244443221
0.0011208460829759174,0.0008334231364727855,0.002078319498230027,0.006884014629932843
0.0009462970238287045,0.0009858704507896667,0.0023659992236427247,0.006419608677423448
0.002650347097075656,0.0020067569385153823,0.00029600729516407595,0.006424174646761436
0.0026727426047804155,0.0021252557157594295,0.00016632129137522108,0.00607074869502657
0.0011191415730240643,0.0008415537497746471,0.002083518033369812,0.006873519723941242
0.0009423420409645404,0.0010042401559718864,0.002392876722223744,0.006396712813526514
0.0026574665467073775,0.002013550769556731,0.00029273343452231764,0.006411251853223003
0.0026908007026953244,0.002144386560434231,0.00015872411379066,0.006052245288428903
0.001117066902724597,0.0008505486360555928,0.0020895755808367266,0.006861906501009524
0.0009379706449072807,0.001024640583907595,0.0024230343341214624,0.006372035458622494
0.002665685343719999,0.002021390926572442,0.00028899127660141685,0.0063972307435460184
0.002711102962833436,0.0021659823698818143,0.00015044546964607856,0.006032744821805902
0.0011145374936499478,0.0008604798536525975,0.002096591238264158,0.006849030702938538
0.0009331297597381552,0.0010473354381211673,0.0024569929300415246,0.006345445211259582
0.0026752128623914457,0.002030471609414726,0.00028470184808507563,0.006382000737921277
0.0027340129577820287,0.002190484752796542,0.00014142670536857493,0.00601229536329915
0.0011114517196136452,0.000871407267082601,0.0021046531704203082,0.006834745362605157
0.0009277637460611135,0.0010726183090316377,0.0024953696117636127,0.00631683303993798
0.002686302336563883,0.0020410248836440536,0.0002797753267126936,0.006365453628117111
0.00275996003404705,0.0022184330893252314,0.00013161481101950885,0.005991015616470671
0.0011076889594993139,0.000883364385992616,0.0021138194569939694,0.006818914374651745
0.0009218178051555066,0.0011008110868349701,0.002538896444256876,0.00628613627757328
0.002699259137069572,0.002053326206164324,0.0002741116559604918,0.006347493058625755
0.0027894501274845335,0.0022504891836784306,0.00012097013877167143,0.005969131964326365
0.0011031086026090818,0.0008963356443994331,0.002124085656776892,0.006801436699338236
0.0009152443516197142,0.0011322590103330398,0.0025884430157806296,0.006253377202731771
0.0027142596877110826,0.002067639011516809,0.0002676230394781623,0.006328071743193181
0.0028228153458487713,0.002287372151898405,0.00010950088209550849,0.005947034409533505
0.0010114777216003003,0.0008414871038586149,0.0019555504740609003,0.00672860648674041
0.0008272731147230486,0.0011072876391399677,0.002537028994905632,0.006193509514479893
0.0025690931212993787,0.002017129829432089,0.0002740614553240657,0.006252660037684189
0.0026219845760493137,0.002232341775382585,0.00012087348222584074,0.0058968869176689
0.0010535034656986098,0.0009340157434846962,0.0021958334799146027,0.0067031210819930185
0.0008811355798773236,0.001148504339302185,0.0026933074773101335,0.006146156283984145
0.0026246396671506275,0.0019721617519142406,0.0002582941312922797,0.0061279564919699365
0.0026830626541602533,0.002216771354839175,0.00010517256874705562,0.00589945844940022
0.0010464106470781055,0.0009626021016090425,0.002155957421165004,0.006651734183030497
0.0008695008042705067,0.001187284854149378,0.002626023563388931,0.006144329253527864
0.002722711073977205,0.00204094207602625,0.00021533989072361292,0.00624951545042759
0.0028478424361827923,0.0023139055161437968,7.152969308938042e-05,0.005959701843083451
0.0010375686953566741,0.0009389786228312761,0.0020558672285574393,0.00665117965682963
0.0008583571370822906,0.0012394379897311184,0.0027093213616654075,0.00609805828904183
0.0026923492981753717,0.0020290770197822425,0.00022090659976969332,0.006204939366640876
0.002828686258737552,0.0023441995838808043,7.05352130488341e-05,0.005897319534447099
0.0010386205191941571,0.000981939762773496,0.002187192874110228,0.006630592425451788
0.0008541378330488976,0.0012932974001669442,0.0028763672241220164,0.006031427418079674
0.0026793835664587606,0.002032677145973469,0.0002282079847547686,0.006115190976155556
0.002844454334504492,0.002407234341223825,6.730663163361021e-05,0.005883277728160464
0.0010089908366901533,0.000991504201117895,0.0021752184826146293,0.006619162531096854
0.0008278458699284809,0.0013219883321815703,0.0029165479027453327,0.006029060429921832
0.002766560354425965,0.0021051920722265282,0.00020771080317537997,0.006132993602000293
0.0029682265588828563,0.0025332173472910257,4.916503202563077e-05,0.0059154925098588535
0.000985701126058603,0.0009874475533646185,0.002108965022329394,0.0066383171715944985
0.0008159901825637994,0.001408847696022694,0.0030458842973821497,0.006010508842157612
0.0027664600675204967,0.0021017991770668947,0.00020870192570402555,0.006114167501777588
0.00304987884342701,0.002599958759763245,4.2645135120493505e-05,0.00589419661878447
0.0009944447528396018,0.001001570951393316,0.002154511728584633,0.006627247753181074
0.0008276388035664477,0.0014878004425471984,0.00321450468178715,0.005958732596736285
0.002691302438668509,0.002053118497630593,0.00022244733122025025,0.006113964965274001
0.002997116779053734,0.0026139416801213696,5.119248987777842e-05,0.005926746064679095
0.0010006069909784781,0.001005578544150946,0.002133531763114837,0.006643423485199943
0.0008385629149430931,0.0015118530019492262,0.003290454992337718,0.005953967417534281
0.002780682303517332,0.0020570010961032306,0.00021136597159469026,0.006117757026033232
0.0030847251840084703,0.002685939745168574,4.7123936516096656e-05,0.005963824276183657
0.0009950071544972694,0.000999398943776791,0.0020372358573750356,0.006709731809250284
0.00084675470515272,0.0016242687006775786,0.00341450878656466,0.005983269517665812
0.002645743948241726,0.0019729005286782415,0.0002499320615268241,0.0062148942216994005
0.0030476562644205386,0.0026873806431377506,6.465904194691009e-05,0.005992267102920433
0.001029449002410582,0.0009645496752569367,0.002016637825683639,0.0067766018838051525
0.0008658416256769015,0.0016266941789892045,0.003551241421158401,0.00593442294799299
0.0026426466338219158,0.0018768099639679152,0.0002957023585174395,0.006197508764695625
0.0030395437420649846,0.0026795029280765547,7.061736371979651e-05,0.006008809566704886
0.0010398757819840177,0.0009401509780222012,0.0019038833852949703,0.006920211839654312
0.0008664836186946854,0.001678285934088121,0.0035429789855300695,0.00596686018111999
0.002582571102785615,0.0018000923326778081,0.00034669396035414085,0.00635070866988909
0.003085087679376217,0.002665442191326078,6.203949052734805e-05,0.005987053182093199
0.001088726959202771,0.0008477851054484838,0.0017302608882256868,0.007137307759789618
0.0008664236051841447,0.0016510100990847082,0.0034855651004022815,0.005932552630027254
0.002510905549479638,0.001661033178237567,0.000440192350890491,0.006440306376981399
0.0030598708551706263,0.002548714231358971,5.173444486169936e-05,0.005907148040264909
0.0011515526752467066,0.000782264049491279,0.0016150657924402085,0.007380458467392184
0.0008573003761044867,0.0015674742747520747,0.0032593809351311393,0.0058975853474975744
0.0024695301747725963,0.0015406268412923628,0.000532497063573679,0.006555477241455001
0.0030649330912424794,0.002376765795113791,4.175262595658954e-05,0.00581235986170414
0.0012270543581107236,0.0006885878349753907,0.0014335359630893545,0.0076551000816786115
0.0008567788842780687,0.0014087185179056955,0.002853494660549333,0.005981342499130782
0.0023625496417320063,0.0014126741805638543,0.0006530035785407403,0.006748008667114329
0.0028912783654064717,0.002050347660211747,0.00010137165534055282,0.005768970895753984
0.0013351040616006668,0.0005867118173471087,0.0012689531781039636,0.007900730218008366
0.0009359881602240771,0.0011096382759500467,0.0022926627687739976,0.006345095167130341
0.0021872872346430563,0.0012810313010027414,0.0008000537157919564,0.006917885880000846
0.0024871693039178705,0.0016344951208330232,0.00031721472386504946,0.0060982129505540925
0.0014205783294224856,0.0005257508650846093,0.0011857201791642257,0.008002685965497311
0.0011354877557449895,0.0007353107799651174,0.001611670152116226,0.006990619174646523
0.0021284807863367087,0.0012513095049003964,0.0008051941070110545,0.006905643384673662
0.002047205016003872,0.0012798342887260343,0.0006321786763769841,0.006513577319550125
0.0013790170274125405,0.0005941563872095333,0.0013849593460473634,0.007643275612358702
0.0013200599686554414,0.0005437667270625769,0.00121442106808713,0.007462082043564029
0.0023167189122509234,0.0014271353357709449,0.0005660792533504324,0.0066754686424174165
0.001966717031725846,0.0011813114031629544,0.0007502450055851928,0.006754920551244201
0.001265478064966988,0.0007445503926501992,0.0018064917897283245,0.006936744161281682
0.0013456269631946388,0.0005176206066974568,0.001201757610130616,0.007419988905581413
0.0024721621068845264,0.0017109458975592877,0.00033753839003042584,0.006426832422490867
0.001958378834921106,0.0012943566914369361,0.0006269703709196415,0.006674575829924238
0.001196280886665694,0.000867637380607811,0.0021765016561110877,0.006570310908486079
0.001289012589680232,0.0005572810992422314,0.001422145203358846,0.007163253705318573
0.002577319749307396,0.0018988847230732523,0.0002455396549003373,0.006201674948566451
0.0020367964902731285,0.0014866311108672904,0.00048245658570865587,0.006473767437771527
0.0011538341946139969,0.0009216023575641237,0.002334458354755404,0.006474196774841033
0.001162597858251968,0.0006635390917305787,0.001715061378409784,0.006828227449032607
0.0025594862253645882,0.001968408332719484,0.0002400981802172895,0.0061589638764627695
0.0021995366222920254,0.0016727587184566012,0.0003701360875819544,0.006279291824178318
0.0011415913906780556,0.0008814577440233237,0.002295044272760228,0.006495086450660939
0.0010832104965719104,0.000740674523320901,0.001912593488533609,0.006588102935659203
0.0025316446148304947,0.0019682795064565454,0.0002608386219998423,0.006213692047354641
0.0023021101826838164,0.0018071082671029302,0.0002965190929778292,0.006178917002760191
0.0011304591275656114,0.0008420950970941611,0.0021589702252637543,0.006559141957241029
0.0010274595074931572,0.0008000579820993559,0.002015219136497235,0.006446757990742506
0.0025431709967719553,0.001930530034726805,0.0002897925626211126,0.006287977808735083
0.0024334477455680258,0.001875649081624627,0.0002548251640952661,0.006108393632687116
0.001138096082375032,0.0007791379408139438,0.0020042278451156913,0.006641654340908426
0.0009963682458402554,0.0008228107299862793,0.002044070970723388,0.006390741127183966
0.0024727171852866655,0.0018780214567694293,0.00032675376009292067,0.006384002298181356
0.0024029147969650186,0.0018800357149748404,0.0002532976613007161,0.006100195899566823
0.0011579172446631323,0.0007557342704971106,0.0019421715426744795,0.0067643784381576115
0.0010060343995706362,0.0008301234879147942,0.002076238708912462,0.006418700098505167
0.0024271529604086976,0.001795828615479861,0.0003691927239110345,0.0063706155878626245
0.002388143931881983,0.0018208278581771501,0.0002736219432269194,0.006066954452490866
0.0011808788705343254,0.000730899260197784,0.0018969805213978406,0.006848068182318427
0.0010224473892943519,0.0008119159674099017,0.0020144502750303996,0.0064918781715383195
0.0023682181267542447,0.00175037150510397,0.0003907939817488753,0.006437936060758563
0.0023285737586291075,0.0017595883309685012,0.00030102965722911534,0.006145367845583229
0.0011938086221140907,0.000710409348404209,0.0018422521000967436,0.006881978535412808
0.0010521364978024013,0.0007571940611637329,0.001900266577966161,0.006557089026386684
0.002410606327733216,0.001727318314334207,0.0003944613676734267,0.006456967354006343
0.002312600443720222,0.0017035290930643968,0.0003304426999489342,0.006221683321315801
0.0011868019619444257,0.0007034405715293924,0.001821164650465903,0.006870058548596696
0.0010625372770859127,0.0007184873230452278,0.001806094637580347,0.006628847116415984
0.002420340400784642,0.0017366090632076798,0.0003926057609119551,0.0064780543035483015
0.0022918071088014573,0.0016714230267575673,0.00036015244734426946,0.006278478210942057
0.001174248729124286,0.0006857389106930095,0.001835063172191077,0.00683470460618386
0.0010722608295192556,0.0006654471693463425,0.001743096488123219,0.006686028596701016
0.0024322482448202874,0.0017672798015358818,0.00038563132977270393,0.006450213908091594
0.0022461065854023255,0.0016622412750220696,0.0003862169785517047,0.006316066902866564
0.0011486115645001635,0.0006820422864189376,0.001888397272902539,0.006802021297702206
0.0010675950676817848,0.0006294482186134557,0.0017268683405124235,0.006729802761249977
0.0024443904324649144,0.001803667578591693,0.00037412674710924287,0.006403046540550655
0.002237163568684912,0.0016630829616404684,0.0003968510718415138,0.006309477376897752
0.0011341491974772432,0.0006683701475662053,0.0019427013296225725,0.006766618990589985
0.0010632241124863588,0.0006012934349053608,0.001730975545486001,0.006750500534788632
0.002441704731445146,0.0018362922118444255,0.00035733937243026423,0.006382548447691143
0.00222023629378209,0.00167380319159636,0.0003916624815453906,0.0063172080988285724
0.0011243072071633626,0.0006602379324120141,0.0019819381725000433,0.006743618827675969
0.0010597618421000121,0.0005823105840661803,0.001745903407620051,0.0067449130708265555
0.002465908678592054,0.0018553456999129752,0.000339752879384887,0.006364517409344445
0.00224212110718847,0.0016869431669042972,0.000374198530663496,0.006305950282410743
0.0011185965302856994,0.0006497982026749809,0.0019989159593134615,0.0067317780137609905
0.0010489267605331735,0.0005773923305682792,0.0017693914165270402,0.0067305367350337635
0.0024739107126841367,0.0018658664468415688,0.0003277835370884793,0.006373678279107732
0.002265345859248687,0.0017068342979921173,0.00035414758359412146,0.0062947646226550035
0.0011120051353005489,0.000634813901946844,0.0019942806138044163,0.006738552410569069
0.0010352248794950108,0.0005734923559902882,0.0017933713017223392,0.006710431008240545
0.0024726551020727377,0.0018669475538858635,0.0003225219137929498,0.006368794502372303
0.0022637350354075716,0.0017202617593847812,0.0003406462623922427,0.00626383460262685
0.0011062095946228956,0.0006365670852630543,0.0020076376633658913,0.006774013400459046
0.0010218958983433675,0.0005893231514060151,0.001843812932166043,0.006708899999395296
0.002463023006499762,0.0018489381739731536,0.00032340253779189986,0.006339948410536709
0.00228105203203919,0.0017212318109164331,0.00032952530033607003,0.006218754281821812
0.001102813795029072,0.0006364772425143219,0.0019996927074293915,0.006800345412439726
0.0010100915854831154,0.0006042878982344078,0.00185943387251717,0.006703351998140809
0.0024648783448035817,0.0018356608841664335,0.00032146134082017985,0.006356162581538452
0.002301121972521057,0.001726295506967236,0.0003168110472910028,0.006221529125979666
0.0010946676241235273,0.0006386582469518713,0.0019628022733227625,0.006816084755897074
0.0009998700305229654,0.000614719245306491,0.0018478993387417441,0.006687533211853365
0.002489287552856521,0.0018219758216974796,0.0003189721214634934,0.006371066361274658
0.0023260234278680665,0.0017241932603991475,0.0003073404661080371,0.006215333534423867
0.001090429896141275,0.0006469663416316285,0.0019406050283167922,0.006836965772198454
0.0009922909875959434,0.0006332829099692295,0.0018505369364460247,0.0066903487747267485
0.0024882151846523422,0.0018036510607734077,0.000321162756526059,0.006373394897749196
0.0023365767224561213,0.0017149464526197964,0.0003050445919999547,0.00620577680967288
0.00108849112073592,0.0006510867257876463,0.0019239330128685982,0.00685081895369394
0.0009893366707654997,0.0006396959137771908,0.0018379772166500807,0.006697207100804311
0.0024921175895513533,0.0017960859892663294,0.0003215532894105345,0.006381811275373414
0.0023385823181458513,0.0017096462051933209,0.0003059538871394683,0.006219454929755647
0.0010825285116521672,0.0006536922901755218,0.0019076307563622164,0.006851474530497984
0.000986727318782924,0.0006373690170872529,0.0018154914466189925,0.006701371494639899
0.002505187202731139,0.0017971893392552858,0.00031988368505955647,0.0063906931188754445
0.0023441969341865296,0.0017056419401375563,0.00030773406625888975,0.00623153669172908
0.0010791919413791157,0.0006521475930388555,0.001902588130793907,0.0068453667039244425
0.000986903647118743,0.0006310328037587448,0.0018007404377976652,0.006710277630176888
0.002503697543585023,0.0018013899034521174,0.00031809092100317237,0.006393917074337213
0.002333750896135306,0.0017014426832609047,0.00031171893778536336,0.006243016649607643
0.0010778523319879248,0.0006497214383471202,0.0019115257952792225,0.0068380759560095206
0.0009903886635056617,0.0006205516834645028,0.0017931878284781688,0.006720654189550636
0.0025021426406313,0.0018077224735550726,0.0003145089612476893,0.006388136960358788
0.002323199085676364,0.001698031359432607,0.0003147017438851539,0.006251941815247995
0.0010772529894754997,0.0006463190259768022,0.0019258544796305478,0.006826010691922871
0.0009936521030491914,0.0006096819451185538,0.001788793092442879,0.006727558858714506
0.0025011924035981915,0.0018171229164608215,0.0003088674917770737,0.00638627968885584
0.002316312159348744,0.0016984654373529181,0.00031460657169054087,0.0062612019622964605
0.001076984181612362,0.0006418531551187336,0.0019391783184058652,0.006812269946486484
0.000996191921669513,0.0005996995920251737,0.0017881772238682973,0.00672807684699467
0.0025014817718327417,0.0018265251363664583,0.0003025359087922766,0.00638199811573714
0.0023095539954137655,0.001701244724186253,0.0003123988788763454,0.00626317274793455
0.0010765887589414666,0.0006407596912238469,0.001955608841643249,0.006804353605625163
0.0009966610263282512,0.0005962467469163253,0.001798151631792777,0.0067270313461386105
0.0024999833502147256,0.0018321233837907355,0.00029720502802068835,0.006371142606206881
0.0023082730918346506,0.0017046036481145796,0.00030840938690819254,0.006254597327999016
0.0010761225162280311,0.0006410749433814367,0.001968311382360903,0.006799804782764545
0.0009949241750983142,0.0005975174145258377,0.001809572287446455,0.0067223004402026856
0.0024996182377291384,0.0018359400251448225,0.0002924785831370789,0.006364507170008349
0.002311047553869772,0.0017103899330261226,0.0003026820157708243,0.006246929863760202
0.00107386609403505,0.0006434668212956598,0.001972075873008321,0.006797740493202168
0.0009910774759059537,0.0006025376352355369,0.0018185287681506523,0.006712643075221113
0.002504697633799763,0.0018370188255998736,0.00028856791764977885,0.006359566911957772
0.0023197334947143836,0.0017161452869529968,0.0002960472930801137,0.006235692942363987
0.001071341448507872,0.0006480678547206769,0.001970791826715423,0.006799667456511224
0.0009860348813535292,0.0006123155443776184,0.0018282981169283406,0.006703410214917892
0.0025075298718919294,0.001834273350990844,0.0002864354191258509,0.006355573651023935
0.0023292305572203582,0.0017201780763306254,0.0002901233167192514,0.00622323131973304
0.0010691282400528193,0.0006532786587486026,0.001965011207243013,0.00680382273726639
0.0009813944466838067,0.0006228338406671451,0.0018341825033007086,0.006694975927970299
0.0025110324220029676,0.0018300771863563772,0.00028529222926312685,0.006353966212822537
0.002338233051201031,0.001722913676027172,0.0002853773576006759,0.006214682660171658
0.001066684511652846,0.0006586469495443808,0.0019557187120402973,0.006807738058697542
0.000977305584844335,0.0006323602215278669,0.001835060119676485,0.00668781506786133
0.002515774054853845,0.0018259746279980726,0.00028473827694643094,0.006354705474706239
0.0023471408226919525,0.0017242167712541437,0.0002819822203272736,0.006209192151871389
0.0010648588017070774,0.000662686778785215,0.0019456946741022696,0.006810182793895782
0.0009745187859999185,0.0006392990838893127,0.0018323989839890901,0.0066831640965400495
0.002518579979170876,0.0018228997303902923,0.0002846867049692206,0.006356531289045642
0.0023515980578789467,0.0017242338657176607,0.0002805064747577303,0.006207332420775372
0.0010636196761120923,0.0006654830777923284,0.0019382982777479344,0.006811087244923203
0.0009733798304181999,0.0006427676154017735,0.0018279793429645203,0.006681346035284452
0.002520336165846422,0.0018213879150778475,0.00028468571316894926,0.006356915152460322
0.0023528484241371467,0.0017232172547542765,0.00028055800123221104,0.006207601116979197
0.0010629462765749515,0.0006666958088234202,0.0019345780940842622,0.006809320312829184
0.0009735211254961448,0.0006428597718204728,0.0018225690005143943,0.006681659022626574
0.0025208139548752416,0.0018221921885774842,0.000284280928005974,0.006357153917345033
0.0023513884001457,0.0017222616437105648,0.0002814323438714782,0.006210413680764148
0.0010626039683822917,0.0006663021464699823,0.0019340541469828802,0.006804758676986005
0.000974633891943464,0.0006399288149612703,0.001817035966894475,0.006682492547937058
0.0025210283906879614,0.001825053821862019,0.00028323206356534083,0.006356242819980368
0.0023478964723413686,0.0017217523537289155,0.00028254517783715607,0.0062136489597755225
0.0010624650684351333,0.0006653345971632748,0.0019374280536069493,0.0067988953525070115
0.0009760903441077851,0.0006359798957014254,0.0018140015713828642,0.00668367489582297
0.0025204017890272136,0.0018288753971590229,0.0002817134335980437,0.006353089855830582
0.002343988097566739,0.0017217306901938648,0.0002833547075033359,0.006215090799139076
0.0010625201470707678,0.0006640504148334553,0.0019433417817242482,0.0067924722254360526
0.0009774151998105886,0.0006320366465816273,0.0018133009597262949,0.006684189500978012
0.002519517506069003,0.0018332356954609405,0.0002797416129288584,0.006349000329063476
0.0023404881271193397,0.0017227333911316927,0.00028340373604030634,0.00621529647241446
0.0010623013316630608,0.0006631237975312231,0.001949737812641508,0.006786286168121521
0.0009780857573854556,0.0006291232633593687,0.0018145005530269059,0.006683034202217204
0.0025196849744955336,0.001837340165147751,0.00027748009713781643,0.006344162370293287
0.0023390078776867065,0.0017245831257333023,0.0002824465555774374,0.00621310896699995
0.001061820406477606,0.000662975203423733,0.001955516335347311,0.006781294841912572
0.0009778336110409039,0.0006282794730523966,0.0018177379799429443,0.006680481706903949
0.0025201030361667624,0.0018403748939380573,0.00027531125911714244,0.006339075129377564
0.002339396453165931,0.0017269379160349335,0.0002806605703202499,0.006208687892983349
0.001061064343841864,0.000663694324658265,0.0019595689426013833,0.006777946898191017
0.0009767591838456544,0.0006294563878133952,0.0018219173637082193,0.006676646194709572
0.002521215032001418,0.001842085758373777,0.0002733916155561218,0.006334246728056474
0.002341608434131425,0.0017295071361263454,0.00027829374020299323,0.006202941244136107
0.0010599541488382682,0.000665297733299283,0.0019612503783438626,0.006776141530277198
0.0009749653073311042,0.0006324243416734541,0.0018260489160261194,0.006671940190003843
0.0025230728035313056,0.0018425038366869605,0.00027183605578654955,0.006330234071808318
0.0023455181764423356,0.001731950992692077,0.0002756467062050617,0.006196588113838315
0.0010586562202666012,0.0006673835000720292,0.001960484952160038,0.006775481841969971
0.0009727976513821124,0.0006364659205254897,0.0018293118952524435,0.0066669413571466205
0.0025251968843464532,0.0018419224965362682,0.0002707045829729333,0.00632730036078129
0.0023499403786058732,0.0017339977035756519,0.00027313981725561316,0.006190608079768414
0.00105729110743808,0.0006696880216780937,0.0019579934509912802,0.0067755995775790195
0.0009706349131960017,0.0006407811060336355,0.0018313757430427045,0.006662294868056305
0.002527397676057892,0.0018407168430604462,0.0002699587550233652,0.006325065098454065
0.0023542533390640474,0.0017353980889596608,0.0002710649184857445,0.006185409303482921
0.0010560309912003695,0.000671815569637242,0.001954669832175468,0.0067758464971266665
0.000968774202557407,0.0006445995372415256,0.0018320414816158008,0.006658479710469127
0.0025292976997174713,0.0018394531470924584,0.0002694753534562977,0.006323575164869226
0.0023577416977960254,0.0017361977336973287,0.0002695761009384783,0.006181649394396734
0.001054950778510844,0.0006734313179639542,0.0019512645905220927,0.006775605067798472
0.000967436512109095,0.0006472346312633222,0.0018312980864853613,0.006655573153485311
0.0025309312628791023,0.0018385998813437736,0.00026908055031187744,0.006322479530521058
0.002360005588588908,0.0017364985314929505,0.0002686945843225751,0.006179332636556864
0.0010540894743232452,0.0006744618048329242,0.0019487050690930809,0.006774591398609543
0.0009666669435671559,0.0006485324529607474,0.001829777155244403,0.006653659908050216
0.0025320918754230828,0.001838369398713409,0.00026865681444268407,0.006321276789364588
0.0023610121369951596,0.0017364365127483703,0.00026832353471757404,0.006178034803941339
0.0010534649886747652,0.0006748615432557965,0.0019475029812574892,0.006772648047248989
0.0009664115595257945,0.0006485221408351194,0.0018279612553912007,0.006652524491556067
0.0025328043624523486,0.0018389014585345213,0.0002680815092565073,0.006319775132641483
0.0023608916775942445,0.001736288513830131,0.00026826992632277225,0.006177488970601451
0.0010529708958341344,0.000674781722760533,0.0019477369079481557,0.006769839308734961
0.0009664856111700451,0.000647523122282741,0.0018263171894782374,0.006651758475306291
0.002533357641099464,0.0018401193561994901,0.0002672813795335907,0.006317758428251959
0.002360205148425235,0.0017362582031135647,0.0002682850384485401,0.006177058310060224
0.0010525374827954693,0.0006744279472873151,0.0019492393694264362,0.006766445680941646
0.00096665974928757,0.0006460730227941078,0.0018253241781874133,0.006651030444127173
0.002533784901182354,0.0018417791281687996,0.0002662723803371963,0.006315202432795404
0.0023593785170607493,0.0017364864326893153,0.00026816862030773427,0.006176255971107002
0.0010520886569668085,0.0006740221457305984,0.0019515698371789392,0.006762854525665185
0.0009667402632633446,0.0006446597370651608,0.001825175776932161,0.006650012199370515
0.0025342912959382532,0.0018435787040987429,0.0002651002460046072,0.006312168230885022
0.0023588650551354426,0.001737030702552143,0.000267773304722547,0.006174759625150822
0.0010515487492163682,0.0006737817689651679,0.00195417245250316,0.006759435851596746
0.0009665603034833815,0.0006437241995336536,0.0018258758806312632,0.006648505504179482
0.0025350131995058064,0.001845215398930689,0.0002638454152528943,0.0063088620649086975
0.002359046279963904,0.0017378635672968155,0.0002670272745884279,0.006172427156462655
0.001050888578617909,0.0006738106554523625,0.0019564714457937934,0.006756458216450395
0.0009660460269018895,0.0006435039219415266,0.0018272134027042808,0.006646436383324137
0.002535995658864064,0.0018464633760084275,0.00026259856838754174,0.006305546280129286
0.0023600045725217633,0.0017389000968426821,0.0002659596236770515,0.006169367656310159
0.0010500952908803944,0.0006741634312294984,0.001958073703797986,0.006754101276116628
0.0009652037489876527,0.000644058349182338,0.0018289164548747322,0.006643885052705088
0.0025372490244852954,0.001847182486316909,0.00026144183125306606,0.00630237765928469
0.0023617147069336657,0.0017399958185062123,0.00026466381445551485,0.006165755214085713
0.0010491983709740626,0.0006747915698394816,0.001958790879548005,0.006752381417378264
0.0009641062966945091,0.0006452676299437821,0.0018306624504328033,0.006641041888511483
0.0025386770333738723,0.0018473735878096718,0.0002604300211005951,0.006299540695920165
0.002363957339016783,0.0017410265458893564,0.00026327164491330416,0.006161940245533827
0.001048238105837216,0.0006755772152863186,0.0019586087490975237,0.006751177796265692
0.0009628765973133216,0.000646854911322939,0.0018321258776591957,0.006638109161673132
0.002540217335990498,0.0018471442452313025,0.0002595774798909955,0.006297111164665854
0.0023664420501041217,0.0017418855008344992,0.0002619182994255165,0.00615824661791693
0.0010472670105971765,0.0006763914670893407,0.001957736728009596,0.006750308108307261
0.0009616447340610991,0.0006485206977215471,0.0018331350044307256,0.006635319257533631
0.0025417441128843046,0.0018466499352290952,0.0002588737967056189,0.006295058856712811
0.0023688710846843397,0.0017424958038491363,0.00026071639184111026,0.0061549088663122396
0.0010463434681591774,0.0006770928218628303,0.00195648822442967,0.006749548083775511
0.0009605318037042401,0.0006499636499820006,0.0018336072715152345,0.006632846369789813
0.002543156063240302,0.0018460815328009115,0.00025827849022299124,0.006293314406970525
0.0023709736695429235,0.0017428445868215273,0.0002597350607653368,0.006152110401572158
0.001045498067099718,0.0006775849157859661,0.00195519794942379,0.006748689609501167
0.0009596148344804363,0.000650962921472545,0.0018335737667009632,0.006630774496630037
0.002544423448659501,0.0018456070485127834,0.0002577350742888902,0.0062917465792863255
0.00237262258346034,0.001742961233333259,0.0002589868409496885,0.006149871923624322
0.0010447460275905182,0.0006778174636634205,0.001954163871315228,0.0067475834098212496
0.0009589178402589611,0.0006514221366157507,0.0018331755959451863,0.006629113054290682
0.002545517539118374,0.001845341536102778,0.000257190723694275,0.006290224967025551
0.002373779851058577,0.0017429132263642433,0.0002584402868031004,0.006148114367510513
0.0010440791010193162,0.00067779324550593,0.0019535804543155647,0.006746165122243425
0.0009584186907260726,0.0006513560604023857,0.0018325973293228188,0.006627788421607236
0.0025464711245340005,0.0018453331423309047,0.0002566013222820027,0.006288625128582559
0.0023745227442082788,0.0017427845286681037,0.00025802894894724337,0.006146673651783724
0.0010434701441851795,0.00067756568214155,0.0019535199284043737,0.006744455989830303
0.0009580538891421626,0.000650887734564923,0.0018320372665843426,0.006626681364789551
0.0025473380659648253,0.0018455602395904673,0.00025594184684873234,0.006286869868707569
0.0023750162466820175,0.0017426554684807187,0.0002576687458349589,0.006145346667302444
0.0010428869018768343,0.0006772084859014897,0.001953921792859732,0.006742541565392194
0.0009577437067394178,0.0006501938123003963,0.001831648701347837,0.006625650258963248
0.00254818141937339,0.0018459489103385233,0.0002552075269479631,0.006284943093537415
0.002375440465659431,0.0017425885607478527,0.0002572807317361801,0.006143954620788417
0.0010422952087738553,0.0006768089426121683,0.001954636171345921,0.0067405544006812574
0.000957409575133987,0.0006494674035449724,0.0018315293268020047,0.006624569346279793
0.0025490658722659865,0.0018463886101600768,0.0002544125504188242,0.006282864216258945
0.0023759753496182855,0.001742611234865238,0.00025680489936104415,0.006142351770270419
0.0010416709541408405,0.0006764407905298561,0.0019554667065548705,0.006738633403877409
0.0009569902329293433,0.0006488744857942249,0.001831703769166161,0.006623354909877556
0.00255002850334517,0.0018467660640177372,0.00025358432218826896,0.006280702012609403
0.002376745902568247,0.001742722268327173,0.0002562108116660862,0.006140477443683292
0.0010409996157225861,0.0006761508905480263,0.001956209212266507,0.006736892277956966
0.0009564530030774336,0.0006485168245233165,0.001832120432035384,0.006621967431940168
0.002551095121184761,0.0018469895929711226,0.00025275414910799906,0.006278541776077911
0.002377812368600192,0.0017428942583764281,0.00025549896603304094,0.006138343253759224
0.0010402785597528467,0.0006759573778222898,0.001956706223729354,0.006735404227649408
0.0009557940621070173,0.0006484294011309199,0.0018326885409885886,0.006620422837624389
0.0025522595377879937,0.0018470017689822238,0.0002519524093637725,0.006276463546378825
0.0023791666159625594,0.001743081402961858,0.0002546965824613287,0.006136016446365084
0.001039518016396047,0.0006758449051556217,0.001956868400003668,0.006734189654826993
0.0009550373713933588,0.0006485762531599923,0.0018332925034341139,0.006618777352006206
0.002553493750783884,0.0018467903191317899,0.0002512010101350577,0.006274533276005824
0.002380735965333136,0.0017432347433924665,0.000253848293461688,0.006133610965610086
0.0010387343721951121,0.0006757767759973713,0.0019566828243788486,0.006733220540379309
0.0009542246827143622,0.0006488699859169791,0.0018338207298474473,0.006617108984163271
0.0025547638977292974,0.0018463822516823132,0.0002505097877746864,0.00627278503691153
0.002382418655758819,0.0017433099620736113,0.0002530031641087106,0.006131245840063878
0.001037948466594529,0.0006757039135002205,0.0019562064397721972,0.006732432656039247
0.0009534045150977532,0.0006491988085452213,0.0018341903577237058,0.006615501551311569
0.002556027614290275,0.0018458327917232572,0.0002498770241681092,0.006271223875435304
0.0023840999373911753,0.001743276879140131,0.0002522049525675687,0.00612902714189946
0.001037179747896387,0.0006755772401694394,0.001955542493605536,0.0067317440480261
0.0009526221192386127,0.0006494503828445283,0.0018343565097926808,0.006614023920964107
0.0025572524305496175,0.0018452103103851194,0.0002492905981583111,0.006269824846692591
0.002385681195918613,0.0017431233601495034,0.0002514835473402998,0.006127025661172695
0.0010364418241212774,0.0006753596225630564,0.0019548146617361715,0.006731074438483206
0.0009519092927838196,0.0006495382159728003,0.0018343191629422299,0.006612719925977162
0.002558417921627833,0.0018445801193968585,0.00024873235718987933,0.006268543566015553
0.002387100347184201,0.00174285544822554,0.0002508505392633978,0.006125266264715404
0.0010357409785321974,0.0006750299012729609,0.001954136315983616,0.006730359962008917
0.0009512803123058475,0.0006494139755612767,0.0018341137869059086,0.006611601277998468
0.00255951861072332,0.001843992780520224,0.00024818242642181106,0.006267329874593543
0.002388335300494888,0.0017424947168967898,0.0002502998622297673,0.006123732642946423
0.0010350748941628204,0.0006745869386042348,0.0019535900954438146,0.006729565448373306
0.000950731149383439,0.0006490732975820869,0.0018338013147979459,0.006610649964575525
0.002560564881768698,0.0018434747431930753,0.00024762354112103317,0.006266134988236768
0.002389407013606277,0.0017420704971369853,0.00024981116443833335,0.0061223714309903724
0.0010344352901231807,0.0006740462798916396,0.001953215949530201,0.006728687192999419
0.0009502429030426018,0.0006485510131375487,0.0018334523818337107,0.006609826993678488
0.002561575165422988,0.001843026867293399,0.00024704428644175267,0.0062649247592810155
0.002390366390477005,0.0017416136516572994,0.0002493560879332717,0.006121112260930756
0.0010338101920581888,0.0006734343768988627,0.001953007276629747,0.006727748888537474
0.0009497882633053304,0.0006479070947415225,0.0018331294977284602,0.0066090815105156325
0.0025625744922493313,0.001842628004445253,0.000246440128437253,0.006263683659935038
0.0023912805542146685,0.0017411498587515813,0.0002489049858618011,0.00611988349235256
0.0010331869706503597,0.0006727824929931211,0.0019529204219255556,0.006726793635535333
0.0009493379573975599,0.0006472123485765762,0.0018328779250253655,0.006608364091078035
0.0025635861972292226,0.001842241699566998,0.0002458136182057362,0.006262414847113998
0.0023922173317021335,0.001740694693577327,0.00024843309953868106,0.006118625779001836
0.001032555474863229,0.0006721187979056087,0.0019528883722527766,0.006725871887057905
0.0009488673559600123,0.0006465315854617647,0.0018327177575300645,0.006607636159040071
0.0025646272812496363,0.0018418264090329377,0.00024517267413826007,0.0062611381715385024
0.002393229540292813,0.0017402525605614257,0.0002479250016237739,0.006117304736707022
0.0010319091772270025,0.0006714637244963315,0.0019528376994211467,0.006725030215868002
0.0009483606530433351,0.0006459114577364365,0.0018326435864510554,0.006606875868618965
0.0025657073479749097,0.0018413445470629721,0.000244528067169279,0.006259882581953774
0.002394348270233174,0.0017398171319931803,0.00024737615331094234,0.00611591253801117
0.001031246269277854,0.0006708267666134442,0.001952704884253532,0.006724302255367197
0.0009478127012741149,0.0006453740681475171,0.00183262989725199,0.006606080684707927
0.0025668258395297266,0.0018407696947850853,0.00024389095040063327,0.006258679850131528
0.002395578397694834,0.001739374419225406,0.00024679236396298986,0.006114466752191091
0.0010305693102792488,0.0006702060785765794,0.0019524475095989754,0.006723703628447359
0.0009472287474882537,0.0006449155173567881,0.0018326384610740337,0.006605264628266524
0.0025679747616234546,0.0018400905356880163,0.00024327037228585722,0.006257557248670803
0.0023969014831624566,0.001738906690410036,0.00024618707110750024,0.006113003094633513
0.001029884040557188,0.000669590940097913,0.0019520503823630127,0.006723231438129372
0.0009466217419775548,0.0006445109851326248,0.0018326285070782375,0.0066044534282089324
0.0025691409980525145,0.0018393108824619406,0.0002426717796429,0.006256532596989666
0.0023982834240437447,0.0017383964762863087,0.0002455774250527998,0.0061115652522093335
0.0010291979827944753,0.0006689649607858744,0.0019515244560940053,0.006722867116996674
0.0009460087626226842,0.0006441225175901217,0.00183256479550518,0.006603677461550814
0.00257030962284176,0.001838447019376206,0.00024209637142867885,0.006255612543412939
0.0023996828165100017,0.0017378302968653432,0.00024498034643987234,0.006110195805682969
0.0010285184900227279,0.0006683106129181817,0.0019509010107399028,0.006722582461440629
0.0009454069610733765,0.0006437087272443785,0.001832424092644401,0.006602964844116541
0.002571467844990256,0.0018375225464185025,0.0002415414200210409,0.00625479206246241
0.0024010611336759188,0.0017372006808654033,0.00024440907573080055,0.006108926947848856
0.0010278513632991663,0.0006676130376676373,0.0019502227128630066,0.0067223465688650095
0.000944830021596988,0.0006432339571453935,0.001832198411418155,0.006602336266738719
0.0025726067516009827,0.0018365626888975678,0.000241001415395997,0.006254057468498157
0.002402389876694973,0.0017365070207928529,0.00024387104963238826,0.006107775869301176
0.0010271998212880314,0.0006668626886963575,0.0019495331239329807,0.006722132258977933
0.0009442859480315193,0.0006426745322202731,0.0018318941025688837,0.006601801487559139
0.0025737232094200104,0.0018355891344907463,0.000240469478941111,0.0062533902884797325
0.002403655056880206,0.0017357548468721093,0.00024336720224002142,0.0061067433515136355
0.0010265641450825326,0.0006660567799545221,0.0019488680418456355,0.006721921108831805
0.0009437761742885443,0.0006420222082415673,0.0018315290012687238,0.006601358975872727
0.0025748195730220416,0.0018346160739447779,0.00023993895769298381,0.006252771446012942
0.002404858319002103,0.001734953809080687,0.0002428926571357677,0.006105815497209252
0.0010259421464430397,0.0006651988276356867,0.0019482493831948413,0.006721705851897635
0.0009432962674394487,0.0006412836755647432,0.0018311271799608575,0.006600997714540596
0.002575902329521451,0.0018336484896188123,0.0002394046945789693,0.006252185463635615
0.0024060141295990543,0.0017341152842415592,0.00024243853525759973,0.006104968967681219
0.0010253299086585635,0.0006642971939984264,0.0019476827188092526,0.006721490293199813
0.0009428376771461036,0.000640477157852849,0.0018307132601809925,0.006600700570833474
0.002576980589802729,0.0018326824127512327,0.00023886378934002668,0.006251622903209336
0.0024071454191611683,0.0017332498052815529,0.00024199424031352574,0.0061041767080031095
0.0010247228833051407,0.0006633627801182687,0.0019471585941499077,0.006721286985230636
0.0009423900293292916,0.0006396272940732575,0.0018303076099711315,0.0066004486459381355
0.0025780636281013745,0.0018317069631442386,0.0002383158577005571,0.006251081581464818
0.002408277706957056,0.00173236509943179,0.00024154981655637097,0.006103414011063206
0.001024116912385958,0.0006624064819479446,0.0019466565115089408,0.006721113427608315
0.0009419435189357872,0.0006387592384514558,0.0018299227860937427,0.006600225173829429
0.002579159189234327,0.0018307075467136537,0.00023776269876951337,0.00625056600691416
0.002409433606514826,0.0017314649736877327,0.00024109783789065954,0.006102663219054174
0.0010235089762079014,0.0006614371366745372,0.001946150736964759,0.0067209878676332945
0.0009414907710935866,0.0006378936772192075,0.0018295622944536005,0.006600018588256139
0.0025802721865102463,0.0018296692886385947,0.0002372076056365499,0.006250085482287631
0.002410628895421978,0.001730549094966028,0.00024063450269233845,0.006101916160437159
0.001022897672533059,0.0006604600443855979,0.0019456162433279648,0.006720925451073632
0.0009410279899996439,0.0006370433456400831,0.001829221173073746,0.006599824077724805
0.0025814040785605862,0.0018285801199284045,0.00023665447160451606,0.006249651706118509
0.0024118702169924843,0.0017296137037343074,0.0002401598793759128,0.0061011746565188
0.0010222832453155339,0.000659476495675177,0.0019450336845449085,0.006720935587560044
0.0009405552274637284,0.0006362116356791874,0.0018288882114683215,0.006599643536744347
0.0025825532541569277,0.0018274328166182265,0.00023610689468950074,0.006249275998917299
0.0024131551891522877,0.0017286528382546012,0.0002396773201709972,0.006100448675660035
0.001021667326131111,0.0006584841585860112,0.00194439260569509,0.00672102082969827
0.0009400758280632181,0.0006353933383900372,0.001828549189978912,0.006599484279737057
0.0025837157480617084,0.0018262257868386822,0.0002355674944480987,0.006248967130215381
0.002414474195872722,0.0017276598561692252,0.00023919231630175735,0.006099753261151225
0.0010210524287705663,0.0006574780964197549,0.0019436923130261435,0.006721177242709891
0.000939595326489898,0.0006345769025290132,0.0018281901156943297,0.00659935674977165
0.0025848865179663367,0.0018249626487964632,0.0002350375012983969,0.006248729937169142
0.0024158133780808467,0.0017266288925274335,0.0002387110909162297,0.006099104879362388
0.0010204413136718127,0.0006564522239780407,0.0019429407382829066,0.006721396066518145
0.0009391200333235534,0.0006337477233288526,0.0018278000869914228,0.00659927197448322
0.002586060716559579,0.0018236507802553991,0.0002345166980519443,0.006248564844098013
0.0024171581671692493,0.0017255559268313863,0.00023823923921506573,0.006098517850280383
0.0010198364221296321,0.0006554007320544333,0.001942151712262713,0.006721666088297024
0.0009386556765745808,0.0006328915518923802,0.0018273730994750805,0.006599239254103571
0.0025872346882648404,0.001822299346811189,0.00023400366085051642,0.006248468432219778
0.002418496348639132,0.001724439371860149,0.0002377807007096188,0.0060980018431187385
0.001019239424947324,0.0006543192735224588,0.001941341412849579,0.0067219761943074635
0.0009382063524580206,0.0006319973406198934,0.001826908606665189,0.006599264474923573
0.002588406710627242,0.0018209172299087056,0.00023349619695318776,0.006248434627428822
0.0024198203331360813,0.001723280069188564,0.00023733719521716506,0.006097560541184254
0.0010186510039689384,0.0006532056863135404,0.0019405248738047069,0.00672231756792417
0.0009377739393643399,0.0006310590889127184,0.0018264109752181555,0.006599349385358505
0.00258957713639419,0.0018195112834187791,0.0002329918860178519,0.0062484563038389075
0.002421128151964933,0.0017220807959367887,0.00023690818506069987,0.006097191719240437
0.0010180708708724207,0.000652060147863174,0.001939713168092142,0.0067226851224292325
0.0009373580552397251,0.000630076375737883,0.001825887975968347,0.006599491768934987
0.002590748151508693,0.0018180852426644188,0.00023248858141540726,0.006248526895374676
0.0024224231638160384,0.001720845452731945,0.00023649129494961548,0.006096888529309343
0.001017497967544904,0.0006508848604190007,0.0019389117939906143,0.006723078015506714
0.0009369564643474951,0.0006290537204028957,0.0018253488386685251,0.0065996864064527105
0.0025919232032758084,0.0018166393846459703,0.0002319847884512797,0.006248641650710466
0.002423712791543605,0.0017195781156937708,0.00023608303385523244,0.006096641484907794
0.001016930806783591,0.0006496833509553549,0.0019381203924497715,0.006723499236714442
0.0009365658008542031,0.0006279990312492526,0.0018248022683291275,0.00659992651931678
0.002593106215562742,0.0018151709339699821,0.000231479861781059,0.0062487984054304824
0.002425006564198682,0.001718282192966423,0.0002356796460929012,0.006096440771507959
0.0010163678398683043,0.0006484596064966792,0.0019373336635628655,0.006723954489611252
0.0009361824198557989,0.0006269215741810652,0.0018242548217809196,0.006600205317408843
0.002594300869788943,0.001813675018865391,0.00023097400176650545,0.006248997702746205
0.0024263140398287585,0.0017169598192709342,0.00023527789485797143,0.0060962782802832325
0.0010158077859343745,0.000647217240834114,0.0019365431657233517,0.006724450689120779
0.0009358031788094233,0.0006258299647089525,0.0018237099608349424,0.006600517365418321
0.0025955099974016922,0.0018121459112332356,0.0002304680888152322,0.006249242367966044
0.0024276430066872455,0.0017156115856950312,0.00023487563561555634,0.006096149035944068
0.001015249864920845,0.0006459588370626594,0.0019357394805962953,0.006724994411935551
0.0009354260168619673,0.0006247305458366232,0.0018231678249219089,0.006600859483835734
0.0025967352455493163,0.001810578276822452,0.00022996340370263796,0.00624953669644022
0.0024289982706351305,0.001714236619592606,0.00023447209543055647,0.006096051830545791
0.0010146938929054758,0.0006446855960505311,0.0019349142859720898,0.006725590633388498
0.0009350502360508657,0.0006236264483441961,0.0018226257121476798,0.006601231083824115
0.00259797703811827,0.0018089681677728676,0.00022946130952955168,0.006249885437641727
0.0024303812348886065,0.0017128329364471159,0.00023406783889521398,0.006095988990316744
0.0010141402535894693,0.000643397300614588,0.0019340619293540381,0.00672624195463845
0.0009346764738597948,0.0006225174199694798,0.0018220790640376657,0.006601633947505216
0.0025992347691472964,0.0018073136044543087,0.00022896296564546868,0.006250292845172774
0.0024317902012781015,0.001711397970502257,0.00023366447620444498,0.006095965492383467
0.0010135897593539194,0.0006420925647588875,0.0019331802442389746,0.006726948411167171
0.0009343064172858999,0.0006214003435221506,0.0018215226774681488,0.006602071555049887
0.002600507204739556,0.0018056146823833238,0.00022846912169886244,0.006250761946866465
0.002433221266902046,0.001709929146839526,0.0002332642034283452,0.006095987660257019
0.0010130434475145074,0.0006407692822939987,0.0019322705643180426,0.006727707828165191
0.0009339423451916033,0.0006202702631593338,0.0018209518962735358,0.006602548171833004
0.002601792947127766,0.0018038732423755395,0.00022798002640854424,0.006251294161679306
0.0024346695497458196,0.0017084243746313516,0.00023286929082295214,0.006096061759964782
0.0010125023638356072,0.0006394251474569599,0.0019313370266467536,0.0067285165727781985
0.000933586619358309,0.0006191216298355893,0.0018203635247564286,0.006603067898285457
0.002603090874578275,0.0018020922346278342,0.00022749545018512478,0.006251889302793602
0.0024361304397634205,0.001706882377683002,0.00023248162965236355,0.006096192808463707
0.001011967372723685,0.0006380581430207511,0.0019303854053284227,0.006729370507196337
0.0009332412296104818,0.0006179494948053779,0.0018197563293647283,0.006603633881450041
0.0026044004783048378,0.0018002749380427216,0.0002270148013323156,0.0062525459008966385
0.0024376006439779272,0.0017053028098629578,0.00023210241709194066,0.006096383781235985
0.0010114390340223418,0.0006366668964885278,0.0019294217726089557,0.006730265922483558
0.000932907477069353,0.0006167504191139465,0.001819131081682015,0.006604247830354198
0.0026057220237380198,0.0017984242132289185,0.00022653730087160738,0.0062532617582184095
0.0024390788235010763,0.001703686164763657,0.00023173202556348312,0.006096635348338177
0.0010109175590565392,0.000635250851853434,0.0019284512726989824,0.0067312002686567025
0.0009325858422142504,0.0006155229485344572,0.0018184901856223277,0.006604909885380561
0.0026070565471189265,0.0017965419341180121,0.00022606217062464356,0.006254034583131932
0.002440565757839276,0.0017020335221613417,0.00023137005644816873,0.006096946114364019
0.0010104028437839879,0.000633810251144957,0.0019274772470316327,0.006732172563763508
0.0009322760362290773,0.0006142676239600309,0.0018178370290513437,0.006605618829955431
0.0026084056978203595,0.0017946286863760698,0.00022558879684407823,0.0062548625680918625
0.0024420640680361152,0.001700346202525981,0.00023101554247151855,0.006097313247328093
0.0010098945634863152,0.0006323459506659125,0.0019265008347215534,0.006733183437420766
0.0009319772027113534,0.0006129865813165827,0.0018171752168806962,0.006606372553503241
0.002609771481529633,0.001792683761940134,0.00022511683925673348,0.0062557448077732395
0.002443577604062657,0.0016986254146048498,0.0002306672393954352,0.006097733330247074
0.001009392298639401,0.0006308591352965005,0.001925521068088876,0.006734234849475019
0.0009316882080823561,0.0006116828779493432,0.0018165078590944908,0.006607168639646719
0.00261115597515978,0.0017907054099720104,0.0002246462710486962,0.006256681484904476
0.0024451106743768277,0.001696871965552948,0.0002303239355397142,0.006098203223296967
0.0010088956646474717,0.0006293510004183548,0.001924535381486271,0.006735329581409685
0.0009314079502259517,0.0006103597189983276,0.0018158370526508351,0.006608004947849166
0.0026125610652901424,0.0017886912615639996,0.00022417735237742882,0.006257673821835244
0.002446667287002292,0.0016950860863784152,0.000229984715674245,0.006098720768768861
0.0010084044185110265,0.0006278224690318148,0.001923540373810356,0.006736470631092931
0.000931135622508939,0.0006090197494469537,0.001815163632067423,0.006608880067239463
0.0026139882679331525,0.0017866388209481126,0.0002237105509748247,0.0062587238353024295
0.0024482505557782484,0.001693267393379206,0.00022964913216334804,0.006099285214415255
0.0010079185242049182,0.0006262739979961155,0.0019225326413560802,0.006737660647196558
0.000930870885133793,0.0006076645492037289,0.0018144872102470362,0.006609793569690073
0.002615438651751027,0.0017845459138974564,0.00022324643393130557,0.006259833967351487
0.002449862373022399,0.0016914149749772875,0.00022931726113898287,0.00609989730159773
0.0010074381709620167,0.0006247054982172005,0.0019215095022425217,0.006738901511260324
0.0009306139228506613,0.0006062944047346898,0.0018138064616630418,0.006610746035202684
0.002616912865552512,0.0017824110093795276,0.00022278555651051153,0.006261006686713753
0.0024515033758187293,0.0016895275718102419,0.0002289896483072761,0.006100559048019349
0.001006963746307782,0.0006231163706619306,0.0019204694796001165,0.006740194134300573
0.0009303653925576187,0.0006049083671713901,0.001813119560067942,0.006611738872207331
0.0026184112553152335,0.0017802333645194112,0.00022232837061762648,0.006262244142211974
0.0024531731794199957,0.0016876038003415805,0.00022866716948084003,0.006101273302993418
0.0010064957762075746,0.0006215056351098003,0.0019194124776257145,0.006741538482383109
0.0009301262856390288,0.0006035045491165139,0.0018124246641374267,0.006612773996914341
0.002619934031269271,0.0017780129856457333,0.0002218751694192106,0.006263547934910815
0.0024548707943755324,0.001685642369143974,0.00022835084562199218,0.006102043196619653
0.0010060348488420765,0.0006198721124191387,0.001918339652151785,0.006742933797027474
0.0009298977448188875,0.000602080567329437,0.0018117203436798165,0.006613853453275418
0.002621481447883899,0.001775750436790152,0.0002214260740603479,0.006264919041127609
0.0024565951192198434,0.0016836422443696345,0.0002280416559237006,0.006102871609198867
0.001005581539199498,0.0006182146172186566,0.0019172530418043977,0.006744378942378575
0.0009296808781437204,0.0006006340237030145,0.001811005868771415,0.006614979059830582
0.0026230539584426327,0.0017734465527284144,0.00022098105973378007,0.006266357882964421
0.0024583454011199014,0.0016816027358006996,0.00022774038690645516,0.006103760765271836
0.001005136350252586,0.0006165321195503162,0.0019161550644410889,0.006745872792361339
0.0009294766085662272,0.0005991629210169565,0.0018102813185840781,0.006616152152795665
0.002624652315234986,0.0017711021273015529,0.00022054001057388684,0.006267864516446712
0.0024601215726482092,0.0016795234958281908,0.00022744754391568504,0.006104712023388572
0.0010046996800050407,0.0006148238469849689,0.0019150479981156028,0.00674741457424711
0.0009292855853116154,0.000597665936489911,0.0018095475093563506,0.006617373465948347
0.002626277604513181,0.0017687176432294915,0.000220102788177572,0.006269438883503555
0.0024619244135128874,0.0016774044414651363,0.00022716333486086496,0.006105725879710487
0.0010042718179007059,0.000613089314246765,0.0019139335554726918,0.006749004103935752
0.0009291081669888087,0.0005961425156977225,0.0018088057794431404,0.006618643156543762
0.0026279312160223498,0.001766293093304753,0.00021966929824865545,0.006271081069442026
0.002463755525951926,0.0016752456247267641,0.00022688772048372083,0.006106802159936949
0.0010038529675858506,0.0006113282831778456,0.0019128126265079886,0.00675064187752928
0.0009289444711355505,0.0005945927893572508,0.001808057691995329,0.006619960953601178
0.0026296147631140678,0.0017638279186845017,0.0002192395419205792,0.006272791512886423
0.002465617152049701,0.0016730470846257435,0.00022662051258328644,0.006107940338454022
0.0010034432878169904,0.0006095406705983828,0.0019116852224971375,0.006752329018022328
0.0009287944716487821,0.0005930173525521697,0.0018073047275238932,0.006621326383383731
0.002631329976547058,0.0017613210622547102,0.0002188136434797591,0.00627457113011857
0.002467511891611364,0.0016708087133797199,0.0002263614941021949,0.0061091399026015625
0.001003042941298643,0.0006077264291144195,0.001910550608248115,0.0067540671054283075
0.0009286581183584698,0.0005914169688252795,0.0018065480315825515,0.00662273901619039
0.0026330785965800302,0.001758771112248242,0.00021839185217748726,0.006276421339280293
0.0024694423905082022,0.0016685301632847714,0.00022611053398994695,0.00611040068258
0.0010026521406694144,0.0006058854286356345,0.001909407572609338,0.006755857939351105
0.0009285354518555663,0.0005897922690805238,0.0018057882633509873,0.006624198680082011
0.0026348622870928603,0.0017561764954638292,0.0002179745213040389,0.0062783439912132265
0.0024714110685784764,0.0016662108087925908,0.0002258676740541061,0.006111723082183598
0.0010022711830458529,0.000604017362658172,0.0019082547651299,0.006757703291464155
0.0009284266908130678,0.0005881435083379288,0.0018050255656827184,0.006625705601138209
0.00263668258645283,0.0017535356739008952,0.00021756207219027416,0.006280341232762369
0.002473419939071278,0.0016638497651146264,0.00022563317366995172,0.006113108174223593
0.0010019004681472111,0.0006021216949439219,0.0019070910211182702,0.006759604700443557
0.0009283322778088372,0.0005864704231550081,0.0018042596485396225,0.006627260449258185
0.0026385409011574303,0.0017508473034891258,0.00021715495282389956,0.006282415339829092
0.0024754705461822557,0.0016614459528822355,0.00022540750871067727,0.006114557657213667
0.0010015404987047524,0.0006001976522994848,0.0019059156092053311,0.0067615633474407775
0.000928252879733152,0.0005847722068356722,0.0018034899555754032,0.006628864290977259
0.0026404385391669994,0.0017481103260247267,0.00021675360066119445,0.006284568558882285
0.0024775640205007216,0.0016589981895232533,0.00022519133086516235,0.006116073698506596
0.0010011918659038558,0.0005982442587346657,0.0019047283591435353,0.0067635800288252295
0.0009281893487363075,0.0005830475930722491,0.0018027158695453874,0.006630518470221556
0.0026423767713801166,0.001745323982761037,0.00021635841714532657,0.006286802990366826
0.0024797012271139734,0.0016565052848335996,0.00022498540104957883,0.006117658710886251
0.0010008552250672148,0.0005962603983067382,0.0019035296571347153,0.006765655220771376
0.0009281426572037579,0.000581295016877147,0.0018019369086123282,0.0066322244504184
0.0026443569061178206,0.0017424877557401502,0.00021596975797831503,0.00628912053464404
0.002481882964941633,0.0016539661196788968,0.0002247905143507758,0.006119315118046122
0.0010005312682152053,0.00059424488978818,0.0019023203254939542,0.00676778921188835
0.0009281138238744223,0.0005795128096277009,0.0018011528735215952,0.006633983656220407
0.0026463803602661405,0.0017396012571980156,0.0002155879394491875,0.006291522905530389
0.002484110170505365,0.0016513796925433743,0.00022460743356828667,0.006121045160412841
0.0010002206999210179,0.0005921965556693503,0.001901101425464032,0.006769982268216952
0.0009281038481197063,0.0005776993826001244,0.001800363919879989,0.0066357973487304
0.0026484487134776145,0.0017366640961954062,0.00021521325768764557,0.006294011702258069
0.002486384083186229,0.0016487451273822303,0.0002244368446545258,0.0061228507793287135
0.0009999242213937023,0.0005901142714975346,0.001899874033854571,0.006772234792113287
0.0009281136656731923,0.0005758533612142162,0.0017995705487001815,0.006637666557166385
0.0026505637374524883,0.0017336757529979425,0.0002148460153706236,0.006296588518830167
0.002488706342775001,0.001646061645016375,0.00022427934118906707,0.006124733596128802
0.0009996425254105916,0.0005879969872759507,0.0018986390442405968,0.006774547442109274
0.0009281441330487604,0.0005739736470207669,0.0017987735267120167,0.006639592075588172
0.002652727397845308,0.001730635486773259,0.00021448654963570447,0.006299255064280787
0.0024910790073494385,0.001643328508008918,0.0002241354381000574,0.006126694981059317
0.0009993763022964495,0.0005858437194662549,0.001897397032513299,0.00677692119247666
0.0009281960410678218,0.0005720594022414129,0.0017979737616196107,0.006641574518113498
0.0026549418329945454,0.0017275422923685637,0.00021413525542750042,0.006302013267820506
0.002493504497951803,0.0016405449537113636,0.00022400560871045972,0.006128736188260459
0.0009991262547176516,0.0005836535184876697,0.0018961482087687187,0.006779357326481795
0.0009282701518032485,0.0005701099687770372,0.001797172164658089,0.006643614414240691
0.0026572093177274713,0.001724394909744523,0.00021379260028885332,0.00630486534882174
0.0024959854915052224,0.0016377101311247622,0.00022389033495562506,0.006130858521162086
0.0009988931177633005,0.0005814254211336585,0.0018948924567001861,0.006781857372018979
0.0009283672489773875,0.0005681247462124053,0.0017963695322962571,0.0066457123191318
0.0026595322227003083,0.0017211918780133159,0.00021345912899759499,0.006307813841290244
0.002498524791942133,0.0016348230548564112,0.00022379015904514822,0.0061330634900035545
0.0009986776800658766,0.0005791583993300818,0.0018936294429476928,0.006784422999815494
0.0009284881902290974,0.0005661030593028309,0.0017955664714567549,0.00664786891301474
0.002661912979762428,0.0017179316173825553,0.00021313545882129968,0.006310861573363599
0.002501125211078471,0.001631882584344953,0.00022370572592532475,0.006135352928832228
0.0009984808021613974,0.0005768513160962505,0.001892358765674445,0.006787055910270831
0.0009286339506599841,0.0005640440442809978,0.001794763380747308,0.006650085068908853
0.0026643540610490775,0.0017146125180318935,0.0002128222682072725,0.006314011612351071
0.002503789485235932,0.0016288874301616644,0.00022363780912979583,0.006137729051533205
0.0009983034293574238,0.0005745028966589109,0.0018910801064956015,0.00678975773485036
0.0009288056501771122,0.000561946575977084,0.0017939604867326024,0.006652361876959559
0.0026668579760891395,0.0017112330156387405,0.00021252028280898625,0.006317267192081569
0.0025065202430997638,0.0016258361830363132,0.00022358731707577463,0.006140194441941474
0.0009981465979076523,0.0005721117185447746,0.0018897933529200342,0.006792529972078196
0.0009290045615439009,0.0005598092464801405,0.0017931579222859868,0.006654700624409692
0.002669427286932496,0.001707791638274621,0.00021223026291101888,0.00632063164186585
0.0025093200277537795,0.001622727356616587,0.00022355528147256236,0.006142751988200578
0.0009980114349085263,0.0005696762198941555,0.0018884986683378754,0.006795373968492592
0.000929232100597577,0.0005576303936026674,0.0017923558260967223,0.006657102740108343
0.0026720646375015204,0.0017042870172741492,0.00021195299555523437,0.006324108334111038
0.0025121913637636537,0.0016195594328513468,0.00022354283324144293,0.006145404782875787
0.0009978991535803628,0.0005671947213775176,0.0018871965003672158,0.0067982909440823915
0.000929489803884327,0.0005554081666904503,0.0017915544397219462,0.006659569719433084
0.0026747727910363048,0.0017007178632747145,0.0002116892932677389,0.006327700661951858
0.002515136851322938,0.0016163308993242679,0.00022355117358230223,0.006148156015954985
0.0009978110464790824,0.0005646654547395412,0.0018858875330689511,0.006801282051865963
0.000929779301129239,0.0005531406104429299,0.0017907541816148786,0.00666210304838339
0.002677554668498574,0.0016970829162244183,0.00021143999965981386,0.006331412050498014
0.0025181592657991816,0.0016130402706923746,0.00022358154803798146,0.0061510088868419275
0.0009977484793190785,0.0005620865902462757,0.0018845726003273076,0.006804348454598978
0.0009301022904162929,0.0005508257453910805,0.0017899556845756284,0.006664704143771086
0.0026804133816110266,0.0016933808831431645,0.00021120600063772256,0.006335245997695707
0.0025212616419371093,0.0016096860908432803,0.00022363523002893914,0.0061539665548885954
0.0009977128877071606,0.0005594562564571663,0.0018832525847632346,0.006807491399417459
0.0009304605225465813,0.0005484616266481631,0.0017891597927734031,0.00666737432118811
0.002683352256177277,0.001689610378780859,0.00021098823892123808,0.0063392061344077185
0.0025244473278389253,0.0016062669170236674,0.00022371351755765963,0.006157032137392658
0.0009977057783001932,0.0005567725481779784,0.0018819283276202885,0.006810712273362625
0.0009308557984206107,0.0005460463693385252,0.0017883675242519254,0.006670114794905367
0.0026863748440392843,0.001685769882253719,0.00021078772919559552,0.006343296290045106
0.0025277200022021575,0.0016027812913488296,0.00022381774358099389,0.0061602087524185705
0.000997728734823393,0.0005540335213832446,0.0018806005701237402,0.006814012628642142
0.0009312899800899243,0.000543578137670913,0.001787580012132731,0.006672926706025838
0.002689484924858026,0.0016818577180541488,0.0002106055714342768,0.006347520550196687
0.002531083657312398,0.0015992277075914728,0.00022394929750711284,0.00616349959402084
0.0009977834283927828,0.0005512371770215391,0.0018792699380922456,0.006817394174174325
0.0009317650130970229,0.0005410551031936825,0.0017867984417492685,0.006675811168914357
0.0026926865012325465,0.0016778720634563502,0.00021044296077098824,0.006351883295701989
0.0025345425580950436,0.0015956045816258545,0.0002241096531301442,0.006166908020869579
0.000997871630859738,0.000548381437706164,0.0018779369706651936,0.006820858737978367
0.0009322829555577869,0.0005384753841648683,0.0017860240005263136,0.0066787693224989175
0.00269598379161042,0.0016738109783678641,0.0002103011933807127,0.006356389218031324
0.002538101191782747,0.0015919102324402227,0.00022430039751043963,0.006170437638201899
0.0009979952294610498,0.0005454641225108275,0.0018766021841473328,0.0068244082111428945
0.0009328460085013014,0.0005358369810337522,0.0017852578531157692,0.006681802372955854
0.002699381226028161,0.0016696724488607343,0.00021018166892042918,0.0063610433116578925
0.002541764224021762,0.00158814287762586,0.000224523255721931,0.006174092356191945
0.000998156241106012,0.0005424829248571825,0.0018752661548178935,0.006828044487240499
0.0009334565423436102,0.0005331377224946279,0.0017845011475802147,0.0066849116173646915
0.0027028834483595796,0.0016654544334715091,0.0002100858909576853,0.006365850849781829
0.0025455364742180448,0.001584300643655028,0.00022478010800889604,0.006177876415055942
0.000998356824997634,0.0005394353972407176,0.0018739296017633085,0.006831769410805107
0.0009341171159861499,0.000530375232582434,0.0017837550506342693,0.0066880984431423015
0.0027064953274223316,0.0016611549017704944,0.00021001546721800523,0.00637081735302313
0.0025494229173250523,0.0015803815878133313,0.00022507299815951806,0.006181794375928314
0.000998599292906815,0.0005363189445856041,0.0018725934528335173,0.006835584745031637
0.0009348304870824475,0.0005275469234413212,0.0017830208036624176,0.006691364304209432
0.0027102219770663845,0.0016567718575667058,0.00020997211146957576,0.006375948561719792
0.002553428713045463,0.0015763837262276828,0.00022540413414149203,0.006185851084769374
0.0009988861170902809,0.0005331308258461971,0.001871258882284524,0.006839492163230975
0.0009355996144419508,0.0005246500118606364,0.0017822997868670695,0.006694710680061602
0.00271406878370598,0.0016523033436796892,0.00020995764836771692,0.0063812504209343045
0.0025575592566742657,0.001572305061639257,0.00022577588397558297,0.006190051622798866
0.0009992199364780032,0.0005298681616564449,0.001869927316778391,0.006843493262285015
0.0009364276553520725,0.0005216815522320256,0.0017815935783329984,0.006698139027368809
0.002718041438611943,0.0016477474299382417,0.00020997402185737792,0.006386729083377644
0.0025618202418480197,0.0015681436052686086,0.00022619077073515642,0.0061944012588477535
0.000999603562141632,0.0005265279447089709,0.0018686004144509625,0.006847589591013313
0.0009373179616655289,0.000518638475439524,0.0017809039973485819,0.0067016507345453655
0.0027221459714797027,0.0016431021902841186,0.00021002330696303544,0.0063923909309711174
0.0025662177236082744,0.0015638973892812746,0.00022665147062825503,0.0061989054176990015
0.0010000399832541188,0.0005231070492921982,0.0018672800281778709,0.006851782682942703
0.0009382740785643198,0.0005155176227119863,0.001780233126237948,0.0067052470877758345
0.0027263887824114075,0.0016383656772760665,0.00021010772411532213,0.006398242611015706
0.002570758171416527,0.0015595644692775812,0.00022716081711773742,0.006203569673288367
0.0010005323745361358,0.0005196022370625927,0.0018659681675259872,0.0068560740824557655
0.0009392997490460406,0.0005123157657658095,0.0017795833110893675,0.006708929253228589
0.002730776670205256,0.0016335359025464197,0.00021022965484075173,0.006404291079816471
0.0025754485054808145,0.001555142919061425,0.0002277218125622524,0.0062083997689611845
0.0010010841059280816,0.0005160101574199707,0.0018646669734178238,0.006860465355382393
0.0009403989255868118,0.0005090296088116924,0.001778957147463366,0.006712698275351961
0.002735316856292623,0.0016286108300694574,0.0002103916575886834,0.006410543645126744
0.002580296114627921,0.0015506308221818386,0.00022833764704693776,0.006213401659909029
0.0010016987547050652,0.0005123273423446833,0.0018633787157932766,0.006864958079177549
0.0009415757887856498,0.0005056557728998086,0.0017783574608830157,0.00671655508660334
0.0027400170048086127,0.0016235883858394193,0.00021059648284742203,0.006417007999881176
0.0025853088587426327,0.0015460262657355872,0.00022901172263116803,0.006218581567816227
0.0010023801197754452,0.0005085501970644519,0.0018621058185489595,0.006869553813027558
0.000942834771104213,0.000502190767569045,0.0017777872930943711,0.006720500521042838
0.0027448852406515727,0.0016184664836431367,0.0002108470871406457,0.006423692242050437
0.002590495062812197,0.0015413273414208236,0.00022974768029298694,0.006223946035066928
0.001003132237519725,0.0005046749888961498,0.0018608509095295548,0.006874254052604769
0.0009441805829055197,0.0004986309576919543,0.0017772499034196193,0.006724535323174031
0.00274993016749119,0.0016132430632694323,0.00021114664615137253,0.006430604879610238
0.002595863511156701,0.0015365321573316071,0.0002305494266747004,0.006229501967057044
0.0010039593983033992,0.0005006978369801892,0.0018596168876411166,0.006879060177342006
0.0009456182376905188,0.0004949725340568801,0.0017767487904532526,0.006728660144737074
0.002755160888193438,0.0016079161352196617,0.00021149856760172114,0.006437754823137476
0.002601423449824111,0.0015316388615690298,0.0002314211583444115,0.006235256654816083
0.00100486616270715,0.0004966147054212245,0.0018584069961407315,0.006883973398895379
0.0009471530739723393,0.0004912114948950915,0.001776287734416978,0.006732875525191887
0.0027605870290886066,0.0016024838255051734,0.00021190650483855254,0.006445151371551704
0.0026071846026697945,0.0015266456763139492,0.00023236738237748718,0.006241217775678367
0.00100585737667508,0.000492421401539073,0.0018572248910687925,0.006888994717878289
0.0009487907722087269,0.00048734364234824816,0.0017758708556275663,0.006737181855728874
0.002766145161719403,0.0015969369436342658,0.00021238427755023554,0.006452744614019744
0.0026130305588227347,0.0015215162094223606,0.00023342155512729153,0.006247315093343574
0.0010069368361199347,0.0004881729996716618,0.0018561900965196245,0.006894198911030697
0.00095053548268181,0.00048341049532334184,0.0017755833517615926,0.006741656212628991
0.0027716969700161847,0.0015912064971699547,0.00021294945250039375,0.00646028173085553
0.002618787935975208,0.0015161411387218887,0.00023462675757462777,0.006253362511671114
0.0010081124761955448,0.0004840040479464132,0.0018554888263703003,0.0068996370937271425
0.0009523897603909965,0.00047951650021181645,0.0017754927720863528,0.006746385367266507
0.002777227502192156,0.0015852395406719228,0.00021358066518323044,0.006467543418413086
0.002624492436673967,0.0015104657092443934,0.00023596141048031478,0.0062593026983536705
0.0010093744315840104,0.0004800516837897284,0.0018550961211135596,0.006905155747210805
0.0009543483495552486,0.00047577557330981244,0.0017754785504554428,0.006751235608124501
0.0027829731102653617,0.0015790994901724873,0.00021420426855262725,0.006474594181590918
0.0026303897402175694,0.0015045883565492021,0.00023733862494674347,0.006265213330240925
0.0010106663274631151,0.0004764127324682611,0.0018548197244724002,0.006910563636890472
0.0009563510544019849,0.000472308015926243,0.0017754367568214627,0.00675596330472861
0.002789183645828683,0.001572872980686968,0.00021476415941841124,0.006481565724915629
0.0026367550484640567,0.0014986623798380317,0.00023866982687272253,0.006271071726450077
0.000970011257601992,0.00044927444772717743,0.001746334053955861,0.006818585162409606
0.0009365997218544424,0.00045387102434256806,0.0017062637775335223,0.006675129751984632
0.002682868384751159,0.0015148492538544463,0.0002389416036465977,0.0063635541402583705
0.0024559425274462607,0.0014107727352692932,0.00029387850241800615,0.006106735649252895
0.0009856725582592706,0.000512859677750992,0.0019441408589935738,0.006969778327557482
0.0009391195383532386,0.0005122295710664697,0.001873369780655749,0.006848882220350109
0.0025072946394484974,0.0013982938137238135,0.0002824610845168327,0.006137759695443759
0.0023353146588826297,0.0012731987604649936,0.00033365310077213234,0.005996284365125869
0.0010287265840097845,0.0005991298071897897,0.0020390509666281045,0.006905673964838194
0.000987236681728956,0.0005446010325600243,0.0017969541250617794,0.006806128447810408
0.002672950762394944,0.0014345597205827532,0.0002164153236272997,0.006143443533249156
0.0024575439788511798,0.0013328458958495697,0.0002734437343246079,0.006116037302861838
0.0009816161820393502,0.0006944283608686997,0.0019123280977992635,0.00674670490085673
0.0009542604851269625,0.0006369644302460971,0.0016992204961876933,0.006638699690389875
0.0029391100390775775,0.001484727529439685,0.00014995488083335384,0.006271048057084926
0.002810254390697188,0.001419644868312669,0.00017224466013819446,0.006106150620117845
0.0009671403821063041,0.0006689477355418839,0.001725943281641259,0.006678018603438631
0.0008985406232127624,0.0006921382483579173,0.0016745995219008681,0.006541352180468066
0.0028439633473812086,0.001538156057034672,0.0001722064219048548,0.0063298077720466235
0.002650296991165838,0.0014935442692449283,0.0002068666076052795,0.006006265908567995
0.0008992778722021053,0.0007078667570737201,0.0017905711144029191,0.006826815915329934
0.0008384436297341247,0.0007410323099686711,0.001818198564853932,0.006582169067058353
0.00275875523180499,0.0014719968209599438,0.0002004697886340117,0.006136916778867993
0.00262303735074854,0.0014379912810444668,0.00022021895112893402,0.005868407311131885
0.0009086095812910183,0.0007150302817512719,0.0018572229643454645,0.006866544356768585
0.0008364389514282693,0.0007521135731049913,0.0018299138240874774,0.006655188451581166
0.002622607218061099,0.0014824153519239496,0.0002229516113910336,0.006170277291732555
0.0024988679585174183,0.0014215383729461169,0.00024110771945148055,0.005943210654432077
0.0009392217451582352,0.000727447464732987,0.001827013511549699,0.006788084914950874
0.0009060909560981594,0.0007062840331998338,0.0017149638052963898,0.006583533967028972
0.0028218376001017766,0.0014832354797723643,0.00016406666797880002,0.006215644245572855
0.0026396538206793154,0.001431685863447177,0.00019579459037837,0.006084165983060189
0.0009454668517488142,0.0007351836195827162,0.0017640412560239265,0.006696770210393807
0.000899965453163829,0.000722005022959827,0.001675799675447258,0.006548491605617625
0.0028270025920607493,0.0015158970381921864,0.00015727143747489263,0.006302637594437584
0.002699644798837507,0.0014546750224034228,0.0001786538697806948,0.006091942641202807
0.0009619737354564668,0.0006810795322438074,0.0017521030377226027,0.006669777936914439
0.0008994431552501918,0.0006783523468535257,0.0016932739020036913,0.00654299611440161
0.0027235965218541,0.0015433264468207176,0.00018018365855182296,0.0062401580111145685
0.002521168224732906,0.0014790330045728033,0.00022332186514032446,0.0060482475417789755
0.000924476584067979,0.0006935823169618696,0.0018656992813175575,0.006728597759767266
0.0008751948121132638,0.0006668082787557916,0.0017795778570527554,0.006592307870284783
0.0026864397484457647,0.0015406726829037321,0.00019097335895440815,0.006110282992009099
0.0025189944457620953,0.0014591913652163642,0.00022831791936433525,0.005978160969742843
0.0009331915747602702,0.0006838326279034674,0.0019233733685715625,0.006702358246088537
0.000878855473787769,0.0006578698562277251,0.0017881563553197736,0.00660635346112295
0.00264672439886009,0.0015688112793532023,0.0001930658486761237,0.0061262725441556904
0.002482848538132945,0.0014750410370134844,0.00023078600005933784,0.006024451972431125
0.0009420443164255268,0.0006935844394655919,0.0019080723512939904,0.006652549053265637
0.0009064392557336017,0.0006480677416694468,0.001749033241667469,0.006548173402717507
0.0027675121615066585,0.0015706343221958939,0.00016183234443877044,0.006133515584182782
0.002590550306487526,0.0014857439019601959,0.0001979095547624831,0.006034414865756685
0.0009469293250629482,0.0006946780560123428,0.0018681579398655737,0.006614033065991426
0.000897018794135032,0.0006706595526980025,0.001747689515196516,0.006515950589460558
0.0027591339530202903,0.001583583846251045,0.0001621983058425676,0.006170235998053351
0.002608264155428952,0.0015067821184884948,0.0001916608835421381,0.006003591663150278
0.0009462130899685027,0.000683939733520919,0.0018615118015170061,0.006630727045076119
0.0008886035303204733,0.000675121160555616,0.0017823013766553636,0.006502487265750245
0.0027299809634936285,0.0015750858745506196,0.00017178358147047746,0.006118400837189128
0.002564195936514862,0.001511504125310166,0.00020394497538282454,0.005946223337059511
0.0009292487639506608,0.0006979026433650174,0.0018968379284627932,0.006670485310557814
0.0008696911777387745,0.0006948896534138947,0.001827903207352064,0.006517136919917207
0.0027127247861038224,0.001563872220626356,0.00017822397268094117,0.006081307821065484
0.00258525968377316,0.0015066267636558149,0.00020017578251585908,0.005912192213451206
0.0009325079222224347,0.0006930631578060054,0.0018822287642410404,0.006668824541827953
0.0008719549789716501,0.0006972668072204559,0.0018121073052091508,0.006507166290320439
0.0027287746653579495,0.0015650869604257372,0.0001740036305581029,0.0061099542494809445
0.002604458041537624,0.0015161444669481716,0.00019291460955887227,0.005940947754927784
0.0009345321924678993,0.0006898616392233783,0.0018369863196842846,0.0066621594809812695
0.0008796706533339441,0.0006955040814978991,0.0017822637914470152,0.006481452004226902
0.002769072043650719,0.0015564077775809479,0.00016633201203620037,0.006131981697047191
0.00263835918059449,0.0015109498881495827,0.00018408767468616736,0.00593568802420816
0.0009400497762774751,0.0006846868469521189,0.0018224991466180194,0.006673135507799304
0.0008773557354312401,0.0007020434562886052,0.0017923608782471961,0.006489898135541949
0.002742132248619548,0.0015432600811730519,0.00017362235376610502,0.006132332217965402
0.002623529353452938,0.0015011703770839591,0.00018871142765392726,0.005925968733647829
0.0009425078813968033,0.0006749414745432892,0.0018226188135070788,0.006685734466104179
0.0008793878426232157,0.0006890418053800775,0.0017880442620016395,0.006501671553560541
0.0027346009601935378,0.0015403949284366475,0.00017709338903113448,0.006126423684587975
0.0026083261246712466,0.0014976444143891567,0.00019368641116088807,0.005934576536031158
0.000939249933809303,0.0006668161589176889,0.001820481473728643,0.006687424356735111
0.0008801776765698785,0.0006736196400304501,0.0017744720896946664,0.006509134023101272
0.002744264183231786,0.001543171928611683,0.00017658748264533106,0.006130703270105254
0.0026154958437646105,0.0014938391790130837,0.0001933599009111963,0.005942877557745971
0.000941928115494965,0.0006529371564659943,0.0018154514533380564,0.006680771399881662
0.0008841866380842871,0.0006567816145870922,0.0017629758907142053,0.006516191906895253
0.002738495508206182,0.001545020356847063,0.0001785130773970231,0.006136803884219099
0.0026003642289537405,0.0014882415438023826,0.00019832297773668097,0.005953604554634907
0.0009447049584237109,0.0006448167220562123,0.00182469892092703,0.006680957053216386
0.000889984289465017,0.0006419297954439276,0.0017618382460804077,0.0065268481635909386
0.0027373687846669894,0.001541067777999196,0.00017944507854786548,0.006126468915165958
0.00259360255735877,0.0014775072192335062,0.00020180284923163074,0.005955327835795059
0.000948379188746796,0.000638438990919275,0.001836893964276032,0.006675640647778168
0.0008943609991078982,0.0006301828256315497,0.0017600331331278848,0.0065367676525299526
0.002737634653503305,0.0015426000270406242,0.00017953528152297207,0.006125691042943968
0.002593397734486061,0.001473875833994983,0.0002032549817512827,0.005964356572866283
0.0009506356921303961,0.0006306888608552338,0.0018391142063311015,0.00666529244282346
0.0008989903949169426,0.0006174265930991124,0.0017523532628104133,0.006535353992540264
0.0027476265481213885,0.0015462662868236698,0.00017799717127448523,0.006124936006834904
0.0025939153043509936,0.0014734790685634882,0.00020459110176591891,0.0059657662675027
0.0009493998760486049,0.0006282597693523001,0.001847974396379711,0.0066640637488415925
0.000898132407194148,0.0006139478139299024,0.0017602192276093493,0.006537523785950479
0.002751510853587751,0.001544117898156575,0.0001784317947614003,0.006113891696473561
0.0026008043933859856,0.0014701285462129648,0.00020484634433464,0.005954373123683509
0.0009088125760009641,0.0005894320053029541,0.001738491450131519,0.006590020293897642
0.0008758921743231658,0.0005858352202119814,0.0016877084731394929,0.00647364461209986
0.0026394061975794497,0.001490782387933044,0.00020442430504107482,0.006026044542598479
0.0024151792408809622,0.0013896643591066128,0.0002584293564160074,0.005830951443467626
0.0009209830128416508,0.0006614144891660398,0.001931222952714198,0.006675368014504609
0.0008791991907716488,0.0006458729774364102,0.0018408729474415114,0.006570803722761505
0.0025317080267547865,0.0014036887068374355,0.00022960887488833549,0.005877102814082366
0.002355522320335894,0.0012948441272416851,0.0002772946421463209,0.005790449543851072
0.0009522322167486249,0.0007144458968611979,0.0019606227278632605,0.0065690777403359935
0.0009248524664303527,0.0006388823918593128,0.0017143827188050987,0.006495713703096992
0.002759826058602629,0.001478959060544025,0.0001615516892160964,0.005964618095947941
0.0025477700950107735,0.00139707057974099,0.0002069226645090156,0.0059318148757639185
0.000914647892534016,0.0007454662195619018,0.0018066169278861432,0.006504267285177845
0.0008977823504800877,0.0006953643610118344,0.0016640069150388678,0.00640457041941439
0.0028640203821668725,0.0014905955504393943,0.0001411391845562319,0.005988462073335389
0.00268252134115774,0.0014062778486692207,0.00017618307936160467,0.005767587967636054
0.0009063928039534296,0.0007552580938815684,0.0018460089446880686,0.006547788152817101
0.0008327396568014077,0.0007857432004807497,0.0018273412351349771,0.006430562573877263
0.002624765774283351,0.0014575308585670441,0.00019848057799352214,0.005894517688065279
0.0024756502215984564,0.001396007552803096,0.00022998673980932248,0.00568522470326555
0.0008857481457556826,0.0007757653544866306,0.001878407635090431,0.00654307880857515
0.0008496447403647541,0.0007409358696556023,0.0017536129493995,0.006374172870096463
0.002803766994738136,0.0015100472849595079,0.0001548631415790891,0.0058862768374259265
0.00258285013703771,0.001471981796469869,0.00019485119718251338,0.005755572753911318
0.0008482782520252144,0.0008027806382646484,0.0018140238506015969,0.006539218078675323
0.0008152967179022556,0.0008032461207961267,0.0017739932721816416,0.006343057116060378
0.0028330944454097035,0.0014939844414516743,0.00014871183926216366,0.005930064025561846
0.0027365548935100845,0.001450675299296108,0.00015951581845629714,0.005668824114557699
0.0008982250133718499,0.0007530234739386198,0.0017913851653722323,0.0065439754921794895
0.0008247041379373542,0.0008171181068159101,0.0018292991840590863,0.006356876782531816
0.0026448734022033807,0.0014619714290848825,0.000186774442421813,0.005951570118548162
0.002522436086483945,0.0014296992670455864,0.00020567830897582948,0.005696525361753489
0.000904149618906407,0.0007559822988754275,0.0018034219848319251,0.006545782394530622
0.000865496834552695,0.0007527671831435351,0.001760438673400169,0.0063240878345139475
0.0027773141270735113,0.0014720365265848312,0.0001554678832347134,0.005927760208974723
0.0025843031398240803,0.0014450397444205768,0.00018755667025925445,0.005732352745763432
0.0008874956949815922,0.000773744267347242,0.001814273421456593,0.006551009773267851
0.0008341964605571577,0.0007946802328296604,0.0018094987314147353,0.006347916004320579
0.002738655764197953,0.0014650141081017916,0.00016376535109601287,0.00593359260771441
0.002659667331190102,0.0014327681476661352,0.00017191872796159038,0.005691386058463055
0.0009128620659959365,0.0007286783116833238,0.0017970219821238397,0.006537959751969207
0.0008418254776412213,0.0007693247264617347,0.001801562392465434,0.0063583981684076476
0.002650725680548223,0.0014735362326264124,0.0001814033991057033,0.005944044844500245
0.002517680008744859,0.0014403773566622371,0.00020301074971391025,0.005730502612540508
0.0008979922507756045,0.0007412427282482738,0.0018110445143025883,0.0065429913656413
0.0008537694101285602,0.0007381344135829544,0.0017666383009847927,0.006344774156149047
0.002744325083904497,0.0014771973669301215,0.00016135772781357391,0.0059027806387627075
0.0025866457143546265,0.0014389098544706016,0.00018683918277212803,0.005727721899253131
0.0008929491339606013,0.0007536574503021439,0.0018257730605734093,0.006540336138211959
0.0008342367494136418,0.0007723002770936924,0.0018012151070559668,0.006372650047067463
0.0026906305773221387,0.0014711034273778133,0.00017126209290066637,0.005912684734483241
0.0026037590689975665,0.0014260257304442518,0.0001828193480577914,0.005720818660122196
0.0009123047708962484,0.000731678296775785,0.0018038942735289342,0.006519565719080659
0.0008533214076619444,0.000744588503479154,0.001760956153388535,0.006364630099867104
0.0026859472945962894,0.00147864951616691,0.00016971530864332514,0.005919512947732692
0.002537508652745506,0.0014308519157470313,0.00019567417170484694,0.005756816701281426
0.0008993888377548066,0.0007578580053223415,0.0018200117155978308,0.006525365089855575
0.0008517392327954298,0.0007508059523735779,0.001761826298866936,0.006365578236664537
0.002733513463949309,0.0014694592171356543,0.00016008205140657087,0.005881353539418286
0.002606349557555152,0.001417169669482895,0.00018128795721859085,0.005731997882751228
0.0009059068622880649,0.0007523594585848494,0.0018173867500495295,0.006503098370951789
0.0008460896482274305,0.0007554791313616651,0.0017566868851886502,0.006375029848350515
0.002697729123650337,0.0014866860599241282,0.00016522207626436694,0.005904876502490473
0.002577145118488233,0.0014322093987035268,0.00018603440223202908,0.005756496346192154
0.000902286029875266,0.0007462732409822022,0.001802608961616656,0.006492910978170281
0.0008539397107653106,0.0007336668695365943,0.0017315344974357912,0.006356546097933601
0.0027325605175962868,0.0014912023305614873,0.00015846099904229987,0.005880041991470343
0.0025735004149381835,0.0014319748961404341,0.00018736209324767943,0.0057427268857448
0.0008948623609798507,0.000760197377982595,0.0018324877215395961,0.0064984701506678065
0.0008422939603735143,0.0007506172553291439,0.0017650306108793336,0.006371231927839532
0.0027098979466343045,0.0014858580155630572,0.0001630662606363162,0.005857790985088363
0.002584460741074209,0.0014222935304475874,0.00018514630271953395,0.0057201478283198815
0.0009034360139327217,0.0007503513890060691,0.0018317654624066557,0.0064811191059886645
0.0008499268476872819,0.0007381762496970075,0.0017495186302285872,0.006365664908198067
0.0027129466942329185,0.001497141651207989,0.0001604558710390631,0.00586904388767115
0.0025708690147495726,0.001434229269404254,0.00018629965503979938,0.00574652920329896
0.0009002201792314299,0.0007513989155193313,0.001821994914860881,0.006471411996454579
0.0008542083024957815,0.0007302827898499192,0.0017373784314317071,0.006349473381513457
0.0027463655224645614,0.0014982995610108348,0.00015378421870281607,0.005858182393599568
0.0025966072714122953,0.0014320339281916337,0.000180310104602967,0.005724019461346801
0.0009020315961859759,0.0007503199447598889,0.001832525814338696,0.006468991263010459
0.0008481237716075687,0.0007391988179346869,0.0017601476440745356,0.00635413883937277
0.002719532432226415,0.0014973494319541628,0.00015922510423478978,0.005851340484971406
0.002586846961741186,0.0014330098177247044,0.00018281789213947045,0.0057144812035594865
0.0009032132589998485,0.0007437320923893935,0.001833568954643672,0.006464952101314992
0.0008511914841111928,0.0007293521989259729,0.0017560141670077834,0.006345998303511213
0.0027281124589521428,0.0015013048207221397,0.00015763512619374465,0.005844816281725036
0.002583440824064089,0.0014383048255612377,0.00018343523679997546,0.005713842535203101
0.0008997197937784361,0.0007453493568419007,0.001836093896793636,0.00646459388188792
0.0008490022039790439,0.0007313162584684646,0.0017621543587797545,0.006340596227981473
0.002738776635617996,0.001499528682505249,0.00015603341061648605,0.005837720537821656
0.002604237002475246,0.0014372284676883412,0.00017890132587537958,0.005698127510947047
0.0009030348847626604,0.0007388158884053237,0.0018313918501233859,0.006460525517311612
0.0008490908822773273,0.0007312950041894495,0.0017648821489533524,0.006336257087730263
0.002731137022180114,0.0014994182976698354,0.00015763046419349047,0.005842695679381188
0.002598551813877557,0.001440044548474322,0.00018012728396737506,0.005698771436733198
0.00090318011000996,0.0007364560765913086,0.0018281739092152636,0.006462667954080063
0.0008509332587092699,0.0007289067858556796,0.0017659860664856323,0.006329214301923606
0.002740745370388308,0.0014946040122422715,0.00015651186314712698,0.00583489702323111
0.0026064795922877185,0.0014374442715792252,0.00017882757916957718,0.005687922068905707
0.0009035626631941654,0.0007356489387370861,0.001829101894591463,0.006464815875641862
0.0008489726043474029,0.0007325837221033915,0.0017731199381418043,0.006328747841167416
0.0027384922088690452,0.0014911553320287338,0.0001575647851223671,0.005835268720851552
0.0026152757381722367,0.0014369388159158542,0.00017719249700364747,0.005682940425024376
0.0008670860701415775,0.0006807394568674351,0.0017010119084341375,0.006411085669689551
0.0008308686915635817,0.0006894814601416133,0.001685563935146191,0.006277597999000545
0.002626164963490012,0.0014363473395158496,0.00018347101891333617,0.005776498624184239
0.0024159169991084506,0.001355052512842894,0.00022970852540763856,0.005580790629099368
0.0008791475672068672,0.0007423259743293062,0.0018626557105918516,0.006443342675881913
0.0008416308969670373,0.0007213787364394844,0.001782871906491778,0.0063155196269630495
0.0026095817862229792,0.001391360470067267,0.00018544453128558667,0.005690238549903572
0.0024313473555855423,0.0013197788049459588,0.00022429589854345436,0.005602299089631679
0.0008933895363964464,0.0007578203645666738,0.0018322237742791146,0.006370966098554966
0.0008701017488815657,0.000703061795752242,0.0016788260895638123,0.006279367028655734
0.0027338732895222165,0.0014432645746701972,0.0001504104360031251,0.005772746029892483
0.0025448203167465796,0.0013692287062903466,0.00018775015749989026,0.005649727361360767
0.0008881283688687037,0.0007654399147825682,0.0017827036791288311,0.006367430942525147
0.0008533919199307156,0.0007455567603176394,0.001714765359492861,0.006252524330381049
0.0027145084699802488,0.0014157836895394226,0.0001573518575566282,0.005725337981181053
0.002537717803386148,0.0013430241041385385,0.00019376986588762895,0.005541319281810314
0.0008834122798972852,0.0007837598339070377,0.0018393270396768432,0.006374161023315381
0.000829372898599575,0.0007776309557641,0.0017743551059328044,0.0062569931128020366
0.0026566537459837276,0.0014248841526323989,0.00017081891872976782,0.005692483605812625
0.002488717308465711,0.0013704954869024838,0.0002045280445936152,0.0055444363412463175
0.0008625223237780103,0.0007869949923213043,0.0018054143957544426,0.006353915282657515
0.0008353145581621832,0.00075278041110828,0.0017083203198200326,0.006214270955270036
0.0027724445641962303,0.0014622194393973558,0.00014510224729782795,0.005702609887411581
0.002570891708080782,0.0014118282258158749,0.0001815384307442504,0.005537270070143124
0.0008486763353761656,0.0007989562094293993,0.0017934614201086925,0.006371114583755229
0.0008092523996297628,0.0008079161465698604,0.001775752752863801,0.006204003495524423
0.0027306335077991882,0.0014312241963806182,0.0001552825676430857,0.005687922832872529
0.0025996657916388826,0.0013872681303093515,0.00017658598271978306,0.005467688172999721
0.0008710951939854145,0.0007830765720199527,0.0017962546564770831,0.006370542985117177
0.0008182137780408564,0.0008115624364065547,0.001791488097804958,0.006197840718911845
0.0026748402210130147,0.0014242517133888693,0.00016498437546272026,0.00570979583134522
0.0025273704441268756,0.001393068450677026,0.00018998892640884011,0.005501561581496527
0.0008726614645703075,0.0007808980593972033,0.00176886456119509,0.006365991183943066
0.0008408488799124231,0.0007822171990534605,0.001742533165774951,0.006168309160931166
0.0027642663676549876,0.0014313022684302094,0.00014540469615770184,0.005709620174708919
0.002586644980266154,0.0014044281918608333,0.0001745349966673886,0.0054923551506547135
0.0008681887654751639,0.0007873977686886302,0.001776422112144998,0.006380656124674732
0.0008191217367224599,0.0008225069839646686,0.001803251842565105,0.006175253226415068
0.002711745696310766,0.001411677999720147,0.00015765929258729404,0.005700977959720689
0.002605678106313441,0.0013918322143279009,0.00017191210208392774,0.005450702038792998
0.0008809288271402018,0.0007624635285468353,0.0017685158841065389,0.0063786268107449305
0.0008235393737812904,0.0008064720486306079,0.0017969640059031721,0.006173448198109165
0.0026761562279569878,0.0014177677456693116,0.00016459792444072077,0.005715596862851802
0.0025428330906693644,0.0014043240773588717,0.00018448177714548163,0.005480507420598213
0.0008726336390128061,0.0007611783134995515,0.0017546988203869648,0.006384675521899433
0.0008316134647575911,0.0007857793372443877,0.0017687671284065795,0.006158668916996145
0.002738846870697509,0.001419438666623198,0.0001523782102396367,0.005702906505652458
0.0025935939598648646,0.0014063646520106534,0.00017280852336013682,0.005465792677852482
0.0008709017862984608,0.0007646943134718685,0.0017623775247078619,0.006396477253244523
0.0008161691763981216,0.0008160547191032487,0.0018107647764628713,0.0061722726893175045
0.0026894739287593346,0.001401440175258462,0.0001633809436176431,0.005705438780155759
0.0026013995749106645,0.0013910313838681357,0.00017183137014801993,0.00545088623537942
0.0008852408694209809,0.0007458956747300292,0.0017452652465190217,0.00639269565305906
0.0008277368277599283,0.0007969749828753179,0.00178557526094793,0.006171671790693645
0.002676975798405803,0.0014011237463071675,0.00016493825959516584,0.005722197698894737
0.0025577821347562237,0.001391372606786104,0.0001800753214841975,0.005483212780761066
0.0008815687774176574,0.0007510286126056488,0.0017372730910176497,0.006398019128930114
0.0008337947262423268,0.0007867337089750761,0.0017649751348716037,0.006167661538152017
0.0027189917750803784,0.001395324964548957,0.0001568762830742683,0.005710061591072384
0.0025986012069951635,0.0013833827782884147,0.00017143550841357705,0.005474081570131395
0.0008821297570530558,0.0007542681870158322,0.0017433477158745184,0.006403261965274759
0.0008226021298743397,0.0008056677716162006,0.0017871875211764748,0.0061859278979251656
0.002677662405722325,0.0013850861253055554,0.00016584029019912393,0.0057130975394780025
0.0025950895509238583,0.001372168572959343,0.00017294114343623007,0.005475008621103716
0.0008893355087179044,0.0007418211358061542,0.0017291920150371589,0.0063978788131191025
0.000830587494592548,0.0007851222657424288,0.0017571058374183472,0.006188637931046224
0.0026781355835029026,0.0013883031118367272,0.0001651154692383469,0.005720030029440638
0.002566186959964089,0.0013715313279310673,0.0001787545574667846,0.005501914314648043
0.0008838106968977093,0.0007487967668972903,0.0017292657073373304,0.0064005175673054445
0.0008312993151931932,0.0007795061964088532,0.0017443878115435444,0.006193306471203084
0.0027016669319842273,0.0013835702541146661,0.00016071679056601726,0.005706921432616281
0.002594990412713395,0.0013610631779722231,0.00017332075434705,0.005498392589465615
0.0008859763503619562,0.0007504939549793841,0.0017350014232703245,0.0063991867242994506
0.0008257415216092573,0.0007877628185979735,0.0017522199468664604,0.006212494295663467
0.0026692988824997496,0.0013782825172578728,0.00016693532881029648,0.005710429393368391
0.0025834282580134153,0.0013505417111680546,0.00017627661674189757,0.005510790017120674
0.00089230471712501,0.0007423234252377959,0.0017246436660563551,0.006388253840535024
0.0008357773147195674,0.0007655023817138045,0.0017190083115501949,0.006215100494640056
0.002679289696522178,0.0013833951563202273,0.00016366539729993114,0.005713527720417741
0.002563454360149343,0.001348416722232819,0.00018029568350768564,0.00553612808307889
0.0008886187355309056,0.0007487244300958139,0.0017291222901928268,0.006383482131571856
0.0008367045835621446,0.0007588362639614223,0.001708504962124557,0.0062216202814803084
0.002695334692887245,0.0013831213027331707,0.00016025800182359706,0.0057001756345639734
0.002582238806346833,0.0013403872345929871,0.00017723601051897886,0.005535098393623017
0.0008918385611411039,0.0007430944630931935,0.0017309558421020885,0.006370010295575865
0.0008368936372131745,0.0007494432268415564,0.0016996655865199237,0.006231375778577054
0.002680881239215612,0.0013917609776441524,0.00016231532336183558,0.005705164509814801
0.0025635735128767805,0.0013423694680911303,0.00018150362898897724,0.005551841127891002
0.0008914034747665267,0.0007370448518379545,0.0017316671368814067,0.006360340930902738
0.0008424535983169646,0.0007299147762512072,0.0016840275481410992,0.006230668178662797
0.002694648100849632,0.001397264282882985,0.00015947110428518292,0.005692923268944389
0.0025578981703541846,0.0013400561066785586,0.00018365952594905923,0.005553341889915316
0.0008899326497702561,0.0007380349082311477,0.0017475784239866254,0.006354580380173451
0.0008409739425415674,0.0007258849159545371,0.001691303616899846,0.006238724273103272
0.002690841401796881,0.0013991870358999801,0.0001601915659036903,0.005683007592221849
0.0025633413494640443,0.0013363660217393894,0.00018333671270205802,0.005551524327091975
0.0008948194619092903,0.0007285005862493033,0.0017489303797256616,0.0063412094291302595
0.0008466697567584021,0.0007111407223858067,0.001681473329904427,0.006238291556058082
0.0026915069234956126,0.001406655882328673,0.0001594673765960755,0.0056862308580081
0.0025512555397939653,0.0013388234975405045,0.00018596450644935627,0.005559718861634114
0.0008949798036885924,0.0007261900604801651,0.0017548015584166543,0.006335815302652749
0.0008501217917722209,0.000702756110007876,0.0016815051931702977,0.00623504649978634
0.002703577631919272,0.0014065207503685207,0.00015751768560525687,0.005672767954777872
0.0025587127076462015,0.001334949920203682,0.00018529668253515358,0.0055472691938340144
0.0008964860652869341,0.0007248991961379376,0.0017652730426844939,0.006331118750084956
0.0008488001155920275,0.0007031968858516221,0.0016915660989891565,0.006237151193775737
0.002698119969536014,0.0014075258338034256,0.00015898599268525675,0.005669131750154896
0.0025610983297419264,0.0013354963379116009,0.00018527680224705335,0.005542123286747325
0.0008983759611423049,0.0007187213337430201,0.0017622426832032017,0.00632465948770672
0.0008523165391776697,0.0006954235815410001,0.001686070872711576,0.0062296274358262784
0.002709175025062831,0.0014103939672903735,0.00015725549016525487,0.0056679168102475455
0.0025626661542582454,0.0013381337504526965,0.00018524698115143166,0.005536310326507266
0.000896728991288588,0.0007191915119868346,0.001764905290437424,0.006325572591878969
0.0008507618693066698,0.0006984451439594095,0.0016948386139567012,0.006224757954638831
0.0027164776706787327,0.0014063675242349093,0.00015696319690621896,0.005659337026872749
0.002576578361327414,0.0013358531390311875,0.00018310129847310598,0.005519045401034041
0.0008982873652381468,0.0007160595310036308,0.0017636525003085861,0.006324862937119709
0.0008499217116354163,0.0007011159307942972,0.0017006786805814572,0.006220832013889456
0.0027150446379054284,0.0014044504278983,0.00015809896467703985,0.005662287292069429
0.0025793739195116286,0.0013373157304473315,0.00018285158087196827,0.00551332105398885
0.0008989401259418156,0.0007121413122914604,0.001756210104152367,0.006326030630053494
0.000851980593788949,0.0006995567415455777,0.0016992606031156587,0.006211956911224894
0.0027267260816167746,0.0014008119615251005,0.00015686557727633566,0.0056617339574034815
0.002588213655437151,0.0013366198358279186,0.00018156344950784518,0.005502606202713328
0.000898817437147368,0.0007106487017628425,0.0017534207316997389,0.0063290326163412194
0.0008503983231419086,0.0007045007005119933,0.0017076878603237034,0.006208255590154102
0.002727787717256185,0.0013944280078531713,0.00015798791767368244,0.005661501330236719
0.002598412470982902,0.0013342634977864171,0.00018023761232344865,0.005491521761745851
0.0009009572321009017,0.0007042757000561296,0.0017452795962130624,0.006329809758173067
0.0008516666104095394,0.0007031615860930419,0.0017076235640082489,0.0062034687554302845
0.0027291586314193397,0.0013908831446468703,0.00015885832151103297,0.005667578968538383
0.0025997422282015045,0.0013342317050750966,0.00018066353049347753,0.005488689983120517
0.0009016550870194624,0.0006992886968289598,0.0017387927974718245,0.006335250549387368
0.0008529864404872999,0.0007011045999819595,0.0017082221712850984,0.006198734232159726
0.002735610548507464,0.001385033567761405,0.00015902183536738556,0.005668390800660986
0.0026076251747653915,0.0013310266547558586,0.00018009726573137686,0.005480732564779422
0.0009032204617996199,0.0006933997560553389,0.001734268685710362,0.006338446184053749
0.0008531375178075251,0.0007001708566793513,0.0017117420327427402,0.006198266829570077
0.002733105451166802,0.0013795705121522777,0.00016092910323403466,0.005673437320822173
0.0026106946213503204,0.0013281434798548448,0.00018057741867369984,0.0054785255471653145
0.0009060047924732808,0.0006846818573708665,0.0017264795525635383,0.0063414171864607256
0.0008562863653537837,0.0006932011066464455,0.0017077752316379603,0.006196104368957186
0.0027359162865732965,0.0013754110361383221,0.00016172279989101743,0.0056795761010493715
0.002610796220127338,0.0013252068745844448,0.00018178501062659464,0.005479035070759241
0.0009076923507563643,0.0006779425757882987,0.0017226724906154766,0.006346182915388682
0.0008581811457030322,0.0006879881651386653,0.0017079011847641722,0.006196552954033628
0.0027377878376409585,0.001369353596298594,0.00016294315942761697,0.005682283673011198
0.002615089666618804,0.0013198412054682487,0.0001824265934407142,0.005476875571589553
0.0009107077590048882,0.0006692541137952927,0.0017182041150569935,0.006347838354946994
0.000860659849573902,0.0006808578488600365,0.0017059504194778502,0.006198755476160328
0.002736116660906007,0.0013650639506380762,0.000164790190571639,0.00568935568777265
0.0026139819698150664,0.0013157644101529223,0.0001842224317430659,0.005480709664830248
0.0009135505377837862,0.0006601511690049297,0.0017131294929755526,0.006350761869999171
0.0008645566170457953,0.0006709039830038248,0.0017008275759315484,0.006199720270779385
0.002739934310628181,0.0013606503634462908,0.00016566861273765808,0.005694163069962624
0.0026145661180571322,0.0013105281704818654,0.00018591338009281435,0.005482719273846929
0.0009158349353076285,0.0006523322302591813,0.001711261539663697,0.006353457671529343
0.0008669584962218155,0.0006631693102439222,0.0016997803794250408,0.006203498822617538
0.002740221525983215,0.001355362515699206,0.00016744254401996773,0.005698330784117127
0.002616374133406936,0.0013044032628185963,0.00018754854843629256,0.005484710184103688
0.0009192172580632598,0.000642732235046789,0.0017074771089125897,0.006354261790749641
0.0008708128842421003,0.0006527951115402706,0.001695047715257265,0.006206724802861727
0.0027414904890699994,0.0013515330648298197,0.0001689969027244992,0.005705374153226935
0.002614959028266642,0.0012992678139825868,0.00018993187154609843,0.005490055924996977
0.0009219421442584831,0.0006340278298502376,0.0017048479957300284,0.006356702272698871
0.0008747568519991205,0.00064253966376827,0.00169107752349374,0.006209643762327068
0.0027456656576214044,0.0013465593806324609,0.00017018624267547237,0.005709592622942175
0.0026168424934844715,0.001292637078559091,0.00019187896261030566,0.00549209100514926
0.0009248675320852096,0.0006255138304345318,0.0017034665510145233,0.006357904618904986
0.0008779493909513344,0.0006335263761242124,0.0016892347386585232,0.006214279417841298
0.002746603294226156,0.0013415810889425102,0.00017216935494257697,0.005715336577225686
0.002617787176817978,0.0012862874550322206,0.00019414878658377178,0.005495851983952181
0.0009283566345524986,0.0006159592228897949,0.0017004215813828099,0.006358852635877274
0.0008825266525211629,0.0006225346424084769,0.0016845060908281782,0.006217318598858568
0.0027506009958933255,0.0013372113502025077,0.0001736078472282543,0.005721992739914564
0.002618100213030106,0.0012802439398713207,0.00019669297203785648,0.005499954968923258
0.0009311797644381564,0.0006075208467761514,0.0016991236415516238,0.006361040621549488
0.000886335778009343,0.0006130868696326645,0.0016824661276055345,0.006220917181444426
0.002754737002674221,0.0013315932607121902,0.0001752755454313265,0.00572681504241397
0.0026210944420737153,0.001273120065506921,0.00019888835529814172,0.0055015435901606
0.0009345917675462743,0.0005985179534050468,0.0016974146561970164,0.0063619909635037174
0.0008902526595051672,0.0006036572755671524,0.0016804156391631536,0.006224842992880122
0.0027574153737175335,0.0013264482141969018,0.00017735722563163705,0.005733984855312698
0.0026224084078415133,0.0012667310455063705,0.00020154908191475485,0.005505269614456842
0.0009380689536691251,0.0005893031773841251,0.0016949994282399123,0.0063637963052509475
0.0008949920690205774,0.0005934476736068735,0.0016772018533631834,0.00622732934966562
0.002763072621006339,0.0013210349122770386,0.00017897969107923294,0.005740698140428327
0.0026248784322405916,0.0012599310783412713,0.00020414616365235354,0.005507535418380829
0.0009412532464180009,0.0005808301272033874,0.0016938984431620016,0.0063659987577078855
0.0008988776636889864,0.0005848190626694326,0.0016765327571464004,0.006230760463879237
0.0027673146118834097,0.0013147773435979785,0.0001811362433877981,0.005747152638474221
0.0026285083934445876,0.0012526502956115627,0.00020667533098919427,0.005509125432075222
0.0009450845079662626,0.0005715996627982067,0.0016916469316473233,0.0063674544247789445
0.0009034753257899612,0.0005754243788874858,0.0016745415481630708,0.006233527418671834
0.002771981779766367,0.0013090443051129508,0.00018331798413106612,0.005755594495100974
0.002630845716908947,0.0012459594377412174,0.00020962291852750123,0.005512243603574546
0.0009486680990310939,0.0005627056888152065,0.0016896921314634983,0.006370055329462064
0.0009082060795647435,0.0005662252070979525,0.0016729571732047761,0.006235689454045541
0.0027783516295380797,0.0013026081920051442,0.00018535351786456804,0.005763039982809504
0.002634930533731537,0.001238536187469467,0.00021240210074251035,0.005513563070007119
0.0009523607493134477,0.0005539797975984232,0.0016882618521334557,0.006372294836008338
0.0009124810485132725,0.0005578227658988736,0.0016726872065561211,0.006238642925418857
0.0027831607513111776,0.0012959596570934287,0.00018793123059991746,0.005771445367830527
0.002638792283407091,0.0012311778317479804,0.00021540564813720865,0.005515769247863598
0.0009565025269518067,0.0005446915902610843,0.0016858997800064791,0.0063744066672444324
0.0009176274503334757,0.0005484869531132594,0.001670969049402324,0.006240586190891056
0.0027885045949211326,0.0012891417097920192,0.00019025175679677594,0.005778783752274326
0.0026423453696253177,0.001223959928982834,0.0002186633246568484,0.005518542599287869
0.0009603853899399103,0.0005358882418580516,0.00168433858249492,0.006377205986461363
0.0009224939345434279,0.0005397655847560144,0.0016703514770380328,0.006242744467257566
0.0027931613101109883,0.0012811987091412517,0.00019265666433751217,0.005783282971927724
0.002647352994548359,0.0012160815500483254,0.00022181218789375906,0.005520421757665028
0.0009646458871720834,0.0005269059017011461,0.0016825498084819784,0.0063791758886047305
0.000927477801132331,0.0005310151636889169,0.0016695406739340828,0.006245141600290066
0.0027970718167234644,0.0012734745476356553,0.0001953442262007426,0.005788879547140887
0.0026515663246445124,0.0012085083883167469,0.00022531848508298706,0.005523840338758331
0.0009689911125315547,0.0005179139434717281,0.0016805171586177533,0.006381370500810552
0.0009330051294178833,0.0005218318084739789,0.001667911174879176,0.006246771671998467
0.002802703894764733,0.0012657289387139326,0.00019781333713746733,0.005794407860750604
0.002656384730970755,0.0012006608728979105,0.0002288992316261404,0.005526836395422959
0.000973172713238661,0.0005094105925097011,0.0016793127179942577,0.006383489606214364
0.0009380915631701118,0.0005133287793624263,0.00166739033115527,0.006249016971765934
0.0028076637471385266,0.001257629914568678,0.00020061522083838625,0.005799506807739928
0.002661834798094483,0.0011925497798765826,0.0002325444506566904,0.005529895238543263
0.0009777719612472121,0.0005006211078118641,0.0016776972940199361,0.006384797769248715
0.0009437054609752276,0.0005043104577939454,0.0016660354862896385,0.006250857110040475
0.002812976552014023,0.0012499999243125027,0.00020346480058972403,0.005805537546601668
0.0026666132755020643,0.0011847983822755937,0.00023654694914736988,0.00553404222921428
0.0009822669078820383,0.0004920706192452609,0.0016766114895401167,0.0063863920145591346
0.0009494753735021813,0.0004953070211581167,0.001664935368002881,0.006252347055688499
0.0028192855165601917,0.001242170947597315,0.00020628487702795307,0.005810848444640469
0.0026723564788441903,0.001176685610471654,0.0002405613058916998,0.005537319620650441
0.0009868889332707513,0.0004836529595155151,0.0016760891833021863,0.00638733078637332
0.0009550780426476336,0.0004865826227108139,0.0016645665029205881,0.0062542217902159985
0.0028238564123382985,0.001234256042752917,0.00020967692066038195,0.005815586375087603
0.0026765160777868177,0.0011683114745541635,0.0002452495733176656,0.005540376266017189
0.0009914686418926674,0.00047576616257328467,0.0016763517083151908,0.006387829220511829
0.0009609637216301772,0.0004779874017889145,0.0016640973691281042,0.006255867642805968
0.002829010776094052,0.0012261377356715746,0.0002130658138205086,0.005818997307747708
0.0026807418921800624,0.0011596122902640738,0.000250134984591765,0.005543115936279829
0.000995909641919684,0.0004687753131622753,0.0016772452296814346,0.006387501081564037
0.0009667634484598887,0.00047009973467552205,0.0016637279380448847,0.006257326926783237
0.002834751985583183,0.0012181163321956835,0.00021639598409459973,0.005821828215083093
0.002685913332699841,0.0011509131498471218,0.0002549118563847104,0.005545525717865298
0.0010003465777941227,0.0004624914254274037,0.0016779985868696293,0.006386064015004192
0.0009725249591465733,0.00046290483887705304,0.001663085056524574,0.006258078193567789
0.0028412082128299525,0.0012104307284143043,0.00021962398599581747,0.0058243072615538575
0.0026914993608884784,0.001142649736182049,0.0002596855249303332,0.005547679832043006
0.0010043941510840344,0.00045701625555579227,0.0016788374777677122,0.006384284998863217
0.0009779544999112342,0.00045655073864345674,0.0016625818826092819,0.006257965989242324
0.002848741399536232,0.0012030398597382137,0.00022268301008314834,0.005826207435257735
0.0026982517171508665,0.0011348067503268147,0.0002642446020935167,0.00554889893342603
0.00100816779578127,0.00045207134771869305,0.001679612400432252,0.006382057169957678
0.0009829417149264403,0.0004509991982102544,0.001662515753473555,0.006257179455008683
0.0028561358775795478,0.0011959689728706878,0.0002258643518035236,0.005827784916053449
0.0027050016294648733,0.0011274270206923006,0.0002689026076934439,0.005549388456722816
0.0010117229986668864,0.0004475807541516542,0.0016804744320229627,0.00637967379531554
0.0009877653425166496,0.0004460318077887424,0.0016627602975474351,0.0062555837690977615
0.0028638036277229373,0.0011890201700579415,0.0002290554094832976,0.005828816318936519
0.0027119838646039417,0.001120316456923263,0.0002735821925294959,0.005549154029379033
0.0010151858330441613,0.00044351100582794935,0.001681491459340611,0.006376994125873804
0.0009924369660635707,0.0004416373704984028,0.0016634146091531968,0.006253381608602148
0.002871400919852453,0.0011822236805959993,0.00023231956389175781,0.005829535830234471
0.002719116622663003,0.0011134688980915437,0.0002782855179548356,0.0055483648107851665
0.0010186532081647808,0.000439756929946001,0.0016825385217805828,0.006373900877232497
0.0009970522846114776,0.0004376676606137786,0.0016642647739187355,0.006250521361563758
0.002879016619291201,0.001175669503219104,0.0002356234422881852,0.005829953313831791
0.0027262292745999835,0.0011069962616688345,0.0002830437999795895,0.005547170452560345
0.0010219654083140682,0.000436345994102544,0.0016837303317885012,0.006370612746622237
0.0010014746728851055,0.0004341195782426293,0.0016653640644622848,0.006247058390681669
0.002886849803240041,0.0011694276178358127,0.00023891314676418313,0.005830040902677464
0.0027336624997222163,0.0011009350005915881,0.0002877438986320222,0.005545463692507248
0.0010251228168298395,0.0004331828759999468,0.0016849604042622963,0.006367078340455327
0.0010056378523572592,0.0004309550087221508,0.0016667083298833136,0.006243077607963424
0.002894625210659888,0.0011635660064928863,0.0002422509959129588,0.00582993148680236
0.0027411005435682306,0.001095341288748086,0.00029246375587889243,0.005543377138115523
0.0010281078547180035,0.0004302460534991251,0.00168624805156323,0.006363460298702573
0.0010096145595923165,0.00042811106900105434,0.0016682365215873675,0.006238558141864834
0.0029025357584658673,0.001158003009564928,0.0002455791702439442,0.005829591824893566
0.0027487021587802676,0.0010901176663062277,0.00029714727852233583,0.005540909861392389
0.0010309956753035401,0.0004275009097185264,0.0016875750859945975,0.006359705776778092
0.0010134307184646997,0.0004255667434641282,0.0016699711793210679,0.006233623818900047
0.0029103637753966527,0.001152708945916429,0.00024894561633527544,0.005829103554419611
0.0027563082644856685,0.0010852123029183403,0.0003018351208782277,0.005538143054487888
0.0010338340361606025,0.0004249171909431346,0.0016889372657290147,0.0063558084029304825
0.0010171570677007043,0.0004232480707519568,0.001671828945295075,0.006228306932297982
0.0029181394547071545,0.0011476585695078066,0.00025233748827247057,0.005828399660408485
0.002763852313573751,0.001080594817313827,0.00030654201316322987,0.005535115116298034
0.0010365835010231188,0.0004225099792609189,0.0016904038708191575,0.0063518084789784875
0.0010207541858496022,0.00042113974156294116,0.0016738193635592133,0.006222698486235424
0.002925876564885388,0.0011428681369994365,0.0002557458289439005,0.005827442431073011
0.002771399793704528,0.0010762565596187691,0.0003112398615120652,0.005531819772443917
0.0010392388506334756,0.00042026099556773545,0.0016919535531649214,0.006347665686673195
0.001024209177015994,0.0004192154370381029,0.001675900180235357,0.006216840022065618
0.002933547776000097,0.0011383704887373465,0.00025916971371726266,0.005826248576094152
0.0027788825862954257,0.0010722228155200684,0.0003159381768289975,0.005528317893438833
0.0010417744085212662,0.00041817732430804054,0.0016935955581385063,0.006343430499070128
0.0010275285171925696,0.00041746594133403183,0.0016780470201308473,0.0062107296935144255
0.002941260074829703,0.0011341538265650828,0.00026257134667577507,0.005824824726123649
0.002786416511592732,0.0010684738377519556,0.00032059087638284915,0.0055246086976868895
0.0010442168265043215,0.00041624077623710954,0.0016952946084449465,0.0063390711467095255
0.0010307172568999096,0.0004158873941949905,0.0016802624221528713,0.00620439643113946
0.0029489396293970512,0.0011302154123731766,0.0002659632653320351,0.00582321834107778
0.002793933245622096,0.0010650060298908332,0.0003252119024249537,0.0055207195168492105
0.0010465755244906231,0.00041443791752994967,0.0016970490749581455,0.006334616536294485
0.0010337984897437174,0.000414458741797539,0.0016825358415279265,0.006197840954338775
0.002956606262597063,0.0011265309971660513,0.00026933560124982087,0.005821405950698346
0.0028014322733571893,0.0010617976808777743,0.0003297969935378555,0.005516636832508455
0.0010488482443260626,0.0004127602290415596,0.0016988761037867348,0.006330078655941013
0.0010367596439279263,0.0004131719559810618,0.001684888897435062,0.006191104602418214
0.002964210458092862,0.0011230958264105714,0.0002726981349853929,0.005819381205532025
0.002808885054786731,0.0010588399050785954,0.0003343506783897993,0.005512357519219826
0.00105103542196214,0.0004111956539651313,0.0017007765694650161,0.006325460543537882
0.0010396055832354438,0.000412010191173748,0.0016873103155896204,0.006184199903395051
0.0029717501525920675,0.0011199066966999275,0.00027604659212970335,0.005817140919322372
0.0028162739686363714,0.0010561306650021152,0.00033887268119415365,0.005507897188272782
0.0010531297951989185,0.00040974249795612555,0.001702754715842855,0.006320780397395769
0.0010423349286497279,0.00041096982100977776,0.0016897985355827708,0.006177136212687714
0.002979247454901371,0.001116957361439737,0.00027936904368342435,0.005814701664633536
0.002823635136518527,0.0010536624184963553,0.00034334516650235455,0.005503263522514505
0.0010551415527357913,0.00040838947426655024,0.001704788471372974,0.006316030848367113
0.0010449516366373291,0.00041004623782446857,0.0016923468438971002,0.006169919440031705
0.002986686917402777,0.0011142440683837053,0.0002826646760479619,0.005812092076213915
0.002830948491566314,0.0010514347004623554,0.00034776938829369055,0.005498473837796776
0.0010570696904125456,0.00040713004515179887,0.0017068711994083108,0.006311236662691734
0.001047459376682075,0.0004092342575463436,0.001694953649632184,0.006162552417172263
0.0029940795567691887,0.0011117521646342218,0.00028592671676749327,0.005809319194783178
0.00283822659078393,0.0010494344197609026,0.00035213779670686924,0.005493525020238738
0.001058917433489854,0.00040595496918621553,0.0017089960678794507,0.006306405030801434
0.0010497968075144448,0.00040850625218735975,0.0016975295350292968,0.006154714442974666
0.0030013830349018672,0.0011094745429703489,0.000289165298534702,0.005806372757397328
0.0028454208209311963,0.0010476504226873485,0.0003564657983658548,0.005488403545952746
0.0010606795141279851,0.00040486138694619363,0.0017111842796809938,0.006301551694935205
0.0010513012196675434,0.0004075962980965623,0.0016990154175045658,0.006142553532842913
0.0030084550333542986,0.00110741618164007,0.0002924308214045203,0.005802985721888922
0.0028522791834868512,0.001046041177350867,0.0003608624561655988,0.0054828494039997535
0.001062297555272508,0.00040388269007257335,0.0017137006643612076,0.006296681702790701
0.0010526659179164336,0.00040678976660681195,0.0017008422216426052,0.006130561291411716
0.0030151472166121893,0.0011054909798237948,0.0002957854620801032,0.005798928217916236
0.0028588017128155867,0.0010445522585840969,0.000365338595389384,0.005476762848790012
0.0010638190708188986,0.0004030203256541358,0.0017164929247993578,0.006291718647549367
0.0010539446684370542,0.0004061007701988813,0.001702900068056964,0.0061186230658839425
0.0030216563001225927,0.0011037401191533564,0.00029915064170215217,0.005794442807408591
0.002865200790990284,0.0010432701840809775,0.0003697928989692621,0.005470381242481615
0.0010652729146392247,0.0004022894266815201,0.0017193520990858439,0.0062866942728021956
0.0010551567310139048,0.00040558646030084577,0.001705029003504261,0.00610643978811776
0.0030283562862711715,0.0011021948913857943,0.0003023869813015844,0.005789872131775553
0.0028718731402838232,0.0010422671299874584,0.00037406182436870955,0.005463818545167103
0.0010666791253748492,0.0004016437623107892,0.0017220527509878504,0.006281669042623411
0.0010562387761014942,0.0004052876029380047,0.0017072104576357286,0.006093910614680368
0.003035173753312355,0.0011008658259628855,0.00030550580386991646,0.005785416962956873
0.00287873680068181,0.0010415759991970564,0.00037816660673906365,0.005457072546189029
0.001067998499529391,0.00040103348671663094,0.001724562809785911,0.006276837088976828
0.0010571603030387075,0.00040517651880338414,0.0017094936137764555,0.0060811324434589505
0.003041967671461454,0.0010996721982913442,0.0003085581797320883,0.005781015955822926
0.002885629212358709,0.0010411014542803102,0.0003821740335461215,0.005450085957052615
0.0010692307059732788,0.00040043211748730444,0.0017269598213864236,0.0062722493538634756
0.0010579426360743296,0.0004051954027808282,0.0017119136220856374,0.006068360658022265
0.0030485241841298957,0.0010985440544787888,0.00031161792262432376,0.005776580708589198
0.0028923353434552584,0.0010407318541099339,0.0003861652772294405,0.00544292500546865
0.001070408363550019,0.0003998504839241491,0.0017293234476496925,0.006267839427854772
0.001058668378560141,0.000405277165733683,0.0017143896057565961,0.006055754996426605
0.0030548499352526077,0.0010974523238717606,0.000314682065750516,0.005772059639374139
0.0028988205153965218,0.0010404013659534282,0.00039014533844681273,0.005435725796097376
0.0010715448748196482,0.00039932539575154006,0.0017316938291614846,0.0062634929336369775
0.0010593648803899152,0.00040539532383236784,0.0017168277879564388,0.006043376319937631
0.003061028755828463,0.001096436869670095,0.0003177146748443286,0.005767462792308969
0.0029051529458644855,0.0010401208416900374,0.0003940747068410266,0.005428591206724976
0.0010726230408366528,0.0003988825341717912,0.0017340665136033036,0.006259122811956673
0.0010600109705841956,0.0004055463260956271,0.0017191640495290471,0.006031198750954503
0.0030671338770805437,0.0010955586478367248,0.0003206824368263082,0.005762797028602198
0.002911376530961275,0.0010399378674620454,0.00039792485205377695,0.0054215473681198546
0.0010736054499516643,0.00039853598535508175,0.0017364493696259845,0.006254717835223268
0.001060571211352622,0.0004057406655880079,0.0017214040188114489,0.00601918347926586
0.0030731940803682745,0.0010948455860100284,0.000323571218485508,0.0057580427222068045
0.0029175228948000002,0.0010398729049942873,0.000401681482329125,0.005414551042694437
0.0010744920251045112,0.0003982803639305993,0.0017388504183391256,0.006250261156157783
0.0010610440618237505,0.0004059837974304676,0.0017235858168430367,0.006007309919004359
0.0030791657086570285,0.0010942934962843095,0.0003263947597807808,0.005753173503210881
0.002923551548422315,0.0010399252959921662,0.00040536281364101224,0.005407556264210127
0.0010753000570058663,0.0003981095602361104,0.001741291443647663,0.006245752922091841
0.001061453301000336,0.0004062768038867563,0.00172574895351145,0.005995556374241634
0.0030850362317978394,0.001093879768472363,0.00032915940816482744,0.005748159018093476
0.002929462119500403,0.0010400830055192164,0.00040897437766479797,0.005400517607334803
0.0010760488925089281,0.0003980161604770981,0.0017437812746158496,0.006241181205466944
0.0010618084925686571,0.0004066242405098586,0.0017279243758441102,0.005983902423243593
0.0030907902435354205,0.001093600002824288,0.0003318708264909852,0.0057429928446583135
0.002935251827609925,0.0010403567640045565,0.0004125192028543404,0.005393407554829267
0.0010767359324649862,0.00039799486470799687,0.0017463154297918913,0.006236565248902529
0.0010621019971319386,0.00040703454365010325,0.0017301277602107233,0.005972305240896169
0.003096456124449303,0.0010934559066871777,0.00033451904651747084,0.00573768684412637
0.002940960348908885,0.0010407632646614686,0.0004159828579899207,0.005386203575694036
0.0010773552943953762,0.00039803727328544593,0.001748870047780053,0.0062319322647236015
0.0010623186616702167,0.0004075201265617333,0.0017323718322111627,0.005960726590830397
0.0031020453997997,0.0010934466939478329,0.0003370987992134848,0.005732277639500592
0.002946612830387487,0.0010413136045500724,0.0004193564806857635,0.0053788960219633575
0.0010778886502453365,0.00039812355566286583,0.0017513784341033044,0.006227190460670775
0.001062458435935577,0.00040808642239131994,0.0017346631263218237,0.005949147396894558
0.0031075547216285293,0.0010935521957567208,0.0003396119592011627,0.005726794428052853
0.002952210314875006,0.0010419941198145837,0.000422643030873752,0.005371477360245078
0.0010781484920118695,0.00039816938882229665,0.0017535039226175197,0.006221225407614003
0.001062521862265066,0.0004087191433799539,0.0017370181957457413,0.005937663252919468
0.0031128725475607273,0.001093725512794377,0.00034210418058205027,0.005721185944697542
0.002957630230736851,0.0010427363141851682,0.0004258999206144389,0.005363903676652579
0.0010783542758224306,0.0003982511868315881,0.0017556808842298806,0.006215335655004166
0.0010625296936789105,0.0004093935431515738,0.0017394537516444535,0.005926347103220588
0.003117972921815468,0.001093944284893253,0.0003445909998365028,0.005715382944158698
0.0029628356245981952,0.0010435243660957489,0.00042914152272349965,0.005356204436450944
0.0010785006726583442,0.00039839030959302964,0.0017579162704863323,0.006209507069278819
0.001062494046124178,0.0004101162486810423,0.0017419210715510223,0.005915168950932247
0.0031229816770492473,0.0010942226995659398,0.0003470241712467883,0.005709459716692551
0.0029679792877729846,0.0010443725956710119,0.00043230139734155057,0.005348456125818973
0.0010786095142177523,0.0003985864240732273,0.001760120934529567,0.006203669979971655
0.0010624186163462875,0.00041090200024048335,0.0017443591102071468,0.005904046722463233
0.003127961338226999,0.0010945909707033993,0.0003493728762632277,0.0057035267621675725
0.002973105739469664,0.0010453209781185462,0.00043535383060607657,0.005340712141401988
0.0010786654148470225,0.00039883470903008756,0.001762243536534934,0.006197845113261916
0.0010622895129551173,0.000411762275157237,0.0017467660516667111,0.005892934527202603
0.0031329423164205145,0.0010950394304853263,0.00035162537903219533,0.00569761038981747
0.0029782496527942168,0.0010463604007379718,0.00043828833187897596,0.005332940201944283
0.001078673096825522,0.00039911788372429475,0.0017642803747989703,0.006192053945367835
0.0010620966350039555,0.00041269069498095864,0.0017491744742096744,0.005881878433879661
0.0031378221911565417,0.0010955514151979354,0.0003538198841311379,0.005691685136579508
0.0029833013697192537,0.0010474714389504566,0.0004411517110652403,0.005325120059703739
0.0010786297767462502,0.0003994330749002361,0.0017662763642555376,0.006186339588326192
0.0010618563942222214,0.0004136683997759455,0.001751597474384189,0.005870927419269801
0.0031425867971439057,0.0010960971057582122,0.0003559670604663319,0.0056857047416903035
0.0029882469925265726,0.001048616601406727,0.00044395371137336014,0.00531725123586729
0.0010785515078445317,0.0003997829800518363,0.0017682579216118167,0.0061806810073987105
0.0010615816025496367,0.0004146831537685813,0.001754023640405387,0.005860121028230593
0.003147218404107319,0.0010966804034169522,0.0003580732381906511,0.005679669126129541
0.0029930661236266254,0.0010497945094617809,0.00044669960721877044,0.005309373225281533
0.001078436599783868,0.00040017591710829275,0.0017702278930641453,0.006175057636652425
0.0010612796023529495,0.00041573031665186077,0.0017564238535914222,0.005849441007770574
0.0031517755215778923,0.0010973112862110751,0.00036011674127694115,0.0056735911597976686
0.0029978116779057332,0.0010510126560881732,0.0004493659403061041,0.005301508158413953
0.0010782811424351515,0.0004006143957507203,0.0017721719059519585,0.006169442448211152
0.0010609389330589723,0.00041681503044618416,0.0017587900881359648,0.005838869528286669
0.00315626619826897,0.0010980059287347653,0.00036209246295831904,0.005667490406777701
0.0030024919872363386,0.0010522862680794047,0.00045194824054543625,0.005293659495943805
0.0010780797259066042,0.00040109581105438936,0.0017740829898253913,0.006163836915074536
0.0010605571433698786,0.00041793880724927054,0.0017611281363712058,0.0058283865160328125
0.0031606973492565673,0.0010987610289137485,0.00036399918098727307,0.005661364353391224
0.003007112046770975,0.0010536131509147934,0.00045444786316191507,0.005285810041380553
0.0010778369513346428,0.0004016154532482628,0.001775967043100038,0.006158247552818574
0.0010601362359268086,0.0004191016349281314,0.0017634563505706028,0.005817994619768322
0.0031650462250304625,0.0010995676931515154,0.0003658473883740807,0.005655204890104603
0.0030116541625400148,0.0010549859983849073,0.0004568761641341883,0.005277945153215261
0.0010775603709960381,0.00040216952512124295,0.0017778335490907554,0.006152682031078408
0.0010596845507726174,0.00042030022711232094,0.0017657842980525731,0.005807693638016078
0.0031693083772990314,0.0011004168100898013,0.00036764144558777733,0.005649003652290091
0.003016114512818663,0.00105639901877171,0.0004592379721695463,0.005270058381314731
0.0010772524033969258,0.00040275700490150456,0.0017796869007626903,0.006147142841896656
0.0010592029878939667,0.0004215346553567312,0.0017681156582330308,0.005797480185772978
0.0031734888310291144,0.0011013070023321709,0.0003693808794284953,0.005642763924085092
0.0030205026019911444,0.0010578533886839321,0.0004615311474695039,0.005262150115594907
0.0010769125140667956,0.0004033764212592752,0.0017815205838922243,0.006141629210220726
0.0010586898156600048,0.00042280652153592785,0.0017704479896974061,0.005787342091911061
0.003177598706904173,0.0011022391790831427,0.0003710622616200607,0.00563649677738452
0.003024830001287105,0.0010593526720534977,0.0004637522066190348,0.005254223079096204
0.0010765392533281998,0.0004040260481657408,0.0017833254175584276,0.0061361449388622705
0.0010581434737649536,0.00042411840740633764,0.0017727810737270153,0.005777268740818095
0.0031816457339029296,0.001103210083030274,0.00037268370934452556,0.005630213674407125
0.0030291069898179964,0.0010608950621715269,0.00046589921052503727,0.005246276836312456
0.001076136095755478,0.0004047026647029527,0.0017850941583951493,0.006130694457754195
0.001057566046002298,0.00042547075766739535,0.0017751164686392134,0.005767257571532802
0.003185625658783168,0.0011042130047118908,0.0003742482677211448,0.005623920858012019
0.0030333289494486547,0.0010624751392024356,0.0004679765451947493,0.005238310956521346
0.001075705638934206,0.00040540444058490205,0.0017868266276613398,0.00612528576708841
0.0010569606070768487,0.0004268621890212711,0.0017774558397068642,0.005757312930385709
0.003189535768068826,0.0011052397943101088,0.0003757589463425537,0.005617618158732856
0.0030374936201459286,0.0010640848481388442,0.0004699875548364814,0.005230325445356028
0.0010752499802766362,0.00040613062097231116,0.001788524637725721,0.006119921588949331
0.0010563286179408012,0.00042829057649185204,0.0017797977207719283,0.005747442596695678
0.0031933723417385145,0.0011062863616236548,0.00037721859836980376,0.005611305478567792
0.0030415960906328894,0.0010657194921026738,0.0004719354528513528,0.005222325410634743
0.0010747681431230735,0.0004068822232129613,0.0017901896018654756,0.00611460289453245
0.001055670782984237,0.00042975421183535483,0.0017821370863516216,0.005737650265671735
0.0031971413130734,0.0011073505116289523,0.00037862622136650517,0.005604984598965197
0.003045641405674738,0.0010673754152751701,0.00047381903459509805,0.005214317575682139
0.001074260460185109,0.0004076601457423307,0.001791820117471521,0.006109325734927984
0.001054987622259836,0.0004312521791307412,0.0017844684190393288,0.005727937428649339
0.0032008459914202995,0.0011084319010204978,0.0003799813241442598,0.005598659785377648
0.0030496312931474145,0.0010690508519563958,0.0004756382451700085,0.005206308859680753
0.0010737273803581963,0.00040846513094391386,0.0017934152925883889,0.006104087618997706
0.0010542806958771125,0.00043278356952410757,0.0017867879928499344,0.005718303359371994
0.003204490928338606,0.0011095288647416518,0.00038128323397844356,0.005592332766055818
0.0030535689877658374,0.0010707429279205654,0.0004773929505425638,0.005198302160128098
0.0010730478985319588,0.0004092505608752879,0.001794771333544335,0.006098190067191763
0.001053544973276804,0.0004343400043316906,0.0017891005542144277,0.005708798345337997
0.0032080207800948917,0.0011106273318746845,0.0003825561766940309,0.005585966359350187
0.0030573904089078534,0.0010724218371770864,0.0004791138678429498,0.005190270309779329
0.0010721793503622556,0.00041000067822594133,0.0017958780064721578,0.006091427942998162
0.0010527796941639481,0.00043589797252535336,0.0017914283134490936,0.005699516134953056
0.0032113554038556997,0.0011117051781831583,0.0003838380119777471,0.0055794675774797535
0.0030609978699270308,0.0010740501576756744,0.00048084524601992994,0.00518218501709092
0.0010712860846555752,0.0004107919746136253,0.0017971023110286023,0.00608479838501345
0.0010519990096180085,0.00043744708854968504,0.0017937702456653087,0.005690462341290878
0.0032145559970868202,0.0011127718603373448,0.00038510840561482114,0.005572823045161742
0.003064462888239683,0.0010756461869409642,0.0004825533850271234,0.005174095779350541
0.0010703737162301122,0.0004116347161112931,0.0017983861666963832,0.006078210901852146
0.0010512144613797267,0.0004390067975481615,0.001796070153822582,0.0056815359902933175
0.0032177511982468647,0.001113866384828127,0.00038631070210775925,0.005566148110390723
0.0030679302437166944,0.0010772588800676797,0.0004841717730819349,0.005166067064430234
0.001069452630568796,0.00041251901535474994,0.0017996245596554428,0.00607159434029022
0.001050424683842867,0.0004406002553259146,0.0017983036920582894,0.005672623169741271
0.0032209959092721102,0.0011150103590034318,0.00038741765851004313,0.005559526569880624
0.0030714494369513245,0.001078923809462342,0.00048568062108337234,0.005158086831064739
0.0010685168100039498,0.00041342787821731366,0.0018007845509450914,0.006064985560443185
0.001049612429128917,0.0004422389092329252,0.0018005158895965953,0.005663695150166932
0.0032242465364532174,0.0011161881053171688,0.00038844750745441306,0.005552948807236903
0.0030749851884857176,0.0010806322413037554,0.00048710411066182733,0.005150085665079642
0.0010675698851648032,0.00041434438783230634,0.0018018983823859366,0.006058454738978257
0.0010487737992260898,0.00044391470085481353,0.0018027602574258311,0.005654792236694439
0.003227418212403018,0.0011173714507825413,0.0003894380546254967,0.005546367991997668
0.003078455005505729,0.0010823596787927269,0.0004884839575100203,0.005142026339089842
0.001066616385258595,0.0004152660434615215,0.001803010057922901,0.006052052554324191
0.0010479202028193851,0.00044561572648152664,0.0018050507001711295,0.00564595204900847
0.003230498707116719,0.0011185402502077563,0.00039039889705187253,0.005539765151772786
0.0030818543897034333,0.0010840853212778709,0.0004898246314499928,0.005133922888138015
0.0010656655089880099,0.0004161956005467888,0.0018041193465228663,0.006045760475745928
0.0010470601451137687,0.0004473378255621704,0.0018073612596038308,0.005637180559253727
0.003233509084292233,0.001119701323404918,0.00039132136182530694,0.005533167297058421
0.003085201470063864,0.0010858156861937465,0.0004911148069349036,0.005125818667519719
0.0010647107050479802,0.00041713877672923806,0.0018052003070140252,0.006039553131406296
0.0010461908895344442,0.0004490849318657467,0.0018096615388523377,0.0056284566876344385
0.003236494409914399,0.0011208644624354377,0.00039218690880532363,0.005526605311130652
0.003088538888681609,0.001087558033894163,0.0004923348671959764,0.0051177352592683065
0.0010637468978017422,0.00041809585928861113,0.0018062296714156968,0.006033411806857373
0.0010453037120908765,0.0004508614733791636,0.001811942217506082,0.005619774406802186
0.0032394498665397034,0.0011220342384337873,0.00039299662931356215,0.005520090771359814
0.003091856431608932,0.0010893141403886032,0.0004934895858793824,0.005109673323221887
0.0010627706200631972,0.00041906712654317467,0.0018072117912261525,0.0060273499228521024
0.0010443986042650661,0.0004526659714144146,0.0018142093291441015,0.005611143252575491
0.003242364365607178,0.001123199871725452,0.00039375758513378377,0.005513609408852554
0.003095141341197519,0.0010910697958639022,0.0004945879964724124,0.005101622335581528
0.001061787792288752,0.00042005292379832654,0.0018081636619209872,0.00602137383714463
0.0010434800486262775,0.0004544937772636094,0.0018164690363952328,0.005602585316152467
0.003245215318255863,0.0011243545188561485,0.00039448082554989017,0.005507145626546174
0.0030983689286908055,0.001092816009933928,0.0004956419881939705,0.005093583453488426
0.0010607992413314074,0.00042105709831700245,0.001809099624216614,0.006015483425999528
0.00104255225898364,0.0004563409936842611,0.0018187168621349131,0.005594108653533068
0.0032480117654880617,0.0011254974268592502,0.00039516466939986994,0.005500691452430017
0.003101547311004114,0.0010945502015271104,0.0004966483520123097,0.005085563841553173
0.001059803326783105,0.00042208282613020336,0.0018100194786874761,0.006009660627561765
0.0010416130331756593,0.00045820793576114904,0.001820944404826096,0.0055857103895597445
0.003250762680165968,0.001126637029107463,0.000395805340925702,0.005494251256387918
0.0031046840210491844,0.0010962796449594068,0.0004976028773972046,0.005077572082558776
0.0010587956401167163,0.0004231320216299701,0.0018109174416778315,0.006003893138031337
0.0010406604824175734,0.0004600965164869822,0.001823146918662033,0.005577377499308417
0.003253482532570072,0.0011277778244373942,0.0003963975010187796,0.005487828837101661
0.003107793068890073,0.0010980082133665225,0.0004985006123519864,0.005069606851807482
0.0010577770207880564,0.0004242036563759918,0.0018117901966392585,0.005998173506629886
0.0010396942552821878,0.00046200852726394276,0.0018253287022992164,0.005569102427179717
0.0032561673952121724,0.0011289205703007006,0.0003969432588378448,0.005481423580145207
0.0031108708119262176,0.0010997373235510385,0.0004993450776531417,0.005061660721796107
0.0010567494729741564,0.00042529626893082127,0.0018126418207201362,0.005992505447412206
0.0010387165960283322,0.0004639440617864651,0.001827498008561942,0.005560880679179066
0.0032588143722829567,0.0011300617113624942,0.0003974453516651387,0.005475028519020407
0.00311391565689549,0.001101464965234081,0.0005001396198856959,0.00505372327510329
0.001055715041992621,0.0004264085223139777,0.0018134776860870216,0.005986891274989423
0.0010377279561180964,0.0004659033786557101,0.0018296622139163249,0.005552710848966899
0.0032614185092585284,0.001131200194525319,0.000397906795822321,0.005468638762514822
0.0031169245214596967,0.0011031920132868384,0.0005008872103558564,0.005045788303643826
0.0010546730126324633,0.000427540037028007,0.0018142994535320256,0.005981332485249072
0.0010367280310932423,0.00046788753718015507,0.0018318241500418094,0.005544586950549296
0.0032639848456417543,0.0011323360078861293,0.00039832649346076423,0.005462254051124353
0.0031199043328143075,0.0011049201976692923,0.0005015862815729426,0.005037852728180796
0.0010536230947225552,0.0004286903036682741,0.0018151033761772246,0.005975827034483772
0.0010357159655110292,0.00046989892005293337,0.0018339846858871948,0.005536501533393816
0.0032665171160359933,0.001133469807120626,0.00039870335951133144,0.005455878768838145
0.003122860456778771,0.0011066517542406924,0.0005022357747292709,0.0050299150382291935
0.0010525655945788576,0.00042985872782158705,0.001815884631277196,0.005970375768905728
0.001034692034414614,0.00047193991547950063,0.0018361449025514611,0.005528447349337029
0.0032690187907417497,0.001134599863316374,0.0003990367034959685,0.0054495162128476975
0.0031257974728724977,0.001108386391884197,0.0005028354043616832,0.005021971939701593
0.001051501619440662,0.0004310447006033118,0.0018166405801862244,0.0059649816089495915
0.0010336563058405857,0.0004740124965479653,0.001838307270008974,0.005520421939952601
0.003271487800105838,0.0011357235121723414,0.0003993280450857217,0.005443167023941063
0.003128714186565472,0.0011101226015425322,0.0005033871712827305,0.005014019786484768
0.0010504313803622492,0.00043224833959003305,0.001817371219155891,0.005959649361555793
0.00103260872264043,0.00047611789089243125,0.0018404734408702856,0.005512425676348074
0.0032739229628104102,0.0011368377837927728,0.00039957865782384286,0.005436829896530922
0.0031316099192768543,0.0011118580427215434,0.0005038925063025876,0.005006056366455791
0.001049354569108295,0.00043347050207067684,0.001818076703695454,0.00595438159732695
0.001031548824677592,0.00047825719732914017,0.001842642924519445,0.005504460285204841
0.0032763239433091207,0.0011379409526986117,0.00039978918862345177,0.005430504641844171
0.0031344845525525487,0.0011135910276638594,0.0005043520047614381,0.004998082454749758
0.0010482706271023364,0.0004347125946590634,0.0018187559806074304,0.005949178617696291
0.0010304765028354718,0.0004804314895933622,0.0018448130485713336,0.005496526459808753
0.0032786931187860726,0.0011390319817346885,0.0003999590524643876,0.005424192275741242
0.0031373401389344045,0.0011153201310088114,0.0005047650678478755,0.00499010028617733
0.0010471792676505097,0.00043597612499215825,0.0018194073631652315,0.005944038910257843
0.0010293916659891017,0.00048264188412639874,0.0018469808350779443,0.005488624782591839
0.0032810321747700605,0.0011401103569674586,0.0004000877695252264,0.00541789375051326
0.003140177744605712,0.001117044210176276,0.0005051313820385909,0.004982111816059157
0.0010460801449454383,0.0004372625604632029,0.001820030131663963,0.00593896107311624
0.0010282942379662983,0.00048488920684483224,0.001849144124092942,0.005480756150865297
0.0032833420024814854,0.0011411755457560236,0.00040017519447376945,0.005411608327464973
0.003142997455364215,0.0011187620091217532,0.0005054510622426034,0.004974117743186543
0.001044972819430698,0.0004385733004180291,0.0018206250576501342,0.005933943747546719
0.001027183998280048,0.0004871740051551591,0.0018513017545790426,0.005472922100434102
0.003285622420135416,0.0011422272776916186,0.0004002215840506337,0.005405333934092169
0.0031457984346770587,0.0011204725170522428,0.0005057245624608191,0.004966118113798333
0.0010438568117958514,0.00043990969267447913,0.0018211936656176383,0.0059289852161662025
0.0010260608851921655,0.0004894966525816847,0.0018534528825348978,0.005465123625147923
0.0032878738704617116,0.001143265644299565,0.00040022693073156175,0.0053990681874125
0.0031485806105174302,0.0011221751943841151,0.0005059519813236668,0.004958112836836201
0.001042731779514628,0.00044127294998420717,0.0018217372352790587,0.005924082905562211
0.0010249249414097633,0.0004918576463934029,0.0018555968361479102,0.005457360498881106
0.0032900974950583243,0.0011442912250458096,0.00040019088082804134,0.005392809180730183
0.0031513448490335153,0.0011238701998261176,0.0005061330361111655,0.00495010156140828
0.001041597491411576,0.00044266403855114324,0.0018222564977297703,0.005919233908645101
0.0010237762437587175,0.0004942577148774202,0.0018577334196488442,0.005449631082212272
0.0032922948794315873,0.0011453048053641835,0.0004001128822959967,0.005386555273691125
0.003154092650240494,0.001125558192134654,0.0005062673026007957,0.004942083052523545
0.0010404537638694165,0.0004440836445551339,0.0018227519693210237,0.005914435731014051
0.0010226147680165905,0.0004966978448235777,0.001859863358612176,0.005441932896407772
0.0032944672775176327,0.0011463070797691575,0.00039999253356084807,0.005380304701638113
0.0031568254806566415,0.0011272400361325603,0.0005063545574627489,0.00493405492331844
0.001039300476053511,0.000445532227746273,0.0018232242375967956,0.005909686729898786
0.0010214404697283153,0.0004991792233930067,0.001861988240323382,0.005434263045715879
0.00329661554594454,0.0011472984417498062,0.00039982964620938877,0.005374055491948165
0.0031595446730760188,0.0011289165786711013,0.0005063948116988462,0.004926013931447789
0.001038137583032784,0.00044701015060882073,0.0018236738833580534,0.005904986050472953
0.0010202533253609117,0.0005017032618873737,0.0018641101194715752,0.005426618409427932
0.003298740434957105,0.0011482789955978379,0.00039962411781227166,0.005367805770967716
0.0031622517111606803,0.001130588602909851,0.000506388133699763,0.004917956487793552
0.0010369650927346034,0.00044851778129430324,0.00182410116076699,0.005900333336030845
0.0010190533086217673,0.0005042716389357434,0.001866231076365769,0.005418995648398956
0.003300842858355557,0.001149248650055644,0.00039937579438684915,0.00536155404682096
0.0031649483731628243,0.001132256857468319,0.0005063345254168473,0.004909879006056979
0.001035782964529368,0.0004500555814063408,0.0018245058488163659,0.005895728629235911
0.001017840306960466,0.0005068863293152598,0.0018683530187719225,0.005411391334601679
0.003302923908668565,0.0011502071381656318,0.0003990844466234992,0.005355299228105312
0.003167636682448318,0.001133921982980598,0.0005062339127215469,0.004901777991283289
0.0010345910879140843,0.0004516241504428022,0.0018248873453096772,0.005891172348560284
0.0010166141044135799,0.0005095495558814449,0.0018704776380844158,0.0054038022405735915
0.0033049846036487217,0.0011511539867599691,0.0003987498627785229,0.005349040455161986
0.0031703185590826583,0.001135584403806664,0.0005060862624196476,0.004893650096007984
0.001033389275935958,0.00045322428403451044,0.0018252449100842991,0.0058866653098428685
0.0010153744205146865,0.0005122637039946219,0.0018726063756493994,0.005396225619186336
0.0033070258014899364,0.001152088490158536,0.00039837188400346224,0.005342776913448782
0.003172995698379194,0.001137244229984337,0.0005058916014462173,0.004885492219869349
0.0010321772886298759,0.0004548570112278627,0.001825577815850232,0.005882208536154877
0.0010141209374713849,0.0005150312411348745,0.0018747403199098267,0.005388659357316321
0.0033090481874860967,0.0011530098024724311,0.00039795039184901867,0.005336507769946452
0.003175669498810846,0.0011389013030725047,0.0005056499924270008,0.004877301679527816
0.001030954794195971,0.0004565236238104239,0.0018258853940276867,0.005877803049094484
0.0010128532989456445,0.0005178546662894872,0.0018768801023666063,0.005381101934185728
0.0033110524550046855,0.001153917058043766,0.00039748522023032675,0.005330232168231546
0.003178341222404795,0.0011405552788109866,0.0005053614299824348,0.00486907629145191
0.0010297213643076129,0.00045822565530283883,0.0018261670162719834,0.0058734496301094865
0.0010115711009969937,0.0005207364785136673,0.0018790258845602249,0.00537355232019333
0.003313039330394428,0.0011548094898262517,0.0003969761264509249,0.0053239492328617105
0.003181011997805252,0.0011422057340716224,0.0005050258210774701,0.004860814357860061
0.0010284764794235032,0.00045996483950082567,0.0018264221328977328,0.0058691487461140016
0.0010102739167308025,0.0005236791442136433,0.0018811774536510958,0.005366009848343042
0.003315009599338299,0.001155686464901741,0.00039642278205559146,0.005317658003034303
0.0031836828632819066,0.0011438522114057686,0.0005046429816734393,0.0048525145340393315
0.00102721957743435,0.0004617430461553774,0.0018266503469519873,0.005864900512377409
0.0010089613241914483,0.0005266850679126459,0.0018833343790155327,0.005358474127396693
0.003316964011763153,0.0011565475077290868,0.0003958248134481837,0.005311357357043227
0.00318635469641196,0.0011454942767835357,0.0005042126847927896,0.004844175685141212
0.001025950073197247,0.0004635622276044172,0.0018268514871897493,0.005860704733021331
0.0010076329301447887,0.0005297565750085151,0.001885496154992197,0.0053509449178487135
0.0033189033059570633,0.0011573923048685956,0.00039518180412018573,0.005305045957190408
0.0031890282850635496,0.0011471315674138392,0.0005037346577092794,0.0048357967478494385
0.0010246673793283688,0.0004654243653621449,0.0018270256082964444,0.0058565609034337985
0.001006288373118101,0.000532895921978419,0.0018876623095116902,0.005343421994467769
0.0033208282150319983,0.0011582207271987866,0.0003944932978322917,0.005298722270638311
0.003191704378279009,0.001148763862900454,0.0005032085850285806,0.004827376634331793
0.0010233709126753873,0.0004673314286375091,0.001827172940989161,0.005852468258604018
0.0010049273317578366,0.0005361053259168253,0.0018898324857283741,0.005335904979466451
0.0033227395396861832,0.0011590328191506685,0.00039375878204870164,0.0052923846166264025
0.003194383805868612,0.001150391121041683,0.0005026340937900126,0.004818914131283882
0.0010220601178580143,0.00046928533665071566,0.001827293823406379,0.005848425830398039
0.0010035495282159498,0.0005393870080563949,0.0018920065232691582,0.005328393226370088
0.003324638134639757,0.0011598287706998094,0.0003929777039595461,0.0052860312182092485
0.003197067502533941,0.0011520134946485009,0.0005020107781864003,0.004810407807741399
0.0010207344774979625,0.00047128793996051906,0.001827388657384046,0.005844432565275514
0.0010021547312353463,0.0005427432376066276,0.0018941845276070418,0.005320885751264692
0.003326524905192019,0.0011606088594580057,0.0003921494875602545,0.005279660224773724
0.0031997565371195496,0.001153631309546245,0.000501338222022083,0.00480185593164152
0.0010193935178826991,0.0004733410184618545,0.0018274578768554574,0.005840487431838326
0.0010007427458421263,0.000546176376769383,0.0018963669096883878,0.005313381230061951
0.0033284007650403818,0.0011613733988358043,0.00039127356118958865,0.00527326973815396
0.0032024520922823364,0.0011552450371456185,0.0005006160296298032,0.004793256438381438
0.0010180367985728187,0.0004754463004624826,0.0018275019147469527,0.005836589522401163
0.0009993134028545086,0.0005496889222086171,0.0018985543749266889,0.005305878018300807
0.003330266642729228,0.0011621226874564115,0.00039034936450148847,0.005266857847842891
0.0032051554815097556,0.0011568552532671336,0.0004998438323676222,0.004784606946474619
0.0010166639036381284,0.00047760549275577366,0.001827521156299406,0.005832738109632547
0.0009978665450461313,0.0005532835441407101,0.0019007478736362156,0.00529837419991192
0.0033321234756095094,0.0011628569742892132,0.0003893763537669143,0.0052604226822000975
0.0032078681399321206,0.0011584625997051999,0.0004990212943421788,0.004775904815053945
0.0010152744279771826,0.0004798203190813294,0.0018275158971983426,0.00582893268836604
0.0009964020162542408,0.0005569631153361289,0.0019029485295090074,0.0052908676514811315
0.003333972217663822,0.001163576427417249,0.00038835399968580053,0.00525396244777959
0.0032105916171867067,0.0011600677379065949,0.0004981481105007905,0.0047671472143673566
0.0010138679645728319,0.0004820925598019169,0.0018274863200172138,0.005825172993106854
0.0009949196476851721,0.0005607307278241923,0.0019051575647096159,0.005283356135843152
0.0033358138182331674,0.0011642811149351847,0.0003872817921896252,0.005247475452984861
0.003213327533231577,0.0011616713061626497,0.000497224011436367,0.0047583312074481006
0.0010124440886296463,0.00048442409100711586,0.0018274324941081055,0.005821459004040883
0.0009934192480508277,0.00056458969299544,0.0019073762221965811,0.005275837405575039
0.003337649208612769,0.0011649709940234107,0.00038615924057525727,0.005240960114952137
0.0032160775368765223,0.0011632738787975406,0.0004962487612668778,0.004749453838692504
0.0010110023457206268,0.000486816917630195,0.0018273543878195493,0.005817790925617997
0.000991900597020628,0.0005685435278042424,0.0019096056875361378,0.005268309307936836
0.0033394792856576276,0.001165645915709016,0.0003849858716043484,0.005234414965024304
0.0032188432596467332,0.0011648759382867238,0.000495222151816256,0.004740512231513566
0.0010095422433915994,0.0004892731973868842,0.001827251884801701,0.005814169146280588
0.0009903634454749234,0.0005725959280891059,0.0019118470130540086,0.005260769871630015
0.0033413049119311033,0.0011663056407659586,0.00038376122020851607,0.00522783865351947
0.003221626285519693,0.0011664778589883307,0.0004941439886391159,0.0047315036824439275
0.001008063248477425,0.0004917952517848268,0.0018271248017807966,0.005810594182282995
0.0009888075192089894,0.0005767507325499016,0.0019141010554687135,0.005253217375513565
0.0033431269137038622,0.0011669498657222522,0.00038248482021057924,0.00522122995417568
0.0032244281213976538,0.00116807990422392,0.0004930140773110514,0.004722425742526863
0.0010065647886832426,0.0004943855633529375,0.0018269729106099655,0.005807066620879138
0.0009872325274335964,0.0005810118783766078,0.0019163684329552369,0.005245650395991884
0.003344946080889329,0.001167578251581241,0.00038115619571792023,0.0052145877638749135
0.0032272501736800743,0.0011696822315223692,0.0004918322108573008,0.004713276278745611
0.0010050462596930287,0.0004970467594818047,0.00182679596430775,0.005803587067477487
0.0009856381749068662,0.0005853833516417114,0.0019186495037513461,0.005238067836893294
0.0033467631620753614,0.0011681904529645822,0.0003797748562230914,0.005207911101309022
0.0032300937266532877,0.0011712849049635172,0.000490598161034458,0.004704053517430267
0.0010035070372039561,0.0004997815847194347,0.0018265937228101807,0.005800156101701326
0.0009840241784586552,0.0005898691348834726,0.001920944361633683,0.005230468939668506
0.003348578862526347,0.001168786144560882,0.00037834029329508913,0.005201199108454038
0.003232959929945807,0.001172887912170474,0.0004893116714044854,0.004694756072451603
0.001001946492856969,0.0005025928639083895,0.0018263659730854813,0.005796774243186796
0.000982390285382714,0.0005944731556058365,0.001923252844367224,0.005222853276583458
0.0033503938438676855,0.0011693650440680623,0.0003768519792658201,0.005194451059172019
0.003235849794227011,0.0011744911845812118,0.0004879724526599816,0.004685382961224205
0.0010003640124278282,0.0005054834586532319,0.0018261125406372602,0.005793441929977659
0.0009807362925494366,0.0005991992377754574,0.0019255745511346316,0.005215220729993537
0.003352208725601182,0.0011699269292256198,0.00037530936808379456,0.005187666375422258
0.003238764193329326,0.0011760946176602779,0.00048658018091726036,0.004675933610778344
0.0009987590149335647,0.0005084562201535462,0.0018258332927790285,0.00579015951209719
0.0009790620647030601,0.0006040510578125769,0.0019279088660608904,0.005207571465105902
0.0033540240848165047,0.0011704716469528211,0.0003737118995898633,0.005180844650704305
0.0032417038687309048,0.0011776980873864002,0.00048513449998474015,0.004666407857379088
0.0009971309721244547,0.0005115139410356071,0.001825528134788809,0.00578692726057666
0.0009773675515709422,0.0006090321050149283,0.0019302549832341056,0.005199905903030822
0.0033558404525167347,0.001170999113683262,0.00037205900747752077,0.0051739856802024056
0.003244669432548766,0.0011793014604606841,0.0004836350278001954,0.004656805945256441
0.0009954794270579978,0.000514659308903575,0.0018251969998423997,0.005783745390789451
0.0009756528028692452,0.0006141456458640465,0.0019326119278229705,0.005192224700325099
0.0033576583074019476,0.0011715093074205927,0.0003703501299984314,0.0051670894980450155
0.003247661368607047,0.0011809045966170856,0.0004820813654274451,0.004647128530431597
0.00099380401119942,0.0005178948630787955,0.0018248398324371754,0.005780614096061583
0.0009739179805705869,0.000619394690803945,0.0019349785680025022,0.005184528739557753
0.0033594780670081308,0.0011720022533475002,0.000368584722553855,0.0051601564223655895
0.003250680029333148,0.0011825073429803554,0.0004804731075068229,0.004637376695341723
0.0009921044591742346,0.0005212229553506344,0.0018244565658336667,0.005777533588689194
0.0009721633681526546,0.0006247819613805671,0.0019373536137944664,0.005176819134329322
0.0033613000773873337,0.001172478004445331,0.0003667622709935107,0.005153187108029594
0.0032537256280990912,0.0011841095200081154,0.0004788098525693072,0.004627551978119831
0.000990380621635485,0.0005246457141857785,0.001824047094648357,0.005774504144712497
0.0009703893770733031,0.0006303098548188605,0.0019397356008518005,0.005169097251922038
0.0033631245995763164,0.001172936618914166,0.00036488230551443934,0.005146182606433366
0.003256798223904959,0.0011857108994270233,0.0004770912128463266,0.004617656419472236
0.0009886324765296048,0.0005281650113798741,0.0018236112448108998,0.005771526150160797
0.0009685965511246735,0.0006359804025455801,0.0019421228582101355,0.005161364755496833
0.003364951793222435,0.001173378135803722,0.0003629444145283308,0.005139144431121878
0.0032598976976585814,0.0011873111745398586,0.00047531682248663613,0.0046076926287699025
0.0009868601396290227,0.0005317824290915927,0.0018231487425055249,0.005768600145780546
0.0009667855692941248,0.00064179521895406,0.001944513459971534,0.005153623666673652
0.003366781696541029,0.0011738025508834969,0.00036094825826936145,0.005132074628844558
0.0032630237188065662,0.001188909924358154,0.00047348634354436284,0.004597663870710737
0.000985063874946396,0.0005354992248613175,0.001822659183189528,0.005765726868224625
0.0009649572479933519,0.0006477554367630478,0.0019469051612354944,0.005145876447537657
0.0033686142041573133,0.0011742097943022508,0.00035889358140045794,0.005124975855725626
0.0032661757034502577,0.0011905065729101816,0.0004715994685704436,0.0045875741726751715
0.000983244106207124,0.0005393162915834025,0.0018221420011366716,0.005762907285508727
0.0009631125434750217,0.0006538616256519259,0.0019492953196192883,0.005138126100356993
0.0033704490426839026,0.001174599711581618,0.00035678022452273895,0.005117851458697298
0.0032693527639378974,0.0011921003453995366,0.00046965591953407315,0.004577428452073465
0.000981401430330048,0.0005432341093895625,0.0018215964398949193,0.005760142626189306
0.000961252555404793,0.0006601136911932283,0.001951680804419236,0.0051303762824766895
0.0033722857448701114,0.001174972048544404,0.00035460813454856507,0.005110705561790629
0.003272553651064904,0.0011936902223433886,0.0004676554428547396,0.004567232661589591
0.0009795366340201862,0.0005472526864726371,0.0018210215241712608,0.005757434401963425
0.0009593785322515484,0.0006665107516985726,0.001954057896084483,0.005122631434006839
0.003374123621970031,0.0011753264405941163,0.000352377374443334,0.005103543156885338
0.0032757766890330296,0.001195274892768165,0.000465597801003157,0.004556993950011201
0.0009776507141265644,0.0005513714863701568,0.0018204160335016431,0.005754784424395737
0.0009574918790167458,0.000673050991214246,0.0019564221786329463,0.005114896915648721
0.0033759617348023212,0.0011756624061804864,0.00035008813273441854,0.0050963701982179675
0.003279019704454623,0.001196852707114979,0.00046348276102102097,0.00454672083569155
0.000975744902411861,0.000555589339713714,0.0018197784776969928,0.005752194816164619
0.0009555941675644777,0.0006797314877421711,0.0019587684274315897,0.005107179153974112
0.0033777988636911472,0.0011759793442611918,0.0003477407334119538,0.005089193700205712
0.0032822799500885655,0.001198421630473642,0.0004613100806968465,0.004536423390038736
0.0009738206947995901,0.0005599043392744158,0.0018191070739942698,0.0057496680177526295
0.0009536871495099521,0.0006865480165117066,0.0019610904944842695,0.005099485791547948
0.003379633478240262,0.0011762765351517816,0.000345335646642145,0.005082021837611389
0.003285554025236146,0.0011999791962634806,0.000459079492946923,0.0045261134278640315
0.0009718798852103947,0.0005643137178441892,0.0018183997258052606,0.005747206789677143
0.0009517727713829454,0.000693494829046378,0.0019633811932072294,0.005091825839550148
0.003381463707009185,0.0011765531442931004,0.00034287350109061957,0.005074864046824793
0.003288837793204779,0.0012015224605648276,0.0004567906895312871,0.004515804701640325
0.0009699246033996262,0.000568813709529326,0.0018176540034051513,0.005744814210740689
0.0009498531915346531,0.0007005644095088423,0.0019656321845998885,0.005084209830653827
0.0033832873081380958,0.0011768082282326902,0.0003403550983425011,0.005067731126041703
0.0032921262975883566,0.001203047956866391,0.00045444330499092044,0.004505513096149443
0.0009679573561508645,0.000573399395880657,0.001816867127352998,0.0057424936714583225
0.0009479307980045016,0.0007077472107034948,0.001967833866620089,0.005076649970237266
0.0033851016410703927,0.0011770407425314344,0.0003377814301578821,0.0050606353316410575
0.003295413677921739,0.0012045516513480457,0.00045203690206408945,0.004495256820230218
0.0009659810707374924,0.0005780645393437476,0.0018160359559126148,0.005740248861331617
0.000946008226509126,0.0007150313729067999,0.001969975268592208,0.005069160283499107
0.0033869036408623668,0.0011772495514422818,0.00033515369888930324,0.005053590467007717
0.0032986930865080283,0.0012060288988324838,0.00044957095961383386,0.004485056591696271
0.000963999139380552,0.0005828014073676832,0.0018151569782465051,0.00573808374718967
0.0009440883776577806,0.0007224024297679901,0.0019720439527778624,0.00506175675567574
0.0033886897960014894,0.0011774334398184801,0.00033247334145095325,0.005046611959311767
0.0033019566078657755,0.0012074744001699998,0.0004470448643376642,0.004474935811104019
0.0009620154631763011,0.0005876005915571479,0.001814226315958806,0.005736002538655119
0.000942174432516691,0.0007298430065321551,0.001974025925899268,0.005054457461477228
0.003390456131734143,0.0011775911280850328,0.00032974205693729613,0.005039716918378119
0.003305195183109366,0.0012088821622771105,0.0004444579075579035,0.004464920718892115
0.0009600344937726345,0.0005924508271138787,0.0018132397363402962,0.005734009635417704
0.000940269865819576,0.0007373325172306045,0.0019759055644066378,0.0050472826786187135
0.0033921982005449803,0.001177721291719711,0.00032696183800217515,0.005032924170741934
0.0033083985416845255,0.0012102454629433401,0.00044180928869256176,0.004455040529194544
0.0009580612709183464,0.000597338818909339,0.0018121926815489388,0.005732109549732052
0.0009383784563111395,0.0007448468690021262,0.0019776655587417803,0.005040254978456878
0.0033939110823653653,0.0011778225871156471,0.0003241350058824748,0.005026254260460881
0.00331155514399443,0.001211556823331553,0.00043909812722942043,0.004445327531797619
0.0009561014538545598,0.0006022490815001864,0.0018110803188716132,0.005730306796161535
0.0009365042940569853,0.0007523581837276236,0.001979286883396263,0.00503339928451749
0.003395589397055223,0.00117789368628093,0.0003212642489085455,0.005019729407119887
0.0033146521390095152,0.0012128079922965093,0.0004363234854397486,0.0044358171517703045
0.0009541613443845878,0.0006071638015932544,0.0018098976179159918,0.005728605739560192
0.000934148672958401,0.0007594255395197062,0.0019796825881583007,0.005024037050917704
0.0033971235544030683,0.001177947096032164,0.00031839940265942774,0.005013204669887295
0.0033174729825100574,0.00121396582707221,0.0004335752556389014,0.004426393382096881
0.0009522165605475125,0.0006121217990854982,0.0018089255548846771,0.005727056067639527
0.0009317692530616681,0.0007663789930975349,0.001980035947134632,0.005014816215227195
0.0033983957203126496,0.0011779067729881967,0.00031559090878258156,0.005006564839396429
0.003319998959436093,0.0012149730500288951,0.0004308616337511432,0.004417030868041088
0.0009500164770927071,0.0006168872892587107,0.0018075761123623859,0.005723821285928616
0.0009294158886098009,0.0007731540441588601,0.0019803235549084148,0.005006003492391613
0.003399345010566051,0.0011777802543296283,0.0003128485387543299,0.004999922661369052
0.0033221442016238127,0.0012158194129252644,0.0004281777103585879,0.004407897138122929
0.0009476861461210924,0.0006214689280013443,0.0018059958304168804,0.005719561116704815
0.0009271312015003545,0.000779656936910002,0.0019804439462579575,0.004997615413616922
0.0034001304701568335,0.0011775703782466956,0.00031011808760900714,0.004993384333142252
0.003324047511691252,0.0012165025574079453,0.00042545114761839556,0.004399119972040426
0.0009454365379835531,0.0006259029903613634,0.001804417098678355,0.005715346002501598
0.0009249391910431686,0.0007858335246099416,0.001980316624130429,0.004989631756153778
0.0034008591338632126,0.001177335719815112,0.00030735432333316696,0.00498713032593024
0.003325823818767859,0.0012170920947772127,0.00042262310245434005,0.004390840350604296
0.0009432920743392205,0.000630113235598248,0.0018026931209953094,0.005711218215297267
0.0009228629575669863,0.0007916420061720928,0.0019798691353573967,0.004981984877854921
0.003401654184966478,0.0011771018028007337,0.00030451687749047526,0.004981288282978478
0.003327585694285528,0.0012176119857806884,0.0004196570677604246,0.004383101072141125
0.0009412737336539455,0.0006340326028568448,0.001800765243442384,0.00570721081153312
0.0009209022362831488,0.0007970479725508725,0.0019791230600498524,0.004974688644831867
0.003402420377783301,0.001176855273104484,0.00030164120949905944,0.004975898941590769
0.0033292299525319834,0.0012180428380298832,0.0004165982459816452,0.0043758924475368
0.0009393853782556739,0.0006376255509912817,0.0017986877650165013,0.005703389806655508
0.0009190576105708249,0.0008019967877085476,0.0019781200118727353,0.004967804719173763
0.0034030558968611998,0.001176545397934361,0.0002987742309457215,0.004970929632418877
0.0033306423048584046,0.0012183239622265542,0.0004134941342853099,0.004369214184632117
0.0009376320608716131,0.0006408768031228339,0.001796526687460544,0.0056997796011949
0.0009173285282995025,0.0008064308974399673,0.0019768594255228436,0.004961439093160904
0.00340349376260639,0.0011761461931343942,0.00029594876975105574,0.004966386523436015
0.003331752130233528,0.0012184128865445698,0.00041036512560737497,0.004363142996187863
0.0009360211457017114,0.0006437728813823881,0.0017942846986009303,0.0056963726641775046
0.0009157206105184541,0.0008102897024359263,0.0019752704528025623,0.004955667054868213
0.0034037786557827945,0.001175663636334657,0.00029315999619885006,0.0049623197134972576
0.0033325812154982835,0.001218295273908727,0.00040719449701072277,0.004357793959298169
0.0009345559917645893,0.0006462949765403699,0.0017919195798154275,0.00569314532392054
0.0009142314699148874,0.0008135227077972577,0.001973274037823818,0.004950548148611402
0.0034039661036022926,0.0011751222830731177,0.00029039750742822446,0.004958794098900087
0.0033331632687632964,0.0012179700928914494,0.0004039643164882575,0.004353265287492006
0.0009332390397187021,0.0006484167890270417,0.0017893991558046755,0.005690071422267009
0.000912857967886299,0.000816076646090154,0.001970820185178272,0.004946133929407985
0.0034040666612394125,0.0011745373574643927,0.0002876670664536974,0.00495584192462074
0.0033334771585629597,0.0012174272933518039,0.00040068088486960125,0.004349620257706586
0.0009320722410021701,0.0006501160469695572,0.0017867413445572385,0.005687131699882187
0.0009116010625969043,0.0008178925046674649,0.0019678956810527835,0.004942487411406545
0.003404052246685175,0.0011739088242275204,0.00028498974562794543,0.004953457397974901
0.003333471578968902,0.0012166418028854086,0.00039736518100983776,0.004346900362700243
0.0009310646033289957,0.0006513722258747641,0.0017839921178339085,0.0056842861907193
0.0009104695775094723,0.000818903547553299,0.0019644955390234887,0.004939674045590233
0.003403889326963992,0.001173240432692368,0.0002823893144388643,0.0049516219649866355
0.003333089040069,0.0012155958701801522,0.0003940399662768413,0.004345154388708117
0.0009302242204023495,0.0006521676056209932,0.001781198014630417,0.005681480074789007
0.0009094759381124664,0.0008190438630015777,0.001960608315998881,0.004937738580720915
0.003403587617724442,0.0011725510825680993,0.00027987665093058523,0.004950317154158392
0.0033323192844205937,0.0012142892740889732,0.00039071432630933574,0.00434442968090096
0.0009295581347768225,0.0006524816085859437,0.001778389458134357,0.005678634621286984
0.0009086315886746112,0.0008182579219259173,0.001956225727282326,0.0049366950269068765
0.0034031734397978754,0.0011718768424469942,0.0002774571592999714,0.004949527437452513
0.0033311703063102216,0.0012127431127363362,0.00038739648226727573,0.004344758245844403
0.0009290700790398174,0.0006522945758874301,0.001775596314130711,0.005675665535246566
0.0009079490309772581,0.0008165052314954404,0.0019513605126208465,0.004936518831458976
0.0034026790820762694,0.001171255128847812,0.0002751365375992192,0.004949220319365124
0.0033296610198276424,0.0012109856424498116,0.0003841012603224422,0.00434613359338128
0.0009287643273406988,0.000651591774999278,0.0017728632871641162,0.005672481068281033
0.0009074421986237324,0.0008137648138220666,0.001946058734209888,0.004937156213393212
0.0034021153124307434,0.0011707189087650316,0.00027292931266364626,0.004949340746798118
0.003327798387058215,0.0012090490721326083,0.0003808577321393858,0.004348509797206331
0.0009286443070491318,0.000650368607965009,0.0017702532452240746,0.0056689883684487175
0.0009071266672746101,0.0008100369838545113,0.0019403937596755398,0.004938520434723414
0.0034014901929890332,0.0011702961666246888,0.0002708533500447856,0.004949810225690529
0.0033255963068891136,0.0012069708116434275,0.0003777018846673751,0.004351804293460722
0.0009287101615167837,0.0006486325275552947,0.0017678354739855903,0.005665092756497247
0.00090701517045317,0.0008053496750193407,0.0019344588328641691,0.0049404908853364635
0.0034008178369100196,0.0011700161526327717,0.0002689255903252814,0.004950539502008095
0.0033230878284794796,0.0012047998899749604,0.0003746708196248037,0.004355903515982309
0.0009289572606962173,0.0006464023577180182,0.001765671909987619,0.005660703131661733
0.0009071159396746523,0.0007997622814989467,0.0019283606528680659,0.004942905899490692
0.0034001265058012536,0.00116990920396589,0.00026715876409988566,0.004951435677513422
0.0033203308828195152,0.0012025972145498426,0.0003718001300251875,0.004360662077116603
0.0009293761433856528,0.0006437085497889043,0.001763812956369387,0.005655741285272162
0.0009074311678619989,0.0007933689489590057,0.001922221200779026,0.004945565981812818
0.003399449399780152,0.0011700017718383323,0.0002655634580028338,0.0049524049447071065
0.003317401202342807,0.001200430276570823,0.00036912541145286146,0.0043658998326259486
0.0009299540702548975,0.0006405930900109435,0.0017622984956135541,0.005650150148979671
0.0009079567093769848,0.0007862970144419078,0.0019161774514042222,0.004948242550027753
0.00339881348152638,0.0011703107396350046,0.000264150859396266,0.0049533523167704825
0.0033143790806434005,0.0011983674094203217,0.0003666841562841069,0.004371404908622131
0.0009306744824676381,0.0006371105908058841,0.0017611596064257382,0.005643903513676296
0.0009086808834985379,0.0007787034101548312,0.0019103764119499092,0.0049506909576960845
0.003398238192343476,0.001170840371952999,0.0002629323174620582,0.004954184001093801
0.003311347846392152,0.0011964730896775067,0.000364512836136777,0.004376942423842643
0.0009315171196926041,0.0006333273001370007,0.0017604137398485517,0.005637008621041075
0.0009095835005124304,0.0007707691977686135,0.0019049645016624415,0.004952663846276208
0.0033977367642402862,0.001171583196176761,0.00026191757288682437,0.0049548153705043
0.0033083917995293337,0.0011948064299200048,0.0003626433763950956,0.0043822696699269146
0.0009324576154135371,0.0006293196652629227,0.0017600586971311574,0.005629508875478513
0.000910635937216905,0.0007626929681719512,0.0019000760603480333,0.004953922523486423
0.003397322177395553,0.00117252060178561,0.00026111189154319746,0.0049551779052744585
0.0033055983865012965,0.0011934183784358607,0.0003610990752305677,0.004387149464650424
0.0009334683028617937,0.0006251719542536738,0.0017600690309819656,0.005621481560347171
0.0009118017496957507,0.0007546832951020501,0.0018958251819268222,0.004954250542054299
0.003397004407599329,0.0011736235963356243,0.00026051589199920964,0.0049552234860275315
0.0033030509944818355,0.0011923488102692263,0.00035989408292494884,0.004391362288531465
0.000934518680634109,0.000620974420828946,0.001760398289482755,0.0056130351280949025
0.0009130382492813926,0.0007469496763021584,0.0018923000599385153,0.004953466732735291
0.0033967884320484274,0.0011748528500605698,0.0002601257598510634,0.004954922941712403
0.0033008222155787212,0.0011916227508919526,0.00035903354741975517,0.0043947157435135446
0.0009355760130294763,0.0006168217482102894,0.0017609845081703569,0.005604302066367684
0.0009142981877043515,0.0007396934691586953,0.001889559222313444,0.0049514382014122955
0.0033966711572525955,0.001176160614662632,0.0002599339165748467,0.0049542633725737925
0.0032989671674615796,0.0011912484552471664,0.00035851418683431396,0.004397053897401873
0.0009366060035653909,0.000612811383494333,0.0017617559305183974,0.005595428854575081
0.0009155321515238683,0.0007330992060709502,0.0018876278292816683,0.004948088219953842
0.003396643316768592,0.001177494245431204,0.0002599284863079139,0.004953244976072891
0.0032975217406334134,0.0011912175599202621,0.0003583239631087437,0.004398265028466919
0.0009375735984405816,0.0006090415591742964,0.0017626360299959557,0.005586563953187547
0.0009166908695989575,0.0007273277516105406,0.0018864960688415907,0.004943399307876165
0.003396692511251171,0.001178800987550437,0.0002600925696439686,0.004951878322624858
0.0032965036168843913,0.0011915071596289779,0.00035844171423250575,0.00439828591804291
0.0009384441608093303,0.0006056086261669116,0.0017635481096627897,0.005577845835059732
0.0009177275420977664,0.0007225111194145029,0.0018861203897861574,0.004937411079568778
0.0033968055923916034,0.001180032662680492,0.00026040398286870286,0.004950180904304607
0.0032959132796817475,0.0011920829870167302,0.0003588376373614485,0.004397101741713052
0.0009391846856923197,0.0006026041774770194,0.0017644205783779487,0.005569393715040236
0.0009185999132205806,0.0007187491327224906,0.0018864281251655334,0.004930214469040713
0.0033969698862634456,0.001181149333848074,0.0002608356528975343,0.004948172927218132
0.003295735652388381,0.0011929027669359922,0.00035947434560004753,0.004394741749101888
0.0009397654029418729,0.0006001118345356046,0.0017651918349768187,0.005561300640397215
0.0009192721738383374,0.0007161076133295925,0.001887324117391539,0.004921943250573875
0.003397173114126633,0.0011821220513535582,0.00026135659368117467,0.004945873711475401
0.003295941441029566,0.0011939199905402693,0.00036030843130869736,0.004391272898197454
0.0009401613134020595,0.0005982040227493703,0.0017658138631591325,0.0055536300731531315
0.0009197166061742142,0.0007146180396549118,0.00188869799922447,0.004912763162636725
0.0033974044470005183,0.0011829345767462906,0.00026193271767650637,0.004943299440535688
0.003296490662033994,0.001195087758739622,0.0003612916376439537,0.004386792211794338
0.0009403536544635849,0.0005969386619396795,0.00176625351166128,0.00554641496867235
0.0009199147159736454,0.0007142786323499302,0.0018904314886671616,0.004902859829526803
0.003397655376035249,0.0011835843452677299,0.00026252773146625327,0.004940462941259497
0.003297336526182524,0.0011963627308118508,0.0003623720653144963,0.004381418833317794
0.0009403309569509635,0.0005963561017831781,0.0017664919093739264,0.005539659935950511
0.0009198578933043161,0.0007150566074268449,0.0018924053720455318,0.004892426146806199
0.003397920794847846,0.0011840821801846386,0.00026310405195955526,0.004937374515129112
0.0032984296944348237,0.0011977083408195117,0.00036349545485202684,0.004375285639247238
0.0009400897314976384,0.0005964766462639069,0.0017665227885083087,0.0055333455786086136
0.0009195475250415513,0.0007168914703588295,0.0018945062112579536,0.0048816508040410485
0.003398198731652219,0.0011844507731512176,0.0002636241504273604,0.004934043314817975
0.0032997212490317976,0.001199096934315452,0.00036460698415293293,0.0043685309948453405
0.0009396347060003215,0.0005972990840356675,0.0017663504403462138,0.00552743447128702
0.0009189946784812483,0.000719699041406183,0.0018966321759272885,0.004870708570239311
0.0033984894254328866,0.001184722006929217,0.0002640521185261143,0.00493047856654805
0.0033011646611719038,0.0012005105870962446,0.000365653379301754,0.004361291179737827
0.0009389785150884771,0.0005988005488805268,0.0017659875847831036,0.0055218777249452095
0.0009182192317533641,0.0007233761591806857,0.0018986975575180176,0.004859753057692182
0.0033987940302805547,0.0011849336499210254,0.00026435527557183176,0.0049266906790224755
0.0033027170797741714,0.0012019408042034459,0.0003665850647159326,0.0043536941281219045
0.0009381408285304634,0.0006009377623249826,0.0017654530439424228,0.0055166212429403755
0.0009172484837781965,0.0007278058877159215,0.0019006354517216496,0.004848911903882306
0.003399113581177114,0.0011851258853627464,0.0002645055476807929,0.004922692250663985
0.0033043402553014777,0.0012033873708698934,0.00036735809813823054,0.0043458548578878195
0.0009371469398397422,0.0006036496199705268,0.0017647693025091326,0.005511611240498492
0.0009161152948093555,0.0007328631027525252,0.001902398616346623,0.004838284330927026
0.003399448409143729,0.0011853379730843272,0.00026448049349060666,0.004918498924703373
0.003306001357701642,0.0012048565120464764,0.0003679357128808796,0.00433787253162631
0.000936026034293692,0.0006068608695835486,0.0017639600930981346,0.0055067985915867
0.0009148559305186475,0.0007384201686405135,0.001903958706050982,0.0048279409546475565
0.0033997976799925353,0.0011856052659271977,0.0002642640157817357,0.004914129981220245
0.00330767325285051,0.0012063585952389875,0.00036828950113970867,0.004329829092480808
0.0009348092759214902,0.0006104866076536026,0.0017630483347775819,0.005502142062596841
0.0009135077991980577,0.0007443523531673634,0.001905304212237982,0.004817925602748618
0.0034001591360356535,0.0011859567087852622,0.000263846713962004,0.0049096085022555715
0.0033093344117169974,0.0012079055603719936,0.0003684001142132998,0.00432178926542937
0.0009335279174883428,0.0006144371730804596,0.0017620545210243006,0.0054976102694664596
0.0009121072539743859,0.0007505426031945754,0.0019064374209804304,0.004808258864310251
0.0034005288818509546,0.001186413046635861,0.00026322589237885903,0.004904961240614726
0.00331096834051342,0.0012095084290687406,0.0003682574451585336,0.004313801899063789
0.0009322115658534462,0.000618622993802289,0.0017609955539316666,0.005493182506663569
0.0009106876539705724,0.0007568853256813969,0.0019073706586258798,0.004798942806265891
0.003400901505056508,0.0011869858450747062,0.00026240514964027994,0.0049002182979600815
0.0033125628956695956,0.001211175142372174,0.0003678601887940639,0.004305902426568607
0.00093088676064694,0.0006229589284503875,0.0017598839366806238,0.005488848502138374
0.0009092778213289323,0.0007632889377137814,0.0019081222080884032,0.004789966373724834
0.003401270386346198,0.0011876773760013041,0.0002613936159341372,0.004895412779495514
0.0033141094546792604,0.0012129089434259588,0.0003672148576453978,0.004298116165384299
0.0009295759656179743,0.0006273677376850449,0.0017587273228557776,0.005484607353181823
0.0009079010104505519,0.000769677033474033,0.0019087122830098622,0.004781310935991632
0.003401628147962739,0.0011884812575923642,0.0002602049227142224,0.004890580398857984
0.0033156019749137973,0.0012147073636183568,0.0003663343815237841,0.004290462026766356
0.000928134908656166,0.0006316721299201022,0.0017572215607814662,0.005479508811082791
0.000906566348607952,0.0007759727252958261,0.001909171154492318,0.00477303257594039
0.0034018701140650933,0.0011893550497020045,0.0002588848724710899,0.004885723298266283
0.0033169269630236383,0.0012165101817301369,0.0003652694380698272,0.004282923527579366
0.0009266896896525332,0.0006358884613240787,0.0017556540739355787,0.005474238813525432
0.0009052911194025183,0.0007820935758066647,0.0019095369155374643,0.004765171114318262
0.0034019259778379283,0.001190256163385934,0.0002574721351220233,0.0048808426264988275
0.003318004054816425,0.001218284021715262,0.0003640551159790966,0.004275552203935657
0.000925308326621453,0.0006400091571299305,0.0017541346862947167,0.00546915774739916
0.0009040972664809306,0.0007879802479586413,0.0019097729008964435,0.0047577097876176176
0.003401904687562605,0.0011911793921841152,0.00025595024862750716,0.004876038899092601
0.003318966355337178,0.0012200293144556567,0.00036265929023821745,0.004268450568294562
0.0009240175010599861,0.0006439724225744532,0.0017525591628113227,0.005464248598130435
0.0009029961007913823,0.0007935944415573417,0.0019098076234065993,0.0047505959459239674
0.003401892489240201,0.0011921483957746427,0.000254304821445018,0.004871457460343623
0.0033198909125821178,0.00122177392473865,0.00036106926679197723,0.004261709512067452
0.0009228151742966621,0.0006477279697460824,0.0017508549830278003,0.005459543138778387
0.0009019803341697275,0.0007989122361471131,0.001909621829592754,0.004743785703164448
0.0034019238660796185,0.0011931513014052258,0.00025254285570246887,0.004867157646280894
0.003320803764250055,0.0012235029798592922,0.00035930063843032906,0.004255327600850764
0.0009216955977670956,0.0006512419166306591,0.0017490212623130822,0.005455058897002552
0.000901035701931379,0.0008039117178776949,0.001909248844899047,0.004737310724727815
0.003401895900876365,0.0011941502262019148,0.00025071226393844987,0.004863149238863385
0.0033215978417302284,0.0012251718789490062,0.00035740946626689753,0.00424930228903643
0.0009206565496724749,0.0006545019816758566,0.0017470998610031629,0.005450813596552066
0.0009001628641081743,0.0008085565044881965,0.0019087014556384693,0.0047312261105916294
0.0034017484563738463,0.00119509474689676,0.0002488507564792334,0.004859423883253412
0.0033222037378305043,0.0012267199991900556,0.0003554338235225217,0.004243666483244468
0.0009197036752751652,0.000657503603036277,0.0017451131420832832,0.0054467929288046675
0.000899361901809685,0.000812806798628758,0.0019079524543932816,0.004725601757513791
0.003401463733661788,0.0011959653291670987,0.00024697870941287606,0.004856014553615595
0.0033225968133695004,0.0012281130044062283,0.00035338696070596586,0.004238504376635222
0.000918837312350321,0.0006602365988789529,0.0017430452616138607,0.005442975534664146
0.0008986270966814578,0.0008166177719607195,0.001906940618542204,0.00472048325615761
0.0034010844307416576,0.0011967684058831985,0.00024509606458931495,0.0048529713144376775
0.0033227968854531945,0.0012293391901689646,0.000351263461160874,0.0042339084838451556
0.0009180509741431608,0.0006626851650332537,0.0017408710895326297,0.005439342878599896
0.000897946629853125,0.0008199471507304293,0.001905615323369859,0.004715912476684443
0.003400639929596152,0.0011975172496139115,0.00024320460314963623,0.0048503402497620945
0.0033228139672278017,0.0012303891847761281,0.00034906219203762227,0.0042299511594647695
0.0009173445852517682,0.0006648287618764142,0.0017385818593054902,0.005435871617142856
0.0008973169513365954,0.0008227472599158444,0.0019039465533847789,0.004711932996176978
0.003400120668307032,0.0011982157460236826,0.0002413174742234393,0.004848143478065126
0.0033226130197557074,0.0012312450269456785,0.0003467976609690274,0.004226687628577092
0.000916724516156849,0.0006666502405741307,0.0017361989465505135,0.005432537134356983
0.0008967433373781045,0.0008249648383775057,0.0019019217950132865,0.004708595622172505
0.003399503382595812,0.0011988615749134322,0.00023945259958041757,0.004846379302624415
0.0033221508834498964,0.0012318835228573672,0.00034448756581539214,0.00422416235461763
0.0009162015574643839,0.0006681328474392041,0.0017337560259892458,0.005429300800067154
0.0008962335698073006,0.0008265419214967034,0.0018995308876073368,0.004705950110088016
0.0033987685936054854,0.0011994633880589949,0.00023762607283038246,0.004845040739401083
0.0033213879023742295,0.0012322949356074946,0.00034214671191498225,0.004222424665755656
0.0009157830447571355,0.0006692595228296752,0.0017312851148467909,0.005426121225301483
0.0008957947579025104,0.0008274215433991092,0.0018967607204899472,0.004704025636565745
0.0033979300838239634,0.0012000429156032886,0.00023584445732290754,0.00484412025647186
0.003320319966534549,0.0012324842026264528,0.0003397804533305177,0.004221518022245437
0.0009154763981990797,0.000670010601635674,0.0017288101656729117,0.0054229481929982445
0.0008954345113409644,0.0008275551819703187,0.001893604640264246,0.004702827144775955
0.00339700780297632,0.0012006310492110907,0.0002341122967527486,0.004843612020171107
0.0033189524283410306,0.0012324687543052418,0.0003373954759380584,0.00422147133445177
0.0009152903561375705,0.000670367289532769,0.0017263570296332095,0.005419729503234939
0.0008951642813308961,0.0008269059789546633,0.0018900720260636072,0.004702331726528522
0.003396021201968995,0.001201256843039599,0.0002324356971198384,0.0048434960104004245
0.003317293431230229,0.0012322697379922995,0.0003350045309114025,0.004222284032975725
0.0009152343868311162,0.000670316367490393,0.0017239630876157337,0.0054164099205634714
0.0008949968356132158,0.0008254529341319485,0.0018861955270159882,0.00470249721162049
0.003394975731135968,0.001201946158577003,0.00023082605308355107,0.0048437340850738765
0.0033153453410402125,0.0012319118578401269,0.0003326287368758977,0.004223925411692856
0.0009153159777899418,0.0006698528757176476,0.0017216761103419022,0.005412933203380594
0.0008949445006396958,0.000823192378561995,0.0018820252105005864,0.004703259013952744
0.0033938762979385377,0.0012027232327608774,0.00022929623261553695,0.004844271995450238
0.0033131167249016626,0.0012314258042690719,0.00033029303736110786,0.004226339160309456
0.0009155389580029722,0.0006689813868193554,0.0017195459706900763,0.0054092435864667165
0.0008950173654609566,0.0008201422604798261,0.0018776232666061926,0.004704526856425658
0.0033927363928679343,0.0012036129833677943,0.00022785730443487774,0.004845048760726579
0.003310634443648184,0.0012308503534014456,0.00032802209058263284,0.0042294463536851155
0.0009159042752502553,0.0006677150505844448,0.0017176157492252585,0.005405286314693308
0.0008952231497965672,0.000816344845031748,0.0018730608745377677,0.004706180814566034
0.0033915777478984305,0.0012046401950953434,0.00022651805136333008,0.0048460013467696616
0.0033079412159714486,0.0012302322895693298,0.00032584057850500566,0.004233144760967431
0.0009164091111220528,0.0006660763363360662,0.001715921163706312,0.005401013629022554
0.0008955661700547941,0.0008118686196214702,0.001868420419433903,0.0047080738463033366
0.0033904253375722205,0.00120582559563926,0.00022528611120011476,0.004847062716144167
0.00330509182676692,0.0012296224328008337,0.0003237739384915209,0.0042373043949652965
0.0009170467454980314,0.0006640973273712,0.0017144920561968774,0.005396387659625878
0.0008960462308104664,0.0008068076451984201,0.0018637963056807583,0.004710039722096727
0.0033892979996312128,0.0012071831307990818,0.00022417000025898938,0.004848161358410092
0.0033021431419224686,0.0012290727201005598,0.0003218496667875267,0.004241770020882681
0.0009178059989074163,0.0006618202129344568,0.0017133526415789543,0.0053913851743355
0.0008966583900141336,0.0008012789320383741,0.0018592908676071526,0.004711899939933403
0.003388210624898817,0.0012087180363737182,0.00022317803278973857,0.004849223036976389
0.003299155605516152,0.0012286332152134265,0.00032009481215980733,0.004246367224411694
0.0009186717965521439,0.0006592963878245419,0.001712517628826403,0.005385998342989272
0.0008973926466732835,0.0007954191483262205,0.001855007902107028,0.0047134714124507345
0.003387175151320743,0.00121042751902196,0.00022231713830874427,0.0048501771658064925
0.0032961928606874066,0.0012283512686516033,0.00031853360219766735,0.004250912005797979
0.0009196252305775682,0.0006565848486988758,0.0017119880309074008,0.005380236394349759
0.0008982338480718094,0.0007893801274377196,0.00185104591138337,0.004714572600434671
0.0033862038970849536,0.001212301112382724,0.00022159129268677555,0.00485096092791016
0.003293322149946192,0.0012282699713125674,0.0003171852240284718,0.00425521834659457
0.0009206435491907712,0.0006537505475589367,0.0017117496486122002,0.005374126172524392
0.0008991614346125094,0.000783324007497214,0.001847494098596065,0.004715032351252498
0.003385307422184247,0.0012143208383480367,0.00022100152339974606,0.0048515215395191335
0.003290610069073043,0.0012284259292769215,0.00031606332768333793,0.004259104864144869
0.0009217006945631364,0.0006508628283787674,0.0017117741768238018,0.005367711441023413
0.0009001502238987709,0.0007774171703096343,0.0018444288862079859,0.004714698824851057
0.0033844921371908587,0.0012164610143584574,0.0002205462611774475,0.004851816128903976
0.0032881170449604057,0.0012288466496877973,0.0003151761925185801,0.004262401652382267
0.0009227681384272909,0.0006479943409665322,0.0017120220104876278,0.0053610507382339904
0.0009011716294687618,0.0007718240341043387,0.0018419107930308168,0.00471344809152129
0.0033837594596081073,0.001218688918938701,0.0002202214135913531,0.004851811158938145
0.003285894270805863,0.001229548621322424,0.00031452646509055936,0.004264957236373911
0.0009238159752254266,0.0006452197380049934,0.0017124448336691338,0.00535421292565076
0.0009021949532292773,0.0007667009616953296,0.0018399811644857521,0.004711190436944381
0.003383106439425024,0.0012209669888538941,0.00022002010523657423,0.004851482110753957
0.0032839817228020062,0.0012305371638371562,0.0003141108367327627,0.004266645388852063
0.0009248136001494828,0.0006426143452338116,0.0017129883756911875,0.005347272559410362
0.0009031885223897018,0.0007621909937162512,0.0018386599325984371,0.004707873605231186
0.0033825283189487672,0.001223255627650468,0.00021993206646584096,0.004850812639412098
0.0032824088235334694,0.0012318071151776286,0.00031391950917297994,0.004267369604267042
0.000925730635470772,0.0006402525445858357,0.0017135953109993912,0.0053403044888825114
0.0009041208807545824,0.0007584196427923553,0.0018379452210976227,0.004703483691132623
0.003382019465549072,0.0012255161375307076,0.0002199435741166011,0.004849793469314969
0.003281194041752245,0.0012333442143995451,0.00031393648133899135,0.0042670654237197125
0.0009265380394373131,0.0006382061295299304,0.0017142087757469726,0.005333379270206785
0.0009049622595090166,0.0007554916704462761,0.0018378146494190154,0.004698043460174954
0.003381574247366842,0.00122771299089603,0.00022003763128556367,0.004848420318802457
0.0032803451113756397,0.0012351265387978577,0.0003141401635169967,0.004265700155554084
0.0009272093767355439,0.0006365426275069022,0.0017147760172045124,0.005326559130796141
0.0009056859209663647,0.0007534889768933594,0.0018382281195657448,0.004691609127052796
0.003381186917170847,0.001229815827911566,0.00022019451551159798,0.004846691956177695
0.0032798592028330242,0.0012371264149878822,0.00031450429155703487,0.0042632710521900916
0.0009277219212689161,0.0006353235214983405,0.0017152514068946687,0.00531989516074456
0.0009062692788808702,0.000752469412228968,0.0018391311355015435,0.004684265201957384
0.003380852191084803,0.0012318011120735037,0.00022039223760820424,0.004844608752793673
0.0032797242448511462,0.0012393127136433493,0.00031499869834210765,0.004259802413298121
0.0009280575072109011,0.0006346023826023686,0.001715598304549625,0.005313425806958341
0.000906694680197231,0.0007524666135126746,0.0018404584871822619,0.00467611806225969
0.0033805660360462283,0.0012336533785447874,0.00022060697717967353,0.0048421723329999285
0.003279921144494547,0.0012416533045178486,0.00031558997903685974,0.004255341957555238
0.0009282032553422134,0.000634422891541328,0.001715789608857804,0.005307176577457438
0.0009069500005100044,0.0007534906563031244,0.001842138021676612,0.0046672886652274455
0.003380326206270478,0.0012353658055439126,0.00022081361703499335,0.0048393860396615555
0.003280425923761262,0.0012441173400775884,0.00031624230524085993,0.004249956652503882
0.0009281520600777906,0.0006348170143774607,0.0017158075115928297,0.005301161125403628
0.0009070290046429636,0.0007555294173701793,0.0018440945556368517,0.004657905291874136
0.003380132295572206,0.0012369399321650063,0.00022098644815351454,0.004836255665250614
0.0032812116315361177,0.001246676979361125,0.00031691841074751767,0.004243728006117115
0.0009279028289035998,0.0006358034971463422,0.0017156427349329614,0.005295383197165689
0.0009069314197616055,0.0007585504509039868,0.0018462536648075965,0.004648097080869677
