rho_mass_loss,a1_mass_loss,a2_mass_loss,f0_mass_loss
0.07054095336463465,0.06687305759483601,0.07957425310952335,0.05588993306603388
0.059884803344965064,0.05481231261669313,0.0884926102005795,0.039207845564734875
0.07305234744057117,0.0664861945449698,0.07136898601986463,0.05083166555220135
0.06663017121516114,0.040071954870704606,0.06821899324312691,0.05389687473350761
0.05433166275233142,0.009993649316603272,0.05973474671619364,0.06595267265754985
0.024078415200718364,0.00705432186682952,0.029017363511692013,0.0770834250359836
0.013007175704813393,0.044367713957446465,0.008816027352320871,0.10253179951614277
0.016142972822433214,0.062314082333332965,0.007366282499699233,0.12076600376937316
0.016978959000716876,0.06579503360115821,0.007554119970074733,0.12336859372956362
0.015083271236606221,0.05961076888640371,0.007622420386058759,0.11279410166925627
0.013586816059486051,0.051659687539072796,0.008476148261426838,0.10135040923554631
0.01358577159964832,0.0366889372770913,0.012268592167673072,0.08528207433338517
0.01948522988819369,0.017174841802555088,0.022306290515021154,0.07004656403080341
0.034597250188318496,0.0032878396677035473,0.0400001881404884,0.066360301279992
0.046147616070438296,0.00023357699174624393,0.05147306902078104,0.06515795033848296
0.051180389379253864,0.0005863446826424628,0.05590447214860796,0.06435531938972734
0.05157453085796381,0.00036219038441399773,0.05604269210664895,0.06247587043592577
0.048107250894442316,0.000184513066790993,0.052767241614497654,0.058961978581875504
0.03851036700536365,0.0036811813020044964,0.04326689079148022,0.05164130584186134
0.02681562903637708,0.015963448493249918,0.03089899879852373,0.04712235303638297
0.01853066762460565,0.032395783041581847,0.020802036926236833,0.04768511090386898
0.01609877582610522,0.04288263767818267,0.01713933545790616,0.049233769083797896
0.016080898425897702,0.046152572492013565,0.01706261949731545,0.046509902135625454
0.017934476010409126,0.0425406514071109,0.020005858302325267,0.03884918807562274
0.024040134728785526,0.03284884886941669,0.0277671625050798,0.030426238100204894
0.03423169534210968,0.017739392230833866,0.03816159863128136,0.0265113595909007
0.037959906700116404,0.008519389490290765,0.0401955706091622,0.025726511925317865
0.03780941874158378,0.0073874194202197116,0.0390608339497885,0.02478981071166539
0.03469681255627089,0.012324450778441326,0.03624175924847864,0.02172418737935714
0.030118454392933963,0.02977912157529181,0.03368516662971638,0.01903725037428264
0.02777545916191956,0.06010416404998487,0.03306770117862825,0.021869637650924912
0.02398551116514896,0.06423575793117706,0.028487633350674637,0.02188471955401109
0.024539034800506055,0.060049436045969004,0.029630649683663718,0.02223756827001152
0.025348267497752316,0.040188164923706735,0.02997175551684298,0.02198174469927989
0.028470332836483064,0.021127804972479874,0.02984544996783295,0.023406839268800946
0.031127140978035612,0.014393451002224849,0.031589950047274676,0.024291785798823677
0.030406880440517915,0.0163827187134955,0.03261924190819437,0.022099919740238564
0.029371669062713324,0.025683392121856653,0.03498691773777394,0.01931760172241649
0.030332238086187444,0.037305556857624225,0.037581804013383874,0.01983972969338984
0.02980155528126358,0.034889252747449084,0.03716533711961381,0.019440402464611976
0.03429894798674927,0.026026855286002848,0.042768893942945446,0.01799615971327168
0.03785802617187683,0.014462954333601162,0.046157243163470085,0.0159159054702346
0.03919043032530654,0.009295812636272584,0.047289452659305516,0.015039139010847694
0.04003573224343275,0.010292727703336323,0.0493488631602682,0.01513055281612817
0.03645089952716809,0.01473734558122981,0.04661476531701413,0.016219280495218286
0.03140879466684147,0.017650732289479512,0.041078299595959746,0.01810759367823065
0.030979616054650824,0.016802547615420448,0.040901960167295685,0.018068906227589613
0.035056836156842415,0.012811714513341574,0.04627034303470234,0.016214683578652973
0.03716623209870768,0.00773395260395344,0.04815209131535838,0.015195087167179508
0.035091198871353486,0.006509882303520284,0.04548315726804257,0.015910468523480152
0.033200541798892945,0.009560912136131383,0.04455960654562907,0.01785155494233526
0.030118053649232285,0.014293482722147031,0.0414483529261492,0.020137820716134593
0.028093986227085293,0.015494350168944467,0.038873788914785254,0.021095159243724394
0.02973170081613283,0.012935720391804493,0.04175651853041567,0.0209313364231329
0.030861741682020882,0.00831098941897384,0.043148303908749255,0.019268549456570087
0.03142969430049245,0.0063600503162189025,0.043798518009316736,0.017684744013448914
0.03211286372325578,0.007818889977375123,0.04596972696250272,0.017222310504069305
0.029215082403880942,0.010207592974791433,0.0431243699895565,0.017599768359738796
0.027361196765123903,0.010341932892873667,0.041104066378653194,0.017580859626076938
0.029332109813411028,0.008239754366381911,0.04424869467862495,0.015807499620949024
0.032697639267327404,0.006034639250820753,0.04893658110850005,0.014481266688480973
0.03227691585612851,0.005819154672163639,0.04894383170907182,0.014384746485257107
0.027873606694885644,0.007625610029537186,0.04408182048727804,0.015463923037421279
0.024308528100743163,0.009485823970663698,0.03995885178530931,0.01715902876316149
0.023968125207080002,0.009425220853708005,0.040230246979012174,0.017476292019384377
0.025560822543672524,0.007893446873573611,0.04293810741661269,0.017277833731318158
0.025078420213447694,0.007166251720932418,0.042570728981106844,0.017291490241982493
0.02284693583668671,0.008724210317744506,0.04089702692309651,0.018172815577541575
0.019563459810892216,0.010258525877171661,0.03727807062220873,0.018388693006857217
0.018823763006639585,0.009838879853481471,0.0371592973612866,0.017225048943852413
0.02023865835646507,0.008173670419772874,0.0401860643485014,0.01513709714812465
0.019813699432601927,0.007620143603198467,0.040633240891973836,0.013923092713619764
0.016265364254565647,0.00906879316563415,0.036883117564479435,0.014531581821497603
0.013236032343812175,0.010430405108907595,0.03354571981328801,0.015382627607980912
0.012898850500092677,0.010089606840502776,0.03461101857641444,0.014452538919045934
0.012373845838151598,0.009151873892403831,0.03452858718847375,0.012823069176799498
0.009302481030741444,0.011021374947277457,0.031160867977022354,0.013664325234058144
0.00631949316988688,0.013508699852426698,0.027570013734212265,0.014767585680274933
0.006227053459100268,0.012757183008098336,0.028113471732158033,0.01209849892511251
0.003690816795534648,0.016093666676117526,0.02452697466557108,0.012335077513509233
0.0019450984851813629,0.020827003655916998,0.02058959437367449,0.012861037944099023
0.0036164493319654927,0.016871431158909135,0.02005223953999308,0.011329874359474797
0.0036016765298669557,0.02840297296353819,0.008216171150955076,0.013476842490091739
0.0055833652064816545,0.018932749336750217,0.01244317900613659,0.010810966758217432
0.007371086938799026,0.02352153792235554,0.008839559495150594,0.01121908761125493
0.008448664250683122,0.017182751322378786,0.010350048066514659,0.010970948960197206
0.00996924905495583,0.022964867353142175,0.006863732894807874,0.012594092604845614
0.010018436999631104,0.011208744573925377,0.01355393091810225,0.01099704009720577
0.010143450105178703,0.016056340914580913,0.010441127493463855,0.009622439862247593
0.009018969601101516,0.01896665797978792,0.005655071310663294,0.013126114102322358
0.01019094540395226,0.01189312659703569,0.015516412005532696,0.007466925196785214
0.007852576763726837,0.013756035207031543,0.012498326186928045,0.008753949305086082
0.00599569972128685,0.014018864133285265,0.010917484705868438,0.011966265505207189
0.009826743518958712,0.009602190032422428,0.02164163233678294,0.007430765706331316
0.005881776341303091,0.011046035317335733,0.015542436821166367,0.009639504180799768
0.0034136343167921255,0.012168936181858802,0.008832430851826044,0.017795775672962665
0.0050711137442355754,0.009945158989725315,0.016481996195677466,0.009772273893749732
0.00828635422974542,0.009349033050618061,0.023261745226675956,0.0070994602855422705
0.003630616690494127,0.010229992635154738,0.012626498074702596,0.013173975762343876
0.0046954870871182795,0.010247425463620202,0.014191538787747468,0.011513361228626832
0.008165092037038652,0.009389290825348912,0.019579257673392945,0.008100462836113095
0.00506631261539901,0.010963337150274671,0.01159530025100836,0.013124531295542885
0.0066474765049361504,0.010269782028195548,0.014374813250657991,0.009885919091304648
0.008406487409976805,0.009581338866132601,0.01707357585097768,0.007858415257913361
0.005994029105195201,0.011325442974813383,0.009601582560596376,0.012912773044996374
0.00903484785006447,0.009948378019138298,0.015659336588163146,0.007971121822387014
0.008711373309897208,0.010924150200609842,0.013474444761053537,0.00896386817045115
0.007861313861827028,0.012683695231108332,0.010295453407020434,0.011148115803746318
0.010434267310545363,0.008922908069572563,0.0162842403313106,0.007798873178464873
0.008201291388367666,0.012613401238803322,0.011333121732741251,0.009995128851350298
0.008674577536548428,0.012177833394835743,0.01274853868862156,0.009266419999949175
0.01103772117950381,0.0062563017835829135,0.013973015712748699,0.010209310026476433
0.009650465171917661,0.008544516848783521,0.008131800720391085,0.01332660398777442
0.00971608382669102,0.0137956147716078,0.0035167005392441105,0.019207992752284055
0.008139727711104936,0.010246451512470034,0.007452664634398134,0.014651754060207545
0.013090038871977601,0.00529558421473346,0.02242552929580044,0.007768837267213123
0.013287972258164962,0.005185334870088861,0.02346019568744044,0.008186214053407623
0.00818420128698708,0.007493342219201598,0.01228987787707354,0.013314263441940902
0.009397098881168213,0.009171650321584957,0.009224426036628092,0.011617521000820964
0.009031465164833864,0.004421742719885827,0.009203685702620482,0.017540765972032954
0.008516475474986566,0.004908541038292883,0.006405772842857152,0.021219590236381536
0.012411250796943635,0.011906594467094475,0.004148738980358229,0.017873000154618776
0.009994010314919182,0.009041062845475591,0.00746783621670879,0.012982315412156309
0.0123040270084816,0.005240054719250811,0.019841699343176797,0.008254789471115095
0.013066558331708564,0.005613649639400142,0.022939426801220485,0.006993693006273701
0.007974516644618863,0.006365800957930164,0.011094992410109403,0.01612727526204366
0.008605960524699221,0.007066575378948325,0.009571936144351985,0.013964477503964243
0.010525860604316753,0.005177922163138492,0.013659802053931516,0.010019543102494954
0.009431044017135355,0.005260799848730378,0.009329714895618086,0.013865219983439894
0.011901256674678713,0.011000266079009,0.004582064378800363,0.016556897867922495
0.010567543393507099,0.009798230446620208,0.006627476769409425,0.01333089268001925
0.011151892946100752,0.005214394824952071,0.01647607616285546,0.009044671225862666
0.012101434588522334,0.005603437350886596,0.02006197037935819,0.007382338729544785
0.008134621874420052,0.007502887962613025,0.01063220642716758,0.012771323691250742
0.008413415733637306,0.008050220885979618,0.009764556292267499,0.011853189632270746
0.010198242442911183,0.0055319720551161205,0.014436640960502015,0.009118176529346253
0.009137938206232826,0.005781177566427628,0.010875727246871171,0.01159274379340543
0.009942519621571257,0.011312182860778574,0.0054623237983459656,0.015520938348665895
0.009881440654233046,0.011092599859864513,0.006194615792691911,0.01374515401938355
0.010512501464033328,0.005781682955369827,0.01496859700700819,0.008535427743793716
0.011473513611403805,0.0061826616913757005,0.018035479179593347,0.007613331637138851
0.008465450051123013,0.009702378682062366,0.00885454235218787,0.012438234666585647
0.00871856795417914,0.010049846526696602,0.009408672166780667,0.011108207119335446
0.010200617568736284,0.005607289430447999,0.015392343671364961,0.009252056881961967
0.0091790406619828,0.005787272632921108,0.012643608779253909,0.010448225545455835
0.00993899747677166,0.013412298234373288,0.006825927927901648,0.012768168025096014
0.00930123427630963,0.012761301152531325,0.007877541016661199,0.011735905446805544
0.00916927025020695,0.0059596350459302045,0.01564496049045128,0.009297919531378252
0.00954194608701415,0.006607837967914775,0.018151554972531,0.008256351393357706
0.00719262308613812,0.010719851919074482,0.009061008000800345,0.01271506769098403
0.007109605631803565,0.010862691392202459,0.009443910051306051,0.011869620556397465
0.007939826971129072,0.0064038294426316455,0.01607333912465036,0.009212330797881193
0.007028291475571096,0.00654794546982382,0.014018100136587188,0.010270915808470636
0.00733796331725178,0.012958913403070881,0.008292228649716517,0.012668082081871968
0.0068406621573813,0.012487791382068321,0.009528024418155853,0.011888777749966552
0.006908378570073617,0.00621944234528801,0.01643314589785719,0.009970216956177641
0.007106400794975687,0.006676540554722923,0.01819459602838385,0.009011479243249469
0.00575816968351323,0.011042724453068723,0.010385542450721496,0.01211422811301151
0.005769065368417593,0.011183227090254854,0.010668278120821561,0.011620223608213067
0.006389353939692203,0.006594200425019778,0.016554766467840598,0.009776883278146211
0.005878763289555837,0.006878079934448632,0.015002169962113286,0.010378992435998883
0.0062839750984996015,0.012821103313113497,0.008991195782476,0.012712662849086735
0.006015954846255522,0.012468786332493322,0.009957781743966863,0.011967766579616942
0.006304225518648549,0.006553335457077317,0.016856715626118155,0.009874466714784985
0.0064800028334842,0.006897915798864189,0.017868363584651492,0.009289439691203698
0.005642233540042865,0.01182889936248945,0.010392649400811478,0.011906640328615319
0.005714499486997683,0.011980441567717402,0.010815646082378045,0.011392455915714726
0.006255260172038739,0.006556534228469682,0.01636274268061453,0.010094641516613649
0.005950790042508751,0.006861809027876555,0.015233567335591627,0.010347913500327837
0.006284837291234284,0.01329353997902711,0.009296036006036146,0.012250582367769632
0.006134209951387276,0.012930902826873715,0.01007723827220092,0.011657365660995839
0.006525742978312245,0.006645080342697479,0.01676938394486542,0.009831337636274728
0.006635147452101641,0.007039532820283274,0.01734870780718778,0.009380182295995626
0.0060240405838875785,0.012515312846357802,0.009857955415423525,0.011877553957083996
0.0060792243294353005,0.012585423615575754,0.010311820410424135,0.011413407267965001
0.006426939804425325,0.00661789823769013,0.01603210513861692,0.010101097221904881
0.006175307618979346,0.006885548948178117,0.01525460782043993,0.010232259657399193
0.006397156506620194,0.013385690146535128,0.00941828825243682,0.011975343309273096
0.006227167728781816,0.012965486902813307,0.010267275572350475,0.011441887439898785
0.006583358269080647,0.006549082720541902,0.016716009626161894,0.00993029264161273
0.006586983321947802,0.0069300595894637405,0.017049479317027418,0.009542850122486856
0.00612361573061256,0.012553465275445387,0.009840770941344824,0.01177599663016447
0.006154061508906183,0.012541879273072588,0.010247621129096373,0.011435200456888365
0.006316929063631064,0.006597693100238161,0.015916198752888376,0.010127972165201345
0.006110917180775256,0.006880679879807967,0.015400813524500016,0.010153070276988346
0.00632821878533938,0.012914414678150988,0.00950060085278394,0.011958255694302396
0.006153030098357801,0.012497551945581777,0.010363665014110145,0.011433062209642174
0.0064349025614311136,0.006485851666414039,0.01675742944398346,0.009926255245638805
0.0063872656902016775,0.006801547724962966,0.01687977364826021,0.009653866205614545
0.006113570269204778,0.012256166617023261,0.009958148748106972,0.011725350885057379
0.006142304977557995,0.01222342880861253,0.010388142232495005,0.011422467730457098
0.006192227977463297,0.006463056167645903,0.015895430230630368,0.010212633338287048
0.006061648585892085,0.006756786875910727,0.015552056291981725,0.010138610807109172
0.006330402221389512,0.012427781077193648,0.009606116145699395,0.011893306856605914
0.006203625337852265,0.012069086762275173,0.010377530544798001,0.011403649174315234
0.0064141231649715545,0.006415420461781225,0.016645259177421285,0.009910683043913248
0.006363992956487687,0.006706222192080688,0.01658688183673153,0.009713564963114318
0.006297687092188586,0.012040023465147535,0.009823454058494711,0.01171339028575704
0.00632652409391097,0.011990393715040003,0.010294561897207295,0.01139903620618048
0.006282266756914318,0.006335902560997468,0.015796289550125846,0.01021717473419539
0.006206283137319704,0.006613009137106168,0.015564910693455905,0.01009313376829074
0.00650437620989765,0.012123877904126158,0.009616225415258452,0.011752782188169568
0.006412474776557629,0.01181558407913288,0.01033129553418088,0.011305182034168502
0.006530978029045575,0.00628533314896693,0.016386654951550304,0.009946823192856653
0.006473220963808891,0.006569822990592389,0.01622041439654532,0.009782946577947678
0.0065665680333525595,0.011887394206462934,0.00964419021243057,0.011662753900559219
0.006579972741875083,0.011793787128769107,0.010133520047806351,0.011357934214546925
0.006448002254100075,0.00622685403729554,0.015692274130739127,0.010168222458825133
0.00639426732090621,0.006497592456266882,0.015541589043224998,0.010017904880743389
0.006702532109021181,0.011841590434583757,0.00953996340656953,0.011668360737681552
0.00661945063699257,0.011566586928990303,0.010229729171143263,0.011254403356761132
0.006617389140497843,0.006157983101303525,0.016138264715178874,0.00998670450723971
0.006541690899024388,0.006423049484241133,0.015924419424027576,0.009858719428846557
0.006755260050713016,0.011661693049634854,0.009564130824037183,0.011619085831704793
0.006741168821685738,0.011518460537033993,0.010086932789337382,0.011320883419773255
0.006547251933804275,0.006108388599952318,0.015681072378408774,0.010130549335990769
0.00650478341766805,0.006378858019578711,0.0155753139304546,0.009964389439674507
0.006829689685975886,0.011512466027779188,0.009492257350894285,0.011636222708480951
0.006760971251797892,0.011275664612762082,0.010132665373063987,0.01125970386827673
0.006642069337207745,0.0060540992892964395,0.015935141538853177,0.01001750858708127
0.006565399630201393,0.0063016789302459625,0.015706236568616236,0.00991759147292591
0.006888429780619019,0.011384741675411954,0.009502017652899911,0.011614565290750407
0.0068518550084179465,0.011206578511156674,0.01006818360764516,0.011301226214416874
0.0066199123370875475,0.005991172235512382,0.015706347304088847,0.010097702081772643
0.006586380708775108,0.0062506902518253485,0.015601364429395673,0.00993834832963578
0.006945128279380253,0.011213031141984343,0.00946524193722853,0.011607344279277985
0.006898051913815499,0.011013795211655944,0.010053434065800315,0.011269114801512816
0.0066818477814292315,0.00594565397830551,0.015750925444775805,0.010050420362398749
0.006620844068324211,0.006185898104835807,0.015529499364806996,0.009955428468620913
0.007035850255400453,0.011128807816710575,0.009414653336851903,0.011612984363603158
0.006987768291865416,0.01093015573950423,0.010003454486613435,0.011287345566512107
0.006718815013924801,0.005881169177873286,0.015684926017507945,0.010065017735164366
0.006687696155640806,0.006125746543503363,0.015554632529504479,0.009927714804124512
0.007094716617881087,0.010971741955927096,0.009402464680746788,0.011583930766665716
0.0070587969104294185,0.010790908673362071,0.009964921997778299,0.011274175405549447
0.006757226647291059,0.005828401412889941,0.015597137405098232,0.01007391822346085
0.006710931734245432,0.006062826619670756,0.01539929260437943,0.009974323675542832
0.007191226911467077,0.010889728882193748,0.00933405777567293,0.01159860492438949
0.007137740333807825,0.010680969522299359,0.009925733313065819,0.011276907546775355
0.006773293554720043,0.005974812200011417,0.015538314710893727,0.009943949989622605
0.00676383049452321,0.006171446093417384,0.015491941096406399,0.009862975028363174
0.007156180696599224,0.010674970785142783,0.009692088466131026,0.011383185845816934
0.007127888382488846,0.010513281165978945,0.010304248421770669,0.011114754606395839
0.006766254685311216,0.005785617862870436,0.015491455043797371,0.010073965724633198
0.006727185796190139,0.006011617353221509,0.015255813781403525,0.010014169261645323
0.007283229664592107,0.010642203917422691,0.009603393286014998,0.011424123448280386
0.007254587467226831,0.010430521879943321,0.01010498471710941,0.011172224898956437
0.006882974400712034,0.00581306568656092,0.015519475333031673,0.009952874879426728
0.006902715907197936,0.0060695596571596405,0.015414603999595964,0.00984097149054588
0.007382075867992934,0.0104552695290332,0.009393391628449363,0.011456366764433281
0.00736704769288516,0.010307167791590138,0.009913592529845397,0.011209037276149717
0.006873106090905109,0.005739970244608287,0.015263939897232707,0.010048323876589028
0.00684236921674277,0.005929228606032729,0.015097964691570959,0.01001099142138727
0.0074460599581761865,0.01037948737747678,0.009517122910309485,0.011408296047324299
0.007384831433100453,0.010148683048162134,0.010145931214095693,0.011117765527103089
0.0069535803130488785,0.005622014117190684,0.015511470569077932,0.009998972185431146
0.006944492331530252,0.005847715166612679,0.015336431680157019,0.009918349324320144
0.007518471886187054,0.010223688907082265,0.009448803646837044,0.011403563195734472
0.007516517656414947,0.010072932642883961,0.009897685344877718,0.011210584272274974
0.006959928966137378,0.005616642963607934,0.015191233310153096,0.010052450045629656
0.006975320439321367,0.005838306504846949,0.015080137532093491,0.009967361447313626
0.007615208921325317,0.01010453438084325,0.009316478214361398,0.011441649240400082
0.007561847867788738,0.009898353958416702,0.009907856148429163,0.01116392971683309
0.007030905014076998,0.0055287102720859935,0.015330603965727285,0.010012614939608843
0.007003228141273442,0.005715300125169112,0.015122015375283387,0.009984978503522082
0.0076712298454553315,0.010005057686177248,0.009394554730605452,0.011415180245722918
0.007636185196900937,0.00981588002905678,0.009932148489975316,0.011188923717069069
0.007058952415341745,0.005452627846977988,0.015256326872080997,0.010043855625032932
0.007080880204252002,0.005670422239057182,0.015137965157659018,0.009951796898660149
0.00774636845124297,0.009860555719701288,0.009285243910811133,0.01142571423203772
0.0077240495594358026,0.009690059281798051,0.009778674623795246,0.011211676653919242
0.007107947367528826,0.005421622533782867,0.015137822063384822,0.010045063124979032
0.007104815701040439,0.005614988390294262,0.014958233683447935,0.010005844672196238
0.007834428246024339,0.009780548255214978,0.009223797143379836,0.011459868671622693
0.007778241715850567,0.009571348678562833,0.009801962946513974,0.011205789517958302
0.007167985805123427,0.0053353063207968315,0.01522944270774514,0.01002408017273472
0.0071688781074797335,0.0055251066331928386,0.015065970313896953,0.009973074258525155
0.007880485596995468,0.009650761775633421,0.009244244504878823,0.011439585524732582
0.007853772240096294,0.00947588229705637,0.009743243589885802,0.011241518224287542
0.0071923466685182924,0.005282264576811904,0.015090242612907066,0.010059103771213104
0.00720884978768658,0.005480071289403926,0.014940758725685857,0.010000041311336935
0.007963225542456593,0.009548090043480749,0.009135998751250107,0.011478668673387047
0.007917475751358627,0.009351230535378197,0.009669386544400178,0.011250718462926234
0.00725493595273852,0.005230340817742126,0.01511398134984816,0.010032196376039804
0.007254690846637729,0.005410969160642247,0.014932046201117388,0.01000140400576226
0.008023396181977316,0.009444856929585112,0.009121521956351696,0.011492022816265459
0.007977591014411164,0.009250293291457448,0.009657290250087882,0.011276412144989718
0.00728744122932572,0.005158293579980367,0.015085414604337696,0.010047872969801636
0.0073013396344651935,0.005341962459741594,0.014930888299732863,0.010000675370526837
0.008080833547373255,0.009328141343023427,0.009087034828121876,0.011499832374745904
0.008042282981856852,0.009140226127537163,0.00959562729380335,0.011297971320963874
0.007331080521405121,0.005107703693990983,0.015031118452335648,0.010051295798727938
0.007342909005676686,0.005287338868709019,0.014856175148243767,0.010018374827566023
0.008155952877725525,0.009233609424450756,0.009015160428532908,0.011534985234920678
0.008105742040089195,0.009033792014796814,0.009546092899648733,0.011320152092656726
0.007381343378019096,0.005046861298528688,0.015036240983017837,0.01004323439285405
0.007392492380766222,0.005218928802316691,0.014863980054150622,0.010014394388132276
0.008213222241895505,0.009126048039117598,0.008995164560002145,0.011544788758209497
0.008168249014394365,0.00893279890264275,0.009511775932697992,0.01134612582204824
0.007417653162095952,0.004984175763563059,0.01498980249829504,0.010056942688929834
0.007434514789399897,0.005155954417873402,0.01481919393806222,0.010027261559869174
0.008281190741685074,0.009026707342590133,0.008940998506904097,0.011569150245115333
0.008232580137860475,0.008828693216427765,0.009456498037938712,0.01136837492205033
0.007467508416657136,0.004929169528962479,0.014972561613817038,0.010052378701164228
0.007482518538840264,0.00509579087432601,0.014791797290543652,0.010032063145681171
0.008348164926025296,0.008929793336896065,0.008892019052566483,0.011594945974045716
0.008296362172126611,0.008729958230862022,0.009410634237268232,0.011396926026943007
0.007509059069441281,0.004867941183709017,0.014949306558669759,0.010057560630103443
0.0075263739179183275,0.005030435062243224,0.014773303763155748,0.010038237737102725
0.008408821575251097,0.008829148122705932,0.008857439354904226,0.011613922900989082
0.008356780505134866,0.008629272454880653,0.009370221573191088,0.011421787694717734
0.007550856303772811,0.004808968058076818,0.014923137218629109,0.010062442545887283
0.007569200122404393,0.004968911996350893,0.01473988777791499,0.0100481923846592
0.00847480522797118,0.008734782184234442,0.008805915840466364,0.011642884836898904
0.008419165140412977,0.008531732699096685,0.009318707596975341,0.011450926156409389
0.0075955521405322276,0.004751918817647778,0.01490494390272113,0.010063293904685983
0.007614692218876055,0.004907686878255798,0.014720611899483937,0.01005330417591328
0.008536427539447652,0.008639028098042272,0.008763168783543326,0.011668288172405079
0.00847895963115418,0.00843548529836567,0.009274609420416531,0.011480813726394559
0.007635326276802867,0.004692398472447668,0.014879850945720469,0.010069958382759044
0.007655307396354239,0.004844549338502252,0.014693294035612193,0.010063524201995416
0.008597156766798904,0.008545581640766275,0.008721124824986888,0.011695844608777605
0.008536946458558901,0.008339774579956096,0.009231093706081843,0.011509971346203223
0.007677825797817501,0.004634636195095305,0.014861855964225023,0.010073025094575968
0.007698508094336851,0.0047838226857894305,0.014670276667689669,0.010071075037461784
0.008658369499464018,0.008454592636161367,0.008673283467927624,0.011726502120218961
0.008595754146356629,0.008247589871868893,0.00918108892670447,0.011543645081136913
0.007718414798415234,0.004577383669243488,0.014838272438428057,0.010078481661890607
0.0077397718649377155,0.00472290524499819,0.014645953527553515,0.010080097565503668
0.008716455014193433,0.008363999638601825,0.008630101425277486,0.011756520393901914
0.008650802996857778,0.008155217919291899,0.0091379089660288,0.011575717705731545
0.007757503340810459,0.004519355276095267,0.014818365705781017,0.01008449419320707
0.007778542674718949,0.00466153388719134,0.014621152908133855,0.010090595279951377
0.008773499071928507,0.008275661202039262,0.008586069116982379,0.011789432119786905
0.008704945856985185,0.008065074715566726,0.009092305598323974,0.011610426351598943
0.007796511479171957,0.004462691098776513,0.01479913640666938,0.010090076575476208
0.007818157535220967,0.004601952180095546,0.01459933469514892,0.010099768494269367
0.008829110990910634,0.008188526510686104,0.00854028177171866,0.01182313468475171
0.008757882069376442,0.007976840046266555,0.00904488125392919,0.011646849889199597
0.007833133485436856,0.004406276549247927,0.014776353996469416,0.010097829523725737
0.007854380388413365,0.004542082213866845,0.014573571330110752,0.010111623239972754
0.008882430464463244,0.008102946988944768,0.008496910196438718,0.011858255260932659
0.008807630140404,0.007889233806204253,0.009002014034963892,0.01168284796308425
0.007868964495560045,0.004349788657867334,0.014758578782337559,0.010105146043164103
0.007889729117577696,0.004482565054535309,0.014551290527743154,0.010122994873658009
0.008934275706906603,0.008019159720901519,0.008452797374221227,0.011894874493801081
0.00885674664094861,0.0078043481713455315,0.008955886417302304,0.011721776237814698
0.007903237971780651,0.00429436821434505,0.014736997329428169,0.010113909302204457
0.007923934146986193,0.004424237132859934,0.014527104877171853,0.010135265347216822
0.008984508514605305,0.007937081499179635,0.00840800272682051,0.011932474154998655
0.008903623364146367,0.007720847924054834,0.008910801341656258,0.011760901202386972
0.007935752175613273,0.00423909624964185,0.014716151112374686,0.010123544903138732
0.007955249696844692,0.004365784928010095,0.014501942174734026,0.010149053350510952
0.0090324687625304,0.007856788914594228,0.008364756576982256,0.011971789805411973
0.008948020366162253,0.007638973631632727,0.008867547328846388,0.011801260779746447
0.00796678665641951,0.0041842271516658765,0.014697020335177193,0.010133582892736578
0.007985482368804862,0.004308152261757282,0.014478922817219153,0.01016267508424363
0.009078550352089472,0.0077782638910665804,0.008320839220891376,0.012012160312343225
0.00899098264827613,0.0075594901022735545,0.008822246209046324,0.011843685040505016
0.007995745733309178,0.004130261253945061,0.014674925122102686,0.010145106534455283
0.008013279898500888,0.004251341332719288,0.014453125102859858,0.010177886073727445
0.00912249533660266,0.007701744979142795,0.008276903506444956,0.012054295643642203
0.009023932019306713,0.007475629585489628,0.008771867759201395,0.011877366251343979
0.008023120351090521,0.004076857021692535,0.014654421862940716,0.010157012470528404
0.008039130267189396,0.0041953084275141925,0.014427532085375106,0.010193708661215965
0.00916446167923319,0.007627537694213764,0.008231961286006964,0.012098685963722834
0.009055366019890683,0.007394845509821462,0.008720698517139426,0.011914145879016555
0.008048568001310995,0.004024289509083322,0.014633150420420139,0.010169843899120078
0.008062930348525356,0.004140106255440869,0.014401970180191237,0.01021018614157227
0.009203589072815963,0.007555318118051053,0.008187539781331016,0.012144618637153342
0.009084328292805895,0.00731672574252121,0.008671101337251377,0.011953342905187122
0.008071586521246933,0.003972174648447575,0.014611752558521582,0.010183788427576085
0.008083680193856912,0.004085353304478373,0.01437534566348213,0.010227932417798966
0.009239678809484068,0.007485455407128706,0.008143494962590139,0.012193231781772802
0.009110626160722602,0.007241508760336151,0.008622740382249828,0.0119955854462276
0.008092737154360014,0.003920824594185857,0.014591413321909398,0.010198227357026576
0.008102278161690872,0.004031531491361278,0.014349231081432216,0.010246135792002935
0.009272700932201337,0.007418256513677873,0.008098777650041992,0.01224486442341492
0.009134585423807011,0.007169897330599433,0.008574191652484775,0.012042279283271062
0.008111530991824942,0.0038703536763467217,0.014570273003893595,0.01021368354481491
0.008117953287065192,0.003978565289504329,0.014322047518807102,0.01026538945413783
0.009301906476870125,0.007353860136694346,0.008054033503119867,0.012300333814028874
0.009154801892568168,0.0071014506848057464,0.00852687802656238,0.012093104574481216
0.008127991160841804,0.00382063979317069,0.014550354677419414,0.01022974961335052
0.00813050239665805,0.003926410444470517,0.01429471821972587,0.010285448293876957
0.009326825553650992,0.007292720765928283,0.008008763152267421,0.012361086019987302
0.009171100808991549,0.007036873692330305,0.008479533634567101,0.012149951816517433
0.008142129529067512,0.003772008879396855,0.014531065829236307,0.010246410681461
0.008140048797129956,0.003875437856154413,0.014267026311100803,0.010306183987346769
0.009346935144689166,0.007235463305364013,0.007962125850802783,0.012428694728036618
0.009182667546198179,0.00697665379030502,0.008431654515948794,0.012214287711893925
0.008153717576695304,0.0037245474758851142,0.01451256142850449,0.010263674086380193
0.008145818428404528,0.003825611909508724,0.014238269125238148,0.010327843186384172
0.009361100945134518,0.007182850782230678,0.007913939425209737,0.012506112586482914
0.009187827822258873,0.006921184263924748,0.008383253920589648,0.012288204339017485
0.00816278154190282,0.0036783964557566295,0.014496384617693996,0.010281182135632899
0.008147653912283023,0.0037771724793137116,0.014209247264782631,0.010350030252129359
0.009368150496864817,0.007136164918384954,0.007862865813417557,0.012597462786081242
0.009185297865596135,0.006871842074462351,0.008332479769861982,0.012376039867706884
0.00816916782941098,0.0036339931465501777,0.014482350302667802,0.010298887869898448
0.008144839889513688,0.003730521143661617,0.014178757569517454,0.010372813683964602
0.009366299126936211,0.007097431440157048,0.007806862167193368,0.012710133999428894
0.009172222309163038,0.006830112871586721,0.008278060496027412,0.012483901355504673
0.008172886630187401,0.003591691392940767,0.014472891378167981,0.010316300306016647
0.008136509321231639,0.003685999362445644,0.014147313893071667,0.010395639257385838
0.00935247025275097,0.007069775672610155,0.007743041139777583,0.012857036530714284
0.009144499903416281,0.006798850130689524,0.008216954288599646,0.012623863982544056
0.008173970133465503,0.003552218303861906,0.014470193902225962,0.010333016895156618
0.008121613119985471,0.003644457083238791,0.014114332478704207,0.010417626325388937
0.009322046421768206,0.007059092053418768,0.007664530789877845,0.013064228842001913
0.009095457162081072,0.006783418358874117,0.008143133315963282,0.012820326684868507
0.008172915954149342,0.0035167571029724315,0.01447853916364196,0.010348530008579068
0.008098871132015847,0.003607319593227816,0.014079733630667807,0.010436488890317362
0.009265981935013651,0.007076861648722546,0.007557386354213826,0.013391441351664498
0.009012252841147525,0.006794923120642546,0.008043979861643258,0.013132401976310224
0.008170479075969633,0.0034874034424792035,0.014502539713009965,0.010363918803089185
0.008067069398411232,0.003577956559244532,0.014041757774428943,0.01044670167506205
0.009164402346808894,0.0071505724140761995,0.007385376363816972,0.014007256103044752
0.00886753577578461,0.006864768104750676,0.007883042449089567,0.013751311166414024
0.008165753254924543,0.0034706931178042242,0.014514599014260892,0.010395234411003278
0.008025698523873729,0.003572329338207228,0.013957476294934618,0.01043772376921286
0.008969421252695996,0.0073822574918396815,0.007018509495337525,0.015552723111004719
0.008398368264024918,0.007067781503142129,0.0072747156428314376,0.015434348831541683
0.006924557039808439,0.003010205741259377,0.009923796956125781,0.01535826390271445
0.007975837998681847,0.003951787700472463,0.014052195328976846,0.010273770444160602
0.008777520439453802,0.0068368236133614455,0.006476662085270173,0.014432932495789034
0.008545765480073126,0.006441259005968485,0.006640292034030489,0.014255549201769167
0.007615482744285917,0.004426948601175122,0.014430759705312426,0.009954238640876755
0.006922122235414212,0.004708950220615434,0.011695532667129182,0.0106217921815881
0.008002557345672219,0.006623622638700839,0.0059511613204086,0.016312936939337767
0.007584106546275864,0.008378740312738123,0.005958066742592567,0.017554355247271985
0.008887825568751225,0.00755710285832043,0.004268445185798337,0.021531646901522088
0.0057753078667388035,0.006273919492809983,0.008983138738914109,0.014238289252638267
0.006990243245723872,0.003735104517362327,0.010309251190426034,0.03835465895099857
0.007731503575931426,0.004363127958921451,0.012943524081109685,0.03235673947545301
0.005854761946308159,0.004957873683544485,0.017474538680741253,0.00997576945790812
0.006201633732204261,0.006931760864596054,0.006188156092958932,0.018539348999727208
0.007316430222930337,0.008495022628650109,0.004893221226573889,0.020995347556090654
0.004332916883670681,0.0065256436513761095,0.009083007459921511,0.01564487577374013
0.0068133297078357274,0.004203430881440017,0.01544775282862304,0.01849891877355321
0.00816207259984149,0.004658918874084671,0.017212419354146358,0.019530260449459085
0.005887662310953515,0.00497328462821671,0.017982263653529448,0.01015796245784752
0.007215827767241066,0.008070527840437935,0.004590432829660213,0.021273795976503886
0.01009797421515233,0.009793264336834924,0.0028641853919874013,0.026310803658186478
0.007360323250937562,0.007746965675423073,0.004275146079313633,0.021558322089261138
0.005559557052113133,0.006404722341072116,0.015164879882419015,0.009478380700361253
0.00591246028263027,0.00517002025887232,0.009749757147858546,0.028462644818351684
0.0042846968041102594,0.006601451794094308,0.00860454388505034,0.01709253371178808
0.00757216803785313,0.007168207443058764,0.0039588076285177595,0.025820438413565443
0.00763001571675434,0.006676041905052882,0.00407694388658877,0.0263321187046845
0.004755756513313422,0.004761128457066704,0.008178230711898089,0.021745774933991498
0.006809274813441817,0.007457881043093054,0.022426916491923007,0.010930048653576227
0.007998934048112699,0.01061117918868214,0.02306185570906355,0.007888890764094122
0.005117952185113233,0.011129193409893193,0.014201140240683398,0.008466386413459846
0.008883012990589757,0.012198951150646665,0.004685584184593467,0.009852623205201107
0.010361106403506357,0.012962985662846056,0.0046815689296303975,0.012879738001819288
0.00779437909066578,0.009188272005376114,0.0030973767330269323,0.01812664808341025
0.0060061058363052,0.007785542743980184,0.00952034388621959,0.010384923906358019
0.007564443686668115,0.006896711718121463,0.01594447232148896,0.009064109462819759
0.005147231930911905,0.005325669296520824,0.01139267801962136,0.012995644231755615
0.005092046580301206,0.005813459275372913,0.008291279274582543,0.015695329620613475
0.005995515048678867,0.00508987420672795,0.011165750687154934,0.012136498307325865
0.008679014867662958,0.004785659356683909,0.014361832219515815,0.009387610574328424
0.008411164382199035,0.00604768920732637,0.009250243003254678,0.00998801952227933
0.01286828542978661,0.016580006680081874,0.002695155642567035,0.01142295083522552
0.011477436534544532,0.011488183427615643,0.001386730434692947,0.028199324125159502
0.013569561302254436,0.020490895272956982,0.003450456841992109,0.010237397401206294
0.0058105814363847465,0.009888749326149951,0.00315844995064173,0.03056528142604186
0.004161963729406345,0.004991149237695976,0.014858717597996809,0.012145546607344309
0.008759188537651121,0.00501085880883852,0.025799855397105165,0.00936932021753487
0.007581138949142241,0.00416182607396364,0.025118951597572825,0.010861890548569375
0.0034556024896257066,0.004747102836586002,0.016374777318348237,0.016853937405627427
0.002157657931628402,0.006661774272587854,0.010137599941417053,0.01873229410295241
0.0015183555808373245,0.008161889632680105,0.011049893863837004,0.017941278086339944
0.00852321532049513,0.004533835329615569,0.011105383649469626,0.061467154192611936
0.006751138897239053,0.005546622414495697,0.01554128485617071,0.08854546720941735
0.008200563162555604,0.00751851399489325,0.00780897794240272,0.057180273039049434
0.006966369855824908,0.012963813898676898,0.004266107311778492,0.018761621143435218
0.0069303203153952275,0.00986331103204227,0.002869095886998711,0.04270115201588811
0.0024225098641546482,0.007638720674955024,0.00492872594994053,0.031111254918027846
0.005400450913472639,0.006524585980920345,0.02131011811369063,0.010173523110388424
0.009000507923770397,0.006942909436427823,0.02590197079363636,0.010576836690857091
0.007041256449137258,0.005697986668362954,0.023733013225988076,0.011427342074690173
0.0021920060433609032,0.005408946409759661,0.013210748567858803,0.018897885570662902
0.001614720627686208,0.007470849350335858,0.007690477991850337,0.022010160148275414
0.0038090770705933607,0.010336346408461894,0.009657356021639545,0.011015911194847506
0.005772483307629544,0.011886900427759396,0.004965839322780168,0.014380485809628302
0.007345171162633599,0.018867830418637332,0.0032709914936109763,0.012328411479393354
0.00786475312194432,0.02111272527179939,0.004097983427843526,0.011446900323828961
0.004802940087337611,0.008865502449169702,0.00816374823365517,0.015940586999908045
0.0034598876922108737,0.007915968663736776,0.01398994934658339,0.010767477535642393
0.0011630298010252822,0.007843869767382248,0.008985947923878537,0.023878278958025738
0.0013300841346230643,0.006595565614922896,0.011862315802002124,0.01996163195809885
0.005446025316648212,0.005215835250593862,0.021423447372634342,0.010162638054042052
0.005876150049319025,0.0051525899666290615,0.021714013834590956,0.01012326364793481
0.0019905437666098143,0.0060569233224383985,0.012650870491635775,0.016248540151319435
0.0024774628953805667,0.007601613634865131,0.010791351901107851,0.013946678084701847
0.006288100804732833,0.005320770748657385,0.0081419659488486,0.028242627567615326
0.007207202372581121,0.007232501728515282,0.005497797027472155,0.03229257232825742
0.010617636737825025,0.02114744367617026,0.0027161027447842874,0.011159128825568767
0.007383801938959184,0.01475492695182454,0.0021696633139343664,0.017645504096261873
0.006312886351970425,0.011489142008047987,0.005841677866564147,0.010526526296735115
0.003965799867595688,0.007765153960146298,0.009422900990280227,0.011461443698849442
0.005644648349498557,0.006537780916247226,0.013284301395599961,0.011194826666972475
0.004629289159374966,0.00816842996589371,0.013314256986337848,0.009730753911205214
0.0030150115690362896,0.00832125683651529,0.004566429642063519,0.026641908290422685
0.0035306576565375058,0.009818174398484205,0.004364591297380857,0.021321947731931377
0.0047629308968941955,0.009016756993763484,0.005966791423227101,0.02243214069628004
0.00445281388824964,0.009048165943775168,0.006120618076570035,0.023027338048657343
0.0027911745957085996,0.010222825549951419,0.005715854325085479,0.01768366299622721
0.0020469456054691406,0.009750659751582475,0.006961073978071411,0.017643621797515708
0.003501008737851257,0.00849537449197383,0.00941143745288432,0.01930953435456688
0.0031791223243838288,0.008863074602478264,0.010541794899878925,0.015314048314231225
0.0015900437037707391,0.007597233867305055,0.007467095137169192,0.023834257010321193
0.0016442035151014132,0.00730977258592216,0.007731955290596186,0.023121920110862386
0.0037156554593356064,0.008210292651331176,0.011988483434620525,0.011470484822293457
0.003968196392459561,0.007953225013701942,0.010856555262995192,0.011664681786141605
0.0031166907701809577,0.007856566394972599,0.005713424386128042,0.02081559094143696
0.00421641354325179,0.009119684356640755,0.005315737731371655,0.015887628157253197
0.006146681416137403,0.0067135693587143455,0.006184465262801898,0.02460283012709081
0.006471602194173959,0.006947470445795104,0.005570590051188019,0.02229567545582229
0.005845629671278658,0.009088981620478989,0.0034165598940524805,0.01716140595354045
0.005447948667683605,0.008237417175235911,0.003856493828993959,0.01857344137313103
0.006386258624598425,0.0064975658098879235,0.008077095829608652,0.013084816897085131
0.0062680066803599555,0.006463287954333007,0.009174667381648578,0.011178419958572947
0.004311114528020846,0.006532557618247581,0.00523396079912143,0.0210892520692453
0.004188378100694407,0.006311610059771107,0.006226469420990844,0.019399026453126564
0.006235660667277497,0.0057321036593396815,0.010846223041077602,0.011740646004303912
0.006145088587989001,0.00584383400773344,0.010180603907817797,0.011969190719685757
0.004578492816672936,0.007080431621135514,0.005496990483561964,0.01831819797247607
0.005451221407081528,0.008510560079783194,0.005097980433795887,0.01493898912629912
0.006635967535050326,0.006459051986402091,0.0058629551964717065,0.02442589415143
0.0064836992975746055,0.007243487310552502,0.005109237277643336,0.021681145653413163
0.005191001157721757,0.008376588167936681,0.0032803228597266822,0.018623428456340664
0.004300939193925115,0.007608591371357108,0.003907372615167308,0.020475075475603743
0.004992774490621903,0.007757873749220084,0.008265252447599519,0.013036390681125248
0.0046167156686989135,0.007803726957403716,0.009713507044656781,0.01113791409858263
0.002691899061584924,0.006302014359873825,0.006041724727756303,0.023155323763148848
0.002659057669607315,0.006609672768709469,0.007075857480138862,0.019710286993219882
0.004921742524656324,0.006747140020416655,0.009572499828465524,0.01646278821950691
0.004995542360311572,0.006805503732854084,0.008726398198337613,0.01702030538707851
0.0036190554606889414,0.007638729090841569,0.005539803480400628,0.017344348583170976
0.004348554253203455,0.008422175885542636,0.00483584014811483,0.015143244671674421
0.005973848279968602,0.007256990549656896,0.005755975918119275,0.021585723860175824
0.005934601701718149,0.007896648751303399,0.005501507168221599,0.01712638297431151
0.004235109241062316,0.006955905944059565,0.0035416391295925026,0.023350129107725485
0.003611251103616968,0.006247803267882284,0.004620271403738174,0.024316682419705977
0.00557923423023978,0.006709054887980771,0.010667275367161123,0.010357690335137934
0.005696790910040809,0.006317997471422981,0.01079078092331908,0.010879893996587014
0.0037695200939096133,0.006319945015711585,0.006376237034149624,0.01816324052827486
0.005003960285631124,0.008128944820791522,0.005957903597739858,0.013024740777085006
0.006914278505506916,0.006255775705159063,0.005918160156500395,0.02897360330221993
0.007114316779934685,0.007167599882972396,0.004864953270208107,0.02733291660975789
0.005843313732154919,0.009055443349439305,0.0030848177169757853,0.01474385685193744
0.004435136183024828,0.007533811668865998,0.0035440854992870026,0.018835228033889956
0.005119946095981185,0.008256376124942823,0.008104068332648606,0.012286263692897943
0.0046255732738990606,0.008373957430613917,0.010362077548621135,0.00991354763186736
0.00245994480115174,0.00564659909312069,0.005623077355298463,0.025851843874847576
0.0025014723964357595,0.006200855838332427,0.006620621982191282,0.020505535220250032
0.0050576129003646,0.006950787802233709,0.009163527639762374,0.017555578061580077
0.005299490037338269,0.006859701433103232,0.008369486248355082,0.019294760580056518
0.003766064302981546,0.007507067214952552,0.00548806968034175,0.015148922425334905
0.004515589159747545,0.00809024202996917,0.004610695337580134,0.013835877230582997
0.006222794901629335,0.007331609315997113,0.005716955628935259,0.02074454422505111
0.006057605507214837,0.007958351680480449,0.005562142454724934,0.015041840153136385
0.0038367927792372085,0.005763759953647555,0.0035664312664257245,0.025865133484996923
0.0037783333672650413,0.005169727030422873,0.003781201131754373,0.029454563356505342
0.0064954798166233715,0.0072193091876869234,0.01052284934114818,0.009473909323773223
0.00672083603176777,0.007307121947778744,0.006965196938936638,0.012588714959466249
0.006642036627861979,0.008695955020057418,0.0033442637312201015,0.01240257215319613
0.007918183169119117,0.010555805347694864,0.003341128711491453,0.010682246795674883
0.004169082504493007,0.004961525077240585,0.007633953935311133,0.018279473159164637
0.007851512081537974,0.0054510266813795425,0.01726281308246886,0.008838352235079719
0.007671795292962698,0.004980138075942556,0.015941452406372326,0.009031305781525882
0.0056075872221613,0.005624024570639068,0.006167600536729869,0.0163012542412463
0.00907942478916397,0.009656521478279688,0.002375327608415765,0.01598919592447342
0.010532331386062877,0.01216631284759798,0.0029714880010724585,0.011036220931243049
0.008216666172912262,0.010593973813109555,0.004457506269912277,0.012485987395163468
0.005480488249193667,0.003892165596915002,0.010352327658451623,0.013899109359241596
0.007791776335752148,0.004544644190505424,0.019269003871030223,0.009950180222956396
0.004412068975387854,0.0027189993886496087,0.014171058655698923,0.01675023495875042
0.003669593556729895,0.0027391793984962573,0.010187168975604831,0.020344839592893117
0.004478257955007137,0.002381493824261511,0.012262539265244489,0.017177143279350736
0.006495863158435935,0.002000006329414656,0.016685154806150855,0.012355380893368111
0.006816889703284669,0.0019866790813270973,0.01532289855757205,0.012112473437404988
0.006099936786351147,0.002630655550461868,0.009835015031737261,0.016168126118073316
0.008930648096634181,0.003292001463608838,0.00887693874175367,0.010913862147688864
0.010690388651720256,0.006625293041874331,0.0035095446780362286,0.014021933384295675
0.010949028554757276,0.011100292252897093,0.0010423921529255644,0.018187256576071932
0.0110903401331133,0.012461666555550959,0.0014104504630699836,0.014009610846087938
0.007474073869312652,0.0074394851526803345,0.002684999628929614,0.024655554069819965
0.004847113241161804,0.00607116176693453,0.005778802630487249,0.01834441125820164
0.002425797151330108,0.0053532201057952,0.0072710928661179185,0.022821137193438527
0.00195358543631464,0.0038198421653053084,0.011869929698633966,0.020242010856909427
0.005865856957597421,0.0043315859987752585,0.023224899999334574,0.010595440948957336
0.005026760432945026,0.004387873315355257,0.02082376916211718,0.010679121302502186
0.0012857526111103715,0.00545046455165109,0.013197694957300806,0.014506944066431876
0.0020910658229121534,0.010238203851791534,0.007512616770831483,0.016291772311455746
0.005219625942565235,0.01263976264635154,0.00516557024079144,0.01289008796951641
0.004475326898071802,0.012878811302294292,0.0051996205411346695,0.012733082936851107
0.0019220557675502699,0.007254921225157399,0.012168950610829817,0.013011739339056852
0.003280515756537346,0.004284683366125147,0.016590470053413076,0.011508028282164458
0.0019171011826919673,0.004872090964651852,0.011893288186364457,0.014541223240157036
0.00240967108196816,0.0061144906896936505,0.008734847026730953,0.015855506942492683
0.003905505088316793,0.010845573409834402,0.006366558685341874,0.013371865227624971
0.002889837216779269,0.006057794140349415,0.006211019710945909,0.02037071387386445
0.0039502880193232,0.004133171292490121,0.01295891402427337,0.011391079957033538
0.003755121305995675,0.0040272102041616145,0.007359580295552583,0.019767324869371567
0.005200786181877857,0.008349094780254113,0.005957498363423666,0.01372238721692654
0.0055380933517978105,0.005415651457098933,0.0031923906406212707,0.03616168521470945
0.004075130496988811,0.0035997097350169097,0.006586952924086275,0.02372221681708812
0.005652801383324103,0.00127584614995737,0.01663000699859989,0.018030996072780518
0.01065185463990997,0.002283567821774423,0.027014653584377553,0.011022356139574165
0.011499999687487543,0.002894178747372553,0.027430732680279294,0.00919464731345713
0.00727760406835495,0.0012708820116593446,0.017423571412138295,0.012859754582667828
0.005969618954697649,0.003448116203312097,0.004349671495792608,0.027547173810647457
0.007471940638722909,0.004828101591971115,0.0023342688651617743,0.03285740374069396
0.006782147438701123,0.0025548679421351457,0.00582937201985185,0.026924977417916017
0.01177920759931679,0.0015747006193569937,0.018944562971100417,0.010105820156016682
0.013763810571256327,0.0023547883319644486,0.02109451551365738,0.010081669982373639
0.013547831701099486,0.001026977045091405,0.020021100127312338,0.00988216113277958
0.009628714150130021,0.002168025824433924,0.008635576756162801,0.01651161567278551
0.009267128825677104,0.005045365144894411,0.0038506741551305604,0.01999289883356199
0.009666435641283016,0.003890723196027987,0.005464868159773454,0.01804339410885906
0.01191516147696946,0.0006183781946396163,0.014066895315860764,0.011226872506663958
0.012686407553630432,0.000632694829246388,0.01682661825783322,0.010243576250297936
0.010189573964860598,0.0009856112171580489,0.011657720337268255,0.013762492076657385
0.009253341107684767,0.0027465108343943273,0.006309810172012555,0.01940884011632663
0.00821543794714979,0.0029423652977575592,0.003755315462925607,0.020416264069132845
0.009309455391705145,0.006248219125552628,0.0028447165794164286,0.02198103216659653
0.00935900292930924,0.006491066464475627,0.0020954176720082876,0.03048551279796377
0.007709164783181917,0.005663324063736991,0.003023512742991584,0.03280262090835358
0.003970768951833578,0.0038069516540103518,0.010489754506365304,0.013464765359750433
0.004577185019701095,0.002941021332083246,0.009723519660131928,0.047085737206094845
0.006132685865385003,0.003834448232205135,0.011552731225617646,0.05617409518605267
0.005012789663153802,0.004256227495003676,0.014532089020776738,0.028716008266062337
0.0030518137925157293,0.0028814401808440874,0.016542810525014107,0.017650266163946944
0.0026311927011902284,0.0027098048379371135,0.010832026124812577,0.021969319490674377
0.0027401319475681145,0.0025383453779429434,0.012510686709293554,0.01962876012447872
0.004908789712980402,0.0032072507904556177,0.01902063810079504,0.012402124150282424
0.005881273276011884,0.0041242739137592665,0.018364420757112913,0.01008426793215065
0.004801183872845835,0.004679024190717728,0.009637938307775526,0.011425577733549673
0.008727905823750265,0.00926397125064754,0.0015821237271293142,0.01604559334770571
0.013396841485877928,0.013774672121126649,0.0026092482725202904,0.01330325851177297
0.011056366262250086,0.011709663688744237,0.0006783049911376937,0.0231328875756344
0.007659308616128967,0.009451027575028808,0.002530323849878471,0.01339872496270634
0.003515764958240108,0.0032834654555185063,0.009257808456155942,0.019027012590256638
0.006753822704394758,0.0024306094538681117,0.020993353554404418,0.014454290939661696
0.007142069363316785,0.002305122846842843,0.022501045634212985,0.01560280812610699
0.00435444807390715,0.002020159150818688,0.01689283539031773,0.018642855769335616
0.0022653231684248427,0.0029598907087691343,0.009670767901832675,0.022931108338900656
0.00207665510000564,0.0040636064325537185,0.008766757335057237,0.02089222873587908
0.004453535028036939,0.004969483949519098,0.008572696407967173,0.025473121644453266
0.005969067261245999,0.005869896500906547,0.006485769465960425,0.041598347895007326
0.006526435131653641,0.010039296898621132,0.002967575383276749,0.021986808259423448
0.006585155325987965,0.008766489938165808,0.002953205963533678,0.02958601326827871
0.0054215717615307074,0.00721678122231541,0.0025855030828441147,0.04695408236828293
0.0020700502153209997,0.006168154584482881,0.0044922859238115545,0.028594464289669358
0.004198985896250333,0.005157904217601964,0.01411717787877876,0.015879028086131144
0.006644295801439884,0.004896141110373938,0.01715704828862711,0.02439025955341243
0.005919540672416681,0.004556011711304311,0.01836850902466106,0.013586632292766524
0.0016267730144417392,0.0035262122797901753,0.01099840126271502,0.020756323055401628
0.0015516385014399776,0.004151316676071901,0.00671785443293755,0.029726897159682464
0.002781381949469463,0.004438329107736822,0.008915325409798166,0.016520377798696632
0.00643086282393824,0.0035818421345177303,0.011515080112265454,0.021352918789580233
0.007484143548043304,0.0037816246294537963,0.01055246524953178,0.029743716492164295
0.007584902540624325,0.006413371786165571,0.005947727466971353,0.01338898380882832
0.005889662075200749,0.008144117625626385,0.0013439669467961188,0.033228298250406456
0.005043973403821632,0.007260671214288814,0.0013711108802167624,0.04302991879390762
0.0035458681943522723,0.004604202158523715,0.0051011455630033675,0.02726448518564164
0.007805065753143848,0.002665968949272129,0.018241363147823063,0.01073844580296399
0.009554550413941333,0.003217413330511412,0.020807053305514883,0.015657425307542737
0.008318783720859653,0.0026077622803017796,0.019788226314719014,0.011295193855575517
0.0036735057340597857,0.00288718162786648,0.009934765845906284,0.018234058559426312
0.0034545854702791434,0.0048652431942268065,0.005157106841960262,0.026179523596293535
0.0054425114792151915,0.00604902041542188,0.006646242993014653,0.013968806693919525
0.007377247081550219,0.0044269714701104974,0.00900076070895385,0.028446997071212694
0.007763851328288919,0.005189827830473455,0.008682818698471808,0.03699933110265429
0.007196557448497567,0.007882473507493493,0.004788867063470199,0.017345396569753778
0.004555060783567134,0.007759027851235129,0.002152226952870914,0.029211644102310825
0.002871168725326738,0.005798148828363299,0.0027022365856627572,0.04257408644377007
0.0012740532101754,0.004049794049844814,0.008220350858369802,0.024931346279286795
0.006551557898619945,0.005121474800052034,0.021142419531478576,0.011413222929494097
0.0081749043903298,0.005556098770187683,0.022012758257542422,0.016830382607127437
0.00660550172112609,0.00476175404334614,0.02092885174143746,0.011553476544518146
0.0017627202475996948,0.0037723379107979975,0.009780830094766666,0.019787464840369872
0.0023800562452659965,0.005534352539385895,0.004277243339279086,0.02748403200325305
0.005065963479849146,0.008369000099421741,0.00457153647528846,0.012905784875840747
0.007067878834555182,0.005714695774747971,0.00805763568310554,0.028354290732029292
0.007531163908770139,0.005476542916475478,0.009156529532627578,0.034737549412937795
0.006750385945993596,0.006668253202578432,0.006558515523113935,0.015413559075317673
0.00371193179783396,0.006198178803911694,0.002757186621683496,0.02843391920330398
0.0024599818484704965,0.004595391531943791,0.0036286842255909267,0.037972776765408126
0.0025343934377635683,0.0027149656068395367,0.010434227079696885,0.02128991219700128
0.008416056953406319,0.004047223082967705,0.02310357700261115,0.009922515899388607
0.009638906836203548,0.0044782325084404065,0.02361207736159726,0.012488317768382124
0.007915946322127566,0.003258230815817247,0.021140424470412637,0.010143043006340035
0.003396239559257353,0.0034403574312144524,0.007827602081674066,0.02118267549504265
0.00451084516672463,0.006156858844220007,0.0028883493722242966,0.027766790679265213
0.007883700008057166,0.0086103582157612,0.0036271447041751033,0.012959502651810784
0.00845919703786637,0.005322550204920033,0.009041694762682443,0.02560026092494679
0.008248260176134892,0.004951034992934226,0.010944492484974002,0.03311297133004214
0.0073070943004395145,0.005909429021616295,0.00856474276301079,0.0163054601655833
0.003935164976225421,0.006620107974249775,0.0036713532458850016,0.022550141009536378
0.0027341663945026945,0.005463643394086086,0.0034923274299301613,0.034317975931135086
0.002436197593533971,0.003960175315494403,0.008747678891239206,0.020905872237262937
0.006671007204213006,0.004292894702978581,0.01984967156711353,0.010454491809743298
0.007521024325554441,0.004591431205951326,0.0204901402136374,0.013776758152653473
0.005643826692218602,0.0044732693242309435,0.016866102022682294,0.009939896537187663
0.0031829962761743907,0.006140142199128552,0.004419540182324,0.0252565765163286
0.00473531162374945,0.008069323854168597,0.0020858849347447595,0.029304584572966613
0.007084668914991277,0.010571345774342286,0.0035977959805834907,0.01193258905936065
0.006989657487334537,0.005890638975521736,0.010138345144907905,0.02692289461195697
0.007023131240267444,0.0050969828095159065,0.013120928009473167,0.034015448607774876
0.005934397357584036,0.005632873055830927,0.012545758875130462,0.016620712967677274
0.002579135079463627,0.005698683144199468,0.006432493043987771,0.021711789136094527
0.00213922383608158,0.004357298944054824,0.004174058984367477,0.040840922118759844
0.001676693158868099,0.0041779909734989545,0.006387015960594556,0.034754891468703066
0.0028376685645648872,0.010811335933275636,0.016568838438831446,0.008395019503685132
0.0036574529756755064,0.009441652679674561,0.006058484583788355,0.04948489525331323
0.005603307585881463,0.008600643602915643,0.003714838702994774,0.07086001211021596
0.0058178952581963775,0.008544517507744804,0.001811983839792574,0.041273574343846486
0.015569629942758395,0.004732256599067034,0.0031470930550015065,0.036386314405804025
0.01055329567628599,0.003520567871388135,0.0030794373499449775,0.057000366690128736
0.0037438316649516744,0.0037671418331055367,0.010986892960405854,0.031218025828512415
0.007869173844512316,0.007269774559960479,0.02751740450938962,0.019269199296813058
0.01071737896537321,0.008758787621572771,0.03147810646382852,0.015777877907126498
0.01072574279357546,0.007915103694420745,0.030897183440451045,0.014012117752711184
0.007945071721505445,0.0045463318224736055,0.024319459639085765,0.013800040331433663
0.006014900265792666,0.0019256393773785987,0.006222055308060201,0.021303465355609175
0.013472464923111079,0.0070428114113742415,0.0004859715757613333,0.02897845032040331
0.017804547646986076,0.011973676737673043,1.7651096610214495e-05,0.05362015532355581
0.0179247728645188,0.013805141489857734,0.001796717137234528,0.0306525108879305
0.015109409137755834,0.011155282603075667,0.002827072375296354,0.026342915958477035
0.006970896040236642,0.008250538330682284,0.0018824653375611982,0.03660339989228549
0.00240213415380537,0.004256574772662079,0.010417518471415713,0.017667161277695777
0.0063086685393882085,0.0006044733593936896,0.023485204853023293,0.01925345125935515
0.009633412674467552,0.0009809558350076426,0.02809782775702424,0.02771191449555272
0.00991605025659662,0.0004833934203265234,0.03032075925629174,0.020340381810636177
0.007004458480182833,0.0008905359059629141,0.029827725373747664,0.012722905463733638
0.0015192814548965006,0.007501361154210334,0.012996473267244001,0.023388657814856058
0.0017388007919824746,0.011855968156703117,0.007051559223002323,0.032710808677407
0.0018118079374537844,0.012201517614340922,0.006495950642521712,0.03492840942132745
0.0007074464401473772,0.00939266169881026,0.010621397086395588,0.023192274527754998
0.002704986221982684,0.003512970509879534,0.019962150260926848,0.01419945232568674
0.004359751540499373,0.001720044415739957,0.01938362276898534,0.028902946243589033
0.0031905032022528576,0.002787251398417553,0.019608878721141688,0.01863387538646671
0.000585826292043078,0.007949136013549333,0.015521834199890503,0.013735814011551514
0.0007367071403053114,0.008960824771877915,0.010356925540307626,0.020474009458681643
0.0007878362175002474,0.011322254599347166,0.013793342303848285,0.009933932208624508
0.0030439948184980054,0.005138794975052098,0.010793421196232285,0.034203799729269985
0.0035592562174273906,0.004752244394755993,0.010454822434669647,0.03852634613944129
0.0014995343600840377,0.007780815863884664,0.012049572733582977,0.011426833766190792
0.0017543660846675625,0.004883295967202172,0.007360410333526898,0.042463489146904905
0.0015717089761680119,0.0036049271487177646,0.009616486019829926,0.0381751326416931
0.0034586534013436956,0.001060170666917478,0.019810168473296197,0.023426559521550677
0.010807976625818847,0.0001416330370418652,0.03594420045141636,0.010988243053242483
0.014227259316631366,0.0009488129359006174,0.040166924724125454,0.007667059555488315
0.011694614825129157,0.00036572005105783075,0.034245774343527956,0.007954408049144686
0.005119953331326889,0.0006525377075039084,0.017371344612738628,0.01815388807782574
0.008260243421676515,0.006344759665775715,0.006999564634116192,0.008305708431442432
0.013829116508144066,0.009834516581645499,0.004213218512170723,0.038370132372120606
0.01450664188012077,0.01345326396528442,0.004792073880115724,0.058105304771834766
0.016403910154430695,0.015290118167203676,0.0020916648550703696,0.04319140859222478
0.01269898888198698,0.01414596652201933,0.003221176453902491,0.017182676679705265
0.004978925656863712,0.0063237682917323314,0.004342300062258653,0.029890712170122718
0.000318601011733269,0.002476410026549812,0.014117731849309225,0.02027062592034854
0.006706780808668738,0.003210091705370937,0.0304877876042779,0.00864107658118375
0.008956111544938077,0.004067775786794168,0.031042494867250366,0.013300248343870355
0.008045930591062674,0.0033590787079569545,0.03257790425553837,0.007746034139736598
0.0018832398565127018,0.0014726405731753421,0.022608070371391405,0.014269557819247911
0.0005651733199945325,0.003901463171529001,0.010112350945743774,0.02231772015863916
0.005530623238505107,0.010464678747555795,0.00624807435005808,0.011404485376765729
0.005416288872347881,0.007217215914350115,0.008148457396025939,0.010433620274205442
0.004639215019427405,0.004041621661638239,0.014331506700535498,0.008762250050211081
0.004877494604195366,0.0026242634293689973,0.015116873143409013,0.008892233557528856
0.00652252551653561,0.003681849501395142,0.012347216092503608,0.0087955112126898
0.006218934323993146,0.005748390222235399,0.007944126615186023,0.008253836675648597
0.0031199705227098963,0.0027543414451850043,0.006747052357972543,0.0214887981368342
0.002817836716871365,0.0016472953245288788,0.010848775455938667,0.014640428403790142
0.0050204152345327884,0.0023565347345284537,0.014968686112240984,0.012976110594144852
0.0049174202398721166,0.002634859663228501,0.014055203597293729,0.015396355677516276
0.003781555831173254,0.0019051346409063449,0.011473616287077262,0.009254829245901649
0.005541264913778001,0.0024784117405601816,0.007247024338106441,0.010186652410249296
0.006001541660512454,0.0033489951074899397,0.0052097053829948375,0.01949785562829735
0.006607128244836845,0.003299660133081286,0.00506638324317501,0.013780295606195692
0.005480705594357785,0.0011744658820458424,0.006228197107531126,0.020269014219933577
0.005222031882739742,0.0011317322367320876,0.009536020300650214,0.01875822569183716
0.008806779398766252,0.0026885035395814642,0.013829219687725571,0.007474883141374547
0.009812533033903224,0.00205810146986075,0.011136887357189675,0.01061307690598533
0.009475181791566714,0.0010343343733727236,0.006181733386920184,0.010863675232381655
0.012027142101303201,0.0021527453747734442,0.0035793524360728858,0.00945097093996317
0.010315993807194857,0.0026709274580429478,0.005143231956655437,0.01980510276965731
0.008896326758126152,0.0027389028414814137,0.006419140003693196,0.012518970070544033
0.00460929927693274,0.0011728901945035476,0.007719008229041084,0.021444232822799333
0.0036413433011456935,0.001425156657006956,0.01118230420674247,0.022153961196770496
0.006111558808454797,0.003507116435389143,0.016447500876946852,0.006296273377544431
0.0059935672051564725,0.003239039942393748,0.012032791863714164,0.010173232491187838
0.005454300556475351,0.0026208912161547688,0.006293453148854353,0.012225565929837149
0.0071112502786528945,0.004059820399663204,0.005369517235091782,0.009746226714251844
0.007205491446885283,0.0035372703127321695,0.008386620765533256,0.015623521695011586
0.0066313667904322375,0.0029289301586000933,0.01190951897298575,0.0089415000448584
0.0032095697935710468,0.001043726666475518,0.011188790867698445,0.023791310385623387
0.0034924785671636032,0.0008400010727525716,0.01274236356260881,0.023603947948694592
0.007702952847650118,0.0017472630304338167,0.016993103732606665,0.005761642434853375
0.008464980644945441,0.002877885907548839,0.01045641619672689,0.00880820083417588
0.007668854407181622,0.004298395926664754,0.004524723766566478,0.011256840939561986
0.008440809060994927,0.005362345688298374,0.00478052329167503,0.009157951325761787
0.006987894464835603,0.0029750884456067953,0.010443721675826904,0.012002341131674074
0.005785222062091727,0.0022757919665024645,0.017040686315875617,0.006123933187164037
0.0025125082552637963,0.0010238320036091014,0.012322629689157786,0.02511804724482817
0.0027404557699855316,0.0012510689933856777,0.011351989714796463,0.02021409288018776
0.0054857608317587505,0.002744298046356442,0.01116411067502535,0.011903646415836834
0.00614685924693691,0.0029563690245960153,0.008676828832864095,0.01400412510006202
0.005773111123390674,0.002384853974082822,0.006378428019747462,0.012868844900115006
0.00609458376814009,0.0023459834672629777,0.006829744167131475,0.011336991024590742
0.006737276952892005,0.002453909722155016,0.008959554927084983,0.016387765415616023
0.006315215306282978,0.002206767130250279,0.010531234380787166,0.011660947856210444
0.003941421215602655,0.0008976761664838613,0.009662492308665352,0.019718130323933367
0.004030108357980726,0.0008425041459945307,0.010086541163940439,0.019547009682913095
0.006717124011996115,0.0018993778326880722,0.01154768300545058,0.008959648490822827
0.007373656814732514,0.002093582716052981,0.00953911497009182,0.009927883045089592
0.006057243304211719,0.0014766837671680365,0.006235378893122385,0.01650737879870086
0.0068544799839275845,0.001863116656457939,0.006245964177024843,0.012487208709883393
0.007339254402792271,0.002297585962134593,0.007808269702086141,0.01839053944364428
0.006591379965501829,0.0021783034484491853,0.008885141406843171,0.016100210268634514
0.004320985404927723,0.0011438026355234247,0.009260366317465692,0.014605620835551164
0.0038250955986533146,0.001130633041014681,0.009993396038081963,0.01508716120244307
0.005209642662483613,0.002379761594617397,0.011190379580491074,0.01151869849433122
0.00534145665131993,0.0025576046183207494,0.010574442545526832,0.009988139723362169
0.004098087134177723,0.0012715755000601086,0.007441161307610863,0.01944849018650329
0.004512468239619744,0.0013747181005135175,0.007685840217830505,0.01611061050316893
0.006545277839137641,0.0021592117157715933,0.009570821689403822,0.013780554272868461
0.006752000047415173,0.001968799545716965,0.00995327799837652,0.013150582393398827
0.0048904525777148655,0.0011450509919615243,0.008733086606662452,0.01429174102271041
0.005042345648011479,0.0012739544907381431,0.00870081390548816,0.013224390150330551
0.006661116167645829,0.0021932041291869574,0.0093369156901783,0.013640246902112898
0.00627777357411648,0.002424771021615324,0.009130710029739439,0.011397041544604103
0.0040678431892360555,0.001325828377142065,0.007580693043357916,0.018045872255326494
0.003723561113613001,0.0012087830990087538,0.00870729749109527,0.016420627598946934
0.005370128252825505,0.0021457661218174133,0.011601490643464418,0.01169004156906334
0.005339658532607684,0.002132093859742549,0.011640468631422166,0.011113106685632843
0.0037758030973192446,0.001188613932871305,0.0087310017709477,0.015851107430206436
0.004317955247933636,0.0014436744796488047,0.008297365227935337,0.013675002732863841
0.006001802521374618,0.0023522183441452103,0.008893226142819292,0.014673810524052899
0.006016623103475713,0.0023402635546906285,0.008950821340263884,0.013060117862377481
0.004228328382825309,0.0012495598535192146,0.008013638174473611,0.01552586373595317
0.004062236234208112,0.0010949307006579135,0.009012539877082552,0.014537169729091257
0.005897391174184967,0.0019275810926711987,0.01118696285151378,0.012184634673032798
0.005855890014004837,0.0020104985487377994,0.010965908831223139,0.010720490182389932
0.004013788162136644,0.0011116895747832632,0.00784061094020941,0.01731889849711379
0.004294674098601025,0.0012427892643470135,0.00781025524624733,0.015278927837189232
0.005952803387957715,0.002121934822574019,0.009423977478335739,0.013135525863815634
0.005871076860299453,0.0020394469884070566,0.00982929866199447,0.012261602545677677
0.004059432483716717,0.001016810508020735,0.008507680321913604,0.015255632628364347
0.004119857503088421,0.0010239580163969276,0.009031119531779487,0.013706281616319232
0.005731926867420525,0.0019359642936187839,0.010118823316209993,0.013606020175027938
0.005651810395669803,0.0020372975033134317,0.009747401581356969,0.01191836180753413
0.004059970579049839,0.0010763247571976865,0.0077333548664133295,0.01661728602574667
0.00409413873362846,0.0010671786006574502,0.008150119529670215,0.015174498400400763
0.005706195332390058,0.0019023824476961642,0.010172350587685435,0.01263581427650481
0.005726752387350179,0.0018488673072884743,0.010485600177469693,0.011526692560117718
0.004003123278899555,0.0009093553223670716,0.008328134480960727,0.016108190208160827
0.004227777349492624,0.0009822367451493884,0.008497402701805132,0.014272056593368285
0.005890831623318361,0.0018468252016850236,0.009638836233439698,0.01363144531404463
0.005817495230231929,0.001891824950117919,0.009497184537419028,0.012298856938563701
0.0041368541806391474,0.0009882529067115038,0.007908987123796394,0.015918208095283302
0.0041011408198787505,0.0009657095208073887,0.008473904865273073,0.014510384050603838
0.0055771681360321694,0.001774019948137204,0.01022736970496449,0.013106564532450812
0.005483687834597884,0.0017932233868658623,0.010348276462554479,0.01172243610316672
0.003862942076334444,0.0008972506929105725,0.008195860418379615,0.016473348139301826
0.004002525238951408,0.000947934113521176,0.008427026353078033,0.01480306476342059
0.005556899695642676,0.001781580454254226,0.00986727056541005,0.01328934843718245
0.005560927125201309,0.0017781417713277046,0.00990406571196953,0.012125802151126113
0.003996541651022533,0.0008963028651840025,0.008149912588978184,0.015962278875173163
0.004095695522047177,0.0009073552378287735,0.00855601048488879,0.014361307906717542
0.005622986647617252,0.001683918456272041,0.009957021195604075,0.01349652806323727
0.0055722257336825445,0.001718267221093054,0.009958030023633081,0.01211570077667597
0.0039618945417574615,0.0008776963853440826,0.008056251179835024,0.016311543255258708
0.004017659731269242,0.0008907673239793613,0.00841949155364952,0.014820743759504772
0.005482041813037665,0.0016699792104103287,0.009998056366184288,0.013192329034766848
0.00543766464709084,0.0016777050546039215,0.010107059402804524,0.011988964272905123
0.0038919855662858903,0.0008293500718631991,0.008194832266295079,0.01625986884388029
0.004008366518539862,0.0008577140197018841,0.008520986930453077,0.014574534564310062
0.005469005260541623,0.001636118366234907,0.009840375523189946,0.013597610309909271
0.005450957541786043,0.001656686923021296,0.009849534976413348,0.01233895772082097
0.004027432855840757,0.0008757986654696746,0.008244403491845638,0.014987744183311794
0.004088298857593801,0.0009031066400807319,0.008448781122600028,0.013974984544041034
0.005386646311504611,0.00167345901004463,0.009726203317376766,0.012691016806648673
0.005331732185150241,0.0016686139176323221,0.009913515820916936,0.011390903845333195
0.0038714386301483433,0.0007935574839620817,0.008278746220335519,0.01585864341500643
0.003969596202271673,0.0007915964125242119,0.008743076098626495,0.014201310888620141
0.005405215428640975,0.0015479794221084338,0.01000227652263167,0.012941741867133039
0.005438452515350494,0.0015854386212537006,0.00982923654538565,0.012005253987217104
0.004102496671837627,0.0008298307163688586,0.008061607890999257,0.01515024523168817
0.004232825296576922,0.0008739670784467307,0.008268643831951326,0.013762196360750795
0.005435889533625255,0.0016051209429094044,0.009369591645616883,0.013342793208026971
0.005365424425675943,0.0015890287020922744,0.009671881077102167,0.012030143915194507
0.003922302012721414,0.0007358739450408625,0.008334737496274953,0.01548886767484282
0.00396041869731968,0.0007311076584972773,0.008770214186250475,0.01417093798275077
0.005298880634884757,0.001504638774326169,0.009938742207518881,0.01284185093316623
0.005334080276160616,0.001555750998158021,0.009766260091024978,0.01178455946899339
0.004047653954436725,0.0007804448705151202,0.007971134717120177,0.015591266795745861
0.004184381988722955,0.0008149339052905441,0.008244595867668845,0.014022046778297931
0.0054168479318555075,0.0015315184565400136,0.009390068988622588,0.013342508139442714
0.0053833957719803295,0.0015113067976337351,0.009641147374515002,0.01218285284672915
0.003986386157899276,0.000711508056591436,0.008308818982172433,0.01524537822030651
0.004049031382294414,0.0007312677563272177,0.008629999623350124,0.013955429887296922
0.005299147545325158,0.0015009830451677094,0.009591826417236746,0.013109012123719621
0.005280185115379518,0.0015510223278862468,0.009541853029830615,0.011912428020776966
0.003967910393360193,0.0007483545498149896,0.008010072929672202,0.0156879405092503
0.004031052555131886,0.0007553953407819646,0.008409750797138304,0.014199988896740534
0.005261645484025453,0.0014835189666452077,0.009606383752251476,0.013123219915934145
0.0052586695812389195,0.0014841490270543472,0.009725823687789886,0.012035912122580159
0.003951900468255919,0.0007086314429151044,0.00820963115680331,0.015358047291559585
0.004072757295434146,0.0007493930180010348,0.008432450279458492,0.013951124942680384
0.005294668388022967,0.0015075496479207914,0.00931632891544233,0.013303931878933264
0.005270477249163977,0.0015288685518152138,0.009388733650013,0.012099643840222605
0.003943488793795987,0.0007153929613134216,0.008088831831788445,0.015505338419381686
0.00398175283923851,0.000713922316991351,0.00851815364122146,0.014124700907908794
0.005206154516100487,0.0014576480518170287,0.009602076621343856,0.013075853359711589
0.0051981921633045955,0.0014842553200339783,0.009614438347089752,0.011947633448979929
0.00392553054034903,0.0007051613023533323,0.00806510139293364,0.01554064886791145
0.004038792909073012,0.0007407357439801575,0.008312521013580078,0.014081563571942044
0.005234037946864104,0.0014937261545749849,0.009255652114804568,0.013276930980334426
0.005214746709406022,0.001494617673791143,0.00939162322134993,0.012133162993482825
0.00391548994986818,0.0006812573880684833,0.00813753190291319,0.015378831907891632
0.003982906619106497,0.0006941333061488656,0.008492696216537978,0.014004138652594287
0.005193539096136518,0.0014579754226402325,0.009388187647099946,0.013195131817477146
0.005185393728549055,0.0014910660421045593,0.009377282746502647,0.012020574942254418
0.003922851974242366,0.0006904730320901196,0.007975680807511645,0.015554629899389476
0.004000681521876297,0.0007092844220782492,0.008297689174188917,0.014132256812581217
0.0051849090344624335,0.001464793958749049,0.009276603159739579,0.013180403143850694
0.005169424001814379,0.0014680931612077325,0.00939568940330749,0.012056511774626627
0.003895106902514699,0.0006598468000608522,0.008085796561944268,0.015410400807274844
0.003987481035923705,0.0006869525441191145,0.008372780890488998,0.013998711571731326
0.005177485440663315,0.0014641148119755353,0.009183436652197334,0.013268698229617865
0.00516306299936753,0.0014873704079543916,0.009216246804322929,0.012103887256920179
0.003903501594148136,0.0006677039088959529,0.007969074561027092,0.01545898320537104
0.003963408862259348,0.000680539274423728,0.008325334025449192,0.014071215576429217
0.0051366455499500955,0.001449542175072989,0.009235417940268487,0.01317624717707137
0.0051230415825804735,0.0014636525859893215,0.009305116892097095,0.012030530897899627
0.003874297542283978,0.0006501779144514921,0.007995675344297183,0.01546533449807303
0.00396633598497738,0.0006783700956405662,0.008274554629083896,0.014049562445685832
0.005141394716656676,0.0014606046402529638,0.009086287429212869,0.01324186756975133
0.005126107535064785,0.0014726933155680892,0.009160230748935886,0.012101177882231235
0.0038733833512682235,0.0006448622671001219,0.007972761154620055,0.01540553571869612
0.003941017829509144,0.0006624553185283924,0.008309238199829514,0.014015543968788426
0.005107840351170387,0.0014459967146173793,0.009117802915788738,0.013219252818644833
0.005091467646007518,0.0014654316125990116,0.00916124331937016,0.012062825304956627
0.0038559430682801776,0.0006403921855715165,0.007928347804057106,0.015458501537675615
0.003932347533898483,0.0006631387452511718,0.008233349816101855,0.014061921488777367
0.005089878359569581,0.0014505746210681837,0.009039084354682859,0.01321020859370825
0.00507401520579546,0.0014596908635728396,0.00912107756183685,0.01207435478834912
0.0038401836458488952,0.0006265962411011145,0.007947427218869294,0.015409958468958021
0.0039193095272480475,0.0006494722245479775,0.008253880222721962,0.014010952118595803
0.005079212481815675,0.0014439204952887495,0.008994249316803656,0.013243328479430863
0.005064198486192602,0.0014603871152830481,0.009040465809237045,0.0120945234270034
0.0038392736362146203,0.0006244827142262077,0.007890522800256754,0.015421364349727604
0.003908130553359813,0.0006443068967912184,0.008210049513871142,0.014036633489708966
0.005053487415800012,0.0014388230172202214,0.008969425813426836,0.013216065549955986
0.005035471943171666,0.0014500828099140142,0.009039316898691955,0.012073228690385676
0.003817970847629788,0.0006115365679654278,0.007896702939636785,0.015421478799382179
0.003896463698404263,0.0006355171955166549,0.008194351847620511,0.014026207201984026
0.0050415504461536,0.0014375507827790969,0.008900445703106576,0.01324248815209611
0.005026190655122592,0.001449586107928894,0.008959117639556625,0.01210337870895699
0.0038159677650245294,0.0006056083710095038,0.007865457978020645,0.015399473336098906
0.0038866802642333986,0.0006264539001482339,0.008179502714917613,0.014014146236393882
0.005022713327588629,0.0014296107274171625,0.008875041267619673,0.013241812511265997
0.005005106498703382,0.0014419902848233047,0.00893364045078238,0.012095709333209248
0.0038023734932488232,0.000596888512092242,0.007845949168637878,0.015413053992196338
0.003875232970181989,0.0006196593282093328,0.008147990958287702,0.014028475904930315
0.005005159695289946,0.0014273635022074983,0.008822648886592718,0.013241007215220474
0.0049877670870570505,0.0014374561439772819,0.008887102564874747,0.012103302651289954
0.003791834840047308,0.0005880159863547988,0.007833699173145206,0.015398007211981275
0.003864266587219165,0.0006105534582714837,0.008138135656623219,0.014011451617350273
0.004989374815202363,0.0014216660462014737,0.008781374860515598,0.013258461213716941
0.004971801938312232,0.0014330707035285462,0.00883772693871035,0.0121165177431496
0.0037836820308760413,0.0005814372725164534,0.0078071439489241804,0.015396403588363944
0.003853201480443148,0.0006036241144598929,0.008111633120006916,0.014017899121224666
0.004970031292326682,0.0014172743363224992,0.008742900654852986,0.013253615574882766
0.0049513791745679995,0.001426958609922474,0.008805716264256651,0.01211321141564045
0.0037700567518083733,0.0005724281481726159,0.007795372201314634,0.015396986280637718
0.0038412325372890878,0.0005954326575805678,0.008095232569732137,0.014015248955077567
0.0049544668300848934,0.0014128751261116904,0.008697924064361661,0.013264407879512607
0.00493646940481274,0.0014226774637092017,0.008755909521260201,0.012126592580184135
0.0037992855219431344,0.0005229877125717505,0.00807742108316603,0.01461773257912136
0.0039119606600308094,0.0005822212222040194,0.008084510214075195,0.013605425549478444
0.004974641693265304,0.0015156998933531034,0.008294365410740918,0.012120764346034237
0.004963507110589593,0.0014818710860755454,0.008515939468679175,0.01138762245063243
0.003820218748694343,0.0005187280329599375,0.008197934056693182,0.014155462192692795
0.003922497713880125,0.0005493093733152222,0.00856210793320589,0.012765628529026182
0.004930020600969731,0.0014440841655298958,0.00835395491340696,0.013011577082119502
0.004925108104953465,0.0014835407306409796,0.008273598492916846,0.012080409477429015
0.0038971513429011985,0.0005712494569614045,0.00793083763776374,0.013904933294524729
0.003927481265711171,0.0005995862349350282,0.00815786586486161,0.013009982347967719
0.004819001206385205,0.001494789111248741,0.00828630904754404,0.01252093687581754
0.0047925797862512776,0.0014607301610682982,0.008594008440410804,0.011440357971149347
0.0037077504268211766,0.000494599147272452,0.00821388410523244,0.014500632877440403
0.003821715025145363,0.0005213268017559894,0.00846511945015534,0.013294529981572146
0.0049336851234337035,0.0014213929041068615,0.008390689735240061,0.01245412776898398
0.005004941132785694,0.0014435707837808153,0.008291834016909399,0.011671298806837352
0.003955154290330725,0.0005387144559006481,0.007851986747924464,0.01411198834940719
0.0040419065080882785,0.0005780832267466366,0.008087159459073135,0.012934995983913853
0.004939811256324848,0.0014621866155864565,0.008068664217681692,0.012855025130923048
0.004842310823768681,0.0014441369864251806,0.008322465694532022,0.011818937805433093
0.0037380784583436835,0.0004992312074514694,0.008171022707378746,0.014218098221456357
0.0037770176210408027,0.0005275574076759809,0.00843834701487509,0.013189041513727112
0.00474143667635803,0.0014449272990886513,0.00831275653503159,0.012526693978283963
0.004789388941145595,0.0014590018265440746,0.008299974473063269,0.01160038547886145
0.003816547596070302,0.0005139179388681056,0.007901863768610542,0.01439837961939995
0.003932719919954191,0.0005429746691313795,0.008146937002195579,0.013184341952513851
0.004932322494476823,0.0014231985194677126,0.008102376691232649,0.012692523389915075
0.0049327154365387425,0.001404890892075253,0.008242300179676285,0.011763568172829884
0.0038546557015691867,0.0004877444842974967,0.008018017177115857,0.014186682154062592
0.0039286331358789825,0.0005268469133484007,0.008224620874172372,0.013089007465968684
0.004864243593040063,0.0014392515755190002,0.008031964784498323,0.012719950530793552
0.0048196324679293185,0.0014501737882536086,0.008118538547077177,0.01173446630119586
0.0037731554538294257,0.0004979143443625098,0.00793540772511021,0.014377740728877004
0.003816678373007435,0.0005213678578367454,0.008251228050533004,0.013247572361510496
0.004756144481233817,0.001420468218006764,0.008166955086177811,0.01261741539270519
0.004777368634638578,0.0014154328729068895,0.008238423573414658,0.011692188127786324
0.0037986029727331417,0.0004855197644558264,0.007942786559391327,0.014312437146267665
0.003920282607501845,0.0005264480638408508,0.008109331974772984,0.01314752013391289
0.0048927288272587735,0.0014335788212246885,0.00789868959084575,0.012762097850881355
0.004878656032006753,0.001425225340583643,0.008013637726772525,0.011787800159650075
0.0038144882822625306,0.00047919714998484106,0.007912502324050932,0.01429522713173299
0.003858338719675522,0.0005051700171712577,0.008210945070929565,0.013192070640384
0.004794258500481635,0.0014116277814554435,0.008041662873480739,0.012645007891393566
0.0047765168175843975,0.0014206627435564341,0.008097886779037416,0.011689142283596712
0.003770456032587093,0.00048165981713080156,0.007864235962420325,0.014387464227435424
0.0038535081014393923,0.0005179991653911265,0.00808355338025506,0.013228786403786174
0.004792273142515917,0.001430510965787893,0.00790576009059086,0.012705672168498803
0.004786556005774142,0.001417346589223657,0.00802482865833185,0.011759332705452373
0.0037740673930227457,0.0004689460948720626,0.00790716213460654,0.014289698403471194
0.0038572022172184196,0.0005017148663703203,0.008141410658518452,0.01315544435523704
0.004816552067429015,0.0014162150263344099,0.007880835324651222,0.01272167836591949
0.004809385976598123,0.0014206655600259,0.007936165113801462,0.011749090247103442
0.003785120686492774,0.0004724797687680502,0.007800656853167769,0.014352392276860115
0.0038444024444916625,0.000502715135941389,0.008061755422957053,0.013229561189946193
0.0047759276827441495,0.0014156835956541747,0.007880407129950546,0.012656745081090978
0.00475648156193489,0.001409192136881133,0.00798656603619277,0.01170576188575358
0.003745503042576806,0.00046126795314491587,0.007850425969064647,0.014344482769348632
0.003830862334771997,0.000497840659095179,0.008064539319126086,0.013190944338789057
0.00478090372255579,0.0014206899678046604,0.0077913126277308516,0.012725678635850442
0.0047735487533008235,0.0014178369505901973,0.007864408155447814,0.011771887618773479
0.003762478676827658,0.00046204027670026875,0.007786914822338356,0.014306111330756432
0.0038279100480239324,0.0004924049511798357,0.008043271900030804,0.013182624778410146
0.004765959376472396,0.0014101249947170752,0.007797403448894017,0.012694373968285922
0.004750893528639132,0.0014070138039985105,0.007881499008220796,0.011726582184137364
0.003740840494222046,0.0004546363456855921,0.00777765893070891,0.014348771906807542
0.0038156267518968112,0.0004889167058658424,0.008003279950312608,0.013214973798826801
0.004758363478099193,0.001412961668983987,0.007740244582856619,0.012686556510599448
0.00474474747885351,0.0014070530327792443,0.007827080761885286,0.011738237700038243
0.0037360135184758363,0.0004500377054557436,0.007761985415732679,0.014319796867646156
0.003808330259174373,0.00048306481848810824,0.008001186506165228,0.01317967927273398
0.0047483937985682845,0.001407190628583859,0.007711125348399489,0.012718251328460068
0.00473364810050306,0.0014040890322095088,0.007786115033099029,0.011759115256413894
0.0037296159732332222,0.0004471165160653654,0.007729734432565176,0.014316963779330236
0.0037980326131272384,0.0004799652049138636,0.007964943123932446,0.013194075720874512
0.004731993233000527,0.0014055228154301923,0.007680065266765047,0.012697610531898936
0.004715935958334658,0.0013991146360311047,0.007768081224846349,0.01173846796859695
0.0037142158049959227,0.0004400068075583148,0.007723090132128953,0.014330514893972727
0.003787050821144578,0.00047312209869256446,0.007954722021170122,0.013195717108924507
0.004727694119811867,0.0014000086130981847,0.007645926330018447,0.01270694198276694
0.004714406749301943,0.0013951402589475357,0.007720439514909559,0.011756200597850791
0.0037150081624654934,0.00043657490640143894,0.00769053048222167,0.014312162315162132
0.0037838086070285594,0.00046962627537362126,0.007924529033734317,0.013183160649333007
0.004713804153344293,0.0013970385856770964,0.0076103578048470925,0.012719251764579836
0.004693842081589381,0.0013908669757271282,0.00769527327253659,0.01176044594724797
0.003697463862233971,0.0004308430314733972,0.007683122217809398,0.014317831621970551
0.003765908476786973,0.0004637303819653761,0.007914460610266245,0.01319284443666098
0.004697541932982125,0.0013925461248258495,0.007584735679470547,0.012713151561897926
0.004683319622932701,0.001386405077072479,0.0076612958092670425,0.011759670718833017
0.003693810349674661,0.00042602020654072895,0.007656254825492523,0.014317937705814271
0.00376377050796011,0.00045870453177769414,0.007887045227962896,0.013188489026072493
0.004693453903687896,0.0013868385946427578,0.007548410080030663,0.012725725196186994
0.004675345244132425,0.0013799545202830765,0.00762873254288968,0.011771713433450754
0.0036854174381062703,0.00042052793771026086,0.0076418277901652695,0.014310702674700462
0.003752478506841435,0.0004535010216376557,0.007870861461839022,0.013187254171997606
0.004676193018602304,0.0013831367362730118,0.007518060610455503,0.012730498570923992
0.00465703724028527,0.0013764591978108057,0.007597073363411368,0.011775452249504829
0.003673890877048431,0.0004157801546407644,0.007623312258760212,0.014315706395657268
0.0037408200156793035,0.0004481944028042861,0.007853666689313794,0.013191150079316604
0.004663629254656605,0.0013772537055848385,0.007491103898159507,0.012734960857696983
0.004646925738205759,0.0013697966522071192,0.007568147328523933,0.011782213271055915
0.003668735292627077,0.00041033655511726555,0.007604235739130414,0.014311428255532933
0.0037365648254100224,0.00044303751968869905,0.0078299001986094,0.013188114437862188
0.004656103354265363,0.001372417962372413,0.007454384407199727,0.012745218892501723
0.004636042105206691,0.0013647376472738664,0.0075335667826165915,0.011791042930076712
0.003659162763408525,0.00040519585401855614,0.007588085726360383,0.01431156564576544
0.0037238216937562144,0.000437559335930884,0.007816622655401697,0.013190739506084714
0.004638780235252718,0.0013670521221484891,0.007430134136098573,0.012749173158714147
0.004619641412529029,0.001359473542216977,0.007506211562232523,0.011796336345097884
0.003650566403151642,0.0004004074461924152,0.007569113524092747,0.014312509870163585
0.00371656833227905,0.00043280501560936745,0.007793951871712941,0.013191153583109272
0.004629266926469553,0.0013620517334279128,0.007396326394015516,0.012758808075606051
0.004609729420007229,0.0013535228883370459,0.007474228141198039,0.011805862764551398
0.0036433668115183355,0.00039504210154364477,0.0075533842992924986,0.01430952996435918
0.003708001834651728,0.0004273023930901337,0.00777800487981772,0.013190699931546923
0.004617221063388486,0.0013565729772814495,0.007367476343579333,0.012765445333920525
0.004596658583504721,0.0013484337240093059,0.007443225503014132,0.011812375271086382
0.003634915995166188,0.00039041055310823976,0.007534127943628564,0.014311626420225997
0.0036983383990452138,0.00042253371390179575,0.007758673350717361,0.013193405170854763
0.004603378696030615,0.0013515437920200283,0.007339055606094361,0.012772169968455118
0.0045827418216640966,0.0013427320989470352,0.007415493050602453,0.011820031438045386
0.0036265334051559044,0.00038542061710539644,0.007518778514828182,0.014309808059253101
0.0036904250080420854,0.0004175760986894041,0.0077403892827922725,0.013192463364954072
0.004593044361009106,0.0013465409786725243,0.0073072088383315074,0.012781544955808272
0.004571995462461144,0.001337597634656079,0.007382705653468618,0.01182898267096528
0.0036193203617609603,0.00038073240446558044,0.007500357090794595,0.014309375832842749
0.003681441786294613,0.00041263346011906777,0.007722937579912896,0.013193969754177522
0.004580003759417238,0.0013412244738111043,0.007280113991053854,0.012787311359732989
0.0045583355485222365,0.0013321417234164776,0.007355084260171411,0.011835154173614174
0.0036108605097276386,0.00037610347506879303,0.007483521763435242,0.014310006752353277
0.0036729771780161674,0.0004080560535385493,0.007703643418297846,0.01319502065755115
0.004568400993069853,0.0013365572658580232,0.0072493655225691,0.012795718948594065
0.004546418855803325,0.0013270337909961714,0.007324419880304689,0.011844007479058937
0.0036032385929495535,0.00037151395708265165,0.007466907021999208,0.01430816406789967
0.00366448922065133,0.0004033081763373526,0.00768662777159696,0.013194673342589253
0.004556688433726198,0.001331506065117344,0.007220771816364922,0.012803432470824841
0.004534288630892309,0.0013219566013691218,0.007294681456649814,0.011851506231050057
0.003595601432441085,0.0003671448690373819,0.007448944647703325,0.014308445182133178
0.003656014025193987,0.00039885194656267376,0.007667708124202811,0.013196266268156088
0.004544645416311731,0.001326770761287952,0.007192008123515197,0.012810034149269945
0.004521728539413904,0.0013168444271414279,0.007266121993443667,0.011858617405865567
0.003587609402729922,0.0003627331597901115,0.007432713620386543,0.014307696278008866
0.003647667281451179,0.00039439866466024927,0.007649973121943184,0.01319630152439323
0.004533363700701064,0.001322108440815704,0.007162581370272653,0.012818208307362414
0.00451010888174949,0.0013120380120138025,0.007235819880811316,0.011866978300801478
0.0035802612127481697,0.00035855165561724347,0.007415094189154849,0.014306589600711442
0.003639326361623238,0.0003900882659681838,0.007631885580691673,0.013196728025538132
0.004521509402240779,0.0013174562065602204,0.007134366489763519,0.012825187083704576
0.004497722136212994,0.0013071562481600607,0.0072073641063512914,0.011874012212302349
0.003572407040539034,0.0003543939021225092,0.007398339348534094,0.014306327373738218
0.0036310017382980993,0.0003858780362968746,0.007613673176976712,0.013197510972607397
0.004510201770861476,0.001312988274551573,0.00710545864970029,0.012832331784085887
0.00448607981206444,0.0013024421064356632,0.007177995337496031,0.011881603284823008
0.0035650147512607173,0.00035034571696208276,0.0073812730957047035,0.014305182703980877
0.0036228724967341795,0.00038173746115159266,0.00759579371909923,0.013197496484354082
0.00449888063106644,0.0013085221396004392,0.007077047214686546,0.01283980815301731
0.004474228316491535,0.0012978138905939203,0.00714905466910771,0.011889197851133109
0.003557472538780975,0.0003464263830359602,0.0073641964208047035,0.01430432162334871
0.003614604871815186,0.00037774313005884845,0.007577654454074431,0.013197992462117596
0.00448742295187341,0.0013042221037928967,0.007048744079940947,0.012846692168121654
0.004462366976948277,0.001293266513290322,0.007120436672113574,0.0118963471809536
0.0035499565367016705,0.00034255912837070316,0.00734737397454944,0.014303480793270118
0.0036065127057400017,0.00037379383984285713,0.007559741381048937,0.013198221017499989
0.004476418200980011,0.0012999302759207664,0.007020455363928651,0.012853821022994616
0.004450955442194712,0.0012887918415696612,0.007091569323070243,0.011903797088775314
0.003542692963183169,0.00033880847153576184,0.007330245684027285,0.014302309308511322
0.003598495340133208,0.0003699690131704033,0.007541665643893449,0.01319832679517333
0.004465225756512043,0.0012957677449158672,0.006992381112781275,0.01286084725237143
0.004439221142197775,0.0012844270971363815,0.007063161972548156,0.011911030455233073
0.003535207075943587,0.00033514446080083624,0.0073134606946427885,0.014301315607336593
0.003590367543575687,0.0003662283379525503,0.0075237997365026985,0.013198555089269717
0.004454160838566773,0.0012916741029551846,0.006964438368029328,0.012867705081071218
0.004427811889448519,0.0012801302072079673,0.007034692841030115,0.011918215415078193
0.0035279955341028456,0.0003315614447927808,0.007296452154742537,0.014300152911649901
0.003582499438611357,0.000362565517492684,0.0075057853335546865,0.013198583856634768
0.0044433304990928,0.0012876289567930823,0.006936568594679671,0.012874620851651294
0.004416465108204755,0.0012758977209818404,0.007006412947301095,0.011925408400552324
0.0035207288791195314,0.00032806853833120214,0.007279595514190623,0.01429894001572303
0.003574525677715283,0.0003590044505282317,0.007487899347537515,0.013198644477642577
0.0044323606533756684,0.0012837012110953963,0.006908887503110446,0.012881403358307602
0.004405051347232778,0.0012717799554497233,0.006978280044856989,0.011932497539448831
0.0035134928613113777,0.0003246651487167683,0.007262743712403806,0.014297723958149933
0.0035666464324221997,0.0003555216028274182,0.007470023742513386,0.013198637326730859
0.004421615436554181,0.0012798117957923383,0.006881321722372942,0.01288815937514537
0.004393884793270759,0.0012677006387948483,0.00695024103684796,0.01193957438814111
0.003506391384988223,0.0003213356447848143,0.00724586584389429,0.014296388719840606
0.003558867577899449,0.0003521220239157824,0.007452108841935501,0.013198567906126757
0.004410924062460309,0.0012760096057286001,0.006853853735079099,0.012894845961558946
0.0043826896171140365,0.0012637196879625413,0.006922353577081392,0.011946576667205965
0.0034992451311162873,0.0003180958832541047,0.007229084719409245,0.014295062457225774
0.0035510386002683887,0.0003488103002278511,0.0074343205980711745,0.013198489615667339
0.004400229271392405,0.001272280189407559,0.006826584415363941,0.012901465817269708
0.004371571500562444,0.0012598102351216542,0.006894600108660589,0.01195354680267047
0.0034922021227603863,0.0003149354624713817,0.007212269016038423,0.014293642465408466
0.0035433461094998633,0.00034557768085630505,0.00741646001794369,0.013198324022320958
0.004389714942982709,0.001268613061156503,0.006799371472094324,0.012908055257211698
0.004360580763962517,0.0012559647878093599,0.0068669563926511655,0.011960470910336814
0.0034851907681242335,0.0003118510511551116,0.007195518688144515,0.014292183589067115
0.003535649075812959,0.00034242457377980473,0.007398695750647541,0.013198146753877187
0.004379191631874717,0.0012650222040760254,0.0067723453301344605,0.012914543955592609
0.0043495937024542715,0.0012522064348219374,0.006839460465796107,0.011967324713230337
0.003478213292241333,0.00030885163099144027,0.007178770637410955,0.014290692684259799
0.003528009512379282,0.0003393554112526593,0.007380921766836574,0.013197914491690593
0.0043687693694823585,0.0012614985111052313,0.006745424774393922,0.012921009599174364
0.004338715248640119,0.001248509747051054,0.00681208953938303,0.011974160783333566
0.003471299999623576,0.0003059248794026301,0.007162065277653202,0.014289111001164348
0.003520431455301587,0.00033636133562688205,0.007363179994620572,0.013197623941116473
0.004358428867516335,0.0012580442003492052,0.006718622114870319,0.012927403083555163
0.004327898538899349,0.0012448928468060483,0.006784830011881753,0.011980927004275783
0.0034644178070812677,0.0003030781532657722,0.007145376393654303,0.014287517270153769
0.0035128726940652343,0.00033344723690075526,0.007345481791847118,0.01319731646338993
0.004348123897163642,0.0012546579835468804,0.006691982939869088,0.012933722043411467
0.004317132510248018,0.0012413446786933963,0.006757726392321311,0.01198764482036036
0.003457586349260622,0.0003003069338599715,0.007128717064457833,0.01428585081534978
0.0035053844980980193,0.0003306108615999651,0.007327780289266793,0.013196939422848112
0.004337922984368453,0.0012513425353433204,0.00666542723009738,0.012940009818789932
0.004306456196855816,0.0012378696850588464,0.006730719891944669,0.011994329791296223
0.003450797629598334,0.00029761042368026645,0.007112092379805031,0.01428413033251374
0.0034979223959355657,0.00032784948979682036,0.007310139949146738,0.013196528074411587
0.004327762655013114,0.0012480935877177515,0.006639033004524702,0.012946210789848315
0.0042958260375564345,0.0012344682239570205,0.006703855931285261,0.01200094343324174
0.0034440517447971355,0.0002949901762619454,0.007095480481157787,0.01428237670980793
0.003490514014112656,0.0003251657243950135,0.007292499098357707,0.013196077295741713
0.004317682763775912,0.0012449141526795732,0.006612747032304159,0.012952360831850206
0.004285271766570288,0.0012311354212385466,0.006677115541916785,0.012007519968922105
0.003437350148318686,0.0002924420557928072,0.0070789135007468095,0.014280549685074122
0.003483149044880897,0.00032255580562482415,0.0072749013402760975,0.013195567290246676
0.004307668479726407,0.001241803769893113,0.006586583533634729,0.012958454002440323
0.004274779562947035,0.001227878664375093,0.006650486270510242,0.012014044643177037
0.003430690067586268,0.0002899688920353712,0.00706236156841554,0.014278684331733776
0.0034758213796136366,0.0003200211388255849,0.0072573306012911265,0.013195025366707252
0.004297710341480292,0.001238760510647343,0.00656055830051943,0.01296447223921027
0.004264346252249162,0.001224690407163817,0.006623997605188088,0.01202050998523984
0.0034240733071684523,0.00028756716170770817,0.007045844256569735,0.014276763909571244
0.0034685461160914033,0.00031755992989968647,0.007239778344891772,0.013194431504998657
0.0042878312999828985,0.0012357868957443639,0.006534637183305336,0.012970438868915071
0.004253984724336658,0.0012215754655169133,0.00659761545298369,0.012026933040513279
0.0034174979355886884,0.000285237582537138,0.007029356775128648,0.014274786338772097
0.0034613052849883363,0.00031517176871124033,0.007222269046621939,0.013193791594105827
0.004278003274081039,0.0012328811119403141,0.006508852608279792,0.012976337201465104
0.004243676327101395,0.0012185327745267301,0.006571362463092962,0.012033297940298634
0.0034109639491103527,0.00028297969259646606,0.0070128931424909636,0.014272763465085755
0.003454111824345758,0.0003128564903590814,0.007204776046865506,0.01319311048769782
0.004268247097767403,0.0012300437644168396,0.006483181269547181,0.012982171701115031
0.004233436416301694,0.0012155600965881026,0.006545229163311675,0.012039611303337696
0.003404471727203822,0.00028079137152861426,0.006996465812230861,0.014270682561103198
0.0034469597185494438,0.0003106123770118588,0.007187319848164366,0.013192378967560795
0.004258552703421851,0.0012272749299425418,0.0064576303827193916,0.012987945079488361
0.004223255552544127,0.0012126609452690672,0.006519210514227896,0.012045873451850453
0.0033980196965564535,0.00027867382711741406,0.006980062940384798,0.014268551800843793
0.0034398472015891696,0.00030844007716735713,0.007169891682220092,0.013191604570593016
0.004248916940980149,0.0012245743875569,0.006432202727064375,0.01299365168531989
0.004213133349505006,0.0012098322366538529,0.006493317003433197,0.01205207988601115
0.003391608218405126,0.00027662493069962165,0.006963693817761541,0.014266367825426337
0.003432779499628593,0.00030633790004399913,0.007152491161383088,0.01319078317942425
0.004239349518537962,0.0012219421923524458,0.0064068874331531895,0.012999295263404315
0.004203075747593487,0.001207075485569648,0.006467535561741768,0.01205823406138441
0.0033852371328284537,0.00027464468208392433,0.006947354643311879,0.01426413065175117
0.0034257500600525202,0.0003043057152570116,0.007135125591098995,0.013189915737508657
0.004229838003236734,0.0012193783026355387,0.00638169488804625,0.013004873207687456
0.00419307316622376,0.0012043905858209383,0.006441874662926204,0.012064333405900605
0.0033789051426412167,0.0002727326115982397,0.006931045910851882,0.014261841742065457
0.003418763079404147,0.0003023430382770717,0.007117786706398998,0.013189002765681851
0.004220390625446221,0.0012168828978615502,0.006356615514043297,0.01301038656396257
0.004183132573605309,0.0012017767153366925,0.006416329042699708,0.012070378644358407
0.00337261290981955,0.00027088746702453036,0.006914770980977523,0.014259498853260352
0.0034118162252150894,0.00030044871844433607,0.007100482389420064,0.013188042933301846
0.004211003202769555,0.001214455605611981,0.0063316532343813715,0.013015834027481321
0.004173249755586475,0.0011992348337609804,0.006390898113707619,0.012076368723153232
0.0033663595539969097,0.0002691093192716657,0.006898526141813702,0.014257104491749564
0.0034049090948329017,0.00029862278368493386,0.007083208591625078,0.013187037765185225
0.0042016743918340356,0.001212096793543128,0.006306806699726205,0.013021215751281078
0.0041634240082217885,0.0011967641165548566,0.006365584088828308,0.012082303772306253
0.0033601446122954893,0.0002673970785736103,0.006882315907947122,0.014254656278803202
0.003398042710714634,0.0002968641949625552,0.007065967140838379,0.013185985505911182
0.004192407080822144,0.0012098062682278296,0.0062820727109973145,0.013026531921248063
0.0041536574678886495,0.001194365012357966,0.0063403821024115665,0.012088183495151127
0.0033539682658057465,0.0002657503465247349,0.006866138113448161,0.014252155734731542
0.0033912150372055346,0.00029517254013125457,0.007048759818373045,0.013184887518839481
0.0041831968721787694,0.0012075839537073038,0.0062574544615852275,0.01303178087641638
0.0041439463877825594,0.0011920373002578173,0.006315295380467226,0.012094006779916382
0.0033478296595810465,0.00026416855818978786,0.006849994151960962,0.014249602566973774
0.003384427362671189,0.0002935473031422753,0.00703158434996379,0.01318374304023738
0.0041740463822585614,0.0012054300831229603,0.006232947495743827,0.013036963921329275
0.004134292847730516,0.0011897809167120644,0.00629032082447538,0.012099774462628873
0.003341728718018685,0.0002626509871669901,0.006833885351157025,0.014246995882382648
0.0033776782942928235,0.0002919877521632331,0.007014444359651628,0.013182551832119421
0.004164953439319126,0.0012033444147424252,0.0062085536059545785,0.013042079668363956
0.0041246950653742705,0.0011875960426075867,0.006265458493519094,0.012105485156989755
0.0033356651697748524,0.00026119724352843994,0.006817810538954038,0.014244337118890832
0.003370968041180074,0.0002904935036485537,0.0069973380381453485,0.013181314686478823
0.0041559179594995435,0.0012013270628784942,0.006184271389992439,0.013047127990545434
0.004115152774474767,0.0011854823454322879,0.0062407086380305435,0.012111138926296953
0.003329638497011452,0.00025980660620240757,0.0068017720991426,0.014241624985715465
0.003364296433373841,0.0002890638876433422,0.006980267006374706,0.013180030548537164
0.004146940133801071,0.0011993780511067981,0.006160099514447933,0.013052109145506452
0.0041056660740925515,0.0011834401064776214,0.006216069074384205,0.012116735655409048
0.003323648564392508,0.00025847863430774774,0.0067857693794972146,0.014238860131710055
0.0033576626556911116,0.0002876984320926368,0.006963232067801398,0.013178700066595264
0.004138018375865071,0.0011974972752511889,0.006136038836168447,0.013057022010614077
0.004096233703811574,0.0011814690940628576,0.006191540848687439,0.0121222743787047
0.0033176950268160228,0.00025721273626557665,0.006769803344548364,0.014236042576062155
0.0033510671766275087,0.000286396587599569,0.0069462327107280095,0.013177322993720177
0.004129153503618863,0.0011956848322395967,0.006112087273661205,0.013061866872270646
0.004086856045520429,0.0011795693367936755,0.0061671224207142696,0.012127755287949567
0.003311777513034117,0.0002560083700276977,0.006753874947515776,0.014233171889759963
0.0033445090888894594,0.00028515782494687857,0.006929270859948626,0.013175899079624756
0.004120344161965719,0.001193940680569826,0.006088245265792483,0.013066643214210133
0.0040775321166552836,0.0011777409005619042,0.006142813549705126,0.012133177745957603
0.003305895859168862,0.00025486506501350744,0.0067379840643298945,0.014230248569907825
0.003337988532298098,0.00028398166201837327,0.006912346061895485,0.013174428631857665
0.004111590433477177,0.0011922648036294514,0.006064511907903041,0.013071350609497549
0.004068261806893902,0.0011759835952836553,0.006118614066971987,0.012138541353967624
0.003300049695309258,0.00025378223811469065,0.006722132035831486,0.014227272275884398
0.0033315051961859033,0.0002828675595260943,0.006895459430098618,0.013172911316322932
0.004102891940638346,0.001190657246843801,0.006040886490891595,0.013075988951102494
0.004059044721858047,0.001174297560133458,0.006094522925121235,0.01214384590951444
0.003294238771835088,0.0002527594458694133,0.006706319015901074,0.014224243157368217
0.003325058666730657,0.0002818150612247478,0.006878611619740176,0.013171347221786183
0.004094247969621099,0.0011891179673505197,0.006017368973402187,0.013080557752390597
0.004049880315678025,0.0011726826690435495,0.006070540218229598,0.012149090872328737
0.0032884628711035767,0.0002517961594457203,0.006690545767661852,0.014221161215173075
0.003318649021963221,0.0002808236581547892,0.0068618028632319965,0.013169736298353635
0.004085658630376199,0.0011876469880939223,0.005993958364106117,0.013085056755975313
0.004040768474599366,0.0011711389239384082,0.006046665186864407,0.012154275938203202
0.003282721658802088,0.000250891899214843,0.00667481306490386,0.014218026405630533
0.0033122757502456663,0.00027989288601194557,0.006845034300813905,0.01316807845614446
0.004077123158756242,0.0011862443061121878,0.005970654569373435,0.013089485620959952
0.004031708631456997,0.0011696663342295952,0.006022897509157621,0.01215940071684257
0.003277014971451959,0.0002500462053637824,0.006659121273650063,0.014214838805047897
0.003305938846736164,0.00027902228295634116,0.006828306147072712,0.013166373699069533
0.0040686414654853,0.0011849099091613357,0.0059474569598295555,0.013093844018347359
0.00402270057848982,0.001168264814326878,0.005999236886499185,0.012164464802992722
0.0032713425141188807,0.00024925858846681524,0.006643471325320758,0.014211598358756055
0.0032996380283395756,0.0002782113818321028,0.006811619290368803,0.01316462195859237
0.004060213148535171,0.001183643813504711,0.005924365107539653,0.013098131603165846
0.0040137439507166184,0.001166934399529574,0.0059756827702279695,0.012169467814588249
0.003265704082163355,0.0002485286129001671,0.006627863674881209,0.01420830514688648
0.003293373083450684,0.00027745974660329316,0.006794974340956428,0.01316282321303149
0.004051837827600006,0.0011824459980026773,0.005901378721636037,0.013102348046086282
0.004004838404486123,0.0011656750207927054,0.005952234980562186,0.012174409361864955
0.0032600994697834923,0.00024785581856504697,0.0066122990577239605,0.014204959129142372
0.0032871439156799947,0.0002767669311141154,0.006778371852445426,0.013160977405672245
0.004043515316716988,0.0011813164761393085,0.005878497243960143,0.013106493019936074
0.003995983681911113,0.0011644866728465555,0.005928893061297473,0.012179289048140588
0.0032545284281643248,0.0002472397728111504,0.006596778170668097,0.014201560353166354
0.0032809502431542874,0.0002761325094028659,0.006761812668064108,0.013159084513906872
0.004035245187514362,0.0011802552334172064,0.005855720451600387,0.013110566154191294
0.003987179446779771,0.0011633693262474833,0.005905656738618571,0.012184106464666337
0.0032489908092303717,0.0002466800474321787,0.006581301576193816,0.01419810883964621
0.003274791997819919,0.00027555605961252557,0.006745297281475286,0.013157144493092413
0.004027027245661059,0.001179262266475345,0.005833047898207687,0.013114567138097891
0.003978425433000411,0.0011623229400520197,0.00588252573183599,0.012188861228627173
0.0032434863748110783,0.00024617622007087723,0.006565870067088269,0.014194604580371722
0.0032686689616565376,0.0002750371701435479,0.006728826488796091,0.013155157301222178
0.004018861157567977,0.0011783375758526692,0.005810479268961615,0.013118495610000919
0.003969721360787868,0.0011613475034637753,0.005859499694758831,0.012193552924245479
0.003238014974139013,0.0002457278843629254,0.006550484219680523,0.014191047632540718
0.003262581010630445,0.0002745754370440012,0.00671240092359879,0.013153122914377124
0.004010746664281125,0.0011774811404594435,0.00578801427915648,0.013122351220838172
0.003961066963752871,0.0011604429646887636,0.0058365784293242335,0.012198181147633592
0.003232576429154574,0.00024533463514385043,0.006535144756404584,0.014187437992518726
0.0032565280201419682,0.0002741704658443001,0.006696021246011715,0.01315104128603772
0.004002683516887421,0.0011766929643662856,0.005765652566570202,0.01312613363914866
0.003952461983288839,0.001159609305568772,0.005813761632227304,0.012202745502322582
0.0032271705633211065,0.0002449960832682665,0.006519852361016485,0.01418377569279414
0.003250509828954294,0.00027382187040245534,0.0066796882049824785,0.013148912384339049
0.003994671435567235,0.0011759730259733334,0.005743393904133804,0.013129842500968564
0.00394390618228315,0.0011588464831348614,0.005791049087598723,0.012207245568318214
0.003221797251133358,0.00024471184264364583,0.0065046076725410965,0.014180060764576518
0.0032445263561762527,0.0002735292712980326,0.006663402420462979,0.013146736179642992
0.0039867102015779836,0.0011753213146690105,0.005721237990229866,0.01313347746372088
0.0039353993127532886,0.001158154459455697,0.005768440586414962,0.012211680942647551
0.0032164563219913996,0.0002444815393534064,0.006489411425010517,0.014176293223656256
0.003238577462378858,0.00027329230033939865,0.00664716463542094,0.013144512631245752
0.003978799559812954,0.0011747378169600683,0.005699184580115204,0.013137038180686247
0.003926941157838078,0.001157533200158744,0.00574593589584097,0.01221605121707115
0.0032111476625625393,0.000244304806576414,0.006474264258961916,0.014172473105921023
0.0032326630623889263,0.00027311059372400563,0.006630975523600344,0.01314224171048697
0.003970939291968086,0.0011742225076851174,0.005677233452724222,0.01314052429473619
0.003918531495968939,0.0011569826551517798,0.005723534856714525,0.012220355973654628
0.0032058711410996817,0.00024418128526661035,0.006459166878907535,0.01416860043945414
0.0032267830630763896,0.00027298379851003844,0.00661483577616075,0.013139923386880404
0.003963129176847158,0.0011737753716308098,0.0056553843677039,0.01314393546116118
0.003910170116841198,0.0011565027849431112,0.005701237274869273,0.012224594807281657
0.003200626640693172,0.00024411062603963524,0.006444119969619415,0.014164675252550236
0.003220937374784074,0.00027291156768980643,0.006598746112115483,0.013137557624009219
0.003955369001571097,0.001173396379222026,0.005633637138841031,0.013147271329772277
0.003901856829011389,0.0011560935375102771,0.005679042995104645,0.012228767303874918
0.003195414065451537,0.00024409248568201962,0.006429124200835461,0.0141606975813575
0.0032151259337456083,0.00027289356219173996,0.006582707209163222,0.013135144397526463
0.0039476585650629935,0.0011730855041876785,0.005611991569168638,0.013150531548642038
0.003893591432929788,0.0011557548612844482,0.005656951878086064,0.012232873049989204
0.0031902333094983477,0.00024412653015437157,0.006414180274805845,0.014156667458727498
0.0032093486672119267,0.00027292945072824335,0.006566719783625581,0.01313268367525717
0.003939997671898856,0.0011728427147554268,0.005590447484183129,0.013153715773389746
0.003885373756702151,0.0011554867013947024,0.00563496377947575,0.012236911638045831
0.003185084294463292,0.0002442124320144261,0.006399288860850341,0.014152584919832501
0.0032036055233599196,0.0002730189082286419,0.006550784532023447,0.013130175429026825
0.003932386133716436,0.0011726679736860416,0.005569004729965391,0.013156823655313349
0.003877203621824051,0.0011552889966559528,0.005613078590661594,0.01224088265449481
0.003179966938870882,0.0002443498717480101,0.006384450648162434,0.014148450004627458
0.0031978964538293803,0.0002731616175124834,0.006534902154161645,0.01312761963465817
0.003924823772083866,0.0011725612425292765,0.005547663154197552,0.013159854849293107
0.0038690808673001475,0.0011551616839514634,0.005591296199535056,0.012244785690924733
0.0031748811750511308,0.000244538536575984,0.006369666318449798,0.014144262750944233
0.0031922214186181365,0.00027335726719908676,0.006519073358644669,0.013125016263825503
0.003917310414704886,0.001172522475387918,0.005526422629217891,0.013162809013478905
0.0038610053388340513,0.001155104694254135,0.0055696165128709865,0.012248620339647095
0.003169826944926109,0.00024477812090047997,0.006354936547327607,0.014140023201599124
0.003186580388240384,0.00027360555312063947,0.006503298841960976,0.013122365294658211
0.003909845895335118,0.0011725516237132488,0.005505283034463876,0.013165685805864321
0.003852976886585537,0.0011551179541101388,0.005548039451651204,0.012252386193066277
0.0031648041953911007,0.0002450683256466958,0.006340262017855577,0.014135731400243979
0.003180973339421899,0.00027390617680788146,0.0064875793091090945,0.013119666703952707
0.003902430058958534,0.001172648632700537,0.005484244262514726,0.013168484889013824
0.003844995375857727,0.0011552013849811453,0.005526564942008648,0.012256082847545995
0.0031598128858003633,0.0002454088581511442,0.0063256434024791235,0.014131387392719654
0.003175400257324036,0.00027425884610091263,0.006471915460811522,0.013116920470881333
0.0038950627522017817,0.001172813442548586,0.005463306221521392,0.013171205927761012
0.0038370606728001804,0.001155354902817705,0.005505192928060849,0.012259709900592105
0.0031548529809571554,0.00024579943212197063,0.006311081375884984,0.014126991227854425
0.0031698611356500567,0.0002746632745181186,0.006456307995238992,0.013114126577008747
0.0038877438336138194,0.0011730459878381968,0.00544246882700457,0.013173848590363413
0.0038291726570010166,0.0011555784176468084,0.005483923360389989,0.012263266952776566
0.003149924454975327,0.0002462397669071829,0.006296576609453853,0.014122542956091342
0.0031643559743558818,0.0002751191809632894,0.006440757613081203,0.01311128500484983
0.003880473165262865,0.0011733461968850654,0.005421732009467043,0.013176412548934379
0.003821331212912667,0.0011558718338021703,0.005462756201280729,0.012266753607733199
0.003145027289811393,0.00024672958781918005,0.006282129769322204,0.01411804263139678
0.0031588847817077066,0.00027562628978693014,0.006425265009365515,0.013108395739855177
0.0038732506168525885,0.0011737139919143467,0.005401095708785848,0.013178897479735057
0.0038135362332099095,0.0011562350487625897,0.005441691424031555,0.012270169472457914
0.003140161474570385,0.00024726862532868936,0.006267741521183111,0.01411349030951985
0.0031523614845058155,0.0002760892085956143,0.006407623250060619,0.013100945078455422
0.003865940006014749,0.0011742495441609125,0.005380363202202571,0.013180132307543582
0.0038055812537001288,0.0011567857207499508,0.00542062582131776,0.012271897283101412
0.0031351464719485897,0.00024784115837959086,0.006253335175920732,0.014110720501770308
0.003145531654556933,0.00027652636276558605,0.006390433428570208,0.01309415874947723
0.00385876870723785,0.0011745812134528028,0.005360517489084069,0.01318056089628856
0.0037981396680554,0.0011571687133080885,0.005399981916835128,0.012273596919825422
0.003130616475418985,0.00024841235364702447,0.006238570793466496,0.014107134910111943
0.0031392821126205437,0.0002770413124232176,0.006372337549891998,0.013086386059115867
0.003851633087533519,0.0011752188432425413,0.00533984679931932,0.013182339765672712
0.0037900486158930218,0.0011578322722655319,0.005379159771460506,0.012276220414524062
0.0031255686918427103,0.00024912879894889824,0.006224618535857337,0.014103191285649307
0.0031325088743088224,0.0002776391618792743,0.006355214240238764,0.013078732995394374
0.0038444595530734735,0.0011758129938414623,0.005319670587744759,0.013183255524475284
0.003782700222455958,0.0011584436036431458,0.0053582576769969845,0.012277893431675685
0.003121134660128661,0.00024977501239444586,0.006209917980399087,0.014100014224123231
0.0031262367012794647,0.0002781800706464267,0.0063376677835787106,0.01307145940801217
0.003837511484422379,0.0011763537759184317,0.005299807863784133,0.01318399207505323
0.0037749931454562676,0.0011590594385449025,0.005337967632342429,0.012279744188582267
0.0031164042676622566,0.0002505342429205062,0.006195772202759179,0.01409628711913614
0.0031198267873124292,0.0002788712434847344,0.006320108129871908,0.013063697419997897
0.003830393414208377,0.0011771806322216434,0.005279447677885242,0.013185354339944888
0.003767320939422092,0.0011598899010891951,0.005317243914594524,0.012281955204837876
0.0031117398884283366,0.0002513313151480728,0.006181687307504266,0.014092456266499496
0.0031133850349561094,0.0002795446939908619,0.006303069231778186,0.013055951449940428
0.0038235178205251953,0.0011778737325576956,0.005259714956583206,0.013186053219115701
0.003760000570901688,0.0011606559909379363,0.005296857531014233,0.012283509658830445
0.0031072775680661205,0.0002521415829439721,0.006167318851300554,0.014089069958946876
0.0031071111104656796,0.0002802778927880619,0.006285663896488391,0.013048510873998687
0.0038164779476296054,0.001178722200310295,0.005239963221528338,0.013186762957267756
0.003752291284619688,0.0011615422514580783,0.005276756363095119,0.012285284711216458
0.0031026160312176213,0.0002530358188566868,0.006153441774842044,0.014085199673383791
0.0031008002787193665,0.00028107486028695504,0.006268494506237012,0.013040582133841017
0.003809689775996904,0.0011796579898132866,0.0052200707792173905,0.013187730171667068
0.0037449623470903544,0.001162520834915619,0.005256380656653445,0.012287107657066806
0.003098109355705143,0.00025395864055403,0.0061394134133290635,0.01408141624478514
0.0030944551955003727,0.0002819028138757257,0.006251560435667911,0.013032850392842063
0.003802726548362341,0.0011805947814781028,0.0052006475692075345,0.013188146503429653
0.00373750648421666,0.0011635264431703164,0.005236422908963929,0.01228852864136484
0.0030936421540766128,0.0002549246824453778,0.006125395260957055,0.014077764977901317
0.0030882933365851597,0.00028277808167406077,0.006234385593017427,0.013025109989468101
0.0037945084821989594,0.001181178137237477,0.005179067078601013,0.013183629275345683
0.0037302640621205544,0.0011644826626791688,0.005216700992125052,0.012291409784686068
0.003089252199461457,0.0002559397427674263,0.00611214203778488,0.014071408775052224
0.0030823604457022036,0.0002837513779394114,0.006217239295185146,0.01301478688994676
0.003786479128230449,0.001182117809674398,0.005156457771412147,0.01318106569662578
0.003722835931089217,0.0011658962354741055,0.005195954268992517,0.012295086616318344
0.0030845761761526826,0.00025711133367369314,0.0060987900371856415,0.014065678699778445
0.0030757438848914923,0.0002847990246222829,0.00620116005787686,0.013005843771962507
0.003778028644710595,0.0011828488041537915,0.005135509510373323,0.013176254412974051
0.0037158943966404453,0.001167038074385856,0.005176287763463797,0.012296723101199506
0.0030805242749664765,0.0002581527847302262,0.006084855840342266,0.014060957971525461
0.0030700604768780864,0.0002857634034233124,0.006183900222706262,0.012997065499072216
0.0037703127763907885,0.0011836871177268874,0.005113979346858711,0.01317209438446094
0.0037085453928629494,0.001168344834392976,0.005156732551480076,0.012299521176477741
0.003075830907577986,0.00025940526517272806,0.006071984299644154,0.014054784000889591
0.00306371017496538,0.00028696840222641344,0.006167430435544424,0.012987231234613686
0.003762053188279362,0.0011848666642481605,0.005092278147001054,0.01316870190066117
0.003701406074013501,0.0011699197851944927,0.005136504158351442,0.012302263590213375
0.0030712839166266597,0.00026062242475134376,0.006057983231180604,0.014048090382682527
0.0030576173507821263,0.0002880764687141999,0.006151053941497983,0.012978464228107741
0.0037542381817399634,0.0011857565551587099,0.005071640550509352,0.013163449112958015
0.0036945242919400427,0.0011712518735773453,0.0051173474854887685,0.012303496375681454
0.0030658947674467064,0.0002617594252533168,0.006042382334411393,0.014037954063912306
0.0030517133578347832,0.0002892816151722505,0.006133879189769976,0.012970936077246554
0.003746211385546883,0.0011870524196428657,0.005050663464515581,0.013157808482733027
0.0036870141164975245,0.0011728461754742362,0.005098207037654559,0.012304140632534634
0.003060169670004919,0.00026298017684931634,0.006027487176825876,0.014027893259387742
0.0030456362739429564,0.000290490804777221,0.006117610673213274,0.012962821958080462
0.0037387126198862104,0.0011881773818423827,0.005029872076275866,0.013152424384302985
0.0036804998227897693,0.0011743774961607686,0.005078667081073364,0.012305345443947988
0.0030550000429196596,0.0002641985829483536,0.006011883834561138,0.014017298105559873
0.0030397841138940034,0.000291777661773731,0.006100909991945602,0.012954539419512537
0.003730663139604108,0.0011895085949677358,0.0050092612849945255,0.013147225202292206
0.0036730609797322963,0.0011760744390746977,0.005059658456543907,0.012306316031234344
0.0030495129287331176,0.00026551140437656957,0.005996833213091667,0.014007094719328228
0.0030339655103966065,0.00029307980084534795,0.00608437439877513,0.012946597427171736
0.00372329903726044,0.0011907807553440375,0.004988638693480223,0.013141622677787044
0.003666516608436542,0.0011776848929642644,0.005040501933890192,0.012307024443470666
0.003044327025693653,0.0002667897606071873,0.005981674201518105,0.013996747049267535
0.0030281812770522726,0.0002944138384838242,0.006068038102389509,0.01293839866677679
0.003715564747848574,0.0011921688485751806,0.004968266249246013,0.013136272880018004
0.0036594318779764284,0.001179486565278215,0.0050214859351647295,0.012307945459664965
0.003039039835443421,0.00026818176270549613,0.005966542376707404,0.01398634064272504
0.003022434263171553,0.00029582483796203893,0.00605158813527909,0.012930201104610958
0.003708044710928393,0.0011936150971454237,0.0049479232884400304,0.013130884802699055
0.003652674827210715,0.0011812633275932523,0.0050026358760365385,0.012308693069220989
0.0030338465575358883,0.0002695570072631515,0.00595161794893195,0.013975912530004058
0.0030167571340052567,0.00029723089113603725,0.0060353593406164445,0.01292204235691865
0.003700628051570789,0.0011951017262090862,0.004927776444949884,0.013125275415495182
0.003645881828358234,0.0011831495655933943,0.004983829746085123,0.012309240629295686
0.0030286404926457163,0.0002710072138560507,0.005936670329705837,0.013965621540211599
0.0030110195088188393,0.0002987191328731112,0.006019202156058201,0.012913870220136056
0.0036930886964509422,0.0011966787558738458,0.0049078095150991005,0.013119775896243335
0.0036390881306656345,0.001185084923610493,0.004965211568859766,0.012309884137160627
0.0030235085916002365,0.00027248030256489997,0.005921821849032337,0.013955081117787543
0.003005441467756159,0.00030022132308108596,0.006003017803116718,0.012905566448584555
0.003685800156985512,0.0011983097186162692,0.004887865586412219,0.01311422006213099
0.003632375523909267,0.0011870916265042221,0.004946652135461584,0.012310353126012601
0.0030183371793352505,0.0002740070088055861,0.005907127083350388,0.01394468694399982
0.002999758326583894,0.0003017850250372737,0.005987097434224811,0.012897372445520408
0.0036784086030590755,0.0012000056593464788,0.004868188072820493,0.013108533036182196
0.003625709903178304,0.0011891573332430804,0.00492821059180697,0.012310699771832738
0.0030132970924571594,0.00027555941615017994,0.005892373597302772,0.013934241436834813
0.00299424402745352,0.00030337146477065906,0.005971092581831216,0.012889063653166504
0.0036711855045177145,0.001201750226485002,0.0048485711968235925,0.013102908704607874
0.0036190546208329194,0.0011912763730427107,0.004909917514107987,0.012311071427992848
0.0030082152237740204,0.0002771667967660184,0.005877826988398069,0.01392368160962185
0.0029886951471687472,0.0003050185810319631,0.005955243754343224,0.012880726742039165
0.003663962523347322,0.0012035869195730388,0.0048290614490925626,0.013097249948153788
0.0036124696726427337,0.0011934767064941496,0.004891643091214858,0.012311290595860157
0.0030032195016990136,0.0002788047644957173,0.005863286011287909,0.01391319960655939
0.002983214480955726,0.0003066886838376107,0.005939506772675129,0.012872397003659414
0.003656844588355574,0.0012054371208794889,0.004809772380754748,0.013091471405571195
0.003605960145266679,0.001195705207335675,0.004873552514880517,0.012311418110774599
0.002998273062604535,0.00028048235929846915,0.005848810775406353,0.013902646040223671
0.0029777966305542226,0.00030841133156807635,0.005923756534025299,0.012864006203789007
0.0036497452390123896,0.00120739155083914,0.004790526167383413,0.013085779102044146
0.0035994124075802744,0.0011980242618790157,0.00485553209786601,0.012311531941717866
0.0029933218684070726,0.0002822079292663779,0.005834481421264967,0.013892030478656368
0.002972391137642621,0.000310170431939546,0.0059081801372365215,0.012855570397909657
0.0036427618944503064,0.0012093787007813371,0.004771450790444671,0.013079978892561198
0.003593020484806095,0.0012003825226057792,0.004837600767866136,0.012311490655939054
0.002988458480176119,0.00028396141618811603,0.005820160883638171,0.013881455054908166
0.0029670395767809137,0.00031196808107394793,0.005892658157479093,0.012847145495945492
0.003635777189464588,0.0012114329699135463,0.004752539670791658,0.013074144903717357
0.003586576942599579,0.001202809364253899,0.004819827360166972,0.012311387988904432
0.0029836026946492094,0.0002857624694686468,0.00580595391490593,0.013870811389110626
0.002961738461595046,0.00031380868048443546,0.005877190796141581,0.012838650927703912
0.0036289040475025094,0.001213552285215702,0.004733706441722441,0.013068323429319129
0.0035802299063576043,0.001205293292661218,0.004802125476901073,0.01231122549999126
0.0029787842982315882,0.00028759827305424444,0.0057918461206554975,0.013860128635069057
0.0029564533322277917,0.0003156868473110685,0.005861870646421947,0.012830134897148076
0.003622059924614975,0.0012157248261687173,0.004715053051808047,0.013062420655115157
0.0035739157199400537,0.00120783825995278,0.004784537236866825,0.01231093111857475
0.002974017987846514,0.0002894719410243392,0.005777778008320006,0.013849473669822431
0.0029512249818911505,0.0003176032687511174,0.005846598009177121,0.012821609638175562
0.003615278789975848,0.0012179535725629904,0.004696534008174539,0.013056496168291538
0.0035676350768160635,0.0012104337345308172,0.00476708671383806,0.012310583460334276
0.002969277686066737,0.0002913832014602469,0.005763826065799803,0.01383873743775725
0.002946039863766602,0.00031955871090355657,0.005831410068407668,0.012813021665674645
0.0036085691728777376,0.0012202483489090466,0.004678116026921769,0.013050566350275555
0.003561402792024568,0.0012130956285879267,0.004749708965920129,0.01231015365856478
0.002964571374731022,0.00029333318256628566,0.0057499550457737305,0.013828002179311552
0.0029408767580465325,0.0003215520966147507,0.0058163484041158335,0.012804425364178798
0.003601903397585748,0.0012225894080819095,0.0046598720858672844,0.013044566546355319
0.00355522758286155,0.0012158045243740802,0.004732458236764825,0.012309615996741203
0.0029599227516777554,0.0002953151759342715,0.00573614121458093,0.01381725117251289
0.0029357790196174443,0.0003235802055386752,0.005801333077718974,0.01279579766501443
0.0035953029128130685,0.0012249905527763139,0.00464174189986368,0.013038560982798719
0.0035490698985030512,0.0012185721908521928,0.0047153223656807445,0.012309022757968687
0.0029552914681487373,0.00029733782438742454,0.005722443539787338,0.013806448683731824
0.0029307086208183552,0.00032564830620293616,0.005786426153240999,0.012787127722226099
0.0035887643059421413,0.0012274492320987296,0.0046237357270292045,0.013032529127794748
0.0035429799298261756,0.001221395369639208,0.004698271727188725,0.012308337431223842
0.002950711765816788,0.0002993927245594522,0.005708812016870076,0.013795641693192603
0.0029256809113239438,0.0003277496107953644,0.005771618594264222,0.012778441515822267
0.003582277001956314,0.0012299551697547882,0.004605886730769206,0.013026445155712307
0.00353692439428757,0.001224268604763296,0.004681348943048065,0.01230756069824102
0.002946171347554495,0.00030148333298476835,0.0056952603767531,0.013784811278532778
0.0029207025840075544,0.00032988827823757824,0.0057568757472431726,0.012769723361468283
0.00357584995993494,0.0012325214572368919,0.004588149632072308,0.013020354690672179
0.0035309049070166468,0.0012271981415830858,0.004664529042885554,0.012306720627480588
0.002941660880604196,0.0003036097589502128,0.005681811136240469,0.013773939714156806
0.002915758559146117,0.00033206209132959937,0.005742242634223994,0.012760968285910843
0.003569486436377268,0.0012351384184829805,0.004570547982119052,0.013014225478692604
0.003524944186027119,0.001230179771249154,0.004647807727952925,0.012305785081116
0.0029371968643681153,0.0003057690982793692,0.005668431655347203,0.013763064419197737
0.0029108559372279853,0.0003342706475971851,0.00572769884250571,0.012752197121009534
0.003563169243668054,0.001237806918510495,0.00455308961258676,0.013008059841932406
0.0035190149361452954,0.0012332123053634082,0.004631207771932273,0.01230476884178423
0.002932769983961582,0.00030796272997613553,0.005655139912361209,0.013752156848916336
0.002906001385068833,0.00033651375265081427,0.005713232133014035,0.012743389162004482
0.0035569199154509104,0.001240530134563976,0.004535746939108554,0.01300187843920651
0.0035131314595724552,0.0012362978299219455,0.004614708375100245,0.01230368005086012
0.002928376414331606,0.00031019068583698595,0.00564194323162991,0.01374122124852879
0.0029011797903719743,0.0003387917543257294,0.005698872948136069,0.012734553507236887
0.0035507230145164765,0.0012433038379949003,0.004518542286547059,0.012995658618227
0.0035072969966474395,0.0012394341326043305,0.004598313154000264,0.012302499104318765
0.0029240282124159468,0.00031245055512894507,0.005628819738768635,0.013730275108599125
0.0028964042118147936,0.00034110255507656514,0.005684598168139,0.012725695118573854
0.003544582620150612,0.0012461270032027765,0.0045014714828014914,0.012989408594076688
0.0035014998534401,0.0012426192563060458,0.0045820342622168945,0.01230124166804986
0.0029197152128797818,0.0003147438557043387,0.00561578835794088,0.013719296519313242
0.002891671189209167,0.0003434475159571353,0.005670409854235404,0.012716802927674293
0.0035385025728408553,0.001249003400291641,0.004484519852743618,0.012983138606254236
0.0034957477012000342,0.001245856021287999,0.0045658544098468624,0.012299906440388446
0.0029154391912708847,0.0003170697296824516,0.005602845876239583,0.013708296786475999
0.002886975298632287,0.0003458252036385765,0.005656324440184845,0.01270788515765967
0.0035324784073666716,0.001251926797682776,0.0044677053787201566,0.01297683062437037
0.0034900442901299126,0.0012491400753590412,0.004549782784325213,0.012298483129656082
0.0029112064004174465,0.00031942660403402455,0.0055899816810708,0.013697280753534524
0.0028823245746150087,0.0003482351732397925,0.00564232302367801,0.012698942145197725
0.0035265091051884874,0.0012549000132952908,0.00445101812637841,0.012970497976169565
0.0034843771932052472,0.001252472787805591,0.004533821641901824,0.012296984915219099
0.0029070084226774907,0.00032181583921196775,0.005577210053974321,0.01368623543902294
0.0028777148677029438,0.0003506775819388891,0.005628413915864239,0.012689967592031082
0.0035206010094945162,0.0012579221833738875,0.004434453847350258,0.012964139812603248
0.0034787592294473007,0.001255853328927112,0.004517961478622189,0.012295405777717731
0.0029028496713688714,0.00032423577331981116,0.005564524469843636,0.013675171588272425
0.0028731441015046842,0.0003531514434159666,0.005614603341506076,0.0126809688889238
0.0035147461750382153,0.0012609906478463274,0.004418023163246813,0.01295774783952917
0.0034731844868509335,0.0012592800858054456,0.0045022097866300875,0.012293742854771259
0.0028987314449221853,0.00032668605972234905,0.005551921262963968,0.013664088765345061
0.002868617558377544,0.0003556563444813681,0.005600878900712203,0.012671943447828224
0.003508948839929022,0.0012641065186335559,0.004401716872476341,0.012951331877968514
0.0034676508231415402,0.0012627528758224742,0.004486565705456278,0.01229200465522692
0.0028946490918277915,0.0003291669202290925,0.005539409781367969,0.013652979552401532
0.002864131090918713,0.00035819215825927983,0.005587249334082941,0.01266288913754256
0.0035032095184977167,0.0012672688992189005,0.004385535064435073,0.01294488861005345
0.0034621639329419462,0.0012662713425768647,0.004471023673031285,0.012290184958497732
0.0028906060511373157,0.00033167721490059445,0.005526983422672262,0.013641853552588155
0.0028596847086196802,0.0003607579919822141,0.005573715642442124,0.012653811087025854
0.0034975244588909705,0.0012704755448246653,0.0043694835196234055,0.012938414459574351
0.0034567204107485024,0.001269833508429916,0.004455589792082087,0.012288284793619094
0.0028866023990823746,0.0003342165057647502,0.005514642151188104,0.013630706732406841
0.002855281553902699,0.00036335346483765276,0.005560270242180827,0.01264470606954087
0.003491896399131873,0.001273727522703358,0.0043535544977269455,0.012931916808367711
0.0034513186032905097,0.0012734397089371,0.004440261196331905,0.012286308920300257
0.002882634982688597,0.00033678489230604553,0.005502391485298547,0.01361953715899862
0.0028509180189715405,0.00036597827355901137,0.0055469208374583495,0.012635574546109229
0.003486325248193676,0.0012770230921143714,0.004337750349176287,0.012925391146541565
0.003445963560763343,0.0012770885932620883,0.00442503565896392,0.012284252406056755
0.002878707089442364,0.000339381102640413,0.005490225854705025,0.013608350779938688
0.00284659537396134,0.00036863154329403673,0.005533665483223142,0.012626419252269766
0.0034808083152552093,0.0012803610643643082,0.004322073046157017,0.012918837521400306
0.0034406507353174375,0.0012807791024352934,0.004409916953539991,0.01228211800381055
0.0028748173747929593,0.00034200505867855506,0.005478147016473473,0.013597143868437184
0.0028423147824833445,0.00037131298792665037,0.005520500535818223,0.012617237831070393
0.0034753481183651073,0.001283741692341993,0.004306517238239692,0.012912260216659777
0.003435381257530356,0.0012845108797429625,0.004394902231031997,0.012279907775383734
0.0028709646063730825,0.0003446563213925123,0.005466157606739154,0.01358591663540116
0.002838073908324265,0.0003740220390176813,0.005507431534395387,0.012608031534750694
0.0034699436547994196,0.0012871632907279684,0.004291085482990618,0.012905655505823435
0.0034301572285034185,0.001288282725636672,0.0043799908234028306,0.012277618543680185
0.002867150771039583,0.00034733398553361513,0.005454253662874644,0.013574672899225426
0.0028338739218523204,0.0003767580276027525,0.005494455775130205,0.012598801825355726
0.003464593446933384,0.0012906250550732564,0.004275777745432512,0.012899024926180707
0.0034249756330215174,0.0012920936544635743,0.004365184895843917,0.012275253370200405
0.002863374573256614,0.00035003781074478824,0.005442437287396551,0.01356340938800212
0.0028297152134563164,0.00037952050861062025,0.005481571875078004,0.012589547054795019
0.0034592993685310333,0.0012941267085997612,0.004260590544527487,0.012892370640170101
0.0034198377851756005,0.001295943122091059,0.004350482005507273,0.012272812749326395
0.0028596354504624535,0.0003527672691584295,0.005430709467672176,0.013552127737867506
0.0028255960868337534,0.00038230892091654207,0.005468783524057004,0.012580268880650522
0.0034540600606709857,0.001297666729947792,0.004245525980376205,0.012885690079225206
0.003414744654049205,0.0012998298857800693,0.004335882237347288,0.012270295087386685
0.0028559347227502044,0.0003555215352715436,0.005419067525987246,0.0135408298028299
0.002821517700985493,0.0003851225793696081,0.005456088044714231,0.012570967750173367
0.0034488749670147658,0.0013012444222610968,0.004230583004277651,0.01287898520346058
0.0034096940496203022,0.0013037530796948357,0.0043213866004805715,0.012267703067519935
0.0028522710959578853,0.0003583003402651457,0.005407513414783062,0.013529513495593951
0.002817479786677842,0.000387961033031958,0.0054434853489490915,0.012561642950361482
0.0034437451385518555,0.0013048591937602706,0.0042157594767252655,0.012872256914750548
0.003404687376058719,0.0013077119299052665,0.004306993191197775,0.012265036513055608
0.002848644543112084,0.0003611030155509237,0.005396047134563946,0.01351818066240749
0.0028134813789523,0.00039082362732858827,0.005430977604947023,0.012552295889182542
0.00343866943959957,0.0013085096320468819,0.004201056804563513,0.01286550369100376
0.0033992354393969555,0.001311516441303316,0.004292084466344141,0.01226052997694917
0.002845049828245523,0.00036392038235515405,0.005384758610462631,0.013506289327800089
0.002809567566301546,0.0003937048490365001,0.005418585779888137,0.012542174710992223
0.0034337661128119724,0.0013122190268486788,0.004186226722470906,0.012859397610676167
0.0033936337565076396,0.0013153613930247843,0.0042767578997077085,0.012255814455693188
0.002841433591523499,0.00036680917295975877,0.005373529682948912,0.0134939884758152
0.002805561884305309,0.0003966561905585219,0.005406412222909421,0.012531899757161496
0.003428758614595328,0.0013159809684411543,0.004171614456758904,0.012853164060895686
0.0033881348902623895,0.0013192403830392624,0.004261617823635905,0.012250809592429171
0.002837933184227032,0.0003696797872119758,0.005362292571541085,0.013482124663810314
0.002801673316092565,0.0003995759174779582,0.0053943087681293375,0.01252196772950315
0.003423924081986426,0.0013196972653362687,0.004157294734690913,0.012846543439081388
0.003382691962644887,0.0013230947605523216,0.004246783943149805,0.012245599653188156
0.0028344275400404976,0.0003725838169511291,0.005351193266738986,0.013470140407926864
0.0027978184368757926,0.00040255544239906657,0.005382161130155966,0.012511830100194615
0.003419062651608905,0.0013235491500374213,0.0041428701467572885,0.012840285894530576
0.003377192389956605,0.0013270644100567745,0.004231907479626316,0.012240672998142757
0.0028309030339901398,0.00037553333352380737,0.005340233225446108,0.013457950618175113
0.0027939523178288025,0.00040555262096795267,0.005370252404086749,0.012501622619257732
0.0034143432197377126,0.0013273780893971378,0.004128667533101445,0.012833797432335828
0.0033719306579456302,0.0013310244954502953,0.0042171897454082955,0.012235472933265419
0.0028274811871456186,0.00037847720614892313,0.005329267466430728,0.013446049681260014
0.002790133474537028,0.0004085642192796858,0.005358412061902537,0.012491616234902842
0.0034095718486178406,0.001331238183015933,0.004114667715349741,0.012827186237060997
0.003366595715811594,0.0013350179967971713,0.0042026791169196215,0.012230249529161873
0.0028240814190643574,0.0003814522698219672,0.00531839055535999,0.013434013742065981
0.002786408679086859,0.00041159962706145264,0.005346533611651763,0.0124814406379117
0.0034049509677144332,0.0013351497157654821,0.004100640826046811,0.012820744429398932
0.0033613364201020984,0.001339051821926806,0.004188217195348832,0.012225125211680172
0.0028206738231353035,0.00038445771215631737,0.00530768139023206,0.013421891236652722
0.0027826566755680946,0.0004146633379584902,0.005334876288918159,0.012471275128195472
0.003400350592273372,0.0013390810123830056,0.004086788389982231,0.012814155547788222
0.0033562052912453114,0.0013431155873790874,0.004173861089076993,0.012219847837044
0.002817361874153802,0.00038746558210800175,0.005296954637300578,0.013409958456109355
0.002778971414890441,0.0004177323896382101,0.005323284040978095,0.012461202155037931
0.0033957855564522572,0.0013430128037138593,0.004073125483275587,0.012807485867320797
0.003351076311596547,0.0013471821278602807,0.004159707701054436,0.012214547157760804
0.0028140747403164225,0.0003904960406541911,0.005286330472729804,0.013397904339165295
0.002775357233169573,0.0004208272480345532,0.005311677333202806,0.01245102321857939
0.003391298955558231,0.001347008660700354,0.004059454524784189,0.01280093958948883
0.0033459741474790236,0.0013513034544153637,0.004145610313798468,0.012209311484654744
0.002810783293895412,0.00039355403178719354,0.00527585489460304,0.013385832210856818
0.0027717309996048603,0.0004239394399078493,0.005300281430080945,0.012440868479840153
0.0033868778587042617,0.0013510014225449648,0.004045970138265036,0.012794243053319115
0.0033410253198854233,0.001355430717497983,0.004131637292638608,0.012203935845983978
0.0028075792312741168,0.0003966110843442636,0.005265381903298623,0.01337387764385158
0.0027681626423537065,0.000427062136737776,0.005288937315199449,0.012430764041841449
0.003382452641901998,0.0013550179313863132,0.004032633303081119,0.012787528017901237
0.003336037197603206,0.001359583315186788,0.004117832783669509,0.01219857393268033
0.002804388599427433,0.0003996931142378063,0.0052550141823770515,0.013361834783992489
0.00276465383281193,0.000430203556093443,0.005277617358602569,0.012420587522860516
0.0033781330636986962,0.0013590716991568282,0.004019332934138184,0.012780864355069057
0.003331126471478622,0.001363764350108108,0.004104110770582536,0.012193217835577511
0.0028012108129294006,0.0004027915576969909,0.0052447795718769275,0.013349795983387031
0.0027611426787746336,0.0004333601910747445,0.005266479812983322,0.012410440172052145
0.0033738457552697863,0.001363133926103962,0.004006198566548747,0.012774093146867876
0.003326310676075817,0.0013679637269980143,0.004090505045559854,0.012187770916810123
0.002798102816588843,0.00040589524801656066,0.005234561884467472,0.013337838730170831
0.0027576872584152926,0.0004365267430724704,0.005255395030370518,0.012400317753471054
0.0033695842354795028,0.0013672122448258103,0.003993197361392741,0.012767311186921204
0.0033214956194950796,0.00137217692748122,0.004077055695171771,0.012182327913021531
0.0027950146375924183,0.00040901689389170285,0.005224451910484535,0.013325809524506443
0.0027542843490300597,0.0004397085041897126,0.005244355872693649,0.012390145569485152
0.0033654063104850956,0.0013713236398378904,0.003980248840775919,0.01276055754117894
0.0033167431383315446,0.0013764191893135167,0.004063690819711546,0.012176880866268992
0.0027919448873980402,0.0004121539480002119,0.00521445671937471,0.013313802153548927
0.0027508885719609508,0.00044290325269484435,0.005233477049019006,0.012380001583629598
0.0033612681794538356,0.0013754391696621372,0.003967456576967615,0.012753715398013923
0.0033120831802172152,0.001380671530086524,0.004050445040526811,0.012171359888890874
0.002788939164132878,0.00041529455587209496,0.005204494344238022,0.013301843016728997
0.0027475477235503454,0.000446106690983914,0.005222651440468533,0.012369866290636357
0.003357158526372766,0.001379572733912484,0.003954780129546436,0.012746873771654713
0.0033074255237664145,0.0013849411300088084,0.004037337692402895,0.0121658458013407
0.0027859520134978135,0.00041845238700922397,0.005194636570706953,0.013289835406777995
0.002744251236163864,0.0004493233071001951,0.005211889042069956,0.012359699525533476
0.0033531279204360685,0.0013837296843608481,0.003942174537208459,0.012740037184381376
0.003302840371358639,0.0013892301728363286,0.004024322780027939,0.012160312235181953
0.002782991373737194,0.00042162059394344645,0.005184881706276269,0.013277850170091416
0.0027409709511179194,0.00045254999417401254,0.005201266337687638,0.012349554878021494
0.0033491340118706955,0.0013878924042679181,0.00392971135258963,0.012733133220926387
0.0032983269941242763,0.0013935307811034595,0.00401142390482515,0.012154724221334257
0.00278008353796703,0.00042479431688425287,0.00517517215889571,0.013265898121539768
0.002737739692098681,0.0004557851284471756,0.005190702281772224,0.01233941331690955
0.0033451760105605768,0.0013920704148220617,0.003917357168492486,0.012726228383017213
0.003293832464655412,0.0013978445149390127,0.003998654251803918,0.012149135536226225
0.002777197439305141,0.000427981012273332,0.005165563535065019,0.013253911368845833
0.0027345490967778025,0.00045903025351897917,0.005180211385331326,0.012329250716820814
0.003341288307058761,0.0013962664314521123,0.0039050841003167424,0.012719317159019717
0.0032894040060819914,0.0014021745310344518,0.00398598040605211,0.012143523403038311
0.002774339018465912,0.00043117655925180813,0.005156049467033101,0.013241948825297297
0.0027313785768980745,0.00046228402386985133,0.0051698450286036726,0.012319106992997788
0.0033374379221347335,0.0014004676530947118,0.003892943071896554,0.0127123528154723
0.0032850409346467553,0.0014065132011750175,0.003973420741152664,0.012137867396914893
0.002771527516323392,0.0004343764855833348,0.005146590402308136,0.013230007253981133
0.002728254028078272,0.0004655442523332555,0.005159542303072378,0.012308962257317703
0.0033336276254573396,0.0014046813414999707,0.0038809057934899725,0.012705386077300332
0.0032807034706645102,0.0014108629890182793,0.003960981936978504,0.012132206896723709
0.0027687385933471156,0.0004375870447166923,0.005137227816954426,0.013218044714020114
0.002725166202240623,0.000468812525233361,0.005149318577740222,0.012298805621627221
0.0033298804981584103,0.0014089080974632137,0.00386895612785118,0.012698406778512458
0.003276430126188581,0.001415224206418553,0.003948641198494914,0.012126521075632734
0.0027659794606644268,0.00044080369054318364,0.005127954065970972,0.01320610367450214
0.002722102927568327,0.0004720868908927511,0.005139207486854876,0.012288663223004922
0.0033261725273124715,0.001413138641427706,0.003857128957876505,0.01269138597265212
0.0032722152920593266,0.0014195920113499773,0.003936411388546074,0.012120800345653538
0.0027632616139871558,0.000444024168462372,0.00511874222459782,0.01319417827590132
0.002719081562862517,0.0004753663695637577,0.005129164589411449,0.012278519735996248
0.0033225061165581635,0.0014173785644644725,0.0038454020232227635,0.012684361018496931
0.003268033044814517,0.0014239676150994466,0.003924296042644096,0.012115071676204717
0.002760568276733206,0.00044725212460176335,0.005109622456949875,0.013182240846647226
0.0027160954129445956,0.00047865116416431037,0.0051192035497169795,0.01226836955819572
0.0033188983740649867,0.0014216268903538144,0.003833766188078646,0.012677320719162758
0.0032639110778568754,0.001428350718096818,0.00391227960324661,0.012109318289790567
0.002757904722996042,0.00045048426915539265,0.005100587752018165,0.013170323242632004
0.0027131356524286126,0.0004819402088599345,0.005109346290200115,0.012258231166052787
0.003315330063567689,0.0014258775623262044,0.003822244825075333,0.012670247968282372
0.0032598436455134085,0.0014327378251542625,0.003900370733138283,0.012103536291428435
0.0027552786835633052,0.0004537187749776842,0.0050916196372807485,0.013158417866134498
0.0027102150056819833,0.0004852322558521475,0.005099561001112392,0.01224809188453238
0.003311804944961976,0.0014301339713234638,0.0038108214103979247,0.012663168988651847
0.0032558131604204245,0.001437129469881085,0.0038885714336982626,0.012097743807561009
0.0027526778292945833,0.00045695818528745263,0.00508273981932479,0.01314650786683281
0.00270732763607239,0.0004885274919465973,0.0050898586388403826,0.01223795028540455
0.003308333654919776,0.001434395152866667,0.0037994903704765774,0.012656074293649169
0.003251839451912973,0.0014415250290004454,0.0038768707910792335,0.012091928212142366
0.0027501064561080493,0.0004601996820199851,0.0050739423495105105,0.013134615594164633
0.002704468023233942,0.0004918247245427565,0.00508025357615596,0.012227818235479034
0.003304903044462071,0.0014386564432284517,0.0037882674547109335,0.012648953485237513
0.0032479175238815717,0.0014459217975194428,0.0038652746156051573,0.012086088353859431
0.0027475692942719875,0.0004634420638732085,0.005065214618900998,0.01312273444515703
0.0027016445883033236,0.0004951231362746245,0.005070723174803732,0.012217686647974006
0.0033015153707780533,0.0014429202921018719,0.003777140269990154,0.012641825326938288
0.003244035248408807,0.001450319964660543,0.003853783694792604,0.012080236637073302
0.002745057802074548,0.0004666867852107443,0.00505657181347146,0.013110853826919022
0.0026988532291993294,0.0004984223988390973,0.005061275783484272,0.012207555447402162
0.003298178613183576,0.0014471852350910208,0.0037661055477356455,0.012634681879704544
0.003240206890171148,0.0014547185248671801,0.003842390570976268,0.012074363616443188
0.0027425749688464104,0.00046993167868369717,0.005048009370578388,0.013098989535674361
0.0026960899581546798,0.0005017216791761447,0.005051920700264396,0.012197432665788637
0.0032948826227099,0.0014514481367222897,0.0037551733557701548,0.012627517488659482
0.003236428100812769,0.0014591155583779706,0.0038310986211692235,0.012068469834401454
0.002740123865089766,0.00047317575826903106,0.005039518471033379,0.013087136070108307
0.0026933606438348545,0.0005050200893865954,0.005042642097355629,0.012187311568235003
0.003291629682327923,0.0014557101885881469,0.0037443349002023556,0.012620344924229643
0.003232690874741255,0.0014635107274840722,0.0038199082484930277,0.012062563402107599
0.002737698448067592,0.00047641983713815573,0.005031109661594011,0.013075287048054534
0.0026906621360665347,0.000508317264410282,0.005033445874056591,0.01217719300759837
0.0032884247547614914,0.0014599701780216609,0.003733587823194876,0.012613158448865394
0.003229004852040867,0.0014679031034835351,0.0038088140407589316,0.012056637822548875
0.0027353007606444996,0.0004796621829960396,0.005022779515320357,0.013063453309811702
0.0026879917279410835,0.0005116123815784649,0.005024338159905163,0.012167082115727538
0.0032852609815062234,0.0014642255916789185,0.0037229386522253795,0.012605954801763113
0.0032253669276062075,0.0014722910427230492,0.0037978179521488383,0.012050694029243022
0.002732932691846806,0.0004829019743804712,0.0050145218712969696,0.013051630748991397
0.0026853532027613313,0.0005149047030041029,0.005015307888360506,0.012156974302645217
0.003282139595021794,0.0014684770893015882,0.0037123809946940645,0.012598742915253414
0.003221771390042484,0.001476674086766736,0.0037869199474154587,0.012044737565510256
0.0027305900209316516,0.0004861395584089932,0.005006343846053415,0.013039815500500021
0.0026827443568065087,0.000518193696207266,0.005006359085801668,0.01214687054267983
0.0032790642228141017,0.0014727234032631837,0.0037019131708639335,0.012591518575000422
0.003218224946521108,0.0014810511954101296,0.003776116202381814,0.012038763890271852
0.0027282739975945432,0.0004893735552967663,0.0049982430215786905,0.013028014977462712
0.00268016315045062,0.0005214786772153794,0.004997495727379112,0.01213677425166122
0.003276029765866261,0.0014769626910083958,0.0036915391158690468,0.012584280197334218
0.0032147251605689348,0.0014854210891766834,0.0037654075170902943,0.012032774192723205
0.002725985777843425,0.0004926032327700373,0.004990214976966011,0.013016226250392188
0.0026776120480756227,0.0005247589104159312,0.004988710177846944,0.012126682281646388
0.0032730371609891954,0.0014811950233245934,0.00368125433974681,0.01257703380857669
0.0032112681767892007,0.001489783075873105,0.0037547937181808657,0.012026772125691094
0.0027237223946446477,0.0004958286274323496,0.004982264439437367,0.013004447032479665
0.0026750894371077743,0.0005280338496360098,0.00498000496411038,0.012116595628227622
0.003270088675943481,0.0014854193218469456,0.003671057372344924,0.012569776656380338
0.0032078583245217056,0.0014941362080708265,0.003744271910654968,0.012020754784461414
0.002721484533721274,0.0004990486259626698,0.004974389702120431,0.012992682332257612
0.002672593808433977,0.0005313028377950735,0.004971382683696843,0.012106516507041825
0.0032671808602764275,0.0014896340417580461,0.0036609505321263,0.012562507964358299
0.0032044939682657012,0.0014984793279041108,0.0037338422374418615,0.01201472322608559
0.002719272864343284,0.0005022625483434096,0.004966587574698491,0.012980930181098674
0.0026701266498171763,0.0005345652056591805,0.004962838046410849,0.012096442886369782
0.0032643140936759467,0.00149383898895442,0.003650930546790267,0.012555231928319305
0.003201172289287965,0.001502811707514392,0.0037235043193580434,0.012008680003971827
0.002717085290749382,0.0005054702347194632,0.0049588610685644624,0.01296918924913247
0.0026676868206796885,0.0005378203670407103,0.004954372525861629,0.01208637560819594
0.003261489956161103,0.001498033135729893,0.0036409961382194776,0.012547946768645322
0.0031978961329613333,0.001507132395980547,0.00371325597023622,0.012002623266801446
0.002714922098375982,0.0005086707625326203,0.004951209010147993,0.012957462903009193
0.0026652731292852575,0.0005410677236929882,0.004945987758008368,0.012076316168102199
0.003258705950965777,0.0015022152350782866,0.0036311484711603805,0.01254065226180887
0.0031946642911724493,0.0015114403990977162,0.0037030968427773456,0.011996553983579395
0.0027127836278627647,0.0005118634984882364,0.0049436290392994645,0.012945749896437639
0.0026628864258729508,0.0005443066328292402,0.004937680097246631,0.012066263278122491
0.0032559622335320746,0.001506384854612987,0.0036213851698247874,0.012533351277368413
0.00319147477851209,0.001515734923171732,0.003693026460765891,0.011990473915323112
0.0027106683777821075,0.0005150481533698851,0.004936122994732601,0.012934049482370948
0.0026605258614751924,0.0005475365197937791,0.004929450258198783,0.012056217644512365
0.0032532597545900347,0.001510541085878145,0.003611705023196553,0.012526042812454457
0.0031883293000927048,0.001520015089674827,0.0036830430676297616,0.011984382009488478
0.0027085763601108342,0.0005182239522999398,0.004928690043616628,0.012922363920297757
0.0026581904865943915,0.0005507568124553565,0.0049212992340192906,0.012046180281357838
0.0032505968049987024,0.0015146828427174222,0.0036021084758467185,0.012518726897181493
0.0031852270384087693,0.00152427997923855,0.003673146052336389,0.011978279066719241
0.0027065076919534537,0.000521390297350531,0.004921328420695769,0.01291069247730244
0.0026558807021083617,0.0005539669138287595,0.004913224483026037,0.012036150429572616
0.003247973289515441,0.0015188095935425492,0.003592593711570611,0.012511405562204972
0.00318216650065859,0.00152852881401046,0.0036633348203967157,0.011972166379917621
0.0027044612725532833,0.0005245468278567858,0.004914039148645705,0.012899034764263576
0.0026535958635518267,0.0005571662583491715,0.004905226222488076,0.012026128651343964
0.0032453897986298857,0.0015229204930242539,0.0035831595997407118,0.012504078302496774
0.003179148680156724,0.0015327607513406988,0.003653607932069978,0.011966043400305017
0.002702436939873463,0.0005276928750359918,0.004906821616129983,0.01288739229801445
0.002651335184022581,0.0005603543095843892,0.0048973049830591565,0.012016115666904342
0.003242845098262484,0.0015270146060182561,0.003573806084873157,0.012496745320171858
0.0031761729625096155,0.0015369749607767624,0.0036439645981524815,0.011959910818946927
0.0027004346555591758,0.0005308278800216944,0.004899674468339776,0.012875764697608563
0.0026490987743236216,0.0005635305051541995,0.004889458972590928,0.01200611105972847
0.0032403389881239726,0.0015310913306466431,0.0035645317346460984,0.012489408059437084
0.003173238240977794,0.001541170675304845,0.0036344041492454675,0.011953769598463997
0.0026984535891379185,0.0005339514428748843,0.004892598182929978,0.01286415179047629
0.0026468861119163453,0.0005666943068031591,0.004881688080141451,0.011996115283214832
0.0032378717577086717,0.0015351499003185528,0.0035553354651591314,0.0124820663717841
0.0031703449948308877,0.0015453471131480782,0.003624925340677795,0.011947619545455807
0.0026964934718531324,0.0005370629787402154,0.004885592270233382,0.012852554603557961
0.002644696534725976,0.0005698452054130899,0.004873992513890152,0.011986128862554533
0.0032354425314911777,0.0015391894806040698,0.003546216910452889,0.012474720535701308
0.0031674927636082474,0.0015495035033010354,0.0036155272987417825,0.011941461243487305
0.0026945541585524976,0.0005401619656933742,0.004878655668939214,0.012840972983395246
0.0026425299592633066,0.0005729826791922974,0.004866370970947982,0.01197615161024651
0.003233051019750872,0.0015432094576489268,0.003537174869929295,0.012467371621746926
0.0031646806822169097,0.001553639120457604,0.003606209282685184,0.011935295452743988
0.0026926349967917548,0.0005432479917948597,0.004871788491789932,0.01282940689074862
0.0026403859399455666,0.0005761062183599701,0.004858823142623873,0.01196618389055163
0.0032306973256698186,0.001547209122847389,0.0035282083135858813,0.012460019696739263
0.003161908912656547,0.0015577532324203664,0.003596970187024413,0.011929122195831268
0.002690735658451213,0.0005463205369588787,0.0048649903124514445,0.012817857029892429
0.0026382639030136123,0.0005792153457696945,0.004851349002964951,0.011956226106001009
0.003228380789918814,0.0015511877355036377,0.003519316669888362,0.012452665088561958
0.0031591770655236364,0.0015618451330010154,0.00358780909234666,0.011922941985469943
0.0026888559244134212,0.0005493791186294548,0.004858260272505539,0.012806323388705954
0.0026361636442257994,0.0005823095767654849,0.004843947567781336,0.011946278211008755
0.003226101092524509,0.0015551446877851986,0.003510498888701874,0.012445308610554102
0.0031564844573730064,0.001565914139252467,0.003578725211488714,0.011916755438021544
0.002686995259338779,0.0005524233287951645,0.004851598250201846,0.012794806007495857
0.002634084760344634,0.000585388436853254,0.004836618411164902,0.01193634050608719
0.0032238581916695583,0.0015590793329078648,0.0035017539817686328,0.012437950467388987
0.0031538310351319205,0.0015699595772342683,0.003569717525730581,0.011910562716423937
0.0026851533059991293,0.0005554527018705761,0.004845003841505206,0.012783305380462106
0.0026320267450415605,0.0005884514797768458,0.004829361342341692,0.011926413310024487
0.003221651579206493,0.0015629910050792314,0.0034930812554227163,0.012430591004888315
0.003151216453473322,0.0015739807967872,0.003560785105004379,0.011904364274586965
0.002683329796402033,0.000558466794372243,0.004838476329497753,0.012771821576482403
0.002629989319431307,0.0005914982599474407,0.004822175575613657,0.01191649666548279
0.003219480916138339,0.0015668791262010966,0.0034844797474882,0.012423230869851108
0.003148640145699244,0.0015779771681019008,0.00355192712623532,0.011898160635309461
0.0026815242713096646,0.0005614652147154049,0.004832015443410366,0.012760354682157938
0.0026279721052111607,0.0005945283389791359,0.004815060622994316,0.011906590824129945
0.0032173460692517387,0.001570743104323478,0.003475948510532773,0.012415870340588647
0.003146101931171145,0.0015819480723751015,0.003543142631173925,0.011891952040044815
0.002679736363859018,0.0005644475440707951,0.004825620780633269,0.012748905054529244
0.002625974645080792,0.0005975413044318199,0.004808016176358463,0.011896696048623711
0.0032152466186697926,0.0015745823444570516,0.003467486777093541,0.012408509770691162
0.0031436014782731613,0.0015858929177463474,0.003534430692984396,0.011885738901987014
0.002677965775267505,0.0005674133786492021,0.004819291719138901,0.012737472804426973
0.0026239966188295535,0.0006005367485668578,0.00480104157135411,0.011886812431236172
0.003213182227219292,0.0015783963067329872,0.0034590936407652645,0.012401149691463305
0.0031411383038895224,0.0015898111280497145,0.003525790468689628,0.011879521675033275
0.0026762120959339746,0.0005703623509197177,0.004813027897948165,0.012726058042713508
0.0026220376615434648,0.0006035142715329431,0.00479413628918148,0.011876940188241671
0.0032111526956761266,0.0015821844555185937,0.0034507681875940287,0.012393790418995288
0.00313871214753055,0.0015937021426942898,0.0035172210391877174,0.011873300644220168
0.0026744749605810965,0.0005732940846739682,0.004806828904510688,0.01271466103666161
0.0026200973531658738,0.0006064734953119425,0.004787299941391632,0.011867079541265698
0.0032091576615231976,0.0015859462592197405,0.0034425096126590947,0.01238643230251824
0.003136322682453186,0.0015975654257874847,0.0035087214919475177,0.011867076189017561
0.0026727540530828158,0.0005762082154342566,0.0048006941796768805,0.01270328191419875
0.0026181753525491417,0.0006094140506506145,0.004780531933589015,0.011857230608795835
0.0032071967921779598,0.0015896812251704234,0.0034343170434521435,0.012379075795052302
0.0031339694787060114,0.001601400458082848,0.0035002909738086167,0.011860848714124166
0.002671048996654969,0.0005791044051106461,0.004794623309441274,0.012691920796066593
0.0026162713036825516,0.0006123355763099131,0.004773831734988924,0.01184739357933096
0.003205269848447475,0.0015933888719737313,0.0034261895963072354,0.012371721223872506
0.0031316522323118347,0.0016052067362067692,0.0034919285944416028,0.011854618522062826
0.002669359433836216,0.0005819823173347975,0.004788615868138953,0.012680577889776654
0.0026143848141829177,0.0006152377303408498,0.004767198902838145,0.011837568644191866
0.003203376499395991,0.001597068729112987,0.00341812645009875,0.012364368928765333
0.0031293706136818703,0.0016089837810946616,0.0034836334590702305,0.011848385965730686
0.0026676850409678467,0.0005848416265838963,0.004782671336356899,0.012669253325345667
0.002612515535937118,0.0006181201813870664,0.0047606328814607315,0.01182775593194178
0.0032015164221630885,0.0016007203540556421,0.003410126756349744,0.012357019305548288
0.0031271242289401574,0.0016127311300680478,0.0034754047141519555,0.011842151410863018
0.0026660254639230313,0.0005876820273636878,0.0047767892709962186,0.0126579472239142
0.002610663119709117,0.000620982607312633,0.004754133137113804,0.01181795560929108
0.003199689351587237,0.0016043433201394792,0.003402189657039447,0.012349672678369302
0.0031249127503526256,0.001616448337554604,0.0034672414908668973,0.011835915162799509
0.0026643803561713676,0.000590503221574822,0.004770969233560122,0.012646659751847903
0.0026088271948054484,0.000623824702636358,0.004747699192203786,0.01180816784318157
0.0031978949760613443,0.0016079372145279675,0.0033943143298406754,0.012342329372179302
0.003122735845240325,0.0016201349803738583,0.003459142914612583,0.011829677550534231
0.002662749393526905,0.000593304921945369,0.004765210729060536,0.012635391032737128
0.002607007414256701,0.0006266461739049668,0.004741330510673083,0.011798392762843255
0.0031961329813476364,0.00161150164732452,0.003386499944670753,0.01233498974020593
0.003120593142185598,0.0016237906526812048,0.00345110813780641,0.011823438908635586
0.0026611322386943513,0.0005960868573835384,0.004759513299504054,0.012624141181871223
0.00260520343587778,0.0006294467375459315,0.00473502656026851,0.01178863051637226
0.003194403088592664,0.0016150362455600391,0.003378745666758775,0.012327654093797035
0.0031184843033063843,0.0016274149656718435,0.00344313631035718,0.011817199535073927
0.0026595285573572363,0.0005988487669452309,0.004753876496152303,0.01261291033591271
0.0026034149062039553,0.0006322261250298776,0.00472878684192563,0.011778881250680781
0.0031927049964917925,0.0016185406524011129,0.0033710506811513857,0.01232032274041581
0.003116408992879237,0.001631007551805807,0.0034352265779939387,0.011810959737239592
0.002657938029655043,0.000601590400789919,0.004748299838289708,0.012601698607417031
0.0026016414845870394,0.0006349840801971457,0.004722610828893949,0.011769145089465142
0.0031910383994916847,0.0016220145306305824,0.0033634141747358945,0.012312995998803184
0.0031143668543965725,0.0016345680609706297,0.0034273781044317597,0.011804719822669021
0.0026563603320048285,0.0006043115229582285,0.004742782861452383,0.012590506101991032
0.0025998828365709375,0.000637720357566026,0.004716497991793944,0.011759422164620729
0.003189403011747893,0.001625457560509878,0.003355835333803096,0.012305674162766102
0.003112357546740869,0.0016380961603249971,0.0034195900569320595,0.011798480076493449
0.0026547951426722388,0.0006070119087601933,0.004737325109692405,0.012579332933367535
0.002598138623382709,0.0006404347252715101,0.004710447819524822,0.011749712605484686
0.003187798538662016,0.0016288694390300907,0.003348313356493728,0.012298357519883627
0.0031103807332399165,0.0016415915368185887,0.003411861601758254,0.011792240785179913
0.002653242149331645,0.0006096913448272849,0.00473192611052943,0.012568179200947636
0.002596408513378812,0.0006431269639488227,0.004704459789383938,0.011740016526908311
0.0031862246817196353,0.0016322498813228707,0.0033408474464203574,0.012291046359842208
0.0031084360670017353,0.0016450538949927729,0.003404191917291295,0.011786002232332136
0.0026517010406646897,0.0006123496302985345,0.004726585397579061,0.012557044998358394
0.0025946921810408486,0.0006457968652145307,0.004698533375216656,0.011730334045821295
0.003184681153349321,0.0016355986195399465,0.003333436810035584,0.012283740956046504
0.0031065232080913084,0.0016484829563790369,0.003396580188361393,0.011779764686735007
0.0026501715074576334,0.00061498657584537,0.0047213025107428926,0.012545930420463782
0.002592989300591415,0.0006484442334214818,0.004692668060081695,0.011720665275912248
0.0031831676633837756,0.001638915402793805,0.003326080661697529,0.012276441575137702
0.003104641820488915,0.0016518784612242514,0.00338902560151342,0.011773528414600517
0.0026486532469653643,0.0006176020034749133,0.004716076982355363,0.012534835552677167
0.0025912995509997793,0.0006510688850894833,0.004686863323336023,0.011711010321156474
0.0031816839196613135,0.001642199997177056,0.0033187782225893516,0.012269148480706465
0.003102791564407593,0.001655240167009006,0.0033815273523410995,0.01176729367729438
0.0026471459595594576,0.0006201957468568052,0.004710908346641379,0.012523760475541823
0.0025896226165882403,0.0006536706479024523,0.004681118641972633,0.011701369284562124
0.00318022963561016,0.0016454521853534014,0.003311528718804629,0.01226186192472713
0.003100972103143394,0.0016585678479391081,0.003374084643777738,0.011761060725624387
0.002645649348386127,0.0006227676510010944,0.004705796141853288,0.012512705267418761
0.0025879581838075994,0.0006562493615017294,0.004675433497339365,0.011691742265321109
0.003178804525091635,0.0016486717664989255,0.003304331382957712,0.012254582152188418
0.00309918310309814,0.0016618612958215447,0.003366696682717404,0.011754829805790751
0.0026441631214767967,0.0006253175720795472,0.004700739903594984,0.01250166999972365
0.002586305942920502,0.0006588048772918183,0.004669807370485024,0.011682129355727603
0.0031774083014099587,0.0016518585560363838,0.0032971854546607242,0.012247309402614476
0.003097424230216986,0.0016651203192104098,0.003359362683548749,0.011748601158196334
0.002642686990782305,0.0006278453773233959,0.004695739168038391,0.01249065473946601
0.0025846655888990375,0.0006613370577166355,0.004664239741641966,0.01167253064547915
0.0031760406809754776,0.0016550123852476293,0.003290090179715468,0.012240043906168813
0.0030956951522792364,0.0016683447428864186,0.0033520818681657657,0.01174237501485867
0.0026412206716024088,0.0006303509449102423,0.0046907934738006085,0.012479659550065943
0.002583036819997129,0.0006638457765746776,0.004658730093084675,0.011662946220275701
0.00317470138158624,0.0016581331013184656,0.0032830448101437413,0.012232785886120218
0.003093995539394962,0.0016715344082441203,0.0033448534639148016,0.011736151602310691
0.002639763883408463,0.0006328341638278019,0.004685902359296477,0.012468684489223694
0.002581419338105573,0.000666330918888884,0.004653277908110548,0.011653376160418265
0.003173390121698303,0.0016612205669177657,0.0032760486049067464,0.012225535559179487
0.0030923250628594706,0.0016746891727307542,0.0033376767050854964,0.011729931140847229
0.0026383163497675985,0.0006352949336196497,0.004681065363439169,0.012457729610541911
0.0025798128493516597,0.0006687923804464409,0.004647882670428459,0.011643820542901077
0.0031721066217219756,0.0016642746598574969,0.0032691008297672016,0.012218293133914652
0.003090683395576638,0.0016778089094060724,0.003330550833344284,0.011723713843531264
0.0026368777979804184,0.0006377331642815219,0.0046762820267371484,0.012446794963526988
0.002578217063643077,0.0006712300678089031,0.004642543865009059,0.011634279440698869
0.003170850603769714,0.0016672952730505692,0.003262200756897933,0.012211058812082357
0.0030890702124109926,0.0016808935069754917,0.003323475096741968,0.01171749991758676
0.0026354479592310596,0.0006401487761562632,0.004671551890591878,0.012435880592698534
0.002576631694586844,0.0006736438981987888,0.004637260978286284,0.01162475292221406
0.003169621791279537,0.001670282314130858,0.0032553476653391566,0.012203832788592618
0.003087485190080279,0.0016839428694092103,0.0033164487501626113,0.011711289563928851
0.002634026568777131,0.0006425416996365706,0.004666874497255523,0.012424986538619282
0.0025750564597573754,0.0006760337991715602,0.004632033497932743,0.011615241052308121
0.0031684199093227213,0.001673235705082463,0.0032485408412228868,0.012196615250848752
0.0030859280070834032,0.0016869569155342913,0.003309471055778973,0.011705082976835996
0.0026326133657747237,0.0006449118750361817,0.004662249390242923,0.012414112837753491
0.0025734910806755914,0.0006783997084962352,0.00462686091282008,0.011605743891903147
0.00316724468469534,0.0016761553821329359,0.0032417795773421526,0.012189406379617322
0.0030843983437469405,0.0016899355788932582,0.0033025412826304676,0.011698880344705991
0.002631208093195001,0.0006472592524651719,0.0046576761144438514,0.012403259522026616
0.002571935282633393,0.0006807415740042728,0.004621742713470204,0.011596261497852443
0.003166095845928127,0.0016790412953967878,0.003235063173391807,0.012182206348827215
0.003082895882544526,0.0016928788074131993,0.003295658706709279,0.011692681849699788
0.0026298104979783263,0.0006495837915665681,0.0046531542159792775,0.012392426619555752
0.0025703887947721633,0.0006830593533416005,0.0046166783921511596,0.011586793923442836
0.0031649731231368394,0.0016818934085178023,0.0032283909362458693,0.012175015325378638
0.0030814203079411163,0.0016957865630435854,0.003288822611215573,0.011686487667752456
0.0026284203310032264,0.0006518854613283176,0.004648683242248736,0.012381614154502042
0.0025688513501645267,0.0006853530137846939,0.004611667442579378,0.01157734121818894
0.0031638762482100965,0.0016847116984729325,0.003221762179674693,0.012167833469685462
0.0030799713063062455,0.001698658821511426,0.0032820322864949947,0.011680297968963088
0.0026270373469537253,0.0006541642399562058,0.004644262742228544,0.01237082214687092
0.0025673226857122005,0.0006876225320622412,0.004606709360271888,0.011567903427865126
0.0031628049549008576,0.001687496155256598,0.003215176224428259,0.01216066093554186
0.003078548566240552,0.0017014955720063701,0.003275287029976166,0.011674112917406106
0.0026256613043788694,0.0006564201146173061,0.004639892266441965,0.012360050613007679
0.002565802542101451,0.0006898678941336546,0.004601803642773269,0.011558480594781647
0.0031617589787073085,0.0016902467815158803,0.0032086323984486017,0.012153497870076368
0.0030771517785400256,0.0017042968168369682,0.0032685861463030226,0.011667932671214663
0.0026242919657303043,0.0006586530812450181,0.004635571366865237,0.012349299565507383
0.002564290663885715,0.0006920890949910564,0.004596949789424951,0.01154907275767479
0.0031607380568972224,0.0016929635923236524,0.003202130036739385,0.012146344414136164
0.0030757806360228995,0.0017070625711535837,0.0032619289473638275,0.01166175738284088
0.0026229290972375704,0.0006608631443715626,0.004631299597177077,0.012338569013158529
0.002562786799448172,0.0006942861384442113,0.004592147301540007,0.011539679951791412
0.0031597419287199805,0.0016956466148431017,0.003195668481359268,0.012139200702216375
0.0030744348338236395,0.0017097928626023584,0.003255314752274145,0.01165558719894123
0.0026215724689104235,0.0006630503169034575,0.0046270765128576296,0.012327858961249022
0.0025612907009014405,0.0006964590369251878,0.004587395682663728,0.011530302209084978
0.0031587703352652127,0.001698295888013063,0.003189247081555588,0.012132066862501662
0.00307311406938441,0.001712487731031474,0.0032487428873627807,0.011649422260509832
0.0026202218545806773,0.0006652146199068903,0.004622901671036648,0.012317169411560087
0.002559802124156557,0.0006986078112697264,0.004582694438444054,0.0115209395581348
0.0031578230194823274,0.0017009114622495768,0.003182865193739451,0.012124943017121418
0.0030718180423672105,0.001715147228155589,0.003242212686266277,0.011643262703032519
0.002618877031809781,0.0006673560824257053,0.004618774630700313,0.012306500362373416
0.0025583208288903364,0.0007007324905015407,0.004578043076711464,0.011511592024289698
0.0031568997263216035,0.001703493399148819,0.003176522181423685,0.012117829282156928
0.0030705464547612377,0.0017177714172418993,0.003235723489905472,0.011637108656483295
0.0026175377818574257,0.0006694747412616876,0.0046146949527850365,0.012295851808672683
0.00255684657848469,0.0007028331116253927,0.004573441107680755,0.01150225962975241
0.003156000202696938,0.001706041771157268,0.0031702174153139338,0.012110725767721427
0.0030692990109858847,0.0017203603727886302,0.003229274646458459,0.011630960245422331
0.0026162038897031667,0.0006715706407650443,0.0046106622001199585,0.012285223742182588
0.0025553791400096974,0.0007049097194156391,0.004568888043942496,0.011492942393613672
0.00315512419745771,0.0017085566612744087,0.0031639502732983054,0.012103632578126943
0.0030680754178029628,0.0017229141802105206,0.0032228655114070795,0.01162481758913518
0.0026148751439837754,0.0006736438326313208,0.0046066759375225285,0.012274616151404913
0.0025539182842424456,0.000706962366195887,0.004564383400467606,0.011483640331925846
0.0031542714614937726,0.0017110381627454497,0.0031577201404114474,0.012096549811970215
0.003066875384383886,0.0017254329355067893,0.003216495447548076,0.011618680801662853
0.002613551336942948,0.0006756943756984967,0.004602735731905466,0.012264029021775459
0.0025524637855948323,0.0007089911116243176,0.004559926694772643,0.011474353457814095
0.0031534417477298905,0.001713486378751632,0.0031515264088562886,0.01208947756219317
0.0030656986223943027,0.001727916744953119,0.003210163824944291,0.011612549991903033
0.002612232264431498,0.0006777223357282217,0.004598841152276021,0.012253462335714319
0.0025510154220819837,0.0007109960224877473,0.00455551744695359,0.011465081781505421
0.003152634811116661,0.0017159014220988775,0.003145368478009929,0.012082415916245759
0.0030645448459591744,0.0017303657247804268,0.0032038700209529244,0.011606425263720516
0.002610917725875052,0.0006797277852028799,0.004594991769761949,0.0122429160726891
0.002549572975325317,0.0007129771724833816,0.004551155179704637,0.011455825310414006
0.0031518504086552723,0.0017182834149211117,0.0031392457544072317,0.012075364956166028
0.0030634137716821406,0.0017327800008570102,0.0031976134202219455,0.011600306716023833
0.0026096075242047732,0.0006817108031229836,0.004591187157716472,0.01223239020934264
0.002548136230507153,0.0007149346419980144,0.004546839418393542,0.011446584049229649
0.003151088299470539,0.00172063248836664,0.0031331576517110975,0.01206832475868172
0.003062305118716882,0.0017351597083675244,0.0031913934146747787,0.011594194442839744
0.0026083014658436973,0.0006836714747965225,0.004587426891767265,0.012221884719534495
0.002546704976318235,0.0007168685179133731,0.004542569691156338,0.011437357999971542
0.00315034824475476,0.0017229487823099607,0.003127103590720747,0.012061295395334402
0.003061218608749815,0.0017375049915209868,0.003185209403470154,0.011588088533437244
0.0026069993606789425,0.0006856098916332338,0.004583710549793196,0.012211399574453176
0.0025452790049560734,0.00071877889337615,0.00453834552889973,0.011428147162063838
0.0031496300078187635,0.0017252324450319108,0.0031210829993699864,0.012054276932564844
0.0030601539660410123,0.0017398160032084298,0.003179060793044356,0.011581989072392716
0.002605701021998074,0.0006875261509425277,0.004580037712037748,0.012200934742675333
0.002543858112072649,0.0007206658676024798,0.004534166465351982,0.011418951532407042
0.0031489333541189508,0.001727483632948849,0.003115095312657258,0.01204726943185162
0.0030591109174079385,0.0017420929047291876,0.0031729469970417368,0.011575896139700382
0.002604406266468287,0.0006894203557328244,0.004576407961126412,0.012190490190263008
0.002542442096740995,0.0007225295456577245,0.004530032037160157,0.01140977110546015
0.0031482580512363786,0.0017297025102929794,0.0031091399726898006,0.012040272949781435
0.003058089192315313,0.0017443358654563525,0.0031668674363193473,0.011569809810841682
0.0026031149140958187,0.000691292614507301,0.004572820882100366,0.012180065880836779
0.0025410307614273653,0.0007243700382620042,0.004525941783884882,0.011400605873292547
0.003147603868905958,0.0017318892488383346,0.0031032164286150586,0.012033287538189937
0.003057088522788782,0.0017465450625559111,0.003160821538925266,0.01156373015692028
0.0026018267881808372,0.0006931430410630149,0.00456927606246106,0.01216966177565967
0.0025396239119547088,0.0007261874615686441,0.004521895248057819,0.011391455825672653
0.0031469705790450725,0.0017340440276033611,0.0030973241366118046,0.01202631324425174
0.0030561086435175896,0.001748720680674263,0.0031548087400736485,0.011557657244702653
0.002600541715276761,0.0006949717543015058,0.004565773092227961,0.012159277833709426
0.002538221357450706,0.0007279819369796721,0.00451789197524513,0.011382320950130111
0.0031463579557324817,0.001736167032574166,0.003091462559863533,0.012019350110588061
0.0030551492918261367,0.001750862911653945,0.0031488284821051607,0.011551591136751962
0.002599259525158833,0.0006967788780232111,0.004562311563934515,0.012148914011771763
0.002536822910327832,0.0007297535909298142,0.004513931514070745,0.011373201232019922
0.0031457657752361596,0.0017382584564113652,0.0030856311685380725,0.012012398175380102
0.003054210207691631,0.0017529719542322718,0.003142880214478159,0.01154553189149834
0.0025979800507729277,0.0006985645407421201,0.004558891072698981,0.012138570264494901
0.00253542838624217,0.0007315025546973045,0.0045100134162379514,0.011364096654600546
0.0031451938160267745,0.0017403184981876483,0.0030798294397296833,0.012005457472479192
0.003053291133739063,0.0017550480137624802,0.0031369633937319338,0.011539479563351543
0.0025967031281953264,0.0007003288754932934,0.004555511216249467,0.012128246544493201
0.002534037604045745,0.0007332289641987483,0.004506137236609284,0.011355007199104634
0.0031446418587780596,0.0017423473631006164,0.003074056857456209,0.01199852803149224
0.0030523918152906555,0.0017570913019218488,0.0031310774834453336,0.011533434202767196
0.0025954285965968265,0.0007020720196400162,0.004552171594949191,0.012117942802404488
0.002532650385754897,0.0007349329598047742,0.0045023025332037985,0.011345932844793074
0.003144109686353737,0.0017443452622142263,0.0030683129126125135,0.011991609877917647
0.003051512000338648,0.0017591020364443053,0.0031252219542113866,0.011527395856367237
0.0025941562981976027,0.0007037941146952423,0.004548871811818029,0.01210765898697122
0.0025312665565227874,0.0007366146861413807,0.004498508867234443,0.011336873569027768
0.0031435970838503084,0.001746312412183192,0.003062597102939016,0.01198470303322247
0.0030506514395415535,0.0017610804408304125,0.0031193962836144,0.011521364567011177
0.002592886078230846,0.0007054953061304105,0.004545611472591176,0.012097395045116439
0.002529885944573885,0.0007382742919039725,0.004494755803163186,0.011327829347349296
0.0031431038385787598,0.0017482490350050383,0.003056908932968204,0.011977807514960831
0.003049809886275493,0.00176302674409051,0.003113599956165499,0.011515340373894947
0.0025916177848840103,0.0007071757432045047,0.004542390185727817,0.01208715092201693
0.002528508381187441,0.0007399119296722826,0.0044910429087049,0.011318800153525573
0.0031426297400644603,0.0017501553577492638,0.003051247914008148,0.01197092333688722
0.0030489870965898047,0.0017649411804721222,0.0031078324632829737,0.01150932331264686
0.0025903512692786617,0.0007088355787764904,0.004539207562430994,0.012076926561172537
0.0025271337006526912,0.0007415277557293936,0.004487369754858146,0.011309785959628131
0.003142174580066945,0.0017520316123165315,0.0030456135640899835,0.011964050509025676
0.003048182829236148,0.0017668239892007476,0.0031020933032529447,0.011503313415405784
0.0025890863854141897,0.0007104749691384143,0.004536063216693113,0.012066721904475669
0.0025257617402203256,0.0007431219298753549,0.0044837359159407295,0.011300786736087665
0.0031417381525836504,0.001753878035186178,0.003040005407921222,0.011957189037812071
0.0030473968456505127,0.0017686754142224891,0.0030963819811800925,0.011497310710931541
0.002587822990130937,0.0007120940738435247,0.004532956765302407,0.012056536892287268
0.0025243923400737555,0.0007446946152590645,0.0044801409696111905,0.011291802451764348
0.0031413202538118495,0.0017556948671782057,0.0030344229768540427,0.011950338926165965
0.0030466289099938776,0.001770495703957503,0.003090698008938595,0.011491315224663096
0.0025865609430668264,0.0007136930555298824,0.004529887827880108,0.012046371463503016
0.0025230253432813373,0.0007462459781991088,0.004476584496891189,0.011282833074004921
0.00314092068221224,0.001757482353207134,0.003028865808837062,0.011943500173596725
0.003045878789091042,0.001772285111047606,0.003085040905152987,0.011485326978835584
0.0025853001066195743,0.0007152720797661196,0.004526856026882202,0.012036225555623855
0.002521660595768315,0.0007477761880171251,0.004473066082174562,0.011273878568702999
0.0031405392384303427,0.001759240742060709,0.003023333448368027,0.01193667277631514
0.0030451462524682554,0.0017740438921184033,0.0030794101951240626,0.01147934599255847
0.002584040345904303,0.0007168313148765593,0.0045238609876310796,0.012026099104811207
0.0025202979462642014,0.0007492854168654352,0.004469585313260281,0.011264938900360158
0.0031401757253736455,0.0017609702861618225,0.003017825446444903,0.011929856727312171
0.003044431072348026,0.0017757723075439746,0.0030738054108033503,0.011473372281891726
0.002582781528703703,0.0007183709317990709,0.004520902338350162,0.012015992045968028
0.0025189372462700683,0.0007507738395743232,0.004466141781358708,0.011256014032153518
0.0031398299481695986,0.001762671241353482,0.0030123413605183066,0.011923052016469033
0.0030437330236253793,0.0017774706212149122,0.003068226090735606,0.011467405859944942
0.0025815235254346594,0.0007198911039139552,0.004517979710153662,0.012005904312794321
0.002517578350021955,0.0007522416334773491,0.0044627350811270025,0.011247103925973858
0.0031395017141429664,0.0017643438666757507,0.00300688075444847,0.011916258630651242
0.0030430518838958933,0.0017791391003120463,0.0030626717800043553,0.01146144673695713
0.0025802662091109533,0.000721392006899775,0.004515092737072107,0.011995835837852496
0.0025162211144378935,0.0007536889782692648,0.004459364810663726,0.011238208542507209
0.0031391908328649164,0.0017659884241552494,0.0030014431984525624,0.011909476553780423
0.0030423874334067126,0.001780778015087876,0.003057142030205072,0.011455494920370636
0.002579009455300012,0.0007228738185805256,0.004512241056075237,0.011985786552626578
0.002514865399101842,0.0007551160558404243,0.00445603057152214,0.01122932784126497
0.0031388971160942695,0.0017676051785968877,0.002996028269055955,0.011902705766971635
0.0030417394550708078,0.001782387638651356,0.003051636399365498,0.011449550414945279
0.0025777531420751315,0.0007243367187834832,0.00450942430707456,0.011975756387586634
0.0025135110662066872,0.0007565230501362712,0.004452731968732438,0.011220461780666859
0.003138620377800509,0.0017691943973824167,0.002990635549031761,0.011895946248580336
0.003041107734464799,0.0017839682467543938,0.0030461544519179316,0.01144361322279655
0.00257649714998908,0.000725780889193767,0.0045066421329421754,0.011965745272248255
0.002512157980523646,0.0007579101470034209,0.004449468610808353,0.011211610318068688
0.0031383604341570417,0.0017707563502688609,0.0029852646273646507,0.011889197974312192
0.003040492059816997,0.0017855201175908072,0.003040695758636451,0.01143768334350385
0.002575241362022409,0.0007272065132195294,0.004503894179523757,0.011955753135224503
0.0025108060093553836,0.000759277534056179,0.004446240109753191,0.011202773409830023
0.0031381171035418467,0.0017722913092032071,0.0029799150991792265,0.011882460917312132
0.0030398922219807075,0.0017870435315979717,0.0030352598965806845,0.011431760774189927
0.0025739856635534804,0.0007286137758523788,0.0045011800956390935,0.011945779904288308
0.002509455022518874,0.0007606254005248789,0.004443046081064019,0.011193951011359646
0.0031378902064930175,0.0017737995481259827,0.0029745865657046047,0.011875735048255176
0.0030393080144426026,0.0017885387712583728,0.0030298464490559934,0.011425845509586727
0.0025727299423135707,0.000730002863539737,0.00449849953310662,0.011935825506429912
0.002508104892278477,0.0007619539371325477,0.004439886143740386,0.01118514307718497
0.0031376795657552976,0.0017752813427977954,0.002969278634202865,0.011869020335416728
0.0030387392333128863,0.0017900061209126903,0.0030244550055429226,0.011419937542118076
0.0025714740883542022,0.0007313739640499986,0.004495852146741467,0.011925889867897683
0.0025067554933322217,0.0007632633359553284,0.004436759920306347,0.011176349560959087
0.0031374850062021154,0.0017767369706150752,0.002963990917935083,0.011862316744774618
0.0030381856772900688,0.0017914458665817764,0.0030190851616465272,0.01141403686198284
0.002570217994007905,0.0007327272663513761,0.004493237594344244,0.011915972914288314
0.0025054067027646394,0.0007645537902940854,0.004433667036780694,0.01116757041555524
0.0031373063548997397,0.0017781667104385154,0.0029587230360965814,0.011855624240072376
0.0030376471476723436,0.0017928582957732052,0.0030137365190609127,0.01140814345721354
0.0025689615538492193,0.0007340629604931362,0.0044906555367424305,0.011906074570537202
0.002504058400012448,0.0007658254945518283,0.004430607122691147,0.01115880559309152
0.00313714344104149,0.0017795708424326222,0.0029534746137398174,0.011848942782934507
0.0030371234483269702,0.0017942436973264564,0.0030084086854837147,0.011402257313763313
0.002567704664654047,0.0007353812374804405,0.004488105637777458,0.011896194761029488
0.00250271046683271,0.0007670786441078882,0.004427579811102215,0.011150055044973831
0.0031369960959702625,0.001780949647891107,0.002948245281764245,0.011842272332899915
0.0030366143856845104,0.0017956023612304341,0.003003101274576417,0.011396378415573952
0.0025664472253804737,0.0007366822891638569,0.004485587564295708,0.011886333409614723
0.002501362787254347,0.000768313435206182,0.004424584738570411,0.011141318721959786
0.003136864153136527,0.0017823034090909723,0.002943034676818783,0.011835612847542372
0.0030361197687173943,0.0017969345784671692,0.0029978139059064005,0.011390506744647224
0.002565189137113021,0.0007379663081223627,0.004483100986165943,0.011876490439665228
0.0025000152475595228,0.000769530064832672,0.004421621545169374,0.011132596574173927
0.003136747448126748,0.0017836324091318719,0.002937842441264089,0.011828964282524963
0.0030356394089400495,0.0017982406408517696,0.002992546204889787,0.011384642281111648
0.002563930303030187,0.000739233487566954,0.004480645576287973,0.011866665774123092
0.0024986677362342966,0.0007707287306088567,0.004418689874489524,0.011123888551185691
0.0031366458186082267,0.0017849369317939061,0.0029326682231120864,0.011822326591679356
0.0030351731203666944,0.0017995208408781546,0.0029872978027283108,0.011378785003296008
0.0025626706283887525,0.0007404840212152094,0.004478221010571266,0.011856859335542574
0.002497320143944977,0.0007719096306800239,0.004415789373627425,0.011115194602013748
0.0031365591043464457,0.0017862172613840983,0.002927511675976686,0.011815699727089821
0.003034720719506829,0.0018007754715731648,0.002982068336362339,0.011372934887792016
0.002561410020465966,0.0007417181032119587,0.0044758269679417775,0.011847071046146384
0.002495972363495712,0.0007730729636149484,0.004412919693166997,0.011106514675211215
0.0031364871471701848,0.0017874736826140002,0.002922372459000979,0.011809083639148534
0.003034282025360019,0.0018020048263485957,0.0029768574484039653,0.011367091909520696
0.0025601483885404753,0.00074293592801118,0.004473463130356381,0.011837300827844774
0.002494624289806733,0.0007742189282978487,0.0044100804871945445,0.011097848718855653
0.0031364297909838306,0.001788706480448991,0.0029172502368089667,0.011802478276641212
0.0030338568593728777,0.0018032091988691259,0.002971664787083146,0.011361256041800112
0.0025588856438506532,0.0007441376902950426,0.004471129182775084,0.011827548602306422
0.002493275819859243,0.0007753477238382981,0.004407271413288046,0.011089196680632466
0.0031363868817151624,0.001789915939990864,0.002912144679452437,0.011795883586816071
0.0030334450454495942,0.0018043888829134293,0.0029664900061866727,0.011355427256399743
0.0025576216995752635,0.0007453235848698394,0.004468824813174586,0.011817814290973425
0.002491926852687579,0.0007764595494677185,0.004404492132502324,0.011080558507840368
0.003136358267337944,0.0017911023463451632,0.0029070554623441057,0.011789299515440502
0.003033046409899806,0.0018055441722445737,0.0029613327650029374,0.011349605523620843
0.002556356470779495,0.00074649380658407,0.0044665497125360165,0.011808097815127514
0.002490577289335283,0.0007775546044538411,0.004401742309352972,0.011071934147449754
0.0031363437978297547,0.0017922659845053886,0.0029019822662051304,0.011782726006882545
0.003032660781447049,0.0018066753604865857,0.0029561927282662362,0.011343790812333453
0.002555089874408606,0.0007476485502395749,0.004464303574841429,0.011798399095902346
0.002489227032821254,0.000778633088007519,0.004399021611834344,0.011063323546122317
0.0031363433251695694,0.0017934071392338498,0.002896924777005494,0.011776163004166102
0.0030322879911837265,0.0018077827410075522,0.0029510695660911073,0.011337983090056153
0.0025538218292384617,0.0007487880105068888,0.004462086097069007,0.011788718054337826
0.0024878759881125177,0.000779695199199774,0.004396329711374107,0.011054726650259262
0.0031363567033212123,0.0017945260949498883,0.0028918826859079,0.011769610449037769
0.0030319278725901427,0.001808866606794327,0.0029459629539152236,0.0113321823229974
0.0025525522558523203,0.0007499123818485794,0.004459896979188405,0.01177905461140872
0.0024865240620912453,0.0007807411368816122,0.004393666282845836,0.01104614340602607
0.0031363837882057784,0.0017956231356269386,0.0028868556892107248,0.01176306828202597
0.0030315802614628955,0.0018099272503539347,0.0029408725724458934,0.011326388476127169
0.002551281076612229,0.000751021858434842,0.004457735924137068,0.011769408688072745
0.0024851711635318135,0.0007817710995945938,0.004391031004547977,0.011037573759383773
0.0031364244376943656,0.0017966985446767362,0.0028818434882898927,0.011756536442512656
0.0030312449959246693,0.0018109649635930584,0.002935798107602474,0.011320601513221165
0.0025500082156284607,0.0007521166340771941,0.004455602637820962,0.011759780205282937
0.0024838172030579296,0.0007827852855075085,0.004388423558176822,0.011029017656133192
0.003136478511589822,0.0017977526048677586,0.0028768457895341553,0.011750014868780643
0.0030309219163952624,0.0018119800377261175,0.002930739250451969,0.01131482139691746
0.0025487335987272003,0.0007531969021512503,0.004453496829129519,0.011750169084032754
0.002482462093122512,0.0007837838923301099,0.004385843628851977,0.011020475041931817
0.0031365458716012574,0.0017987855982128508,0.0028718623043002905,0.01174350349807687
0.0030306108655915147,0.0018129727631686237,0.0029256956971453326,0.011309048088774275
0.002547457153428754,0.0007542628555267986,0.004451418209875274,0.011740575245401985
0.002481105747974281,0.0007847671172529494,0.004383290905057674,0.01101194586233185
0.003136626381326181,0.0017997978058833372,0.002866892748855482,0.011737002266664368
0.003030311688448258,0.001813943429447036,0.0029206671488811666,0.011303281549319743
0.0025461788089223927,0.0007553146865040526,0.004449366494803372,0.011730998610562083
0.002479748083645374,0.0007857351568689144,0.004380765078630715,0.01100343006279928
0.0031367199062460323,0.0018007895081253347,0.002861936844308366,0.011730511109889041
0.0030300242321512493,0.0018148923251030626,0.002915653311829311,0.011297521738094412
0.0025448984960168806,0.0007563525867528751,0.004447341401617939,0.011721439100817419
0.002478389017894258,0.0007866882071169636,0.004378265844772523,0.01099492758875912
0.0031368263137074386,0.0018017609841722317,0.002856994316549942,0.011724029962218361
0.0030297483460896162,0.0018158197376131442,0.0029106538970705043,0.011291768613715818
0.0025436161471507064,0.000757376747240423,0.00444534265090643,0.011711896637638554
0.002477028470200995,0.0007876264632147535,0.004375792902030077,0.010986438385598707
0.0031369454728635677,0.0018027125121580585,0.0028520648962234415,0.011717558757305072
0.003029483881849128,0.0018167259532995293,0.002905668620552822,0.011286022133907656
0.0025423316963347157,0.0007583873581882984,0.004443369966152246,0.011702371142692156
0.0024756663617360214,0.0007885501195982057,0.004373345952227183,0.010977962398726542
0.003137077254693331,0.0018036443690507347,0.002847148318649012,0.011711097428031652
0.003029230693163775,0.0018176112572499752,0.002900697203027935,0.011280282255557841
0.0025410450791452676,0.0007593846089972444,0.004441423073738158,0.011692862537844694
0.002474302615327835,0.0007894593698634217,0.004370924700503407,0.010969499573554704
0.003137221531990475,0.0018045568305731455,0.0028422443237522796,0.011704645906568622
0.0030289886358964876,0.0018184759332494091,0.0028957393699915487,0.011274548934772274
0.0025397562326813753,0.0007603686882178357,0.004439501702902653,0.011683370745228582
0.0024729371554464753,0.0007903544067168668,0.0043685288552639066,0.010961049855565496
0.00313737817930672,0.001805450171131241,0.0028373526560417366,0.011698204124406279
0.0030287575680471358,0.0018193202636978712,0.002890794851627717,0.01126882212689045
0.002538465095571611,0.0007613397834721374,0.0044376055857432645,0.011673895687225148
0.0024715699081658757,0.0007912354219162808,0.004366158128177524,0.01095261319031025
0.00313754707293879,0.0018063246637504717,0.002832473064539781,0.01169177201241924
0.0030285373496922747,0.0018201445295478352,0.002885863382751886,0.01126310178656282
0.0025371716079130315,0.000762298081423465,0.004435734457172347,0.011664437286528075
0.00247020080115032,0.0007921026062237561,0.004363812234124785,0.010944189523432363
0.0031377280909403687,0.0018071805800102074,0.0028276053027146662,0.01168534950090614
0.003028327842971135,0.0018209490102332965,0.0028809447027603177,0.01125738786776916
0.0025358757112727364,0.0007632437677259689,0.004433888054939752,0.011654995466121896
0.0024688297636286266,0.0007929561493575593,0.004361490891211231,0.010935778800697477
0.003137921113062383,0.0018080181899860397,0.0028227491284419574,0.011678936519626714
0.003028128912061601,0.001821733983616684,0.002876038555566945,0.011251680323866968
0.002534577348657688,0.0007641770269720663,0.004432066119584739,0.011645570149357416
0.0024674567263616434,0.0007937962399446803,0.004359193820722095,0.010927380968024803
0.003138126020756209,0.0018088377621828533,0.002817904303950708,0.011672532997848229
0.0030279404231577886,0.00182249972591581,0.002871144689550283,0.011245979107628446
0.002533276464495723,0.0007650980426587447,0.004430268394415124,0.01163616125992992
0.0024660816216307718,0.0007946230654835992,0.00435692074710228,0.010918995971470146
0.003138342697122863,0.0018096395634981033,0.002813070595752828,0.011666138864408336
0.0030277622444564354,0.001823246511660608,0.002866262857496504,0.01124028417128844
0.0025319730046056608,0.0007660069971462339,0.0044284946255133215,0.01162676872191518
0.002464704383202876,0.0007954368122916136,0.004354671397948949,0.010910623757291998
0.003138571026933084,0.0018104238591497275,0.002808247774613748,0.0116597540477117
0.0030275942461043173,0.001823974613630819,0.0028613928165461084,0.01123459546656549
0.0025306669161884545,0.000766904071610894,0.0044267445616833325,0.011617392459802808
0.002463324946318782,0.0007962376654789469,0.004352445503963953,0.010902264271936777
0.0031388108965674736,0.0018111909126411554,0.0028034356154786376,0.01165337847581471
0.0030274363001939943,0.001824684302811805,0.0028565343281452197,0.01122891294471141
0.0025293581477924183,0.0007677894460238147,0.004425017954455692,0.01160803239848927
0.002461943247670828,0.0007970258089012422,0.004350242798933197,0.010893917462068812
0.0031390621940119603,0.0018119409857108757,0.0027986338974312994,0.011647012076438801
0.003027288280731745,0.0018253758483433899,0.0028516871579804476,0.011223236556540235
0.002528046649308235,0.0007686632990997742,0.004423314558055929,0.011598688463316862
0.002460559225364529,0.0007978014251313711,0.00434806301972555,0.010885583274596869
0.0031393248088511356,0.0018126743382877082,0.002793842403636726,0.011640654776999116
0.0030271500636046248,0.0018260495174755556,0.0028468510759330204,0.011217566252463937
0.0025267323719396595,0.0007695258082785262,0.004421634129370878,0.011589360580086576
0.0024591728189272567,0.0007985646954225155,0.004345905906228706,0.010877261656670018
0.003139598632177849,0.0018133912284521167,0.002789060921297682,0.011634306504676669
0.0030270215265857194,0.0018267055755295223,0.002842025856018725,0.011211901982524036
0.0025254152681830812,0.0007703771496850487,0.004419976427943542,0.011580048675069878
0.0024577839692573877,0.0007993157996772711,0.00434377120134776,0.0108689525557117
0.0031398835566799834,0.0018140919123955318,0.0027842892415916344,0.011627967186408508
0.0030269025492490535,0.001827344285855334,0.002837211276348345,0.011206243696427974
0.0025240952918189293,0.0007712174981052403,0.0044183412159443086,0.01157075267502771
0.0024563926186233383,0.0008000549164209846,0.004341658650980308,0.010860655919424964
0.0031401794765056504,0.0018147766443882896,0.002779527159626659,0.011621636748960381
0.0030267930130162914,0.0018279659097947473,0.002832407119056196,0.011200591343569658
0.002522772397880063,0.0007720470269566354,0.004416728258138836,0.011561472507233385
0.002454998710642998,0.0008007822227699935,0.0043395680039682045,0.010852371695815818
0.00314048628731345,0.0018154456767403722,0.002774774474398784,0.011615315118927817
0.0030266928010647593,0.0018285707066504114,0.0028276131702683507,0.011194944873074967
0.002521446542651813,0.0007728659082630952,0.00441513732185975,0.011552208099474548
0.002453602190249802,0.0008014978944094998,0.004337499012085849,0.010844099833198739
0.0031408038862185063,0.0018160992597746144,0.0027700309887235546,0.011609002222792267
0.003026601798357136,0.001829158933645674,0.0028228292200359545,0.0111893042338149
0.002520117683632865,0.0007736743126299213,0.004413568177010611,0.011542959380074366
0.0024522030036902053,0.0008022021055689433,0.004335451430013177,0.010835840280215014
0.0031411321717748036,0.0018167376417960704,0.0027652965092054825,0.011602697986930918
0.0030265198915687508,0.0018297308459104408,0.002818055062287752,0.011183669374442044
0.0025187857795372233,0.0007744724092240761,0.004412020596001275,0.011533726277914208
0.0024508010985025853,0.0008028950289945565,0.004333425015286819,0.010827592985848327
0.003141471043955254,0.001817361069062077,0.002760570846183452,0.011596402337660182
0.0030264469690939044,0.0018302866964309784,0.0028132904947902964,0.011178040243416173
0.002517450790271951,0.0007752603657496524,0.004410494353739283,0.01152450872242076
0.002449396423491883,0.0008035768359370219,0.004331419528292897,0.01081935789942396
0.0031418204041089855,0.001817969785765594,0.002755853813673615,0.011590115201265124
0.0030263829209859656,0.0018308267360515878,0.00280853531908048,0.011172416789039182
0.002516112676913812,0.000776038348431091,0.004408989227608492,0.01151530664361552
0.0024479889287250963,0.0008042476961199967,0.004329434732222763,0.010811134970640773
0.003142180154977098,0.0018185640339962493,0.002751145229341966,0.011583836504003223
0.0030263276389823,0.0018313512134207216,0.002803789340438623,0.011166798959451968
0.0025147714017031363,0.0007768065219927939,0.004407504997439607,0.01150611997209108
0.002446578565487877,0.0008049077777391807,0.004327470393052806,0.010802924149569888
0.0031425502006198623,0.0018191440537445823,0.002746444914423762,0.011577566172175337
0.0030262810164397337,0.0018318603750006642,0.0027990523678046906,0.011161186702698653
0.002513426928029215,0.0007775650496459321,0.00440604144546638,0.011496948639039592
0.002445165286298368,0.0008055572474279637,0.004325526279516072,0.010794725386658837
0.0031429304464168774,0.0018197100828519865,0.0027417526937281696,0.011571304132095984
0.0030262429483032005,0.001832354465024366,0.0027943242137699054,0.011155579966717406
0.0025120792204123103,0.0007783140930662584,0.004404598356300784,0.011487792576278189
0.0024437490448835563,0.0008061962702497559,0.004323602163040164,0.010786538632766404
0.00314332079904219,0.0018202623570152488,0.002737068395546337,0.01156505031016532
0.0030262133310963208,0.0018328337254873198,0.00278960469451257,0.011149978699373909
0.0025107282444841446,0.0007790538123890093,0.004403175516925425,0.011478651716223783
0.002442329796155913,0.0008068250096870303,0.004321697817748465,0.010778363839141785
0.003143721166443188,0.0018208011097686945,0.0027323918516174123,0.011558804632870883
0.0030261920628929773,0.001833298396135879,0.002784893629739273,0.011144382848499728
0.002509373966988636,0.0007797843661872495,0.004401772716648519,0.011469525991926193
0.0024409074961856676,0.0008074436276251259,0.004319813020433786,0.010770200957459857
0.003144131457796594,0.0018213265724575526,0.002727722897105703,0.011552567026801795
0.003026179043313848,0.0018337487144425477,0.0027801908426440592,0.011138792361875129
0.002508016355750334,0.0007805059114664792,0.0044003897470674255,0.011460415337085719
0.0024394821022172197,0.0008080522843424862,0.004317947550494597,0.010762049939813733
0.003144551583509278,0.001821838974235988,0.002723061370528021,0.011546337418690955
0.003026174173433678,0.0018341849156035051,0.002775496159881571,0.01113320718728876
0.002506655379679574,0.000781218603649023,0.0043990264020421855,0.011451319686035773
0.002438053572638391,0.0008086511384968792,0.00431610118991989,0.01075391073872366
0.003144981455172129,0.00182233854205535,0.0027184071137271552,0.011540115735425297
0.003026177355815093,0.0018346072325226917,0.002770809411494381,0.011127627272540252
0.002505291008747802,0.0007819225965683549,0.004397682477674488,0.01144223897377418
0.002436621866955506,0.0008092403471184405,0.0043142737232576295,0.010745783307164514
0.003145420985542532,0.0018228255006477654,0.002713759971824639,0.01153390190406391
0.003026188494479068,0.0018350158958008193,0.002766130430887642,0.011122052565444067
0.002503923213975031,0.0007826180424603383,0.004396357772273595,0.011433173135959703
0.002435186945795763,0.0008098200656054245,0.004312464937581025,0.010737667598548616
0.0031458700885218897,0.0018233000725272402,0.002709119793174824,0.01152769585186647
0.0030262074948388122,0.0018354111337350403,0.00276145905476902,0.01111648301388114
0.0025025519674245957,0.0007833050919516391,0.00439505208630857,0.01142412210892225
0.002433748770885258,0.000810390447711384,0.004310674622452358,0.010729563566739939
0.0031463286791304956,0.0018237624779740885,0.0027044864293300553,0.011521497506296679
0.0030262342637193437,0.001835793172304346,0.0027567951231159665,0.01111091856578226
0.002501177242193234,0.0007839838940569539,0.004393765222398776,0.011415085829668895
0.0024323073050418168,0.0008109516455430817,0.004308902569887986,0.01072147116607325
0.0031467966734582066,0.0018242129350352833,0.0026998597349982487,0.011515306795054688
0.0030262687093023516,0.0018361622351685846,0.0027521384791282617,0.011105359169166797
0.0024997990123920536,0.0007846545961713775,0.004392496985260494,0.011406064235895115
0.002430862512154692,0.0008115038095523941,0.0043071485743298495,0.010713390351346391
0.0031472739886887085,0.0018246516595163704,0.0026952395679917416,0.011509123646086613
0.0030263107410934396,0.0018365185436641186,0.002747488969189413,0.011099804772152694
0.002498417253134898,0.0007853173440690547,0.0043912471816932525,0.011397057265987252
0.0024294143571798555,0.0008120470885340655,0.004305412432596659,0.010705321077832914
0.0031477605430311334,0.0018250788649790532,0.002690625789200844,0.011502947987606696
0.00302636026993758,0.0018368623168000188,0.002742846442817886,0.011094255322963608
0.002497031940536253,0.0007859722818934834,0.004390015620545839,0.011388064859023054
0.0024279628061169406,0.0008125816296260175,0.004303693943882803,0.01069726330128443
0.003148256255707275,0.0018254947627427505,0.0026860182625456463,0.011496779748100717
0.0030264172079565756,0.0018371937712604468,0.0027382107526217146,0.011088710769952149
0.002495643051696993,0.0007866195521624541,0.004388802112660442,0.011379086954790464
0.002426507826005895,0.0008131075783020439,0.004301992909690435,0.010689216977937923
0.003148761046931358,0.0018258995618762649,0.002681416854941954,0.011490618856354818
0.0030264814685321533,0.0018375131213984553,0.002733581754270523,0.011083171061614053
0.002494250564689407,0.0007872592957566321,0.004387606470862236,0.011370123493786988
0.002425049384920172,0.0008136250783695911,0.004300309133799327,0.010681182064524026
0.0031492748378748377,0.0018262934692043584,0.002676821436261982,0.01148446524146161
0.003026552966275699,0.0018378205792417043,0.0027289593064489053,0.011077636146597382
0.0024928544585553847,0.0007878916519245828,0.004386428509918558,0.011361174417216473
0.0024235874519421448,0.0008141342719721917,0.004298642422248704,0.01067315851826378
0.0031497975506617703,0.0018266766893050303,0.0026722318792884534,0.011478318832836246
0.003026631617012316,0.0018381163544918182,0.002724343270816101,0.011072105973717012
0.0024914547132927943,0.0007885167582820985,0.004385268046515425,0.01135223966699836
0.002422121997156343,0.0008146352995954202,0.00429699258329627,0.010665146296880496
0.0031503291083065776,0.001827049424515104,0.0026676480596886506,0.011472179560230587
0.003026717337766847,0.001838400654530733,0.0027197335119534694,0.01106658049196168
0.002490051309848589,0.0007891347508055912,0.004384124899198298,0.011343319185788152
0.0024206529916432455,0.00081512830005221,0.004295359427383776,0.010657145358596675
0.003150869434736529,0.001827411874923265,0.0026630698559753758,0.011466047353734774
0.003026810046703469,0.0018386736844176908,0.002715129897352342,0.011061059650515624
0.0024886442301005193,0.0007897457638416031,0.004382998888356527,0.011334412916954592
0.002419180407472354,0.0008156134105002462,0.004293742767076848,0.010649155662147811
0.003151418454721916,0.0018277642383895056,0.002658497149458993,0.011459922143809248
0.003026909663130835,0.0018389356469006753,0.0027105322973525903,0.011055543398765477
0.0024872334568662507,0.0007903499301018356,0.00438188983620145,0.011325520804594051
0.0024177042176692677,0.0008160907664366388,0.004292142417084462,0.010641177166775678
0.0031519760938821524,0.001828106710535587,0.002653929824225872,0.011453803861278204
0.0030270161074776054,0.001839186742419749,0.002705940585110605,0.011050031686296652
0.0024858189738737363,0.000790947380664453,0.004380797566702474,0.01131664279355298
0.0024162243962355724,0.0008165605016999919,0.00429055819417596,0.010633209832235598
0.0031525422786483847,0.0018284394847536336,0.0026493677670988325,0.011447692437344403
0.0030271293012311662,0.0018394271691105,0.002701354636570937,0.011044524462934493
0.0024844007657726474,0.000791538244985343,0.004379721905567147,0.011307778829388009
0.00241474091811896,0.0008170227484753803,0.004288989917152835,0.01062525361880372
0.003153116936225299,0.0018287627522200174,0.002644810867595654,0.011441587803609833
0.0030272491669680944,0.0018396571228142529,0.002696774330416975,0.011039021678718808
0.002482978818109245,0.0007921226508872126,0.004378662680223137,0.0112989288584123
0.0024132537592124847,0.0008174776373008594,0.004287437406841641,0.010617308487268403
0.00315369999460432,0.0018290767018878547,0.002640259017901108,0.011435489892063687
0.003027375628286951,0.001839876797087918,0.002692199548036371,0.011033523283934338
0.0024815531173270206,0.0007927007245759351,0.004377619719753758,0.011290092827681949
0.0024117628963363385,0.0008179252970712153,0.0042859004860388425,0.010609374398948981
0.0031542913825037804,0.0018293815205061472,0.00263571211283457,0.011429398635108497
0.003027508609812632,0.0018400863832045702,0.002687630173491229,0.011028029229119126
0.0024801236507640168,0.0007932725906366749,0.004376592854879164,0.011281270684980058
0.0024102683072358363,0.0008183658550406923,0.004284378979473515,0.01060145131567766
0.0031548910293596726,0.0018296773926218626,0.002631170049806731,0.011423313965572505
0.0030276480371334413,0.001840286070173541,0.002683066093478039,0.011022539465060927
0.0024786904066281135,0.0007938383720412507,0.0043755819179316065,0.01127246237885129
0.002408769970582003,0.0008187994368264414,0.004282872713771719,0.010593539199820522
0.003155498865294757,0.0018299645005880215,0.0026266327288020793,0.011417235816692628
0.003027793836825615,0.00184047604473769,0.002678507197301545,0.011017053942807511
0.0024772533740127106,0.0007943981901529008,0.004374586742803809,0.0112636678585747
0.0024072678659335686,0.0008192261664231391,0.004281381517437091,0.010585638014271436
0.0031561148211048298,0.0018302430245787592,0.0026221000523262298,0.011411164122151058
0.003027945936404266,0.0018406564913973234,0.002673953376813801,0.011011572613688363
0.002475812542859128,0.0007949521647330344,0.004373607164930333,0.011254887074185075
0.002405761973754044,0.0008196461662031981,0.00427990522080929,0.010577747722445728
0.003156738828238373,0.0018305131425861564,0.002617571925391365,0.011405098816063355
0.003028104264303525,0.0018408275924060489,0.002669404526415319,0.011006095429300023
0.00247436790398548,0.0007955004139430958,0.004372643021237563,0.011246119976459374
0.0024042522753935295,0.000820059556926872,0.00427844365602897,0.010569868288297974
0.003157370818740223,0.001830775030445877,0.0026130482554785,0.01139903983299153
0.003028268749841929,0.0018409895278002275,0.0026648605429899193,0.011000622341531275
0.002472919449050546,0.0007960430543528603,0.004371694150116328,0.011237366516932436
0.0024027387530843546,0.0008204664577425886,0.004276996656989969,0.01056199967630592
0.0031580107252732344,0.0018310288618321967,0.002608528952503174,0.011392987107947125
0.0030284393232314255,0.0018411424753884214,0.0026603213259027373,0.010995153302549226
0.0024714671705515505,0.000796580200950737,0.004370760391402815,0.011228626647887215
0.0024012213899289353,0.000820866986207019,0.004275564059329372,0.01055414185148525
0.0031586584810693974,0.0018312748082839469,0.0026040139287807538,0.011386940576406126
0.0030286159155227376,0.0018412866107864797,0.0026557867769321716,0.010989688264828646
0.0024700110618307556,0.0007971119671478858,0.004369841586331766,0.01121990032234924
0.0023997001698825974,0.0008212612582836581,0.004274145700389873,0.01054629477937986
0.003159314019925176,0.0018315130392000112,0.002599503099009152,0.011380900174298474
0.003028798458605606,0.0018414221074148078,0.0026512568002612638,0.010984227181134442
0.002468551117053974,0.0007976384647791534,0.0043689375774924235,0.011211187494110583
0.0023981750777644726,0.000821649388353614,0.004272741419170408,0.010538458426068839
0.0031599772761451285,0.0018317437218624126,0.002594996380228555,0.011374865838025702
0.003028986885168561,0.0018415491365172247,0.002646731302445201,0.010978770004541265
0.002467087331215996,0.0007981598041215769,0.004368048208820926,0.01120248811769972
0.0023966460992420773,0.000822031489228543,0.0042713510563034095,0.01053063275816131
0.0031606481845578584,0.0018319670214435432,0.002590493691791645,0.011368837504463006
0.003029181128700239,0.001841667867173893,0.0026422101923673454,0.010973316688432863
0.002465619700117438,0.0007986760938982282,0.004367173325552454,0.011193802148402949
0.0023951132208131164,0.0008224076721530282,0.004269974454022479,0.010522817742801904
0.003161326680488833,0.0018321831010202144,0.0025859949553348853,0.011362815110955358
0.003029381123440412,0.0018417784663127207,0.0026376933812181378,0.010967867186509763
0.0024641482203683622,0.0007991874412830673,0.0043663127741952615,0.011185129542258346
0.002393576429806955,0.0008227780468198657,0.004268611456132307,0.010515013347670289
0.003162012699717854,0.0018323921215847802,0.002581500094747673,0.011356798595331254
0.003029586804393279,0.0018418810987298868,0.0026331807824543146,0.010962421452782135
0.0024626728893853635,0.00079969395191456,0.004365466402497262,0.011176470256043427
0.002392035714374107,0.0008231427213786864,0.004267261907981868,0.01050721954097284
0.003162706178464283,0.0018325942420572069,0.002577009036153281,0.011350787895907207
0.0030297266543899658,0.0018419324870695367,0.0026286103187800514,0.010956721038911443
0.0024611923095132836,0.0008001920220205653,0.004364630635296399,0.01116776080654477
0.0023904933189723677,0.0008234986395272593,0.004265909238188042,0.010499351418756967
0.003163427098790132,0.001832794466661917,0.0025724984965368033,0.01134485645335696
0.0030297195315559557,0.00184190716381158,0.0026239011222075194,0.01095059132394255
0.0024596922088694112,0.0008006920794099768,0.004363800705021225,0.011158928652105183
0.002388937622367742,0.0008238534152772475,0.004264552447805709,0.01049135480706058
0.003164180118605585,0.0018329975242362693,0.0025679594478277452,0.011339027803915418
0.0030297141526221256,0.0018418925096741756,0.0026191622345931027,0.010944520657658923
0.0024581771106116433,0.0008011992081758878,0.004362985526582094,0.011150129955245235
0.002387360780091981,0.0008242108427990062,0.004263250069621714,0.010483432683505293
0.0031649226470958445,0.001833184465328601,0.0025634636366737153,0.011333104596635519
0.00302975107925192,0.0018418547116136564,0.0026144547875772335,0.010938345553766462
0.002456677586303814,0.0008016825382241954,0.00436217369070771,0.011141410698589791
0.0023857906286987884,0.0008245515077453907,0.004261955406096968,0.01047553309253348
0.003165668324763119,0.0018333610982440075,0.002558981736136427,0.011327200257205777
0.0030297581120413315,0.0018418174535169021,0.0026097552567481185,0.010932229258693523
0.0024551587496154065,0.0008021767257490046,0.004361354213633081,0.011132643290520263
0.0023842105551878548,0.0008249001866756996,0.004260624219735374,0.010467605994721924
0.003166414137127617,0.0018335502179438789,0.002554473788723438,0.011321345900846805
0.003029762121022198,0.0018417759898725983,0.0026050584123343866,0.010926124175225673
0.0024536317113289245,0.0008026647180458838,0.004360577954012568,0.011123897190068264
0.0023826307851151692,0.0008252336647380746,0.00425933821915099,0.010459716877577538
0.003167206398421933,0.0018337188442528786,0.0025499870300422136,0.011315430919564102
0.003029798395656686,0.0018417213247444502,0.00260036739534233,0.010919966327678976
0.0024521035536395385,0.00080314991810956,0.004359811018383035,0.011115200037425256
0.002381035478332169,0.0008255726929545146,0.004258071855778344,0.010451839788255013
0.0031679689387244417,0.0018338877705198868,0.0025455014776457592,0.011309555240199791
0.0030298360464505645,0.0018416648455001415,0.002595668869429534,0.010913855210282177
0.0024505760585716544,0.0008036286507605111,0.004359029216713507,0.011106470994999082
0.002379445212474852,0.0008259022224185889,0.004256792882347688,0.010443944475854231
0.003168748874196031,0.0018340487977241639,0.002541017412174546,0.01130369187406248
0.0030298603773085777,0.0018415997701040463,0.002590983442324578,0.010907737798901501
0.0024490413530407072,0.000804107273389158,0.004358275134530848,0.011097783179987155
0.0023778523480797883,0.0008262268026069629,0.0042555302441554385,0.010436092997512048
0.0031695468147901313,0.0018342018142646957,0.0025365390512573395,0.011297807140090148
0.0030299068191694234,0.0018415217552158233,0.0025863063197618242,0.010901603935757169
0.0024475042176280624,0.0008045787315993446,0.004357538935000573,0.011089104702795468
0.0023762535160458914,0.0008265468692140359,0.004254283298960076,0.010428236520833105
0.0031703460614639807,0.0018343521413764763,0.002532058265919922,0.011291950005271601
0.0030299498834574705,0.001841443958382518,0.0025816202950262896,0.010895496071142952
0.002445961241056337,0.0008050498028026003,0.004356804302736542,0.011080427564612296
0.002374648041580009,0.0008268643999389588,0.004253046081156896,0.010420385729673902
0.0031711496069901372,0.001834495260403044,0.0025275851612452513,0.01128609505225771
0.0030300019163189747,0.0018413556478182403,0.002576944675284318,0.010889379792203781
0.0024444176215886095,0.0008055131995440586,0.004356083896078704,0.011071777404963564
0.002373042054194267,0.0008271735888493983,0.004251821220115037,0.010412558668518413
0.003171961921139422,0.0018346312193727639,0.0025231193534996205,0.01128023454235057
0.003030053230098482,0.0018412603391971588,0.002572276312237696,0.010883261707492063
0.0024428682427460944,0.0008059741766324932,0.004355375736354582,0.01106313900976536
0.0023714306089965293,0.0008274797320205899,0.004250602529177733,0.010404736185058619
0.003172779780947033,0.0018347646027881438,0.002518651942714719,0.011274392302349076
0.0030301083198116413,0.0018411599307101819,0.0025676090835358018,0.010877157774591684
0.0024413135415809924,0.0008064316860244225,0.004354680528054819,0.011054505379067603
0.002369814653941058,0.000827780809526474,0.004249397277653857,0.010396922708455724
0.003173606286269554,0.0018348922227951277,0.0025141890312783016,0.011268550210962403
0.003030168580549848,0.0018410529390979603,0.0025629456799713974,0.010871047169113386
0.0024397560382032855,0.0008068849404572809,0.004353998067773832,0.011045895758611651
0.002368194311779886,0.0008280771201681369,0.004248206949725809,0.01038912582634131
0.0031744382588572706,0.0018350132744382186,0.0025097325838234715,0.011262710137488002
0.0030302350540410195,0.001840938821917424,0.0025582869808043105,0.010864940162434219
0.0024381954986996434,0.0008073341094443625,0.004353323344370074,0.01103729460341821
0.0023665704804141535,0.0008283693706547387,0.004247022143496111,0.010381334436855339
0.0031752739526219975,0.001835131174553034,0.002505276626741327,0.011256882918785835
0.003030300067974376,0.001840819897573944,0.0025536311020509907,0.010858840688940486
0.002436630382973238,0.0008077805756762792,0.004352661108937884,0.011028705173149913
0.002364943568812773,0.0008286566552374805,0.004245847924130388,0.010373555297670038
0.0031761211375727853,0.0018352431882081143,0.002500824446930659,0.011251055772778077
0.0030303723478919166,0.0018406936479519588,0.0025489801740379734,0.010852737733413578
0.0024350617432178684,0.0008082234168622438,0.004352012545438651,0.011020132761617936
0.0023633120064279127,0.000828940201389879,0.004244686431962304,0.010365788475326236
0.0031769727740880624,0.0018353511253642318,0.002496375033167822,0.011245234599832284
0.0030304485582500203,0.0018405625145371256,0.0025443307140910368,0.010846639146286344
0.002433489637621049,0.0008086630519558188,0.004351372364528364,0.011011570183483326
0.0023616764540877497,0.0008292197846754158,0.0042435340044377915,0.010358028409823208
0.0031778306452493825,0.0018354545023969017,0.002491928678755547,0.011239420829645788
0.003030527744516945,0.0018404258565506643,0.002539684916712463,0.010840543903555178
0.002431913789094301,0.0008090996875271092,0.004350742822987358,0.011003021421355594
0.0023600372866948906,0.0008294952954630485,0.004242391090714932,0.010350281094123916
0.0031786953051790357,0.0018355535314364799,0.0024874857334960007,0.011233609272672031
0.003030610745593139,0.0018402833157405603,0.0025350435609334874,0.010834447825450812
0.0024303342254893296,0.0008095330765111033,0.00435012503942862,0.01099448684970831
0.0023583942751794315,0.0008297667391460575,0.004241258264623106,0.01034254410985767
0.0031795671230866076,0.0018356485276140664,0.0024830453526304115,0.01122780322226146
0.003030697416048028,0.0018401358798169995,0.002530404843996979,0.010828355215858487
0.002428750438652144,0.0008099639403385787,0.004349517427638248,0.01098596340417642
0.0023567467005336947,0.0008300349019259161,0.00424013503104299,0.010334816183876517
0.003180444512438745,0.0018357399352125386,0.002478607499819195,0.011222002899625596
0.003030787812989853,0.001839983494674581,0.0025257690467659828,0.010822264316763511
0.002427163119685887,0.0008103917148548581,0.00434892017796835,0.010977453545850087
0.0023550953830249882,0.0008302990183253237,0.00423902205549722,0.010327099388178572
0.0031813288530378636,0.00183582697889344,0.0024741733463059475,0.011216205474860835
0.0030308819532602997,0.0018398258547027834,0.0025211369843914926,0.010816173873913886
0.002425572103958181,0.0008108167420432247,0.004348333051337648,0.010968957272473665
0.0023534399954428064,0.0008305597258094085,0.004237918002347165,0.010319392935459682
0.0031822187700811977,0.0018359106308928593,0.0024697415860756365,0.011210413793993396
0.0030309791635961363,0.0018396634950670566,0.002516507884505044,0.01081008635857309
0.0024239772544326073,0.0008112390813223386,0.004347756008011673,0.010960472473358402
0.002351780803297217,0.0008308167549231746,0.004236823009380641,0.010311695975133647
0.0031831156162187755,0.0018359906226345253,0.002465312415795284,0.011204626684626316
0.003031079772842112,0.0018394963608806079,0.0025118818431188314,0.010803999993629826
0.0024223786358196398,0.0008116588792286307,0.004347189465478504,0.010952001322784819
0.002350117524055203,0.000831070391951819,0.0042357378451353955,0.010304009991508033
0.0031840185820630877,0.0018360670161898015,0.002460886164871736,0.011198843545724927
0.003031184336261058,0.0018393244583154815,0.0025072587918838363,0.010797914862462761
0.002420776509954123,0.0008120759463477909,0.004346632562316138,0.010943542726900396
0.0023484503384471234,0.0008313205886642913,0.004234661689161781,0.010296333654887063
0.003184927414361689,0.0018361400504828477,0.002456462526599993,0.01119306560986284
0.0030312917491622945,0.0018391481547829897,0.0025026385633762824,0.010791831939283285
0.0024191706637642237,0.0008124906038259911,0.004346085223217361,0.010935096588820187
0.002346779260576888,0.0008315674582817477,0.004233594278213208,0.010288667500911768
0.003185842472361843,0.0018362097666256114,0.0024520415572006995,0.011187291999181377
0.0030314025452910435,0.0018389672708973058,0.0024980215051978115,0.010785750142013495
0.0024175611999779235,0.0008129027354283029,0.004345547870996965,0.010926663439687349
0.0023451043190548288,0.0008318109693414095,0.0042325359145755454,0.010281011748744597
0.003186763702112785,0.0018362762833696224,0.0024476232237052573,0.011181522639960386
0.0030315165368448877,0.0018387820946538526,0.0024934072650250475,0.010779669747695378
0.002415948050527216,0.0008133125283372384,0.004345020041630614,0.010918242845880052
0.0023434253521795183,0.0008320513418590705,0.004231486343921503,0.010273365845729372
0.0031876907770947618,0.0018363397694078144,0.0024432074420378813,0.011175758047544972
0.003031633732844818,0.0018385927321793733,0.002488795795297592,0.010773591031737945
0.0024143312975569435,0.0008137199677704972,0.004344501539134915,0.010909834739654584
0.002341742489910723,0.0008322885314711952,0.00423044544112322,0.010265730038072966
0.003188623773366279,0.001836400247229056,0.002438794343648535,0.011169997638913381
0.0030317539477501616,0.0018383992253541166,0.002484187249584905,0.010767513400338265
0.002412710956067632,0.0008141251308024548,0.004343992386750083,0.010901439518567809
0.0023400557393119547,0.0008325226177817878,0.004229413076286673,0.010258104451126748
0.0031895626791958267,0.0018364578410324198,0.002434383843251564,0.011164241516400868
0.0030318772267251613,0.001838201683133619,0.0024795815414020844,0.010761437137060991
0.0024110869983934263,0.000814528096935202,0.0043434924151716245,0.01089305669039378
0.002338365072507505,0.000832753700732723,0.004228389050566107,0.010250488747927595
0.003190507371227947,0.0018365127263511834,0.0024299758026787984,0.011158489864022184
0.003032003406811755,0.0018380002725154716,0.00247497853319202,0.01075536220579782
0.002409459449158304,0.0008149289368293493,0.004343001540499673,0.010884686419801991
0.002336670511572684,0.0008329818135000167,0.00422737341697977,0.01024288310663272
0.003191457928840404,0.0018365648971143626,0.0024255703598539684,0.01115274229566741
0.003032132628490619,0.0018377950100625087,0.002470378292517178,0.01074928830755294
0.0024078283683228174,0.0008153276784584602,0.004342519604427341,0.010876328780169229
0.002334972057371872,0.0008332070424209544,0.0042263659866786886,0.01023528749173529
0.00319241411573217,0.0018366145169578622,0.0024211674314469265,0.01114699898750948
0.003032264674526681,0.001837586052615095,0.002465780731168748,0.010743215634743532
0.0024061937504694926,0.0008157243998795326,0.004342046424485179,0.010867983539088385
0.0023332697473482282,0.0008334294288666528,0.004225366560886899,0.010227701761296691
0.0031933760215606607,0.0018366616632563798,0.002416766991984298,0.011141259881673391
0.003032399521417905,0.0018373734704532501,0.002461185865426913,0.010737144052756161
0.0024045556011155884,0.0008161191671420649,0.00434158198473816,0.0108596508084846
0.0023315635739466997,0.0008336490438352132,0.004224375110724566,0.010220126050249795
0.0031943435702906104,0.001836706436316859,0.0024123690426865385,0.011135524822139645
0.0030325371711801014,0.0018371573573061264,0.002456593653214276,0.01073107343262361
0.0024029139539058276,0.0008165120191969971,0.004341126138379764,0.010851330544375624
0.002329853542319638,0.0008338659420409024,0.004223391529143833,0.010212560239096776
0.0031953166957665643,0.0018367489287265221,0.0024079735690505704,0.011129793871137751
0.003032677537003861,0.001836937828470924,0.0024520040417026494,0.010725003843190434
0.002401268816425132,0.0008169030277412373,0.004340678714889582,0.010843022669543354
0.002328139656998945,0.0008340801937925778,0.004222415662846,0.010205004314397434
0.0031962953208689985,0.0018367892404290713,0.002403580562566098,0.01112406696523507
0.0030328205622800705,0.0018367149609484301,0.002447417042078649,0.01071893516643688
0.002399620219408948,0.0008172922300753177,0.004340239635228529,0.010834727223700446
0.002326421951945199,0.00083429183176532,0.004221447419321461,0.010197458306742648
0.0031972794496022174,0.0018368274473692175,0.002399190026489217,0.011118344006555569
0.0030329661970302847,0.0018364888431071777,0.0024428326360470577,0.010712867339129906
0.002397968169199901,0.0008176796930031106,0.004339808784572005,0.01082644416760847
0.0023247004176312485,0.0008345009327418692,0.0042204866760811996,0.010189922162665073
0.003198268991930911,0.0018368636609687313,0.0023948019228398057,0.01111262503237655
0.0030331143936076777,0.0018362595754477836,0.002438250775846536,0.010706800369369909
0.0023963126894318214,0.0008180654623338459,0.004339386034789962,0.010818173439519308
0.002322975074446792,0.0008347075396935022,0.004219533336674122,0.010182395852172593
0.0031992639231432514,0.0018368979546979657,0.0023904162629454612,0.011106909960027193
0.003033265100340575,0.0018360272393990456,0.0024336714527160904,0.010700734155264943
0.0023946538047109013,0.0008184495906257276,0.004338971274279971,0.010809915079953273
0.0023212459326043973,0.0008349117107284568,0.004218587296299739,0.010174879395407888
0.0032002641768097465,0.0018369304161493121,0.00238603304393712,0.01110119874770934
0.0030334182747476196,0.0018357919174179498,0.0024290946514898483,0.010694668664801722
0.002392991537603635,0.0008188321233193815,0.004338564376419433,0.010801669026109528
0.0023195130100891106,0.0008351134951168632,0.004217648424670924,0.010167372738367729
0.003201269707218028,0.0018369611372530507,0.002381652245899653,0.011095491388265166
0.0030335738414801303,0.0018355537021622226,0.002424520346145566,0.01068860386692889
0.002391325902790869,0.0008192131168812829,0.004338165235120397,0.010793435264510041
0.0023177763179415855,0.000835312946066917,0.004216716624956292,0.010159875881482804
0.003202280478658382,0.0018369901972172709,0.0023772738709271555,0.01108978781472394
0.003033731776593239,0.0018353126689406795,0.002419948526308192,0.010682539683844219
0.0023896569266467116,0.0008195926136341011,0.004337773740975964,0.010785213787866264
0.0023160358690824077,0.0008355101135078067,0.004215791798246103,0.010152388808580807
0.0032032964309099683,0.0018370176811187148,0.0023728979150096866,0.01108408799773396
0.003033892019070821,0.0018350689063109029,0.002415379167402079,0.010676476082789302
0.0023879846292648474,0.0008199706636387113,0.004337389766316322,0.01077700456324984
0.0023142916764167256,0.000835705048860981,0.004214873828693912,0.010144911489956922
0.003204317516263542,0.0018370436706140292,0.002368524375095908,0.011078391908110713
0.003034054520466265,0.001834822492931741,0.0024108122591572937,0.010670413017455704
0.0023863090329226595,0.0008203473121283154,0.004337013201940588,0.010768807575373815
0.0023125437567172885,0.0008358977990407559,0.004213962611408813,0.010137443920831636
0.003205343690251342,0.0018370682459726614,0.0023641532506550487,0.011072699494224793
0.0030342192301002755,0.0018345735077082755,0.002406247789747712,0.010664350426474147
0.0023846301591929227,0.000820722605080802,0.004336643939232865,0.010760622811404528
0.0023107921234031127,0.0008360884126521042,0.00421305804390093,0.010129986082547632
0.0032063749074630033,0.0018370914868187432,0.002359784539128088,0.011067010725431438
0.003034386103144645,0.0018343220302260012,0.0024016857423283925,0.010658288272036166
0.002382948029344687,0.0008210965880924655,0.004336281862069998,0.010752450242550267
0.0023090367894690344,0.0008362769386236171,0.00421216002085493,0.010122537953321494
0.0032074111161055504,0.0018371134727809646,0.002355418239372453,0.011061325567864797
0.0030345550892403044,0.0018340681384045117,0.002397126103725368,0.010652226503262214
0.002381262667319583,0.0008214693042241692,0.004335926858915871,0.010744289857283316
0.0023072777718495378,0.0008364634215449222,0.004211268441592845,0.010115099522803038
0.0032084522744964803,0.0018371342777891814,0.0023510543560169546,0.01105564397624402
0.0030347261433595254,0.0018338119061647453,0.002392568865577417,0.010646165067642526
0.002379574095842311,0.0008218407968788827,0.004335578818578343,0.010736141638604623
0.0023055150850887275,0.000836647908491781,0.004210383200431117,0.010107670774197657
0.0032094983320864762,0.0018371539801470915,0.002346692887223234,0.011049965921663154
0.0030348992154664253,0.001833553409732979,0.0023880140151006576,0.010640103924116271
0.0023778823372816306,0.0008222111086178405,0.0043352376304161815,0.01072800556334061
0.002303748745483903,0.000836830443446843,0.004209504195819117,0.01010025168913247
0.0032105492479780648,0.0018371726533005504,0.0023423338357926237,0.011044291365587156
0.0030350742604253844,0.001833292721974919,0.0023834615431071278,0.010634043021137976
0.002376187414741981,0.0008225802814112685,0.004334903186749703,0.010719881619749076
0.0023019787679477,0.0008370110713254397,0.004208631329513975,0.010092842256667393
0.003211604974759958,0.0018371903707595702,0.002337977205469191,0.01103862027050154
0.0030352512338706616,0.0018330299150661209,0.002378911440313193,0.010627982311015775
0.0023744893521408053,0.0008229483553241954,0.004334575376887467,0.010711769788723402
0.002300205168810154,0.0008371898350839266,0.004207764500329978,0.01008544245836868
0.0032126654675423785,0.0018372072049087434,0.0023336229996874414,0.01103295260405771
0.0030354300878249942,0.0018327650608319956,0.0023743636981465206,0.010621921749404822
0.0023727881723060572,0.0008233153711750607,0.004334254092315552,0.010703670053591638
0.002298427964127475,0.0008373667776527657,0.0042069036084912935,0.010078052280879797
0.00321373068248507,0.0018372232269128653,0.002329271223119952,0.01102728832939538
0.003035610778365161,0.001832498228556892,0.00236981831033932,0.010615861286951684
0.0023710838990585073,0.0008236813677914535,0.004333939227172888,0.010695582399497727
0.0022966471705697486,0.0008375419404788324,0.004206048556668432,0.010070671710378638
0.0032148005765002814,0.0018372385068033063,0.00232492188093696,0.01102162741123099
0.0030357932604896903,0.0018322294875643078,0.0023652752696222135,0.010609800877481937
0.002369376555640807,0.0008240463842801855,0.0043336306744545545,0.010687506809816234
0.002294862804028805,0.0008377153652996793,0.00420519924736859,0.010063300731371506
0.003215875105560552,0.0018372531138894591,0.0023205749786650203,0.011015969816645427
0.003035977490644099,0.001831958905734858,0.0023607345698163605,0.010603740475501815
0.002367666165989565,0.0008244104583276508,0.004333328328148316,0.010679443268616095
0.0022930748814553904,0.00083788709230281,0.004204355584345192,0.010055939330147576
0.0032169542271991386,0.0018372671158823762,0.0023162305232689155,0.011010315510049168
0.003036163424836317,0.0018316865496965287,0.002356196206127593,0.010597680033320237
0.0023659527539599957,0.0008247736272867011,0.004333032083582966,0.010671391761960521
0.0022912834196637468,0.0008380571613676687,0.0042035174719512805,0.010048587493378046
0.0032180378992500615,0.0018372805797652182,0.0023118885217553054,0.011004664457762032
0.0030363510203629093,0.0018314124850920131,0.0023516601740617166,0.010591619505679372
0.0023642363433272044,0.0008251359277834347,0.004332741836581921,0.010663352273591607
0.0022894884355540135,0.0008382256117066282,0.00420268481512718,0.010041245206543085
0.00321912607993419,0.001837293571754064,0.0023075489813740428,0.01099901662676386
0.0030365402342842547,0.0018311367768135615,0.0023471264694682713,0.010585558846810146
0.0023625169579709836,0.0008254973958968598,0.004332457484176932,0.010655324789201958
0.0022876899461870483,0.0008383924817836888,0.0042018575206322194,0.010033912456592317
0.003220218728623341,0.001837306156556449,0.0023032119106979627,0.010993371982726192
0.0030367310253637415,0.0018308594883177265,0.002342595089315934,0.010579498010364957
0.0023607946219741673,0.0008258580669023725,0.004332178923950243,0.010647309294545848
0.0022858879686457616,0.0008385578095800057,0.004201035495548183,0.010026589230125574
0.003221315804174498,0.0018373183983773477,0.002298877318335684,0.010987730493035324
0.0030369233518172598,0.0018305806824828322,0.0023380660307992297,0.010573436951474276
0.002359069359301354,0.0008262179755845117,0.004331906054116046,0.010639305774861987
0.002284082520254086,0.0008387216323035606,0.004200218647661454,0.010019275513624783
0.0032224172669775516,0.0018373303602348112,0.0022945452135777326,0.010982092124722913
0.0030371171728614584,0.0018303004209580193,0.0023335392920834476,0.010567375624670151
0.0023573411939394905,0.0008265771561420473,0.004331638774313462,0.010631314216431448
0.002282273618328888,0.0008388839866688922,0.004199406886046118,0.01001197129447928
0.003223523077564048,0.0018373421043527739,0.0022902156061642745,0.010976456844842882
0.0030373124483255,0.0018300187645400412,0.0023290148717210924,0.010561313984656604
0.0023556101499256237,0.000826935642122984,0.004331376984821259,0.01062333460533566
0.00228046128026495,0.0008390449087473573,0.004198600120615641,0.010004676559535866
0.0032246331972052102,0.0018373536920101715,0.002285888506290044,0.010970824621203513
0.003037509138502557,0.001829735773171685,0.0023244927687376352,0.010555251986828468
0.002353876251236903,0.0008272934666087319,0.004331120586675589,0.010615366927815027
0.002278645523473427,0.0008392044341267548,0.004197798262120318,0.009997391296059602
0.0032257475875673253,0.0018373651836385047,0.002281563924639936,0.010965195421567289
0.003037707204294703,0.001829451505799465,0.00231997298285968,0.010549189586320711
0.002352139521947799,0.0008276506620105114,0.004330869481959643,0.010607411170572071
0.0022768263655621452,0.000839362597698381,0.004197001222303068,0.00999011549154354
0.0032268662111804274,0.0018373766387338483,0.002277241872373864,0.010959569213824571
0.0030379066071201774,0.0018291660205102776,0.0023154555143163474,0.010543126738601525
0.0023503999860049547,0.0008280072603133986,0.00433062357364106,0.01059946732033349
0.0022750038240600292,0.0008395194339417444,0.00419620891372403,0.009982849133457806
0.0032279890309772226,0.001837388116073951,0.002272922360912941,0.010953945966449307
0.0030381073090337573,0.001828879374560906,0.0023109403637555518,0.010537063399505534
0.002348657667380103,0.000828363292913679,0.004330382765597926,0.010591535363884476
0.0022731779166080416,0.0008396749767151221,0.004195421249992382,0.00997559220940476
0.003229116010677701,0.001837399673521237,0.0022686054021905143,0.010948325647837922
0.003038309272627469,0.0018285916243419341,0.0023064275323642506,0.01053099952478755
0.002346912590006697,0.0008287187907346221,0.004330146962639397,0.010583615288485452
0.0022713486608395526,0.0008398292594140836,0.004194638145641221,0.00996834470724727
0.003230247114505471,0.001837411368163058,0.002264291008507676,0.01094270822670611
0.003038512461168749,0.0018283028254091611,0.002301917021806621,0.010524935070573487
0.002345164777778305,0.0008290737841672571,0.004329916070439419,0.010575707081277632
0.002269516074440153,0.0008399823148982875,0.004193859516048495,0.00996110661477373
0.0032313823073021226,0.0018374232563342916,0.0022599791924708987,0.010937093672095395
0.0030387168383257724,0.0018280130325586967,0.0022974088341670804,0.010518869993188195
0.002343414254528394,0.0008294283031518726,0.004329689995637211,0.01056781072970305
0.0022676801751130736,0.000840134175538688,0.004193085277584117,0.009953877920026565
0.0032325215546359725,0.0018374353935583924,0.0022556699670948765,0.010931481953087508
0.0030389223685290995,0.0018277222997427516,0.0022929029720370115,0.010512804249024382
0.002341661044042255,0.0008297823771369663,0.004329468645829313,0.010559926221347864
0.002265840980561568,0.0008402848732306514,0.004192315347546981,0.00994665861111144
0.0032336648226087943,0.0018374478346605317,0.002251363345668834,0.010925873039110521
0.0030391290166702097,0.0018274306801993952,0.0022883994383605857,0.010506737794807723
0.0023399051700352023,0.0008301360351214114,0.004329251929491564,0.01055205354387163
0.0022639985085019664,0.0008404344393984761,0.004191549644161743,0.009939448676184345
0.0032348120779947757,0.0018374606337111014,0.0022470593418283816,0.010920266899767142
0.0030393367482788552,0.001827138226394183,0.0022838982365306314,0.010500670587391773
0.0023381466561687883,0.0008304893056502353,0.004329039756051774,0.010544192685143425
0.0022621527766497934,0.0008405829050078402,0.004190788086588161,0.009932248103578878
0.0032359632881847574,0.0018374738440749248,0.002242757969510486,0.010914663504836643
0.003039545529450965,0.0018268449900609022,0.002279399370344354,0.010494602583810035
0.0023363855260256933,0.0008308422168293861,0.004328832035869616,0.010536343633139565
0.002260303802732163,0.0008407303005731598,0.004190030594898486,0.009925056881664708
0.003237118421192308,0.0018374875184319409,0.002238459242923715,0.010909062824359583
0.003039755326849211,0.0018265510222336984,0.002274902843964096,0.010488533741352554
0.0023346218031092708,0.0008311947963497916,0.004328628680230467,0.010528506375945604
0.0022584516044481476,0.0008408766561798684,0.004189277090101067,0.009917874998912573
0.0032382774456826712,0.0018375017087832134,0.0022341631765531718,0.010903464828557228
0.003039966107716153,0.001826256373241088,0.0022704086619374664,0.010482464017464404
0.002332855510858026,0.0008315470714724237,0.00432842960134704,0.010520680901793247
0.0022565961995047895,0.0008410220014816648,0.00418852749413514,0.00991070244389001
0.0032394403309158807,0.0018375164664688015,0.002229869785158854,0.010897869487837913
0.003040177839869898,0.0018259610927399011,0.0022659168291681497,0.010476393369786707
0.0023310866726190082,0.0008318990690613383,0.0043282347123592135,0.01051286719902864
0.00225473760558308,0.0008411663657191409,0.004187781729842345,0.009903539205233552
0.0032406070467860602,0.0018375318421894893,0.0022255790837404626,0.010892276772847905
0.0030403904916961326,0.001825665229725185,0.002261427350908454,0.010470321756196355
0.002329315311657134,0.0008322508155814034,0.00432804392732747,0.01050506525608991
0.00225287584035251,0.0008413097777291307,0.004187039720987565,0.009896385271654484
0.003241777563798497,0.001837547886023205,0.0022212910875388254,0.010886686654408237
0.0030406040321334037,0.001825368832548194,0.0022569402327523927,0.010464249134734295
0.002327541451153423,0.0008326023371092969,0.004327857161232421,0.010497275061556236
0.0022510109214591545,0.0008414522659454443,0.004186301392248658,0.009889240631958427
0.0032429518530864153,0.0018375646474276864,0.002217005812030462,0.010881099103545702
0.003040818430701411,0.0018250719489302538,0.0022524554806218518,0.010458175463668324
0.0023257651141949556,0.0008329536593442429,0.004327674329971878,0.010489496604085583
0.002249142866529417,0.000841593858424541,0.004185566669206488,0.009882105274994824
0.0032441298863436423,0.0018375821752810346,0.0022127232729066987,0.010875514091497077
0.0030410336574433696,0.0018247746259889331,0.002247973100752431,0.010452100701463796
0.0023239863237872944,0.0008333048076114609,0.004327495350333756,0.010481729872458309
0.0022472716931700516,0.0008417345828299187,0.0041848354783363875,0.009874979189704848
0.003245311635914215,0.001837600517863892,0.0022084434860815535,0.010869931589671419
0.0030412496829774235,0.001824476910233224,0.0022434930997008522,0.010446024806791668
0.0023222051028368457,0.0008336558068840658,0.00432732014003635,0.01047397485554728
0.002245397418950997,0.0008418744664696533,0.004184107747005958,0.009867862365095497
0.003246497074690462,0.0018376197229111586,0.0022041664676496707,0.010864351569707834
0.003041466478441611,0.0018241788476049074,0.0022390154843066824,0.010439947738543905
0.0023204214741692777,0.0008340066817671325,0.004327148617670687,0.010466231542306638
0.0022435200614333716,0.0008420135362765303,0.004183383403482766,0.009860754790220395
0.003247686176181173,0.0018376398375909778,0.002199892233922354,0.010858774003412197
0.003041684015515416,0.0018238804834740964,0.002234540261713479,0.010433869455808547
0.0023186354605133808,0.0008343574565278465,0.004326980702727101,0.010458499921821112
0.0022416396381347036,0.0008421518188394176,0.004182662376896601,0.009853656454225038
0.003248878914442341,0.0018376609085446827,0.0021956208013844646,0.010853198862810873
0.0030419022664265,0.00182358186265598,0.0022300674393454685,0.010427789917906174
0.002316847084506132,0.0008347081550914177,0.004326816315579271,0.010450779983228145
0.0022397561665557252,0.000842289340393651,0.0041819445972588985,0.009846567346290986
0.003250075264107482,0.0018376829818911612,0.002191352186698823,0.010847626120117143
0.0030421212038911796,0.0018232830294408345,0.002225597024896396,0.01042170908435899
0.0023150563687023063,0.0008350588010478802,0.004326655377470893,0.010443071715778695
0.0022378696641650515,0.0008424261268365179,0.004181229995449687,0.009839487455672745
0.0032512752003725134,0.0018377061032344947,0.0021870864067100506,0.010842055747736586
0.0030423408011522064,0.0018229840275893227,0.0022211290263369154,0.010415626914920846
0.0023132633355610974,0.0008354094176609532,0.004326497810503985,0.01043537510881054
0.002235980148414408,0.0008425622037331941,0.004180518503188041,0.009832416771682482
0.0032524786989618095,0.001837730317691402,0.0021828234784201685,0.010836487718281572
0.003042561031965868,0.0018226849003551374,0.0022166634518951253,0.010409543369566105
0.0023114680074561647,0.000835760027875242,0.00432634353765465,0.010427690151732717
0.0022340876367151602,0.0008426975963231459,0.004179810053063213,0.009825355283683949
0.0032536857361540263,0.0018377556698926571,0.0021785634189864784,0.01083092200455987
0.003042781870582448,0.0018223856905006256,0.0022122003100429532,0.010403458408491276
0.00230967040667878,0.0008361106543176645,0.004326192482734437,0.010420016834052758
0.0022321921464562486,0.0008428323295274463,0.0041791045785045675,0.009818302981101873
0.0032548962887361415,0.0018377822039958756,0.002174306245731259,0.010825358579576835
0.0030430032917417027,0.001822086440307615,0.0022077396095101366,0.010397371992132465
0.002307870555432506,0.0008364613193052059,0.004326044570380268,0.01041235514536079
0.002230293695012891,0.000842966427950258,0.004178402013752511,0.009811259853409306
0.003256110333999448,0.0018378099637064908,0.0021700519761207325,0.01081979741653866
0.003043225270642109,0.001821787191588108,0.0022032813592692286,0.010391284081157368
0.0023060684758443874,0.0008368120448501454,0.0043258997260745904,0.010404705075325465
0.002228392299728724,0.000843099915887391,0.004177702293880897,0.009804225890144496
0.0032573278497696613,0.0018378389922813114,0.002165800627758073,0.010814238488850937
0.003043447782979988,0.001821487985696337,0.002198825568527013,0.01038519463645739
0.002304264189952477,0.0008371628526688336,0.004325757876118867,0.010397066613696677
0.0022264879779319686,0.0008432328173366107,0.004177005354773478,0.00979720108088729
0.0032585488143396443,0.001837869332546639,0.0021615522183806037,0.01080868177012927
0.003043670804897961,0.001821188863551163,0.002194372246712138,0.010379103619189119
0.0023024577197250273,0.0008375137641796307,0.004325618947615663,0.010389439750300067
0.002224580746923134,0.0008433651559968243,0.004176311133132784,0.00979018541526835
0.0032597732064804483,0.0018379010269054658,0.0021573067658658997,0.010803127234181736
0.00304389431300897,0.0018208898656372145,0.00218992140347815,0.010373010990733966
0.0023006490870578363,0.0008378648005096852,0.004325482868462556,0.010381824475050956
0.00222267062398694,0.0008434969552774624,0.004175619566448215,0.009783178882984571
0.0032610010054271287,0.001837934117346623,0.002153064288221576,0.010797574855023823
0.003044118284357795,0.0018205910320205111,0.0021854730487026928,0.010366916712727783
0.0022988383137721308,0.000838215982497138,0.004325349567335552,0.010374220777938524
0.002220757626400829,0.000843628238297038,0.004174930592986386,0.009776181473760604
0.0032622321908705814,0.0018379686454621348,0.002148824803569573,0.010792024606888299
0.003044342696411673,0.0018202924023618101,0.0021810271924773026,0.010360820747069056
0.002297025421620348,0.0008385673307069173,0.0043252189737061604,0.010366628649022408
0.0022188417714238662,0.0008437590278928352,0.004174244151787217,0.009769193177397746
0.003263466742953139,0.0018380046524536316,0.002144588330153775,0.01078647646420221
0.0030445675270819156,0.0018199940159214186,0.002176583845102486,0.010354723055897639
0.002295210432292092,0.0008389188654165131,0.004325091017806507,0.010359048078448336
0.002216923076301809,0.0008438893466319611,0.004173560182683516,0.009762213983722007
0.003264704642224125,0.0018380421791468033,0.0021403548863312342,0.010780930401611469
0.003044792754694474,0.0018196959115842936,0.0021721430170699454,0.010348623601623278
0.002293393367414565,0.0008392706066291361,0.004324965630610642,0.010351479056433866
0.002215001558277294,0.0008440192167966142,0.004172878626244305,0.009755243882617564
0.0032659458696650406,0.001838081265989368,0.0021361244905758235,0.010775386393969973
0.0030450183579648015,0.0018193981278539176,0.0021677047190848567,0.010342522346927086
0.0022915742485569747,0.000839622574081429,0.004324842743847643,0.010343921573273037
0.002213077234584591,0.0008441486604088464,0.0041721994237807515,0.00974828286402596
0.00326719040665441,0.0018381219530811134,0.0021318971614607807,0.01076984441634473
0.0030452443160208197,0.0018191007028707656,0.0021632689620465296,0.01033641925475028
0.0022897530972324997,0.0008399747872372224,0.004324722289984597,0.010336375619337708
0.0022111501224535792,0.00084427769922261,0.0041715225173620035,0.009741330917928556
0.003268438234963898,0.0018381642801664061,0.0021276729176617783,0.010764304444024434
0.003045470608375449,0.0018188036744287474,0.0021588357570290545,0.010330314288310312
0.002287929934906552,0.000840327265295942,0.004324604202198212,0.010328841185068969
0.0022092202391181394,0.0008444063547320203,0.004170847849785376,0.009734388034342883
0.003269689336731173,0.0018382082866472032,0.0021234517779625383,0.010758766452511382
0.0030456972149216096,0.0018185070799736425,0.002154405115305326,0.010324207411107626
0.0022861047829969474,0.0008406800271907627,0.004324488414383517,0.010321318260987396
0.00220728760181354,0.000844534648170187,0.0041701753645496924,0.009727454203356035
0.0032709436944636135,0.0018382540115963796,0.0021192337612398306,0.010753230417525388
0.00304592411590629,0.0018182109566178683,0.0021499770483304863,0.010318098586922406
0.0022842776628761293,0.0008410330915995238,0.00432437486113281,0.010313806837685636
0.002205352227785029,0.000844662600517543,0.004169505005874024,0.009720529415087536
0.0032722012910338387,0.001838301493766282,0.0021150188864566097,0.010747696315015232
0.003046151291946731,0.0018179153411498352,0.0021455515677349943,0.010311987779829975
0.002282448595874205,0.0008413864769430252,0.00432426347774771,0.01030630690582706
0.002203414134284917,0.0008447902325019116,0.004168836718681735,0.009713613659705503
0.003273462109646221,0.0018383507715927648,0.002110807172662823,0.010742164121153277
0.0030463787240186074,0.0018176202700458648,0.0021411286853176927,0.01030587495418446
0.00228061760328898,0.0008417402013849051,0.004324154200203772,0.010298818456151257
0.0022014733385675367,0.0008449175646106443,0.0041681704485980456,0.009706706927429504
0.00327472613382504,0.001838401883210178,0.002106598638999847,0.010736633812337842
0.0030466063934386513,0.0018173257794774538,0.0021367084130423006,0.010299760074649864
0.0022787847063883778,0.0008420942828337814,0.0043240469651309454,0.01029134147946664
0.0021995298579190613,0.0008450446170759851,0.00416750614192288,0.009699809208510275
0.0032759933474320988,0.0018384548664454902,0.0021023933046979315,0.010731105365188365
0.003046834281840648,0.0018170319053136177,0.002132290763052301,0.01029364310619285
0.0022769499264074723,0.0008424487389536861,0.004323941709841634,0.010283875966653823
0.0021975837096367885,0.0008451714098963332,0.004166843745618192,0.00969292049326264
0.003277263734614684,0.0018385097588488448,0.0020981911890460914,0.010725578756574702
0.003047062371200829,0.001816738683138059,0.002127875747648631,0.010287524014072185
0.002275113284553198,0.0008428035871568924,0.0043238383723126946,0.010276421908660249
0.0021956349110369452,0.0008452979628251979,0.004166183207337906,0.00968604077203664
0.003278537279826587,0.0018385665976824645,0.0020939923114212623,0.010720053963582851
0.0030472906438025866,0.0018164461482578589,0.002123463379271735,0.010281402763876879
0.002273274802020979,0.0008431588446089445,0.004323736891133427,0.010268979296515284
0.0021936834794600937,0.0008454242953866269,0.0041655244753969175,0.009679170035222073
0.0032798139678045044,0.0018386254199319256,0.0020897966912719595,0.010714530963539989
0.0030475190822426587,0.0018161543357036306,0.0021190536705350737,0.010275279321495887
0.0022714344999809743,0.0008435145282334965,0.004323637205544331,0.010261548121306032
0.0021917294322831085,0.0008455504268642697,0.004164867498734785,0.009672308273257076
0.003281093783540317,0.0018386862623200695,0.0020856043481091123,0.010709009734023852
0.003047747669416198,0.0018158632802405426,0.0021146466341934343,0.010269153653151342
0.002269592399593606,0.0008438706547097429,0.004323539255417938,0.010254128374192161
0.002189772786903342,0.0008456763763134911,0.004164212226954098,0.009665455476630284
0.0032823767123114377,0.0018387491613086444,0.002081415301510251,0.010703490252835955
0.0030479763885077824,0.0018155730163816773,0.0021102422831524477,0.010263025725379222
0.002267748522006768,0.0008442272404801767,0.004323442981241373,0.010246720046399975
0.002187813560763449,0.0008458021625604075,0.004163558610286808,0.00965861163586149
0.0032836627396327298,0.0018388141531063904,0.002077229571114693,0.010697972498034152
0.0030482052229984877,0.0018152835783865938,0.002105840630448423,0.010256895505055002
0.002265902888363176,0.0008445843017459751,0.0043233483241091825,0.010239323129221798
0.00218585177132583,0.0008459278042086113,0.004162906599605319,0.009651776741516876
0.003284951851269029,0.0018388812736765908,0.002073047176613091,0.010692456447915454
0.0030484341566544503,0.0018149950002754435,0.002101441689258618,0.010250762959377277
0.002264055519798284,0.000844941854473996,0.004323255225728759,0.010231937614016766
0.0021838874361079235,0.0008460533196337797,0.004162256146392434,0.009644950784204482
0.003286244033199168,0.0018389505587409186,0.0020688681377596684,0.010686942081029955
0.003048663173488816,0.0018147073158349342,0.0020970454728942013,0.01024462805589416
0.002262206437458803,0.0008452999143896538,0.004323163628382013,0.010224563492207867
0.0021819205726626638,0.0008461787269887842,0.004161607202750973,0.009638133754573147
0.0032875392716519678,0.001839022043786586,0.002064692474357469,0.01068142937617182
0.003048892257782002,0.0018144205586172362,0.002092651994805142,0.010238490762498316
0.0022603556624826676,0.0008456584969950458,0.004323073474950879,0.010217200755288102
0.0021799511985916183,0.0008463040442113709,0.004160959721378447,0.009631325643318587
0.0032888375530439914,0.001839095764080682,0.002060520206243852,0.010675918312396254
0.0030491213941051874,0.0018141347619564287,0.002088261268552472,0.010232351047417015
0.0022585032160182188,0.0008460176175524238,0.004322984708913545,0.010209849394795833
0.002177979331542657,0.0008464292890176259,0.004160313655598246,0.009624526441159981
0.0032901388640248293,0.00183917175466247,0.002056351353306907,0.010670408869007315
0.003049350567249484,0.001813849958974359,0.0020838733078264032,0.010226208879236524
0.002256649119223977,0.000846377291103033,0.0043228972743025295,0.010202509402348545
0.002176004989211218,0.0008465544789139531,0.004159668959315806,0.009617736138867464
0.003291443191407496,0.0018392500503586098,0.002052185935481298,0.010664901025569003
0.0030495797622763603,0.0018135661825788507,0.0020794881264259405,0.01022006422690438
0.002254793393276181,0.0008467375324472577,0.004322811115719709,0.010195180769612164
0.0021740281893478635,0.0008466796311889188,0.004159025587028041,0.009610954727246723
0.0032927505222210187,0.0018393306857852191,0.002048023972725222,0.010659394761902048
0.003049808964457405,0.0018132834654788308,0.0020751057382769056,0.01021391705971977
0.002252936059360613,0.000847098356171194,0.004322726178330637,0.010187863488320702
0.002172048949768492,0.000846804762918837,0.004158383493807519,0.00960418219714099
0.0032940608436704253,0.0018394136953532461,0.00204386548503785,0.010653890058087248
0.003050038159333522,0.0018130018401781391,0.002070726157411132,0.010207767347356612
0.0022510771386798282,0.000847459776632552,0.004322642407875188,0.010180557550249752
0.0021700672883334655,0.0008469298909772355,0.004157742635316016,0.009597418539428661
0.0032953741431334866,0.0018394991132828682,0.0020397104924316147,0.010648386894478553
0.0030502673326663517,0.001812721339001365,0.0020663493979521767,0.010201615059846545
0.0022492166524642064,0.0008478218079641964,0.004322559750632809,0.010173262947235116
0.002168083222965461,0.0008470550320274464,0.004157102967803589,0.009590663745017759
0.003296690408149795,0.0018395869735907608,0.0020355590149593364,0.010642885251680133
0.003050496470436552,0.0018124419940794944,0.0020619754741336696,0.010195460167597396
0.002247354621966125,0.0008481844640751014,0.004322478153412993,0.010165979671181482
0.00216609677165768,0.0008471802025243466,0.00415646444806278,0.009583917804856734
0.003298009626438489,0.0018396773101075365,0.002031411072690331,0.010637385110568902
0.00305072555884226,0.001812163837360982,0.0020576044003002805,0.01018930264140262
0.0022454910684608447,0.0008485477586606296,0.004322397563585379,0.010158707714024866
0.002164107952464798,0.00084730541872466,0.004155827033446808,0.009577180709928915
0.0032993317858487498,0.0018397701564882366,0.002027266685699499,0.010631886452299412
0.0030509545843259932,0.0018118869006222317,0.0020532361908677677,0.010183142452423567
0.002243626013253216,0.0008489117051957727,0.004322317929069349,0.010151447067750672
0.002162116783508541,0.0008474306966820077,0.0041551906818994315,0.009570452451237312
0.0033006568744094636,0.001839865546203364,0.0020231258740820795,0.010626389258279276
0.003051183533500934,0.0018116112154738248,0.0020488708603530687,0.01017697957221
0.0022417594776848126,0.0008492763169370274,0.004322239198288163,0.010144197724411485
0.002160123282975387,0.0008475560522492389,0.004154555351898662,0.009563733019831839
0.0033019848802781546,0.001839963512545327,0.0020189886579462554,0.010620893510199774
0.003051412393240981,0.0018113368133498944,0.0020445084233542874,0.010170813972703427
0.002239891483119886,0.0008496416069283862,0.004322161320213973,0.010136959676085026
0.002158127469128217,0.0008476815010859795,0.004153921002471052,0.009557022406774944
0.0033033157917548724,0.0018400640886489285,0.0020148550573889533,0.010615399190025649
0.0030516411505825576,0.0018110637255341366,0.0020401488945553715,0.010164645626236198
0.0022380220509675033,0.0008500075880009267,0.004322084244345999,0.010129732914898538
0.00215612936030418,0.0008478070586518466,0.004153287593203517,0.009550320603169292
0.0033046495972753145,0.001840167307473311,0.002010725092525552,0.010609906279984706
0.003051869792799573,0.0018107919831477145,0.002035792288710772,0.010158474505522937
0.0022361512026698163,0.0008503742727753465,0.004322007920696642,0.010122517433028954
0.0021541289749017196,0.0008479327402170168,0.004152655084224093,0.0095436276001408
0.0033059862854115194,0.0018402732018252279,0.0020065987834527507,0.01060441476259397
0.0030520983073436675,0.0018105216171633784,0.0020314386206508614,0.010152300583698001
0.002234278959709572,0.0008507416736606791,0.0043219322998002485,0.010115313222671302
0.002152126331412489,0.0008480585608570578,0.004152023436190167,0.009536943388833036
0.003307325844852257,0.001840381804349987,0.002002476150267853,0.010598924620639312
0.0030523266818748384,0.0018102526584064282,0.002027087905276539,0.01014612383427598
0.0022324053436071755,0.0008511098028625004,0.004321857332709881,0.010108120276084083
0.0021501214483973163,0.0008481845354584432,0.004151392610305949,0.009530267960425082
0.0033086682644261713,0.001840493147540872,0.0019983572130570894,0.010593435837182134
0.0030525549042474437,0.0018099851375549614,0.002022740157555327,0.01013994423119461
0.0022305303759266805,0.000851478672377144,0.004321782971000102,0.010100938585540006
0.0021481143444954795,0.0008483106787222054,0.004150762568303507,0.009523601306109202
0.0033100135330809727,0.0018406072637486034,0.0019942419918806695,0.010587948395570621
0.00305278296250764,0.0018097190851522054,0.0020183953925116587,0.01013376174878371
0.0022286540782757215,0.0008518482939999415,0.004321709166753219,0.010093768143344721
0.0021461050384259336,0.0008484370051618347,0.004150133272460814,0.00951694341710027
0.003311361639875748,0.0018407241851726933,0.001990130506788138,0.010582462279424254
0.0030530108449039113,0.001809454531605255,0.002014053625223133,0.010127576361794222
0.0022267764723083662,0.0008522186793252227,0.0043216358725541104,0.010086608941842212
0.0021440935489880275,0.000848563529107213,0.00414950468557451,0.009510294284633524
0.0033127125739927064,0.0018408439438734581,0.0019860227778028686,0.01057697747264944
0.0030532385398690525,0.001809191507187671,0.002009714870831354,0.0101213880453813
0.002224897579722104,0.0008525898397443357,0.004321563041503891,0.01007946097339477
0.0021420798950690396,0.0008486902647068861,0.004148876770960118,0.00950365389995923
0.0033140663247167215,0.0018409665717775774,0.0019819188249216263,0.010571493959429128
0.0030534660360212336,0.0018089300420474617,0.002005379144518855,0.010115196775128283
0.002223017422267153,0.0008529617864536319,0.004321490627210142,0.010072324230389824
0.0021400640956354537,0.0008488172259297916,0.004148249492472687,0.009497022254343701
0.0033154228814562185,0.0018410921006729389,0.0019778186681051997,0.010566011724228198
0.003053693322158822,0.001808670166205481,0.0020010464615194895,0.01010900252702481
0.002221136021739994,0.0008533345304515015,0.004321418583779189,0.010065198705238634
0.002138046169738807,0.0008489444265627492,0.00414762281447677,0.009490399339069934
0.0033167822337395046,0.0018412205622176214,0.0019737223272812488,0.010560530751791659
0.0030539203873049454,0.001808411909560867,0.0019967168371060936,0.010102805277485454
0.0022192533999784367,0.0008537080825526735,0.004321346865838538,0.010058084390363407
0.002136026136517788,0.0008490718802270552,0.0041469967018549336,0.009483785145427444
0.0033181443711799426,0.001841351987950969,0.0019696298223326907,0.010555051027154799
0.003054147220620577,0.0018081553019014774,0.0019923902865846125,0.010096605003357595
0.0022173695788862114,0.0008540824533644109,0.004321275428502935,0.01005098127820447
0.0021340040151954023,0.0008491996003568026,0.004146371120027258,0.009477179664716335
0.0033195092835261036,0.001841486409272949,0.001965541173110398,0.010549572535614601
0.0030543738114853524,0.001807900372892428,0.001988066825302127,0.010090401681897374
0.002215484580409349,0.0008544576533179577,0.004321204227383197,0.010043889361221725
0.002131979825079088,0.0008493276002273071,0.004145746034907679,0.00947058288825114
0.0033208769606096855,0.001841623857474662,0.001961456399405791,0.010544095262776982
0.0030546001494627458,0.001807647152089176,0.00198374646863336,0.010084195290806421
0.0022135984265445204,0.0008548336926508055,0.004321133218608262,0.010036808631865592
0.0021299535855714325,0.0008494558929335531,0.004145121412928004,0.00946399480734248
0.00332224739238216,0.0018417643637247785,0.001957375520962612,0.010538619194510362
0.0030548262242845064,0.0018073956689426793,0.00197942923198123,0.010077985808201271
0.0022117111393503788,0.0008552105814174009,0.004321062358795039,0.010029739082613462
0.0021279253161556686,0.0008495844914087081,0.004144497221049853,0.009457415413312666
0.003323620568898157,0.0018419079590727258,0.0019532985574750666,0.010533144316969431
0.003055052025885515,0.0018071459527920532,0.001975115130770434,0.010071773212640602
0.0022098227409300727,0.0008555883294899402,0.004320991605061161,0.01002268070592979
0.00212589503640876,0.0008497134084176795,0.0041438734267189,0.009450844697485625
0.0033249964803237046,0.0018420546744621741,0.0019492255285702101,0.010527670616594178
0.003055277544367598,0.0018068980328758808,0.0019708041804474006,0.010065557483120236
0.0022079332534448615,0.0008559669465602501,0.004320920915024854,0.010015633494283986
0.002123862765997494,0.0008498426565601307,0.004143249997900342,0.009444282651180129
0.0033263751169300294,0.0018422045407203937,0.0019451564538172628,0.010522198080102936
0.0030555027700449214,0.001806651938327986,0.0019664963964789325,0.010059338599057716
0.002206042699108452,0.0008563464421416665,0.0043208502468116,0.010008597440143058
0.002121828524672071,0.0008499722482797108,0.004142626903079381,0.009437729265722467
0.003327756469092683,0.0018423575885705551,0.0019410913527162393,0.01051672669449012
0.003055727693399126,0.0018064076981909735,0.001962191794331504,0.010053116540320522
0.0022041511001935853,0.0008567268255727696,0.004320779559025979,0.010001572535960615
0.002119792332281663,0.0008501021958559561,0.004142004111230607,0.009431184532418738
0.003329140527283154,0.001842513848626311,0.0019370302447025661,0.01051125644704328
0.0030559523051122573,0.0018061653414055236,0.0019578903894946383,0.01004689128720675
0.0022022584790267713,0.0008571081060142474,0.004320708810773876,0.009994558774191925
0.002117754208755958,0.000850232511412935,0.004141381591845948,0.009424648442587388
0.0033305272821013035,0.0018426733513982945,0.001932973149136843,0.01050578732531544
0.0030561765960321276,0.001805924896818745,0.001953592197461368,0.010040662820467965
0.002200364857992076,0.0008574902924600801,0.004320637961660367,0.009987556147265462
0.0021157141741307414,0.0008503632069148536,0.004140759314900008,0.009418120987525026
0.003331916724238888,0.0018428361272986732,0.0019289200853044195,0.010500319317140822
0.0030564005572089096,0.0018056863931865215,0.0019492972337326027,0.010034431121283367
0.002198470259526864,0.0008578733937334205,0.004320566971791647,0.009980564647601877
0.0021136722485187117,0.0008504942941772614,0.0041401372508842165,0.009411602158530015
0.003333308844504664,0.001843002206638355,0.0019248710724052,0.010494852410636555
0.003056624179899993,0.0018054498591739223,0.0019450055138008472,0.010028196171284181
0.0021965747061240483,0.0008582574184916225,0.004320495801764202,0.00997358426759642
0.002111628452128731,0.0008506257848655894,0.004139515370793099,0.009405091946874061
0.0033347036338128963,0.0018431716196306233,0.001920826129564786,0.010489386594195288
0.003056847455530007,0.0018052153233616224,0.0019407170531604424,0.010021957952544272
0.002194678220339826,0.0008586423752266977,0.004320424412664635,0.009966614999620227
0.002109582805264883,0.0008507576904901936,0.004138893646118341,0.009398590343817292
0.0033361010831845926,0.0018433443963901033,0.0019167852758193629,0.010483921856479918
0.0030570703757144446,0.0018049828142396682,0.0019364318673055327,0.010015716447581733
0.0021927808247824507,0.0008590282722663357,0.004320352766076188,0.00995965683602821
0.002107535328319993,0.0008508900224180075,0.004138272048832051,0.009392097340616856
0.003337501183761237,0.0018435205669393748,0.0019127485301186596,0.010478458186430095
0.0030572929322846866,0.001804752360213432,0.0019321499717193324,0.010009471639367483
0.002190882542117857,0.0008594151177843951,0.004320280824077387,0.009952709769129379
0.0021054860417792413,0.0008510227918724699,0.00413765055141475,0.0093856129284953
0.0033389039267869244,0.0018437001612124867,0.0019087159113148598,0.010472995573263172
0.003057515117229815,0.0018045239896091977,0.0019278713818744275,0.010003223511316078
0.002188983395074829,0.0008598029197907228,0.004320208549235301,0.009945773791206883
0.002103434966225263,0.0008511560099277531,0.0041370291268466985,0.009379137098653133
0.0033403093036191937,0.0018438832090423552,0.0019046874381745587,0.010467534006459457
0.0030577369227753766,0.0018042977306683883,0.0019235961132292115,0.009996972047288208
0.0021870834064351744,0.0008601916861439842,0.004320135904607465,0.009938848894512499
0.0018899027688387227,0.0016280546419130397,0.005875419463224428,0.009334748685383521
0.001432934352710684,0.002018417821120609,0.0023612029313372167,0.0105827713633178
0.003182788277096202,0.0019848703859891496,0.0012732046566142979,0.00978976396341659
0.0032036900379049313,0.0004462223359324824,0.0030287272236978087,0.010414617854175027
0.003031671718499118,0.00043687382300648594,0.003885214447915848,0.009094753048429001
0.003562545630658416,0.0013050471464583,0.0022094126423606282,0.010892702421264215
0.0023260362636812622,0.0015336298838345046,0.0021563054884595908,0.010693631569517054
0.0024596834463520285,0.0010301601334860408,0.004116177973315043,0.009882393208246656
0.002634187276863017,0.0009510715584157636,0.003022905511869508,0.009865350278378591
0.0031896421797184137,0.0022744550340016638,0.001004342461725573,0.011417503087485337
0.002665897972139642,0.0017362201608599774,0.0016593805820785176,0.010643492205851056
0.0024005259024499257,0.0009049875848032208,0.005439763397191381,0.00947040534338069
0.0026356617078488833,0.0006135238597734113,0.004643503234192995,0.0092279049776882
0.004739295238773856,0.0018736615299953714,0.0013338568902589196,0.010291995476778934
0.00340999323407414,0.001969801412021626,0.001277567359641693,0.009961226260587775
0.002375716843809336,0.0011460463909957479,0.00483023943065976,0.010288254479994256
0.002047285612190242,0.0013213954195913675,0.005074164127181524,0.009347891655055923
0.0026493145002180925,0.001986381805722896,0.001568676831836459,0.010953850074620696
0.003856256734481862,0.0020813670714719184,0.0012681807231891798,0.010460552074873503
0.002652208252148886,0.0006126741600648955,0.003603916875970719,0.009628725610692217
0.0022735892503375175,0.0007501216738136069,0.004190553568684818,0.00902816716870925
0.002786469014377646,0.0018483591850050709,0.0018398062300815645,0.010612583605793681
0.002402936244503767,0.0020242038940398144,0.0018006364388858647,0.010131846817452054
0.002359820745383748,0.0009149371143944994,0.004066797413666782,0.010433040928021265
0.0023341912079405222,0.0008284271544019208,0.0037240175246847215,0.009797174345872146
0.0034226046285959423,0.001930190008497578,0.0016723013552604005,0.010255404703498195
0.0030140998615221866,0.0017281503770869722,0.0019999156118535714,0.009967741718467512
0.002191541248077784,0.0008761680331803297,0.00464854165384686,0.00958623823044116
0.0022317344936952778,0.0008611021100056217,0.0038330594623677155,0.00920784590373013
0.0034140323411018417,0.0022176274874124275,0.0013239773236223538,0.010713782705583279
0.0028358419573901784,0.0021453171823827013,0.001491027120793461,0.010330996162959518
0.0021811391800575686,0.0010514004414504965,0.004541205520373957,0.009774011368513198
0.002105457058649208,0.0009707097514012307,0.0044994752346632794,0.00919542584909543
0.0035935305390201685,0.001855734684169387,0.0016893370866967574,0.01025900504021605
0.003638445105736764,0.0018917696085964317,0.0016029232931330309,0.009872766335102676
0.0023736289398125347,0.0008668930288129406,0.0042196509154672985,0.009960797797311332
0.0021543100955646057,0.0009954588413517763,0.004286843496791016,0.009293031243795009
0.002913983102493127,0.00194114142519654,0.0016775935876566623,0.010527971007400988
0.0029995714687488643,0.001958216703095289,0.0016136087924568951,0.010199723132020899
0.002380959423229565,0.0008630339288139116,0.004010184219573753,0.009733208798167555
0.002315196720132252,0.0008325809003200789,0.003896330875451391,0.009120235136559485
0.0034502915536818897,0.001847182657890513,0.0016834749618368948,0.010496919150742846
0.002958146060052435,0.0018212505383889124,0.0017972051835719572,0.01011046514460509
0.0022984712887085213,0.0009695841166276239,0.004374790023692544,0.009801312733949361
0.002260776597039489,0.0009150614022581134,0.003967239003541855,0.009362661770505994
0.0033994714082638353,0.001952534833550692,0.0015715576449901948,0.010417316044550002
0.0031125997071310956,0.0018472838339152146,0.0017385673921286792,0.010053399892155607
0.002288143776043984,0.0009208607009910974,0.004500513639516186,0.009682812603860013
0.0022204286734604332,0.0008752992399702685,0.004205706603139903,0.009139291690157831
0.0035054582455700603,0.0019088557121270488,0.001631362582359415,0.010457649571371196
0.0031678631573616566,0.0019211901047973237,0.0016495201392100454,0.01014843734749294
0.0022707713279177147,0.0009470034285494443,0.004347309515051212,0.00976511874733892
0.002133461590855685,0.0009510935548406316,0.004275605780088833,0.009181569234556805
0.0032450748089864786,0.001877557511938869,0.001738415682798979,0.01044952347490712
0.003236188893677848,0.00186440178044777,0.0017351919316596135,0.01007013676030492
0.002321340693897465,0.0008367740657130115,0.004249952942083147,0.009771580776693834
0.002198775232655124,0.0008498963146242547,0.0041603199297445765,0.009207617133174908
0.0032540018235002292,0.001860216839951937,0.0017811377249172557,0.010402064904584741
0.0029823680528985384,0.0018590414964115582,0.0018154513040918169,0.010084726601359185
0.0022755877124354534,0.0008876278799363328,0.004309975473245597,0.009803436621383027
0.002193092119244049,0.0008535577239731964,0.00407166181274498,0.00923937321540923
0.003360543510065785,0.0018767200011901735,0.001747375956829653,0.010433958246291994
0.0030728738057072633,0.0018176587602381858,0.0018415341658723852,0.010090744565895763
0.0022547387748765696,0.0008808017554656763,0.0044094597956121084,0.00969714281231784
0.0021812024841110678,0.0008535096521028796,0.004123809216400837,0.009205853516546847
0.003353962293968275,0.0018984817549167153,0.0017137677747932206,0.010436957147770515
0.0030627825855622224,0.0018551889416210197,0.0017889613907013054,0.010098923827092605
0.0022608186844983937,0.0008910569847310027,0.00442075756702385,0.009753690629774383
0.0021678531330399757,0.0008612151205277937,0.004228750240632192,0.00919398932648444
0.0033870798731494736,0.0018472624004942791,0.0017669837054675277,0.01039516881975269
0.003170119499418343,0.0018310590006061407,0.0017884447626563453,0.010077342088189788
0.0022751544737024446,0.0008717971114339429,0.004344630683463009,0.0097454974649994
0.00215700698567548,0.0008745621356390185,0.004189686939015502,0.009183804165073329
0.0032631029706685394,0.0018547882159575515,0.0017666941083198389,0.01045091167124027
0.0030949857438621396,0.0018321947312295377,0.001793246578682843,0.010109088468535402
0.002281799709635488,0.0008572164123114964,0.004307276796769692,0.009728152915457717
0.002185782424909874,0.0008390685174205518,0.0041366235238660745,0.009178028794765878
0.003348673365474369,0.0018321624494120556,0.0017827453413945106,0.010400505046842475
0.0030690860779626545,0.0018069254069927184,0.0018315346587173113,0.01006743304835553
0.002267014639668006,0.0008785938067332561,0.004355559407127237,0.009749756912023292
0.0021734837279092805,0.0008551589682861669,0.004125920475544156,0.009209663795467848
0.0033408575739846025,0.0018504946509386771,0.001758933565386454,0.010406680657758243
0.003096342725011809,0.0018078342835738397,0.001820622748638355,0.010068508162097358
0.002256913549775399,0.0008714092069695046,0.004366928818401777,0.009695011587312483
0.002164562035842869,0.0008490111995635545,0.0041462820786166655,0.009161214421466807
0.0033587654504743524,0.0018495290835481917,0.0017590311919641168,0.010403063416483506
0.0030876199755301634,0.001819823163623686,0.0017999396463242428,0.01005010759207595
0.002250657911252837,0.0008794489414750209,0.004354265205789895,0.009720418260806617
0.002148931715668675,0.0008602184762160313,0.004171363092044476,0.009169468770445067
0.003340635642187014,0.0018369295155670463,0.0017803980848963253,0.0103768049741518
0.0031223004357214174,0.0018093454735820884,0.001810269140705843,0.010026316795796807
0.002254092838914324,0.0008641025517418784,0.0043274662050601185,0.009713069734553726
0.002148896265204031,0.0008535228812284023,0.004148537513393537,0.00916307047499965
0.0033144184358974067,0.0018393348015642256,0.0017812947140398866,0.010379474030387059
0.003075977993954154,0.001811431981480274,0.0018137924763223091,0.010026043761629216
0.0022470159215207323,0.000867534048470795,0.004320877607363075,0.009706279266353252
0.0021508432661177957,0.000847195021761511,0.004126624464259399,0.009158312373838415
0.003344887625872593,0.0018355822235452998,0.0017804808388315176,0.010365167637450871
0.0030831415175415285,0.0018016496777372418,0.0018233265946794586,0.010011402799062647
0.002241141402664053,0.0008710910192779459,0.0043386241185333595,0.009698739609236121
0.0021462333318404726,0.0008508699100044643,0.00412804821472351,0.009161158088863483
0.003340077496170645,0.0018410205434050584,0.0017701625953774295,0.010359404172819539
0.0030840569906679482,0.0018032881075463732,0.0018127708020317247,0.009998863390429723
0.0022389000704933783,0.0008698113420491504,0.004339932223761816,0.0096858387442572
0.002143050660308718,0.0008490463525345109,0.004137755390304875,0.009141114735733124
0.0033508508005709817,0.0018359086184518848,0.001771057271436899,0.010354751557233213
0.0030905388322991292,0.001803487812075965,0.0018043243895758652,0.009992126190846929
0.002237178982633321,0.0008708593270776718,0.0043294303502536,0.009684054339619533
0.0021372514487831306,0.0008534002632478672,0.004138616414384951,0.009138083772130197
0.003335392855849825,0.0018335142280018004,0.0017726450083084687,0.010349281598499538
0.003092785484286565,0.0017997142905611524,0.0018042899106191633,0.009980682662558535
0.0022385871133296154,0.0008649000201928581,0.004320800386428531,0.009677450578695776
0.0021396335666390193,0.0008475141212064801,0.004129732635285557,0.009131878329042992
0.0033390471488338527,0.0018311396918226333,0.0017724394319306442,0.010340108758350125
0.0030790132502392345,0.0017977536633502975,0.0018052900247601267,0.009971469124073321
0.0022339575369506254,0.0008678565392685586,0.004321905814850966,0.009672917954448475
0.0021365695275324206,0.0008480144708186739,0.004122568994254923,0.009128071015519955
0.003343790552703284,0.0018322169450656462,0.0017678980242908267,0.010335400650516188
0.003083548503480611,0.0017953640220710139,0.0018041024020232983,0.009963841968542464
0.0022303280362312747,0.0008669952398230626,0.004325383126838325,0.009660781488935694
0.0021334816122989043,0.0008473527010507149,0.004123739979970056,0.009120369003629754
0.0033445237775848436,0.0018331568429108395,0.0017643508765176857,0.01032716973582908
0.0030805639062451927,0.0017964090557762839,0.001798501803066814,0.009951051431017351
0.0022274067068566907,0.0008674439082790961,0.004324666890713839,0.009657558767467786
0.0021294979392478095,0.0008476737360594247,0.004127353424460049,0.009112967438940398
0.00334662837015897,0.0018309338331770782,0.0017647875742095186,0.010318836038428085
0.0030856642181070243,0.0017952413557198695,0.0017956040146318367,0.009942001995169966
0.002225035376738839,0.000866227272335217,0.004318877740699408,0.009650357831960464
0.0021258453106233343,0.0008482101658391077,0.004124055518295586,0.009106534475766485
0.0033401655669437545,0.0018312168508454547,0.0017629244688640623,0.010313856223217533
0.003080879598992772,0.001794669341559062,0.0017933641464426527,0.009932981425821484
0.0021377686050020697,0.0008603560091215378,0.0041204582755551234,0.0092784207184284
0.002053019701566202,0.0008744798520613065,0.003989630942473062,0.008922518783756087
0.003070537017879672,0.0018371593821430768,0.0017855440166423958,0.010098269608116942
0.0029140021585367377,0.0017705475866896774,0.001818622074941028,0.009625100795790199
0.002222157212889266,0.0008180551158667457,0.004182361631111162,0.009506517511155728
0.0021569951212003524,0.0007877544276607807,0.004023697363429482,0.008936269989954487
0.003362144259022332,0.001745684261653558,0.0018105528158604204,0.010083057278526514
0.0029927576060519516,0.0017400415746085455,0.0017969494927859262,0.00978348766225438
0.0021737584090585887,0.0008817251518780521,0.004105577292372717,0.009354023272566526
0.002076607630392117,0.0008879630047393982,0.0038894309341763493,0.008876179741433014
0.003112111061248616,0.0018281328495819641,0.0016867657463112327,0.010336790742252307
0.0029734255628751185,0.001745637016960728,0.0017335188997953674,0.009862485100362906
0.0022332857589215903,0.0008207547451233051,0.004118276214154068,0.009324951367714832
0.002183016680893678,0.0007885981662533543,0.003948557738126436,0.008885109235034268
0.003352563635529674,0.001736422312076464,0.0017351089225211285,0.010115290174585737
0.002948801042879215,0.0017102538520791324,0.001755345513953213,0.009708067681246024
0.0022142720438322193,0.0008762532381015477,0.004171393720088614,0.009478111737117876
0.002114900708468779,0.0008594719567127847,0.003961250178818582,0.008943689422747219
0.0032236108074513675,0.0017690154667861246,0.0016916193043422323,0.010245362253419649
0.003061496371056535,0.001718538010407968,0.0017095233948524165,0.009852361565625316
0.0022141423022425622,0.0008223451784789212,0.004074012536617034,0.009301818193578332
0.0021231604499881533,0.0008199462618326545,0.003908461794895995,0.008847058799434742
0.003209285097434211,0.0017721014487552015,0.0016893590531519365,0.010238366826664912
0.002911135700147341,0.0017382337971702793,0.001710346693831439,0.00978778213283361
0.002198023559122577,0.0008481498657488888,0.004113515041672166,0.009455238776425578
0.0021163757209083727,0.0008198764985965365,0.003952162965162283,0.008951387334419874
0.0032790628768857803,0.0017383844376490242,0.001729140910343068,0.010126150861475652
0.0030337306261150956,0.001701657609166284,0.0017499946943113727,0.00974582731941242
0.0021869137882710842,0.000829214526135578,0.004103201737910474,0.009408322770930237
0.002087083177722614,0.0008299683898742048,0.0039042550492143467,0.008921123955061045
0.003170031552487516,0.0017871996287486163,0.0016832785942959374,0.010219744185692286
0.0029290770923998065,0.0017430356650685686,0.001709425664042685,0.00980827317088776
0.002168202597543245,0.0008346084042216961,0.0040840389110071915,0.009384247835136505
0.002094739070173017,0.0008102371083055883,0.003909933099586573,0.008900854098185137
0.0032749011311388777,0.0017546237887710481,0.0017053609870151605,0.010141313215589476
0.002982220045402877,0.0017178276794736391,0.0017301883818634572,0.009738634077344566
0.0021676278366730196,0.0008426197766573558,0.0041113789227323035,0.009441640938417619
0.0020769971537656366,0.0008328212998895744,0.003924237672480379,0.008950747765160295
0.003205644208258973,0.0017682276435372806,0.001690299768804616,0.010149136177851997
0.002984923564895703,0.0017229679954380878,0.0017109951153119808,0.009753409739000723
0.002170310654136112,0.0008296325354231707,0.004078593344157478,0.009385048677389629
0.002086789358841465,0.0008168456480110283,0.003895362822604625,0.00889040544515966
0.0032445980867542063,0.0017626399148248737,0.0016793501809838109,0.010166196623895118
0.0029571766907059475,0.0017267710603135124,0.0016991870542503932,0.009761988623563277
0.0021617676147224676,0.0008483904172647277,0.004083915100099753,0.009406043086798094
0.0020792723065576274,0.0008307749159786014,0.003902262513391655,0.008919045197243824
0.0032428678172152212,0.0017572567321935734,0.001678529114126811,0.010135807935653201
0.0029986784834839203,0.0017111264826034991,0.0017040089621908057,0.009728551314243127
0.0021710527354441276,0.0008364253473677059,0.004088521800339768,0.009393599762532467
0.0020855005431176274,0.0008234680744627935,0.003897855073843384,0.008903420060688201
0.003243992881581229,0.0017615045061860194,0.0016665964651005937,0.010143463523327047
0.002966616019804847,0.0017223407050272364,0.001687352042249807,0.009739952944268816
0.002159502157499029,0.0008479515771999878,0.00408164824046891,0.009382137234562637
0.0020758227200185692,0.0008297064115158645,0.0038956006061395547,0.00888883755459631
0.0032562674395623056,0.0017593568774679972,0.001664838101245545,0.010139139209815084
0.0029940975317827973,0.0017166372126060515,0.0016876945426083758,0.009727891828720334
0.002160498413169388,0.0008431790635540123,0.004085322577099328,0.009379434133947609
0.0020742707889886583,0.0008289843914513675,0.0039020194618061893,0.008894810626631323
0.0032437383497475303,0.0017615481109012991,0.0016641804219348435,0.01012111131905145
0.00297845476428435,0.0017194220019842478,0.0016851993854646872,0.009709416570234618
0.0021566133238225954,0.0008437584916015739,0.004085636266675038,0.009378005672638228
0.0020713210438810946,0.0008266509817180057,0.00389952460563524,0.008882101882967348
0.003258289390594738,0.0017610550261003921,0.0016621518467074237,0.010119708635221571
0.002984379924072292,0.0017200405060626288,0.0016827545271528598,0.009712200580658624
0.0021496988282348264,0.000846252568498471,0.004085211094734003,0.009365063378687163
0.002063930328670799,0.0008306219187930884,0.0038978845072022957,0.00887876343420694
0.0032475375268173133,0.0017656585516861883,0.0016573798615541445,0.010114022106592124
0.002981732762362335,0.0017202533835619627,0.00168030866930125,0.009697215091350206
0.0021496974530962414,0.000843634470839485,0.004090678672386131,0.00936279695196489
0.0020657925127523665,0.0008259122790453264,0.0039028208778628644,0.008873047332086229
0.0032628063521350213,0.0017626549173383427,0.0016568611278158004,0.010099877999224186
0.0029820466821584898,0.0017198836979176067,0.001677189934826765,0.009687971035938905
0.002144751326671985,0.0008476168499186583,0.00409219130613471,0.009357197048227872
0.002058754935769447,0.0008308317829246272,0.0039019013150438375,0.008866151486486177
0.0032563754036748632,0.001766070188949774,0.001650454021736842,0.010103445135090853
0.002987052183057899,0.0017202488332678449,0.00167125653816392,0.009686105720265176
0.0021441742172653346,0.0008452354359759557,0.004090825016591516,0.00934440139442503
0.002059450143849686,0.0008280195190160652,0.003902502591693582,0.008857204102006947
0.0032632194431513853,0.0017646080692765476,0.0016481475127771723,0.010092566065507276
0.0029820106086836857,0.0017196621628822373,0.0016681812331968363,0.009672566677200381
0.0021417958159056162,0.0008480537719729158,0.004094974419396841,0.009345520704616606
0.002056409222558876,0.0008297679368590516,0.003904385756499795,0.008854509688981885
0.003267102751652727,0.0017645493629285598,0.0016445411406120342,0.010087145531273283
0.002989492709666277,0.0017184357297266297,0.0016643897596726452,0.009667713836759654
0.002139322407619397,0.0008475266702897412,0.00409438084122031,0.009332706073723059
0.0020533957403357315,0.0008300981532989229,0.0039026048138210995,0.00884482788363279
0.003265970646811809,0.001766775467757431,0.0016392437460006084,0.010084702423284096
0.0029845014905481443,0.0017199700867017778,0.0016591121809064015,0.009660262365710735
0.0021365589861454784,0.000848761684055933,0.004096363553437927,0.009328805292280432
0.0020513579785074658,0.0008296858753525724,0.0039052736967928364,0.00883986166204664
0.0032739629308755013,0.0017653157531596418,0.001637728001481703,0.010073709453603995
0.002989614024685342,0.0017185251851998462,0.00165686330719859,0.009649409585466234
0.002133682176068709,0.0008494127910279288,0.004098113327409125,0.009323609260373393
0.0020471034951974085,0.0008312399797933735,0.0039055150093949276,0.00883476208636971
0.003271109466894602,0.0017675364284091611,0.0016333077420452636,0.010070363320369818
0.0029885032748245225,0.0017197155080305407,0.0016521285763831657,0.009643710127975639
0.002130674100675129,0.000849352479620233,0.00409764083689149,0.009315042567247933
0.0020447839752212884,0.0008303315219984285,0.0039052653705233826,0.00882661230962643
0.0032767940744832177,0.0017673728415823437,0.0016306081135501749,0.010062722976935966
0.0029884875088971793,0.0017194885350032257,0.0016491288400698758,0.009634304910039599
0.002127486136238875,0.000850775105472568,0.004099984820958578,0.009311678003935463
0.0020412111250467627,0.0008314915400349964,0.0039064497670107026,0.008823213105476882
0.003277927382174158,0.0017681401983519127,0.001627246648560989,0.010055714675612499
0.002990909165535499,0.001719141288464742,0.00164562792725862,0.009626058051854883
0.002124929237635059,0.0008506160844246939,0.004100700011002604,0.009303882733634762
0.0020385815201693336,0.000831243836509737,0.0039061554785750656,0.008815665610219214
0.003280655899392321,0.0017689833578959338,0.0016232829797889258,0.010050664750375464
0.0029895514762783774,0.0017197531353148646,0.001641184920751939,0.009619050663149257
0.002121769260540922,0.0008519065833646237,0.004101764165725904,0.00929837278869327
0.0020354812694958783,0.0008318801197422516,0.003906936843151464,0.008810147437262082
0.0032839234812994896,0.001769056676583429,0.0016200448496091536,0.010043549281988971
0.002992327870139906,0.0017190803463093336,0.0016377223038419662,0.009610386078510443
0.00211943912375605,0.0008521234069581523,0.004103000744319036,0.009292382270611205
0.002032772152761807,0.0008321469055485173,0.0039073600071664796,0.008804482829907322
0.003284750625456151,0.0017694360270168363,0.0016159108098927214,0.010035704802510738
0.002992207414099697,0.0017193294861248616,0.0016334765166793304,0.009603265214650838
0.002116562453961538,0.0008527869277986432,0.0041034862063360645,0.009285426214368914
0.0020299070059787033,0.0008323350429259267,0.0039071787212462015,0.00879748721777272
0.0032875708599470967,0.0017696524684851606,0.0016119943666480824,0.010028741054098414
0.002993387872227297,0.001719252759991288,0.0016295642786121386,0.00959601745092318
0.002113758686022762,0.0008534851709537437,0.004104605865583429,0.009279296149046887
0.002026936727253647,0.0008328024505134695,0.003907732232865375,0.008792036324673133
0.003288885047982287,0.0017699003243530393,0.0016081496196180428,0.010020203749124415
0.00299445982092319,0.0017191451904922507,0.0016257767082143726,0.009587864566671187
0.0021111152189231433,0.0008538570406868638,0.004105618273654597,0.009272964823739974
0.0020241318072546518,0.0008329063137638554,0.003908012385812884,0.008785623652783554
0.0032910953890370274,0.0017702342537449162,0.0016042923108128635,0.010012829374005373
0.0029950095117635776,0.001719361297148838,0.0016217355702074355,0.009580750475188445
0.002108106839981181,0.0008546249701807836,0.004106351644377455,0.009266533910310997
0.002020973849120485,0.000833391480167904,0.0039082460451082025,0.00877953424193351
0.003292701137736362,0.0017705908329629446,0.0016004889843196917,0.010005125248529723
0.0029962318214552114,0.0017193205362436778,0.0016179579939192795,0.0095730137948248
0.002105440159631667,0.0008550223449976911,0.00410730552690099,0.009260315411631507
0.0020181871320626103,0.0008335474280847593,0.003908613028371111,0.008773622899535701
0.0032945817730668883,0.001770864612188811,0.0015967396046980763,0.009997041315269916
0.002996755157051873,0.001719402124365615,0.0016141203995470167,0.009565312085325236
0.002102584422870248,0.00085570218579389,0.004108204450318396,0.009254112881076342
0.0020151908586929887,0.0008339119890233455,0.003908759877455852,0.008767469819732776
0.00329653620991893,0.0017712476664588951,0.0015928570945831508,0.009989639803789807
0.002997846153508711,0.001719456732402533,0.0016102098581100518,0.00955804127986203
0.0020998017030880545,0.0008562712599176704,0.004109037237835472,0.009247600200362143
0.0020122914475888057,0.0008342305937213598,0.003908998903186085,0.008761413085303333
0.0032982576262140183,0.0017715878817212499,0.0015889901925771662,0.009981776656658694
0.0029985923702606217,0.0017195064909357135,0.0016063191764140007,0.009550327656737231
0.0020971015113761763,0.000856865136455721,0.00410999578530005,0.00924147857092342
0.0020094620241406856,0.0008345080285464585,0.00390932109809355,0.008755378347596826
0.0033003498953138757,0.0017718691396544296,0.0015851845335298014,0.00997407804023549
0.0029995879609582645,0.0017195481288558236,0.0016024117497638948,0.009542897960502159
0.002094335874813594,0.0008574994358923251,0.004110801670056377,0.00923511165174373
0.0020065172287341924,0.0008348993971790496,0.003909494378604491,0.008749285472415415
0.0033019970297433025,0.001772265768827417,0.001581280036733444,0.009966556376636519
0.0030004553530665317,0.0017196313036664927,0.0015984783332013194,0.009535489350790271
0.0020916434715331136,0.0008580553220133738,0.0041116298702128535,0.009228795148440818
0.0020037138022819976,0.0008351517735752819,0.0039097444887106775,0.008743229688057247
0.0033040041877919063,0.0017725658984001807,0.0015774881316538833,0.009958785477256503
0.0030012789149048568,0.001719680322711233,0.001594621822607315,0.009527918244785211
0.002088912681126941,0.0008586965761515263,0.004112541650631106,0.009222654284715196
0.002000813380940238,0.000835510194410687,0.003909986318693312,0.008737265610519684
0.003305803994399921,0.0017729473718624583,0.0015736400551815614,0.009951206668652983
0.0030022422886558393,0.0017197619276911348,0.0015907252222077412,0.00952054959879536
0.00208619374961655,0.0008592630755418146,0.00411335334070702,0.00921628028417169
0.0019979507362854853,0.000835806379610193,0.003910188138915126,0.008731178466316148
0.003307623004056525,0.0017733330061949421,0.001569804833096225,0.009943608002164083
0.003003006237428913,0.0017198717967249453,0.001586832598950659,0.009513091455485023
0.0020834826545949986,0.0008598766198441162,0.004114231832480695,0.009210131375529347
0.001995096204100454,0.0008361177019857932,0.0039104651015252675,0.008725222109629657
0.0033095298657710814,0.0017736839426993629,0.0015660216754979457,0.009935949631904232
0.003003956834703355,0.0017199408438895278,0.0015829794876669476,0.009505640032500453
0.0020807858304953196,0.0008604621366751648,0.00411507545580321,0.009203902738158295
0.0019922291368884844,0.0008364419103189559,0.003910674238823491,0.008719228200844671
0.003311269454285337,0.0017740943339376943,0.0015621840356136699,0.009928416493359028
0.0030047625189213102,0.0017200615652964875,0.0015790831166593126,0.009498283804116926
0.0020780953762358093,0.0008610512406878901,0.004115894313476637,0.009197663876997126
0.0019894013048052683,0.0008367334311090561,0.0039108880955934944,0.008713217377604061
0.003313168965100104,0.001774469033836121,0.0015583856440132275,0.009920836646762594
0.003005622774799152,0.0017201529168907686,0.0015752206382042165,0.00949086783532108
0.00207541977544249,0.0008616588720422645,0.0041167573822696755,0.009191513966922417
0.0019865621473645835,0.0008370596041474082,0.003911122200431249,0.008707288301728488
0.0033149619101749254,0.0017748666691886484,0.0015545699617473773,0.009913274982145004
0.0030065053691941766,0.0017202574352582973,0.001571342223628328,0.009483503558384065
0.0020727582927566857,0.0008622418442108642,0.0041175739890483955,0.00918528818451022
0.001983742545607491,0.0008373614607328383,0.003911321886866587,0.008701287111934831
0.0033167892424553753,0.0017752732144572171,0.0015507542621860815,0.009905773382214298
0.0030073238713738577,0.0017203818151058294,0.001567455189242388,0.009476163735199068
0.002070097754742159,0.0008628493145150424,0.004118396106192517,0.009179129750219617
0.0019809231506931545,0.0008376785302195548,0.0039115429889711555,0.008695346841088723
0.0033186174866402835,0.0017756718475630598,0.0015469603376042772,0.009898236629117377
0.0030082110203852757,0.0017204893550269561,0.0015635918931847324,0.009468800893104728
0.002067457888679203,0.0008634374043610685,0.004119213360262309,0.009172970945075453
0.0019781143274800006,0.0008379888795157018,0.003911746253751755,0.008689407835651544
0.0033204044632919715,0.0017760916956539746,0.0015431572470345147,0.009890739446945133
0.0030090342949900244,0.0017206229270598,0.0015597162389714605,0.009461483150466427
0.002064814929597207,0.0008640352853748905,0.004120011200070958,0.009166810989218373
0.001975309607656987,0.0008382974111674606,0.00391193785425684,0.008683461366372157
0.0033222278780697966,0.0017765123027951451,0.0015393666879107118,0.009883258357333342
0.0030098848690873425,0.001720752992524113,0.0015558531415004228,0.009454164262384941
0.0020621840775003624,0.0008646330318300904,0.004120816566789214,0.00916068215793268
0.001972510235166853,0.000838611627676783,0.003912137660428034,0.008677553973031233
0.0033240137133950607,0.0017769411068401617,0.0015355794975658718,0.009875768089372797
0.003010727869827396,0.0017208900702511839,0.0015519919036021345,0.009446850135116055
0.002059563796190689,0.0008652251156762778,0.004121607638532618,0.009154552574000815
0.0019697206707328433,0.0008389188124679371,0.0039123229296413545,0.00867163279095862
0.0033258125938754675,0.0017773778924476962,0.0015317954700383445,0.009868315831962618
0.003011557408342603,0.0017210379414730709,0.0015481284198063912,0.009439565951405767
0.0020569476424597867,0.0008658247248071938,0.004122388257776291,0.00914843794043047
0.0019669338698696044,0.0008392325450102428,0.003912505023434258,0.008665732261346124
0.003327597180225494,0.0017778187362802195,0.0015280180179589506,0.009860865071315898
0.0030123995515004046,0.001721184704458679,0.0015442731267271293,0.00943227994433303
0.002054347423635258,0.0008664171251998038,0.004123164876323781,0.00914233712639808
0.0019641605264413566,0.0008395405775743173,0.003912681682036571,0.008659842287337936
0.0033293777856912327,0.0017782657667990607,0.001524243843630425,0.009853426974108723
0.0030132230356085463,0.0017213406424401276,0.0015404174149510196,0.009425012228861638
0.002051752223961247,0.0008670145733923848,0.004123930452994211,0.009136245016707921
0.0019613907553302245,0.0008398514588613432,0.003912848106015923,0.008653956221135897
0.003331157079801635,0.0017787199200891468,0.0015204730720273785,0.009846012335104513
0.0030140545898016805,0.001721500686776219,0.0015365644877712269,0.009417760532157718
0.002049167722906011,0.0008676098043270304,0.00412468851566687,0.009130162959267229
0.0019586296819368494,0.0008401615864353073,0.0039130119265179284,0.008648085058932843
0.003332924324823702,0.0017791791812910413,0.0015167078117569318,0.009838600334937931
0.0030148771914927097,0.001721666055496762,0.0015327151808796982,0.009410512790593554
0.002046593123664837,0.0008682045814187701,0.0041254390935229176,0.009124096677699563
0.00195587629809625,0.0008404702718153611,0.003913169194695294,0.008642221237217222
0.0033346921148057454,0.0017796443891300506,0.0015129480768637511,0.00983120704314642
0.00301569868297538,0.0017218377560825726,0.0015288682060298122,0.00940328323538547
0.0020440254789118226,0.0008688002347956907,0.004126178091280467,0.009118038276213186
0.0019531276167651106,0.0008407807450943278,0.0039133181739050915,0.008636367597573812
0.0033364468480371907,0.0017801168318588886,0.0015091926373955536,0.009823826396870941
0.003016516432726631,0.0017220146302189775,0.0015250251106183317,0.009396062544230824
0.0020414683087738067,0.000869393684227749,0.004126909316000978,0.009111993148970897
0.0019503884381285661,0.0008410883624725342,0.0039134618372890125,0.008630524785406905
0.003338200720777731,0.0017805939064460751,0.0015054437628577307,0.009816454179496416
0.0030173284895256432,0.0017221968343230202,0.001521186018073402,0.009388851499926017
0.0020389187311440986,0.0008699886037223699,0.004127632007682126,0.009105960921490259
0.0019476543095545186,0.0008413975386647862,0.003913597677821358,0.008624691799257168
0.0033399461692990625,0.0017810781981965175,0.0015016989311974684,0.009809098291774256
0.003018140291202786,0.0017223847633438644,0.0015173495545587308,0.009381654748947303
0.0020363781911319954,0.0008705819782770187,0.004128344058812515,0.009099936657448212
0.0019449279007239743,0.0008417055140117761,0.003913726510867333,0.008618867512547755
0.003341685288197543,0.0017815680284987705,0.0014979595506980012,0.009801752209304428
0.0030189454449429808,0.001722578127006238,0.0015135166265435702,0.009374466064364
0.0020338467182551014,0.0008711756721593582,0.00412904784565412,0.009093927312545557
0.0019422086853749358,0.0008420133123758797,0.00391384923132849,0.008613054173537138
0.0033434204037876,0.001782063121597103,0.0014942259995746293,0.00979441796091683
0.003019750052866224,0.0017227763709555875,0.0015096873626666792,0.00936728911363387
0.0020313237755302297,0.0008717688468203034,0.004129741033752113,0.00908792731760064
0.001939495843960756,0.0008423213234821827,0.003913963524617345,0.008607249725552235
0.003345146202933806,0.0017825648472068714,0.001490496877737663,0.009787096916566564
0.003020549343246351,0.001722980476704461,0.0015058610923747548,0.009360123308579832
0.0020288097836493554,0.0008723614080417056,0.004130424377023257,0.009081938679703885
0.001936790755090562,0.0008426282279943562,0.003914070900648155,0.008601454752142034
0.0033468686981321955,0.0017830715593497326,0.0014867738875121552,0.009779785780983338
0.0030213455420084506,0.001723189409654388,0.0015020389792666702,0.009352966487554088
0.002026304336015902,0.0008729540803087316,0.004131098632369198,0.009075962579701388
0.0019340920074069235,0.000842935556384127,0.003914171063890366,0.008595670297755823
0.0033485832290262954,0.001783584449609093,0.0014830559798179636,0.009772486643207113
0.0030221390773293344,0.001723403846256667,0.001498220250547896,0.009345820834862904
0.0020238075064975933,0.0008735457933036223,0.0041317621649191606,0.009069995992339307
0.0019314003195228897,0.0008432421060337195,0.003914263360012524,0.008589894178927677
0.003350291800435424,0.001784103092825996,0.0014793436532543375,0.00976519877909274
0.0030229277233962486,0.001723623798071701,0.0014944052215375124,0.009338684739215727
0.0020213191710684777,0.0008741374469639197,0.0041324160614917,0.009064041940378922
0.00192871542556526,0.000843548502285031,0.003914348698070552,0.008584128434495155
0.0033519945375013083,0.0017846271446851467,0.0014756373216800553,0.009757921126332844
0.0030237142327202535,0.001723848687979908,0.0014905943663441426,0.009331558090032376
0.0020188394273406595,0.00087472837180698,0.004133059719436711,0.009058098584393843
0.0019260372434918153,0.0008438545970857609,0.003914426090232407,0.008578371946350102
0.003353689817442121,0.0017851572164849778,0.001471936346476173,0.009750654829138582
0.0030244961752089097,0.0017240792038187998,0.001486787133719285,0.009324441603202387
0.0020163680668218538,0.0008753188598343167,0.004133692965649829,0.009052166100214469
0.001923365984215986,0.0008441601701535214,0.0039144958006734525,0.008572624566453437
0.0033553797668553417,0.0017856927197791562,0.0014682413208316823,0.00974339887608262
0.003025274970022231,0.0017243147852313706,0.0014829840584399722,0.00931733415539983
0.002013905189213082,0.0008759089730474565,0.004134316278965893,0.009046245174172412
0.0019207014017378749,0.0008444656331760216,0.003914558032437856,0.008566887097364627
0.0033570626584040475,0.0017862339073801674,0.00146455198506719,0.009736153172311883
0.0030260504468471237,0.00172455564104847,0.0014791849266232344,0.009310236101175207
0.0020114507580420216,0.0008764984088046133,0.0041349290088117975,0.009040334724699402
0.001918043642401799,0.0008447706133894118,0.003914612301969144,0.008561158400622906
0.003358739363798912,0.0017867807316041158,0.0014608684262932031,0.00972891809409594
0.0030268219974891827,0.001724801863188125,0.00147538974947178,0.009303147363540482
0.002009004634214256,0.0008770875008378145,0.004135531341658526,0.009034435484058485
0.0019153925660222303,0.0008450753803886601,0.003914658918748114,0.008555439216081765
0.003360409704502406,0.0017873330261491426,0.0014571908484328233,0.00972169283005894
0.0030275905397301466,0.0017250531726687075,0.0014715988194132358,0.009296067361987796
0.0020065669347885573,0.0008776759468750155,0.004136123223312136,0.00902854710963914
0.0019127482293485392,0.0008453797935482308,0.0039146976446907,0.008549729250977809
0.0033620733496502893,0.0017878909502018019,0.001453519117445933,0.009714477595316295
0.0030283552271399626,0.0017253098368519527,0.001467811974336331,0.009288996375339788
0.0020041374507049343,0.0008782639138611379,0.004136704460411906,0.009022669470527503
0.0019101105446392818,0.0008456838786523935,0.003914728408326017,0.00854402828873522
0.0033637308182286434,0.0017884543955962937,0.0014498533904651395,0.009707272235747638
0.003029116599679322,0.0017255717023683394,0.0014640293960508466,0.009281934052229372
0.002001716217522651,0.0008788513564087423,0.004137275179738974,0.009016802737718838
0.001907479488686973,0.0008459877041404862,0.003914751344370505,0.008538336640700412
0.0033653816285473307,0.0017890233670705361,0.0014461936804476617,0.009700076328437005
0.003029874515435197,0.0017258387997434585,0.0014602511082344983,0.009274880184095316
0.0019993031997576293,0.0008794382059369951,0.00413783522496787,0.009010946694645026
0.0019048550657735277,0.0008462911795878431,0.003914766274760481,0.008532653934839355
0.003367026080558488,0.0017895978705846657,0.0014425400160210252,0.009692890052664762
0.0030306288868079366,0.0017261111822824999,0.001456477110618621,0.00926783484982975
0.0019968982947870637,0.000880024557108539,0.004138384543132473,0.00900510135744954
0.0019022371934351047,0.0008465944051322517,0.003914773223755535,0.008526980300039486
0.0033686640334169016,0.0017901778624565654,0.0014388924591705963,0.009685713076833524
0.003031379935736283,0.001726388762730215,0.0014527075207585746,0.009260797716080378
0.0019945015465955324,0.000880610307601756,0.0041389231516372246,0.008999266691331245
0.0018996259220267417,0.0008468973114217643,0.003914772168087448,0.008521315676947883
0.003370295516118824,0.0017907633392012005,0.0014352510247353791,0.009678545275458295
0.0030321274614391034,0.0017266715992703585,0.0014489423351981554,0.009253768749907484
0.0019921128524233492,0.0008811955262132567,0.004139450971650509,0.008993442611315594
0.0018970211710034473,0.0008471999484519813,0.0039147630366511265,0.008515659944720597
0.0033719205989742995,0.0017913542993558344,0.001431615740027853,0.009671386632489953
0.0030328716493949535,0.001726959670658244,0.0014451816036259565,0.009246747854850853
0.0019897321975399047,0.0008817801788421205,0.004139967987758434,0.008987629066643167
0.0018944229376025312,0.0008475023177839234,0.003914745862485886,0.008510013138432762
0.0033735391908558273,0.0017919507176557866,0.0014279866463607232,0.009664236873145002
0.003033612433834323,0.0017272529755444712,0.001441425376879859,0.009239734809407915
0.001987359551228815,0.000882364259991642,0.004140474181105974,0.00898182604875339
0.001891831203510208,0.0008478044091211605,0.003914720610381653,0.008504375164708197
0.003375151398675575,0.0017925525884503037,0.0014243637768305952,0.009657095962148634
0.0030343498592449876,0.0017275515305572291,0.0014376736828621433,0.009232729587405758
0.0019849948458507015,0.0008829477877021726,0.004140969495044231,0.00897603346646084
0.0018892459137875948,0.0008481062606887692,0.003914687249909428,0.008498745993082863
0.0033767571467823595,0.0017931599132687893,0.0014207471528698684,0.009649963758380169
0.0030350839586026353,0.0017278553286157311,0.0014339265720228328,0.009225732024899732
0.0019826380665583262,0.0008835307337711147,0.004141453928855969,0.008970251294355407
0.0018866670767467581,0.0008484078482355402,0.003914645787795579,0.008493125589506868
0.003378356509433473,0.001793772670045102,0.001417136815702764,0.009642840095629584
0.003035814715045574,0.001728164376440058,0.0014301840851358532,0.009218741998456174
0.0019802891555601287,0.0008841131236990265,0.004141927466181712,0.008964479494925492
0.0018840946410933167,0.0008487092052445481,0.003914596198697924,0.008487513902063946
0.0033799494829785982,0.0017943908671829334,0.001413532779134714,0.009635724911582358
0.003036542202930735,0.0017284786812572662,0.0014264462514911314,0.009211759435803445
0.0019779480772512945,0.0008846949419623273,0.004142390076430845,0.008958717982740488
0.0018815285914411358,0.0008490103313833731,0.003914538478704456,0.008481910884038667
0.0033815360722540748,0.0017950144933755383,0.0014099350714670276,0.009628618050810356
0.0030372664039079182,0.0017287982471083088,0.0014227131101647163,0.009204784187625624
0.001975614797085959,0.0008852761966553233,0.00414284176282013,0.008952966751084108
0.0018789689068326322,0.0008493112355944784,0.003914472630691493,0.00847631650037302
0.0033831163325291403,0.0017956435386081734,0.0014063437216716218,0.009621519408107185
0.003037987377022185,0.0017291230769099233,0.0014189846964098496,0.009197816169041912
0.0019732892695563803,0.0008858568910429865,0.004143282502515201,0.008947225726627348
0.0018764155522449522,0.0008496119376722705,0.003914398637109939,0.008470730701716977
0.003384690243434313,0.0017962780086081616,0.0014027587415553855,0.00961442888697947
0.0030387051342306696,0.0017294531811385544,0.001415261039207501,0.009190855278693505
0.001970971461191213,0.0008864370217664338,0.004143712289195801,0.00894149486336647
0.0018738685153877413,0.0008499124363816988,0.003914316503078148,0.00846515344404024
0.0033862578646083777,0.001796917890614471,0.001399180160541931,0.009607346357519218
0.003039419701215523,0.001729788562012484,0.00141154217632767,0.009183901400774231
0.001968661330505982,0.0008870166008672571,0.00414413112679181,0.008935774129039748
0.0018713277636660363,0.0008502127532390946,0.003914226229682155,0.008459584693652827
0.003387819204361781,0.0017975631874335082,0.0013956079934513727,0.009600271727588594
0.003040131124407399,0.0017301292286485924,0.001407828135707319,0.009176954452573645
0.0019663588393141382,0.0008875956247675695,0.0041445390029529895,0.00893006345395522
0.0018687932754934613,0.0008505128943984204,0.003914127814803106,0.00845402439643662
0.003389374288698051,0.0017982138973375928,0.0013920422587404293,0.009593204891170532
0.0030408394136392674,0.001730475190659549,0.0014041189473100585,0.009170014329953286
0.0019640639499506765,0.0008881741023649373,0.004144935924215863,0.00892436280851487
0.0018662650279905576,0.0008508128724271479,0.003914021269504144,0.008448472519011596
0.0033909231590900086,0.0017988700150634578,0.0013884829783580416,0.009586145741203584
0.0030415446179461506,0.0017308264521585697,0.0014004146440471832,0.009163080938884429
0.001961776624165058,0.0008887520370535767,0.0041453218912441275,0.008918672139194646
0.0018637429945407447,0.0008511127018124224,0.003913906595163612,0.008442929018423773
0.0033924658281340478,0.0017995315445555455,0.0013849301641342515,0.00957909418689612
0.0030422467593998067,0.0017311830251570172,0.0013967152513246108,0.009156154194458881
0.001959496824549586,0.0008893294330688599,0.00414569690630075,0.00891299139566184
0.0018612271549302301,0.0008514123908642762,0.003913783799716788,0.008437393849189739
0.0033940023424072394,0.0018001984824764761,0.0013813838345100567,0.009572050127476703
0.0030429458718727073,0.0017315449161590009,0.001393020799169703,0.009149234002458474
0.001957224513948122,0.0008899062993312958,0.004146060981154936,0.008907320539338901
0.0018587174841262195,0.0008517119558621448,0.003913652895329861,0.008431866977336555
0.0033955327277988942,0.001800870829917883,0.0013778440028840932,0.009565013469155682
0.0030436419955637123,0.001731912133989158,0.0013893313139056336,0.009142320279670376
0.001954959656054737,0.000890482639301475,0.0041464141212350075,0.008901659515511088
0.0018562139601724578,0.0008520114075427262,0.003913513890088052,0.008426348356003728
0.0033970570187995246,0.001801548588428496,0.0013743106818730868,0.009557984123777912
0.0030443351569430714,0.0017322846894792865,0.0013856468203372742,0.009135412943150376
0.0019527022140829922,0.0008910584619618369,0.004146756338461724,0.00889600828248632
0.001853716560695214,0.0008523107596070339,0.0039133667988020225,0.008420837947605234
0.003398575255541235,0.0018022317573238578,0.0013707838859602088,0.009550961998940446
0.003045025398610814,0.0017326625899281853,0.001381967345580233,0.009128511908899429
0.0019504521527979747,0.0008916337736383399,0.004147087646129689,0.00889036679382068
0.0018512252631578564,0.0008526100258311112,0.003913211634751537,0.008415335713025432
0.0034000874688561327,0.00180292033946585,0.0013672636255843197,0.009543947009396031
0.003045712752634676,0.0017330458463649205,0.0013782929130997852,0.009121617100050721
0.0019482094362310715,0.0008922085817738539,0.004147408057193484,0.008884735001516049
0.0018487400462151367,0.0008529092184786282,0.003913048412276906,0.008409841609869321
0.0034015937016964788,0.0018036143361718844,0.0013637499125180197,0.009536939070976778
0.0030463972560452325,0.001733434468172486,0.0013746235473963504,0.009114728438639107
0.0019459740292051718,0.0008927828953415983,0.004147717589413346,0.008879112862771982
0.0018462608878620373,0.0008532083522891422,0.003912877149448281,0.008404355601905071
0.0034030939907671136,0.0018043137495386073,0.0013602427571688957,0.00952993809942084
0.003047078948248145,0.001733828464927507,0.0013709592720795982,0.009107845849113321
0.0019437458973400785,0.000893356721628552,0.0041480162599315164,0.008873500330440957
0.0018437877671936334,0.0008535074402351684,0.003912697863144892,0.008398877648303955
0.003404588376285412,0.00180501858252024,0.0013567421688034512,0.009522944016066546
0.003047757864282631,0.0017342278475459745,0.001367300109247487,0.009100969259911402
0.001941525005873154,0.0008939300701156426,0.004148304087859299,0.008867897360172992
0.001841320663128928,0.0008538064965128581,0.003912510572694511,0.008393407710862354
0.00340607690057217,0.0018057288374130438,0.0013532481569220017,0.009515956741954159
0.003048434044838608,0.001734632625510584,0.0013636460816408768,0.009094098599219735
0.0019393113213968585,0.0008945029493994199,0.004148581094432271,0.008862303907637686
0.0018388595553171507,0.0008541055351428542,0.003912315298378374,0.008387945752151526
0.0034075596039833318,0.0018064445174122863,0.0013497607296019119,0.009508976200608525
0.003049107527477933,0.0017350428094169618,0.0013599972105886298,0.009087233798663842
0.0019371048103756523,0.0008950753687388792,0.00414884730129315,0.008856719927736234
0.001836404423680141,0.0008544045699317167,0.003912112060740274,0.00838249173317517
0.003409036530801284,0.001807165625737215,0.001346279894628201,0.009502002318816311
0.0030497783516144294,0.001735458409626352,0.0013563535171146755,0.009080374791877064
0.0019349054398348868,0.0008956473379490737,0.004149102732095111,0.008851145376830044
0.0018339552483526325,0.0008547036153981058,0.003911900882315948,0.008377045617282416
0.0034105077239945866,0.0018078921656543105,0.0013428056592580519,0.009495035023597106
0.003050446557539115,0.0017358794362881643,0.001352715021937523,0.009073521513427843
0.001932713177563305,0.0008962188664679027,0.004149347411503026,0.00884558021094307
0.0018315120101540401,0.0008550026855288503,0.003911681785976914,0.008371607366951705
0.003411973228150888,0.0018086241408121044,0.0013393380300678423,0.009488074245206143
0.003051112184537736,0.0017363059000716726,0.0013490817449226425,0.009066673900984461
0.0019305279913775814,0.0008967899645387822,0.004149581365040622,0.008840024386526604
0.0018290746899277323,0.000855301794792382,0.003911454795518909,0.008366176945281249
0.0034134330885842086,0.001809361554851667,0.0013358770133100075,0.009481119915523166
0.0030517752736505727,0.0017367378112318613,0.0013454537058272833,0.009059831893380095
0.0019283498499468726,0.0008973606422007286,0.004149804619650615,0.008834477860552803
0.0018266432692050363,0.0008556009574962409,0.003911219935769993,0.00836075431616497
0.0034148873506992237,0.0018101044115390874,0.0013324226147026674,0.009474171967818839
0.0030524358651722334,0.0017371751801874922,0.0013418309238681805,0.009052995431336997
0.0019261787222599797,0.0008979309098375049,0.004150017203092798,0.00882894059014192
0.001824217729785781,0.0008559001879794424,0.003910977231981856,0.008355339443251888
0.0034163360612171397,0.0018108527148049138,0.001328974839506354,0.009467230338039817
0.0030530940001499587,0.0017376180173463943,0.0013382134178194643,0.009046164457838407
0.0019240145777678595,0.0008985007780396989,0.004150219144053412,0.00882341253274212
0.0018217980538457687,0.0008561995007413972,0.003910726710318731,0.00834993229098219
0.0034177792667837025,0.001811606468567048,0.0013255336926105365,0.009460294963355667
0.003053749719848869,0.0017380663329420786,0.0013346012061770647,0.009039338917105216
0.0019218573865979014,0.0008990702573869343,0.004150410472189239,0.008817893646279207
0.0018193842241228705,0.0008564989101104113,0.003910468397586286,0.008344532824006873
0.0034192170149327425,0.001812365676787311,0.0013220991785239202,0.009453365782952014
0.003054403065500071,0.0017385201372466942,0.0013309943069982275,0.009032518755464802
0.0019197071192186383,0.0008996393587549628,0.004150591217822961,0.008812383888900472
0.0018169762236105007,0.0008567984305695654,0.0039102023210675785,0.0083391410072868
0.003420649353463432,0.0018131303434880176,0.0013186713013785918,0.009446442737975161
0.0030550540788057867,0.0017389794403853938,0.0013273927380423553,0.009025703920933973
0.0019175637467367128,0.0009002080929913355,0.004150761412044681,0.008806883219128234
0.0018145740358665964,0.0008570980764822317,0.00390992850870462,0.008333756806284249
0.0034220763305448394,0.0018139004726167621,0.0013152500650211267,0.00943952577099645
0.003055702801326254,0.0017394442523695354,0.0013237965167861559,0.009018894363040781
0.0019154272407559635,0.0009007764711067862,0.004150921086672223,0.00880139159594302
0.0018121776448311356,0.0008573978622156478,0.003909646988881618,0.00832838018673647
0.0034234979948333504,0.0018146760681432613,0.0013118354729757462,0.009432614826598879
0.0030563492749106865,0.0017399145831233493,0.0013202056603767555,0.009012090033227086
0.0019132975733836234,0.0009013445041675494,0.004151070274034145,0.008795908978530024
0.0018097870348665248,0.0008576978021248944,0.003909357790438528,0.008323011114769161
0.0034249143950716397,0.0018154571339833755,0.001308427528490222,0.009425709850947057
0.0030569935413830712,0.001740390442408697,0.0013166201857188334,0.009005290884398335
0.0019111747173158724,0.0009019122032661168,0.004151209007089629,0.008790435326586223
0.0018074021908429541,0.0008579979104470486,0.00390906094266631,0.00831764955690848
0.003426325580453313,0.0018162436739552503,0.0013050262345990146,0.009418810791853267
0.003057635642623384,0.0017408718398379062,0.0013130401094730362,0.00899849687112815
0.0019090586457526596,0.0009024795795798586,0.004151337319246384,0.008784970600137842
0.0018050230980143813,0.0008582982014281499,0.003908756475167792,0.00831229548003074
0.0034277316002121806,0.0018170356918318217,0.0013016315940681924,0.009411917598897396
0.003058275620554296,0.0017413587848687654,0.001309465448051661,0.008991707949624068
0.00190694933246808,0.0009030466442542883,0.004151455244341526,0.008779514759544364
0.0018026497421446896,0.00085859868918453,0.0039084444179013226,0.008306948851381916
0.003429132503812124,0.001817833191248675,0.001298243609486393,0.00940503022317971
0.0030589135169983178,0.0017418512867623912,0.0013058962176723677,0.00898492407756411
0.0019048467517851807,0.0009036134084814559,0.004151562816632552,0.00877406776565354
0.0018002821094454922,0.0008588993877744296,0.003908124801105675,0.008301609638604341
0.0034305283408486414,0.0018186361757261886,0.0012948622832497049,0.009398148617468603
0.0030595493738157144,0.0017423493545925726,0.0013023324343457122,0.008978145214240698
0.0019027508785809796,0.0009041798834226324,0.004151660070673401,0.008768629579607138
0.0017979201865864058,0.0008592003111619534,0.003907797655237153,0.008296277809691048
0.0034319191608988054,0.0018194446486563896,0.0012914876175773317,0.009391272736114656
0.0030601832327178616,0.0017428529972293861,0.0012987741138998869,0.008971371320425851
0.001900661688308147,0.000904746080215354,0.004151747041302089,0.008763200162995014
0.0017955639607351206,0.0008595014731866025,0.003907463010979648,0.008290953333016961
0.003433305013660339,0.0018202586132525002,0.0012881196145611952,0.009384402534999513
0.003060815135331196,0.001743362223316843,0.0012952212720030772,0.00896460235836553
0.0018985791569776323,0.0009053120099642986,0.004151823763603785,0.008757779477808269
0.0017932134195119216,0.0008598028875975267,0.0039071208991727545,0.008285636177341443
0.0034346859487500016,0.0018210780725722998,0.001284758276148406,0.009377537971580373
0.0030614451231660293,0.0017438770412770018,0.001291673924162133,0.008957838291801704
0.0018965032611733175,0.0009058776837057073,0.004151890272821427,0.008752367486407436
0.0017908685510265668,0.0008601045680009262,0.003906771350784461,0.008280326311780852
0.0034360620157461957,0.0018219030294797792,0.001281403604178696,0.009370679004813068
0.0030620732375314687,0.0017443974592888849,0.0012881320857487518,0.008951079085891583
0.001894433978057981,0.0009064431124215229,0.0041519466043475565,0.008746964151597252
0.0017885293438774322,0.0008604065278777986,0.003906414396881176,0.008275023705843706
0.0034374332641436806,0.0018227334866323943,0.0012780556004012454,0.009363825595150893
0.0030626995195671483,0.0017449234852803777,0.0012845957720115364,0.008944324707213234
0.0018923712853663596,0.0009070083069980646,0.004151992793655943,0.008741569436576776
0.0017861957871442835,0.0008607087805623777,0.003906050068581933,0.00826972832940122
0.0034387997432719377,0.0018235694464803184,0.0012747142664758702,0.009356977704536645
0.0030633240101926,0.0017454551269191687,0.0012810649980790892,0.008937575123753925
0.0018903151614137234,0.0009075732782363204,0.004152028876279594,0.00873618330495499
0.001783867870399133,0.0008610113392394271,0.003905678397036625,0.008264440152704482
0.0034401615023158267,0.001824410911242763,0.0012713796039963048,0.00935013529635383
0.0030639467500839113,0.0017459923916068542,0.0012775397789765214,0.008930830304860424
0.0018882655850998888,0.0009081380368209451,0.004152054887759417,0.008730805720767305
0.0017815455837118406,0.0008613142169342301,0.0039052994133953528,0.008259159146373804
0.003441518590230801,0.0018252578828936324,0.0012680516145051862,0.009343298335434125
0.003064567779631794,0.0017465352864671384,0.0012740201296376399,0.008924090221236953
0.0018862225359099706,0.0009087025933173479,0.004152070863589074,0.008725436648459386
0.0017792289176394704,0.000861617426498687,0.0039049131487577642,0.008253885281408146
0.0034428710557557244,0.0018261103631633142,0.0012647302994990292,0.009336466788021863
0.0030651871389713856,0.0017470838183351234,0.0012705060649108803,0.0089173548449261
0.0018841859939056696,0.0009092669581678414,0.004152076839224268,0.008720076052902091
0.0017769178632442387,0.0008619209806188102,0.0039045196341797213,0.008248618529176917
0.003444218947313983,0.001826968353518146,0.0012614156604384282,0.00932964062176132
0.003065804867897653,0.0017476379937614865,0.0012669975995651475,0.008910624149271112
0.0018821559397517197,0.0009098311416548977,0.004152072849980427,0.008714723899383455
0.0017746124120860015,0.0008622248917928545,0.0039041189006239992,0.008243358861407086
0.003445562313034218,0.0018278318551484705,0.0012581076987742796,0.009322819805673612
0.003066421005876853,0.0017481978189980915,0.0012634947482996874,0.008903898108910303
0.0018801323546867108,0.0009103951539206351,0.004152058931055233,0.008709380153625136
0.0017723125562241907,0.0008625291723274141,0.003903710978922273,0.008238106250212793
0.003446901200727819,0.001828700868968248,0.0012548064159374412,0.009316004310143327
0.003067035592018545,0.0017487632999851719,0.0012599975257652355,0.008897176699762036
0.001878115220542869,0.0009109590049376667,0.004152035117472951,0.00870404478176019
0.0017700182882220963,0.0008628338343380046,0.003903295899771266,0.00823286066807089
0.003448235657782111,0.0018295753956074064,0.001251511813354581,0.00930919410689359
0.003067648665039797,0.0017493344423648433,0.0012565059465450147,0.008890459898988134
0.001876104519747447,0.0009115227045026461,0.004152001444050364,0.008698717750350204
0.0017677296011498797,0.0008631388897330095,0.0039028736937065764,0.008227622087814671
0.003449565731224523,0.0018304554353924165,0.0012482238924650352,0.009302389168968106
0.0030682602632750174,0.0017499112514619446,0.001253020025181467,0.008883747684976746
0.001874100235310549,0.0009120862622324553,0.004151957945379535,0.00869339902639241
0.0017654464885745475,0.0008634443502187731,0.0039024443910766317,0.00822239048265193
0.003450891467634557,0.0018313409883514214,0.0012449426547162935,0.00929558947072486
0.003068870424635922,0.0017504937322833575,0.0012495397761703804,0.008877040037351139
0.001872102350832677,0.0009126496875510923,0.004151904655777224,0.008688088577292115
0.0017631689445745877,0.0008637502272819739,0.0039020080220029374,0.008217165826147697
0.0034522129131233253,0.0018322320542074175,0.0012416681015741749,0.009288794987800239
0.0030694791865731215,0.0017510818895184277,0.0012460652139767406,0.008870336936908332
0.0018701108505052046,0.0009132129896788181,0.004151841609300802,0.008682786370895148
0.0017608969637344582,0.0008640565321915238,0.0039015646163862235,0.008211948092230166
0.003453530113346993,0.001833128632366692,0.0012384002345317904,0.00928200569710241
0.0030700865861059867,0.0017516757275323083,0.0012425963530264235,0.008863638365638417
0.0018681257191052556,0.000913776177638547,0.004151768839687931,0.008677492375458895
0.0017586305411338553,0.0008643632759977287,0.003901114203882167,0.008206737255187242
0.0034548431134276327,0.00183403072192498,0.0012351390551049654,0.009275221576796683
0.003070692659777678,0.001752275250367147,0.0012391332077178767,0.00885694430668021
0.0018661469419978094,0.0009143392602269595,0.004151686380338318,0.0086722065596663
0.0017563696723637754,0.0008646704695199974,0.003900656813876199,0.008201533289649421
0.0034561519579647433,0.001834938321654017,0.0012318845648500456,0.009268442606274413
0.003071297443632957,0.001752880461742316,0.0012356757924151022,0.008850254744316149
0.0018641745051310055,0.0009149022460298239,0.004151594264311453,0.008666928892628342
0.0017541143535139629,0.0008649781233489625,0.003900192475471219,0.008196336170612696
0.0034574566910265995,0.0018358514300028164,0.0012286367653583771,0.009261668766147934
0.003071900973213127,0.0017534913650444517,0.001232224121466882,0.008843569663957666
0.0018622083950418395,0.0009154651434005228,0.004151492524286811,0.00866165934386441
0.0017518645811797479,0.0008652862478387019,0.003899721217469913,0.008191145873412867
0.0034587573560550017,0.0018367700450993936,0.001225395658263745,0.009254900038228365
0.0030725032835358782,0.001754107963340753,0.0012287782091975213,0.008836889052112969
0.0018602485988437143,0.0009160279604596972,0.004151381192556455,0.008656397883319216
0.0017496203524573078,0.0008655948531022551,0.0038992430683506855,0.008185962373736023
0.0034600539959682743,0.001837694164744769,0.0012221612452399532,0.009248136405505529
0.003073104409091339,0.0017547302593652798,0.0012253380699073294,0.00883021289638296
0.0018582951042248929,0.0009165907051030723,0.004151260301024353,0.008651144481348384
0.0017473816649364647,0.000865903949022955,0.00389875805627813,0.008180785647611013
0.003461346653031235,0.001838623786418891,0.0012189335280006095,0.009241377852139052
0.003073704383818831,0.0017553582555327467,0.001221903717879674,0.008823541185444563
0.0018563478994562254,0.0009171533849757345,0.004151129881165514,0.00864589910871384
0.001745148516704366,0.0008662135452278921,0.0038982662090795202,0.00817561567140163
0.0034626353689025907,0.0018395589072752437,0.0012157125083133524,0.009234624363425491
0.003074303241111048,0.0017559919539355637,0.0012184751673752004,0.00881687390901197
0.0018544069733769737,0.0009177160074854256,0.0041509899640316174,0.00864066173659031
0.0017429209063410448,0.0008665236511189051,0.0038977675542398596,0.008170452421806062
0.0034639201845840985,0.0018404995241447745,0.0012124981879869322,0.009227875925799853
0.0030749010137749964,0.0017566313563451646,0.0012150524326322806,0.008810211057851049
0.001852472315398922,0.0009182785797843064,0.004150840580213995,0.008635432336554139
0.0017406988329172078,0.0008668342758319864,0.00389726211887282,0.0081652958758533
0.003465201140440672,0.0018414456335335086,0.0012092905688809304,0.009221132526809164
0.0030754977340470987,0.0017572764642106106,0.001211635527877065,0.008803552623741323
0.0018505439154949041,0.0009188411087898929,0.004150681759882073,0.008630210880587567
0.0017384822959932414,0.0008671454282738887,0.0038967499297332857,0.008160146010909173
0.0034664782761509635,0.0018423972316346303,0.0012060896528974794,0.00921439415508402
0.003076093433569837,0.001757927278669446,0.0012082244673146145,0.008796898599461133
0.0018486217642001191,0.0009194036011574863,0.0041505135327273195,0.008624997341065546
0.0017362712956108851,0.0008674571170912119,0.003896231013196569,0.008155002804648172
0.003467751630750838,0.0018433543143249753,0.0012028954419821816,0.009207660800342608
0.0030766881433859344,0.001758583800546248,0.0012048192651234633,0.008790248978782621
0.001846705852604373,0.0009199660633043826,0.0041503359279967044,0.00861979169074629
0.0017340658322896132,0.0008677693506981506,0.0038957053952723853,0.008149866235068335
0.0034690212425590515,0.0018443168771701956,0.0011997079381292901,0.009200932453357492
0.0030772818939569847,0.0017592460303626543,0.0012014199354611497,0.008783603756432782
0.0018447961723537137,0.0009205285013825636,0.004150148974448958,0.008614593902779378
0.0017318659070269728,0.0008680821372514265,0.0038951731015886325,0.008144736280479313
0.0034702871491938815,0.0018452849154266138,0.0011965271433762407,0.009194209105939492
0.00307787471510382,0.0017599139683374641,0.001198026492460076,0.008776962928096835
0.0018428927156365748,0.0009210909212984212,0.004149952700374514,0.008609403950708017
0.0017296715212868844,0.0008683954846686921,0.0038946341573735414,0.008139612919495273
0.003471549387604305,0.0018462584240505596,0.0011933530598018274,0.009187490750931499
0.00307846663604306,0.0017605876143875394,0.0011946389502304098,0.008770326490400415
0.0018409954751822466,0.0009216533287112484,0.004149747133596924,0.008604221808433515
0.0017274826770062787,0.000868709400622066,0.0038940885874662145,0.008134496131050242
0.003472807994009224,0.0018472373977037626,0.001190185689520833,0.009180777382172354
0.003079057685366652,0.001761266968139644,0.0011912573228559766,0.008763694440873524
0.0018391044442580995,0.0009222157290278539,0.0041495323014635,0.008599047450231314
0.001725299376577805,0.0008690238925397302,0.003893536416324191,0.008129385894356373
0.0034740630039195243,0.0018482218307587955,0.0011870250346856963,0.009174068994491687
0.0030796478910490883,0.0017619520289414074,0.001187881624382364,0.008757066777953416
0.0018372196166551238,0.000922778127405938,0.00414930823084316,0.00859388085074676
0.0017231216228475036,0.0008693389676134865,0.0038929776680089543,0.008124282188925901
0.0034753144521250997,0.001849211717302283,0.0011838710974856905,0.009167365583695563
0.0030802372804297016,0.0017626427958542371,0.001184511868827628,0.00875044350096046
0.0018353409866969023,0.0009233405287571068,0.00414907494812598,0.008588721984980303
0.0017209494191155305,0.000869654632794746,0.003892412366192194,0.008119184994565175
0.003476562372697308,0.0018502070511418694,0.0011807238801458055,0.009160667146529928
0.0030808258802176194,0.0017633392676664698,0.0011811480701760014,0.00874382461007486
0.0018334685492129635,0.000923902937748578,0.004148832479244324,0.008583570828289377
0.0017187827691210113,0.0008699708947957443,0.0038918405341451523,0.008114094291359394
0.00347780679901554,0.0018512078258236541,0.0011775833849101954,0.009153973680683469
0.0030814137164769666,0.001764041442902225,0.0011777902423729231,0.008737210106345908
0.0018316022995472434,0.0009244653588143468,0.0041485808496508425,0.008578427356366833
0.0017166216770417668,0.0008702877601030764,0.0038912621947567844,0.008109010059669478
0.0034790477636935722,0.0018522140346287203,0.001174449614054799,0.009147285184757445
0.0030820008146730912,0.0017647493198258682,0.0011744383993218207,0.008730599991623112
0.0018297422335441691,0.0009250277961473202,0.004148320084353322,0.008573291545253043
0.0017144661474845224,0.0008706052349718793,0.003890677370535907,0.008103932280128148
0.0034802852986729645,0.0018532256705840443,0.0011713225698781365,0.009140601658246565
0.003082587199621255,0.0017654628964498885,0.0011710925548814003,0.008723994268598382
0.0018278883475462884,0.0009255902537064737,0.004148050207884882,0.008568163371314887
0.001712316185478101,0.0008709233254353828,0.0038900860836085334,0.008098860933629904
0.003481519435140204,0.0018542427264704405,0.0011682022546996842,0.009133923101532087
0.00308317289548455,0.001766182170542939,0.001167752722867019,0.008717392940753629
0.001826040638382729,0.0009261527352176862,0.0041477712443309485,0.00856304281125624
0.001710171796470343,0.0008712420372955109,0.0038894883557088608,0.00809379600133715
0.00348275020359594,0.0018552651948325624,0.0011650886708575066,0.009127249515846727
0.003083757925823679,0.0017669071396311164,0.0011644189170468401,0.008710796012349992
0.0018241991033602107,0.0009267152441967934,0.004147483217345269,0.008557929842090957
0.0017080329863132686,0.0008715613761521196,0.0038888842082043396,0.008088737464675064
0.0034839776338080122,0.0018562930679896928,0.0011619818206975874,0.009120580903272172
0.003084342313562409,0.001767637801015898,0.0011610911511373773,0.008704203488415631
0.001822363740257427,0.0009272777839273467,0.004147186150138328,0.00855282444114318
0.0017058997612653469,0.0008718813473750952,0.003888273662091318,0.008083685305296639
0.0034852017548778753,0.0018573263380399015,0.0011588817065797583,0.009113917266712209
0.003084926080987746,0.0017683741517735916,0.0011577694387968139,0.008697615374727368
0.0018205345473185756,0.0009278403574896418,0.004146880065508424,0.00854772658605291
0.0017037721279745375,0.000872201956145107,0.0038876567380155733,0.00807863950511669
0.003486422595164394,0.0018583649968694081,0.0011557883308739674,0.009107258609870203
0.003085509249798814,0.001769116188768071,0.0011544537936286716,0.008691031677786306
0.0018187115232427755,0.0009284029677474055,0.004146564985824233,0.008542636254746607
0.0017016500934714286,0.0008725232074267902,0.0038870334562591683,0.008073600046278384
0.0034876401823536896,0.0018594090361655673,0.0011527016959504064,0.009100604937246067
0.003086091841035084,0.0017698639086569151,0.0011511442291754033,0.008684452404820905
0.0018168946671739468,0.0009289656173657674,0.004146240933048379,0.0085375534254575
0.0016995336651691555,0.0008728451059927893,0.003886403836753881,0.008068566911161128
0.003488854543450648,0.0018604584474182658,0.0011496218041872396,0.009093956254099714
0.00308667387515594,0.0017706173078945822,0.001147840758922196,0.008677877563742808
0.0018150839786993597,0.0009295283088158843,0.004145907928755221,0.008532478076693543
0.0016974228508455033,0.0008731676564213495,0.003885767899090849,0.008063540082378485
0.0034900657047691147,0.0018615132219345887,0.001146548657958243,0.009087312566446789
0.0030872553719975635,0.0017713763827465333,0.001144543396286185,0.008671307163152408
0.0018132794578275633,0.000930091044375284,0.004145565994130049,0.00852741018724197
0.0016953176586409849,0.0008734908631022031,0.00388512566252523,0.008058519542751701
0.003491273691967591,0.0018625733508518332,0.001143482259634056,0.009080673881031086
0.003087836350791797,0.0017721411292933218,0.0011412521546199826,0.008664741212316873
0.0018114811049959173,0.0009306538261422184,0.004145215149994239,0.00852234973617068
0.001693218097046122,0.0008738147302483217,0.0038844771459995917,0.008053505275335372
0.0034924785300273786,0.0018636388251318608,0.0011404226115828548,0.00907404020530953
0.003089834087975807,0.0017730558099279625,0.0011378326901579146,0.008658863882667754
0.00180942118601337,0.0009307998349307598,0.004144058114730561,0.008516092365835476
0.0016907472791531607,0.0008740545358406401,0.003883391986457974,0.008047753041850205
0.003492439207265061,0.001865026830765298,0.0011372405007859234,0.009068323444146851
0.003091393528045002,0.0017743593518529284,0.001134212838690849,0.008653601460841475
0.0018072772732227842,0.000930478943949439,0.00414251851410829,0.008510018070908183
0.0016883084861259556,0.000873798702766248,0.003882585623727188,0.008042134644012187
0.0034925703670718087,0.001866213242931436,0.0011344716929968393,0.009062363596249927
0.003092709204115142,0.0017755399548428415,0.0011308929571822782,0.008648077140953558
0.001805115168169921,0.0009298515197039225,0.004141206306103842,0.008504917045981324
0.0016857127372843026,0.0008733200637083774,0.0038818938074411617,0.008037297312091537
0.003491966088645875,0.0018674598560977165,0.001131778051609617,0.00905686195371314
0.0030938743881798944,0.0017767167361283321,0.0011276904429747643,0.008643170034931712
0.0018028594468369036,0.0009287348842438451,0.004139675738508385,0.008499820599844336
0.0016831074381232127,0.0008723932004856866,0.0038808685145773143,0.008032667223943916
0.0034911065147213926,0.0018687213283991452,0.0011290146260714371,0.009051772719749926
0.0030943970139767005,0.0017778113775654308,0.0011244952800132865,0.008638562396917968
0.0018006329626192117,0.0009274807794187466,0.004138341250493732,0.008495276654490456
0.0016805899661607874,0.0008712431409071942,0.0038798854348221787,0.008028510378804598
0.003490482225304688,0.0018698218270950886,0.0011261908471852967,0.00904679869906621
0.003095239025817537,0.001778733204130713,0.0011212306692914345,0.008634207606560196
0.0017984207845645947,0.0009260870462359116,0.004136909118955062,0.008490865556581182
0.0016780135028042346,0.0008700742051285038,0.003878768396121606,0.00802452679689605
0.003489433187375544,0.001870883690079243,0.0011231608011428016,0.00904229872509575
0.0030959295045878774,0.0017796426221585529,0.0011177394188622077,0.008630187306800017
0.0017962470224481906,0.0009245849870468292,0.004135167765269791,0.008486680605474698
0.0016755104082504981,0.0008688029616792188,0.0038775595801089895,0.008020663324104324
0.003488601383801721,0.001871732309790566,0.0011201323420422934,0.00903782927713313
0.0030967657509324738,0.00178043293612508,0.001114173552815386,0.00862617193727198
0.0017940614859409461,0.0009230836535549476,0.004133156765663555,0.008482842143826242
0.001672922923650474,0.0008676119575669801,0.003876162704137578,0.008017057171330213
0.0034874988782155718,0.001872517231107717,0.0011170570102823545,0.00903353849926387
0.003097641016862647,0.0017812012134255856,0.0011105564027601874,0.008622283736121472
0.0017918177735057389,0.0009215037803498636,0.00413077446023795,0.008479123686606735
0.0016703098778663803,0.0008663646899600774,0.003874475013284465,0.008013583685013247
0.0034864042309872153,0.0018732509683958248,0.0011139939178982595,0.009029207581966996
0.0030983397524166297,0.0017819432493514818,0.0011069676741576587,0.008618322224928032
0.0017894897304033444,0.0009199719799687752,0.004128256363130462,0.008475688232186909
0.0016676302088902504,0.000865138139935876,0.003872602912672259,0.0080103358781058
0.003485376655575783,0.0018739800750081767,0.001110942255545158,0.009024826855838622
0.003099148653890753,0.0017826836579892707,0.0011034112293737196,0.00861435744014814
0.0017870633084448018,0.0009184369720256777,0.00412558065940761,0.008472306241420674
0.0016648650383484368,0.0008639356489834593,0.003870552204994583,0.008007193945568111
0.003484224662359463,0.0018747521779883581,0.0011078607580692834,0.00902045653256447
0.0030998114311060823,0.0017834608570322598,0.0010998496781365597,0.008610363096733731
0.001784592217524395,0.0009169163241428739,0.004122828052636797,0.008469070549186875
0.001662096052341985,0.0008627190454730151,0.0038684356603672105,0.008004151042518807
0.003483208611126182,0.0018755015388203353,0.0011047955319540379,0.009016016486675844
0.0031005389806289256,0.001784233503435037,0.001096295996711302,0.008606344097903017
0.0017820867676535893,0.0009154198626537124,0.004120001892125465,0.008465908046506158
0.0016592832543289263,0.0008615520187874637,0.003866234390315344,0.008001181222852594
0.0034820619760000606,0.0018762745937487525,0.0011016876894949265,0.009011666753829558
0.0031012277759089255,0.0017850262461783627,0.0010927156059868954,0.008602387052051751
0.0017795893049107156,0.0009139055616457261,0.00411709310847024,0.008462776563675787
0.0016565100329769026,0.0008603587510659213,0.003863971045648517,0.007998249368285236
0.0034809693247407976,0.0018770241824552704,0.0010985666660678374,0.009007300024989251
0.0031018552937944394,0.0017858039269849867,0.001089131955051346,0.008598421217893457
0.0017771028707378829,0.0009124231140310798,0.004114186484893205,0.008459732232267645
0.0016537459411646346,0.0008591887823668322,0.0038616700870108918,0.00799538382197904
0.0034798723867566967,0.0018777811780489402,0.001095410999752319,0.009002993388104036
0.00310252319399487,0.0017865897302006032,0.0010855298223270856,0.008594527339535949
0.0017746172381164656,0.0009109341032420545,0.004111237161844371,0.008456667840884844
0.001650980589621226,0.0008584217972373306,0.0038600719518624405,0.00799325175867186
0.003477282710595261,0.0018782286073811966,0.0010922763567886053,0.008997458691401438
0.003102226826534519,0.0017870218236968663,0.0010820407118219688,0.008589115444862686
0.001772686222417371,0.0009095294378717221,0.004108701843421049,0.008454460791212945
0.001648805487353385,0.0008576528020232445,0.003858710190155966,0.007991317483196127
0.00347581883126042,0.001878339009792398,0.0010891569261522718,0.008991350811141946
0.0031024047597750164,0.0017873530503566886,0.0010784054685120316,0.008583884345811855
0.00177059442622477,0.0009087354638683815,0.004105525595287925,0.00845125323055678
0.0016463724517549686,0.0008575429886372292,0.003856368493812547,0.00798846777033886
0.0034742121215012305,0.001878711600011268,0.0010856295213962912,0.008986138535821172
0.003103027247215576,0.0017877920486706288,0.0010745180617902322,0.008578985357574311
0.0017686537260998808,0.0009082084048019158,0.004102125316833495,0.008447398533973123
0.0016443036858494187,0.0008575367934142045,0.0038539715165855624,0.007985310204492096
0.003473442147358589,0.001878915488145629,0.0010821741698097984,0.008979790149392765
0.003103420549000721,0.0017881053244947305,0.001070773579193879,0.008573056688746274
0.0017667419971350183,0.0009082279635225092,0.004099287831325358,0.00844375434310803
0.0016421396230939809,0.0008580279773193924,0.0038519468954646852,0.007982226329346165
0.003472699085265013,0.0018792831034445364,0.001078735304856485,0.008973088570966601
0.003104429434180777,0.0017886213781854547,0.001067044302877436,0.00856696813455531
0.0017647206153469624,0.0009083133962434699,0.004096297817453541,0.00843939550789479
0.0016398648305721783,0.00085856802396689,0.0038497395313364224,0.007978410533822446
0.003472174934078524,0.0018799502336469996,0.0010753507778526613,0.008966561665825011
0.003105223055579936,0.0017894592016616025,0.0010633382211836305,0.008560931987736307
0.001762558019025275,0.0009085700473406892,0.004093421533694984,0.008434907395660801
0.0016375034530589927,0.0008592327786068037,0.003847884532737841,0.00797456680154802
0.0034716713793252383,0.0018806676345838123,0.0010721980536484007,0.008959540124944135
0.003106193048177861,0.0017902931716956643,0.001059884102368566,0.008554365110137636
0.0017604930214528346,0.0009087638793323128,0.004090946549574771,0.008430514020563306
0.0016352030568644483,0.000859851162216515,0.003846283785170864,0.00797078933332718
0.0034710266274740505,0.0018815213765403613,0.0010691065991212175,0.008952428934441755
0.003106863697963662,0.0017912469801502635,0.001056506250473329,0.008547917468178136
0.0017583911014902457,0.0009089823581837342,0.004088615174319399,0.008425824393058782
0.0016329118049697893,0.0008604051629791811,0.0038446426083026094,0.007966715893849606
0.0034706392951136572,0.0018824979821476528,0.00106600161645619,0.008945569935856473
0.0031076936812240354,0.0017922418404476832,0.0010531444104775905,0.00854168290049507
0.0017563513188846053,0.0009092042859362453,0.004086534313910598,0.008420945256383514
0.0016306932466459707,0.000860965830291374,0.003843233400664449,0.007962631945041062
0.003470127901185867,0.0018834827691019105,0.0010628670174796686,0.008938637333218478
0.0031084068202646476,0.0017931981277942613,0.0010497878883112051,0.008535347619612324
0.0017544549311869061,0.0009094117920854802,0.004084755175947786,0.008416100708357938
0.0016286033952445918,0.0008614822509656208,0.0038420711995822065,0.00795851250138681
0.0034697902730288434,0.001884440634098103,0.0010597245514308888,0.00893173097079873
0.0031092442281885576,0.0017941639667859437,0.0010463827834605458,0.00852914355079067
0.0017525780956327258,0.0009096395386040648,0.004083004476520512,0.008411102718772346
0.001626484518360561,0.0008620523578307917,0.0038409646854424247,0.007954240665524703
0.0034693564857553277,0.0018854277538895726,0.001056554272800117,0.008925049065662166
0.0031101644703028027,0.001795159328825592,0.001042935227854178,0.008523052192626583
0.0017507505748528597,0.000909824513853183,0.004081247543689235,0.008406084548555747
0.001624418939950904,0.0008625869935991313,0.0038399581983784878,0.007949962469497952
0.003468977060618661,0.0018863643556615455,0.001053445125766089,0.008918261748634533
0.0031110438027118713,0.0017961277271132921,0.001039532185862743,0.008516859271305324
0.001748927987757121,0.0009100307206554441,0.004079552200272793,0.008401174568175263
0.001622328625842243,0.0008631536391851976,0.003839006010641363,0.007945758301004162
0.0034685646752803914,0.0018873084071121206,0.001050373546868822,0.00891146524717086
0.0031119963075478736,0.0017971059952720748,0.001036164322521314,0.0085106809093939
0.00174707540462045,0.0009102204402207697,0.004077815341944507,0.008396217214590083
0.0016202127900039106,0.0008637008297063421,0.0038379841223940827,0.007941512960074266
0.00346820324885532,0.0018882839718709938,0.0010473259760013023,0.008904696178273129
0.003112914192424106,0.0017981078405280059,0.001032823616344118,0.008504519048348513
0.0017451840072569477,0.0009104412316469671,0.0040760909538206875,0.008391283457478737
0.0016180717529381556,0.0008642678721440259,0.003836981707317822,0.00793731335880061
0.0034678815489956757,0.0018892560862985772,0.0010443154663678715,0.00889784711406676
0.003113891947274606,0.0017990941263609078,0.0010295240848888702,0.008498279357737394
0.0017432921172622431,0.0009106679150775752,0.004074405884659034,0.00838638726552789
0.0016159264825805562,0.0008648441024879208,0.0038359956565339934,0.007933144903744306
0.0034675695211317074,0.0018902355967988992,0.0010413172506090187,0.008890984342784534
0.0031148650133855775,0.0018000904429765717,0.001026232076457963,0.008492055164240467
0.0017413866185849562,0.0009109124750706678,0.004072707602363442,0.008381471368408791
0.0016137744837945098,0.000865428786251891,0.0038349899507397448,0.007928948259387534
0.0034673151129366478,0.001891217372209515,0.0010383275893222816,0.008884154340860614
0.003115893546484463,0.0018010843099216794,0.001022945941467927,0.008485854896174438
0.001739489242391111,0.0009111667037206305,0.004071017065679312,0.008376551670175165
0.0016116323227006214,0.0008660259802688734,0.0038340022399083046,0.007924767741072765
0.0034670533524751045,0.0018921907399757174,0.001035344655399756,0.008877312077613473
0.003116917529128052,0.0018020655179870288,0.0010196715191773988,0.008479640430578823
0.0017376137100901157,0.0009114257594503027,0.004069359424396383,0.008371647781771224
0.0016095130066728983,0.0008666197013816936,0.0038330331996853464,0.007920594084885137
0.003466836371866184,0.0018931610816763388,0.001032367748798712,0.008870476509054205
0.00311796645843572,0.0018030458816086317,0.0010164030820447997,0.008473452569955579
0.0017357428536057173,0.0009116949152320973,0.004067717283506677,0.00836672153390474
0.0016073950137138783,0.0008672228596442072,0.0038320706013208632,0.00791640578139026
0.0034666242445656453,0.001894142872894779,0.0010293911057220142,0.008863675962617546
0.003119036754047807,0.0018040330940243825,0.0010131389838533475,0.0084672868786021
0.0017338849371337627,0.000911962509803531,0.004066098958312083,0.008361788805291264
0.001605292243493586,0.0008678221095828697,0.0038311384961666026,0.007912217306336093
0.0034664362327517027,0.0018951259616757528,0.0010264271715535386,0.008856865404148944
0.0031201134903591147,0.0018050234898359912,0.0010098872018499767,0.008461114586035101
0.0017320356052382645,0.0009122359928521378,0.004064511796681156,0.008356866047382967
0.001603193250655633,0.0008684288040095664,0.003830236765970556,0.007908033754277188
0.0034662540808975367,0.0018961174803425582,0.0010234738440487692,0.00885006484353854
0.003121216858080066,0.0018060233530083618,0.0010066448055714363,0.008454954359007883
0.0017301923893881833,0.0009125073509461172,0.004062934135623394,0.008351932123925055
0.0016010998520499039,0.0008690349198175116,0.003829345533646281,0.007903839094475534
0.0034660855723014244,0.001897118456819872,0.001020530249940818,0.008843278457822453
0.0031223257202979246,0.0018070323391273285,0.0010034119973578982,0.008448804654440728
0.0017283550863372323,0.0009127841826806316,0.0040613716871421585,0.008346999639446847
0.001599013692402936,0.0008696458565861755,0.0038284720405209367,0.007899648357494972
0.003465931971697271,0.0018981232215551105,0.0010175975901379683,0.008836489284054293
0.0031234536723552006,0.0018080432832730227,0.0010001916659518803,0.008442652198504177
0.001726527880092132,0.000913064797804093,0.004059827474038634,0.008342068277756808
0.0015969368514620913,0.0008702610657949446,0.0038276105618100104,0.007895459429146129
0.003465790354944612,0.001899134667676671,0.0010146705690930386,0.008829706722262852
0.003124591240248225,0.0018090602881946289,0.0009969784447240114,0.00843650991384814
0.0017247074967629429,0.0009133523342340964,0.0040582937505403305,0.008337129440090196
0.00159486809984869,0.0008708812334399822,0.0038267559589904403,0.007891263786888569
0.0034656702536586294,0.00190015197891831,0.0010117488111342965,0.008822934415074396
0.0031257491581137714,0.0018100821598861874,0.000993771638392681,0.008430376062683747
0.0017228959801244418,0.0009136461535000952,0.004056772291299004,0.008332187479700968
0.0015928081109500027,0.0008715084492552063,0.003825914972644508,0.00788706851971509
0.003465559497559953,0.0019011734118652105,0.0010088328641492874,0.008816165704073392
0.0031269197681822888,0.0018111081819431663,0.0009905718707863135,0.008424244498859803
0.0017210947500818734,0.0009139443050233235,0.004055263016212432,0.008327246503512246
0.001590758190612878,0.0008721396662850472,0.0038250861020943288,0.007882872329336283
0.0034654644051971477,0.0019021993592421233,0.001005923705988466,0.008809403952081787
0.0031281055136951814,0.0018121400740114578,0.000987379022491651,0.008418121526874803
0.0017193009534926425,0.0009142469029407548,0.004053761431650942,0.008322302834327777
0.0015887151834693188,0.0008727760979624767,0.003824265791257016,0.007878674086304759
0.003465377742224038,0.0019032315028057307,0.001003021017002661,0.008802653085234965
0.0031293045016173218,0.001813177990289084,0.0009841939455692951,0.008412006490829186
0.0017175161878848141,0.000914551491655357,0.0040522690962234275,0.0083173595247322
0.0015866818513516308,0.0008734146364256641,0.003823455834109978,0.00787447724169357
0.003465302078546091,0.0019042685580547443,0.001000126044419913,0.008795907032684134
0.003130512464938987,0.0018142210584838427,0.0009810178974093264,0.008405896530731986
0.0017157398573388032,0.0009148592302512385,0.004050787860322522,0.008312418372915506
0.0015846568542563437,0.0008740565281026218,0.003822655645460713,0.00787028238257785
0.003465235493550611,0.0019053117332186163,0.0009972378599702812,0.008789169661615725
0.0031317330607682097,0.0018152701689164124,0.000977850004121309,0.008399795196602245
0.0017139719660101548,0.0009151687410941502,0.00404931494731278,0.00830747608276627
0.0015826406637868267,0.0008747006840506608,0.0038218632075479033,0.007866087119679722
0.003465177982571312,0.0019063609650917148,0.00099435609503243,0.008782441865490662
0.0031329629336147267,0.0018163253659310527,0.0009746897785685639,0.008393702172398133
0.0017122129420183124,0.0009154807764185621,0.004047850644685657,0.008302535090244732
0.0015806337740738384,0.0008753478539789317,0.003821080127326809,0.007861893423067142
0.0034651293201698984,0.001907414981028806,0.0009914812077609233,0.008775721510389436
0.003134204372525248,0.001817385699146658,0.0009715374612903836,0.008387615727105094
0.0017104634386539046,0.0009157948089524856,0.004046393902063463,0.008297595704529773
0.001578636314947674,0.0008759981004816948,0.0038203049134555578,0.007857701023003028
0.003465087710382195,0.0019084740101833625,0.000988612720663239,0.008769010390902169
0.0031354554545691953,0.0018184517102950368,0.0009683924997806267,0.008381537694634423
0.0017087230317607185,0.000916110999632237,0.004044942438560391,0.008292657183778957
0.0015766482849930519,0.0008766512334652446,0.003819535758320342,0.007853509120455647
0.0034650544744407076,0.0019095377426365016,0.0009857508897270898,0.008762308445817473
0.003136716933385863,0.0018195230251921732,0.0009652552193863425,0.00837546739085927
0.0017069918157653558,0.000916429456444184,0.004043496051170583,0.008287720531354955
0.0015746696504845836,0.0008773076902645815,0.0038187726684063067,0.007849319206721658
0.0034650276031468284,0.001910606019361059,0.0009828958157008544,0.00875561446468191
0.003137987581932698,0.001820599502775651,0.0009621259042893743,0.008369403755531895
0.001705269828172245,0.0009167499664803836,0.004042054237331999,0.008282786187605399
0.0015727005522549783,0.0008779670232741306,0.0038180146218690005,0.007845131050377343
0.003465008099159133,0.001911678981442766,0.0009800476149755559,0.00874892871809166
0.003139267410810855,0.0018216814744466043,0.0009590045414216713,0.008363347502967248
0.0017035565156658633,0.000917072741601471,0.004040615914450445,0.008277853762962204
0.0015707404491301605,0.0008786296152864394,0.003817260838676371,0.007840944561034624
0.003464994751192347,0.0019127567667399025,0.0009772063252378913,0.008742251519885629
0.0031405563240032223,0.0018227689351206148,0.0009558912667748884,0.00835729821439898
0.001701852159375842,0.0009173973689004443,0.004039180759828141,0.00827292388348143
0.0015687897674138244,0.0008792950731916884,0.0038165112367194364,0.007836760289473525
0.003464987438356172,0.001913839093749558,0.0009743721842589881,0.008735582001640183
0.003141853281965829,0.0018238617610202203,0.0009527862685428085,0.008351255473623982
0.0017001566944889468,0.0009177239612896448,0.004037748445693187,0.008267996933019377
0.0015668483862784346,0.0008799635133677235,0.003815765230149909,0.007832578335520288
0.0034649857307870523,0.0019149260430682059,0.0009715451406727055,0.00872892077530576
0.0031431586207532687,0.0018249600068342723,0.0009496895262583352,0.0083452198172861
0.0016984701665027507,0.0009180522412823477,0.004036318236987082,0.00826307254282756
0.0015649164464754358,0.0008806347155882106,0.0038150221306972364,0.007828398541561195
0.0034649891947242857,0.0019160175892506467,0.0009687251530694302,0.008722267944050233
0.0031444713914719944,0.0018260636238260214,0.0009466010724250247,0.008339191165882921
0.001696792697517921,0.0009183822286699529,0.004034890052010734,0.008258151141312522
0.0015629941348230404,0.0008813086413930253,0.0038142818860121006,0.007824221259809253
0.0034649977372992187,0.0019171135689668398,0.0009659123005880497,0.008715623178711423
0.0031457916758187987,0.001827172501164772,0.0009435209937807605,0.008333169317418839
0.0016951243617242863,0.0009187138091983976,0.0040334636057323126,0.008253232762074625
0.0015610814534941508,0.0008819852840138665,0.003813544117432041,0.007820046456333702
0.003465010770749151,0.001918214067348884,0.0009631065277640022,0.008708986806958195
0.0031471190319209874,0.0018282867802770148,0.0009404492350986605,0.008327154519910422
0.0016934651339873975,0.0009190468814983885,0.004032038378121762,0.00824831735931977
0.00155917845396071,0.0008826645300337378,0.003812808470433448,0.007815874020837412
0.0034650282550965587,0.0019193190253377107,0.0009603079473565351,0.008702358755122666
0.0031484532996874093,0.0018294064526954013,0.0009373858879409469,0.008321146594664198
0.0016918150335725232,0.0009193813971331157,0.004030614107473151,0.008243405202744507
0.001557285133110704,0.0008833464285864158,0.0038120747949705307,0.007811704206105942
0.003465049603719676,0.0019204284073670683,0.0009575166485256395,0.008695738857943443
0.003149794155895948,0.0018305315208170488,0.0009343310541392729,0.008315145356108928
0.0016901740812399965,0.0009197172298232075,0.004029190426831317,0.008238496401871586
0.0015554015441652362,0.0008840308539374636,0.0038113426702405385,0.007807536995591379
0.0034650747169303452,0.0019215422276455262,0.0009547327016480287,0.008689127133545534
0.0031511412936644817,0.0018316620393942723,0.0009312847996761122,0.008309150863175237
0.0016885421978189146,0.0009200543840628926,0.004027766954452904,0.008233590970774364
0.0015535276441916365,0.0008847178318586242,0.003810611730043037,0.007803372428220702
0.0034651032773926143,0.0019226604900219808,0.0009519561571214812,0.00868252354877442
0.003152494537015675,0.0018327979932020457,0.0009282472119499834,0.008303162975830522
0.0016869194283864895,0.000920392780724107,0.004026343453555845,0.0082286890277632
0.0015516635170301177,0.0008854072972390743,0.0038098817222516897,0.007799210610747666
0.003465135071513194,0.0019237831604739183,0.0009491870665904636,0.008675927936540295
0.00315385352255163,0.0018339393785337906,0.0009252183541652008,0.008297181584029076
0.0016853057598297347,0.0009207324233482528,0.004024919671399601,0.008223790641963675
0.0015498091684104523,0.0008860992524644672,0.003809152349346058,0.007795051544283058
0.003465169925773679,0.0019249102421690623,0.0009464254584963809,0.008669340332785762
0.003155218160457837,0.0018350862164961063,0.0009221982604993289,0.008291206698439305
0.0016837011946298668,0.0009210732570917398,0.00402349529772657,0.008218895799841815
0.0015479646253424375,0.0008867936738358566,0.0038084233344330603,0.007790895224499978
0.0034652075660056973,0.0019260417201747012,0.000943671367572275,0.00866276070453027
0.003156588142800987,0.0018362385091510022,0.0009191869788791293,0.0082852382332524
0.0016821057579930725,0.0009214152454879416,0.004022070113793858,0.008214004611853114
0.001546129941071708,0.000887490526068586,0.0038076944736799385,0.007786741713914795
0.003465247828527322,0.0019271775581429153,0.0009409248522599952,0.008656188960131664
0.00315796329201789,0.0018373962477661264,0.0009161845724907783,0.008279276113869014
0.0016805194529321346,0.0009217583470700137,0.004020643885438038,0.008209117122001515
0.00154430512638416,0.0008881897903134543,0.003806965510294756,0.007782591031407761
0.0034652904549627357,0.0019283177646696587,0.0009381859431295146,0.008649625119378525
0.0031593433754058906,0.001838559452523962,0.0009131910878210618,0.008273320331753611
0.001678942280356733,0.0009221025085601083,0.004019216375333153,0.008204233356930327
0.0015424902161814214,0.0008888914123649491,0.003806236204169066,0.007778443188663155
0.003465335292926647,0.0019294623273666959,0.0009354546886437291,0.008643069127157345
0.0031607281704527854,0.0018397281220269039,0.000910206586586861,0.008267370818686812
0.0016773742421128397,0.0009224477001511194,0.004017787408325611,0.008199353387761493
0.0015406852292356072,0.0008895953740214304,0.003805506364654374,0.007774298242389283
0.003465382124885025,0.001930611239097939,0.0009327311286410565,0.0086365209330829
0.003162117485547537,0.001840902258705776,0.0009072311232266543,0.008261427516941667
0.0016758153433928575,0.0009227938727113196,0.004016356791356973,0.008194477248359372
0.0015388901918774883,0.0008903016314056625,0.003804775772623516,0.0077701562009227215
0.0034654307892315133,0.0019317644983880018,0.0009300152977999357,0.008629980517763782
0.0031635111082863976,0.0018420818738530732,0.0009042647415690784,0.008255490402233634
0.0016742655766668222,0.0009231409986561499,0.00401492433308927,0.008189604971523264
0.0015371051192459215,0.0008910101620870175,0.00380404422925236,0.007766017083852083
0.0034654811147668326,0.0019329220946186238,0.0009273072329359298,0.00862344784654566
0.0031649088694399885,0.001843266963278871,0.0009013074908142987,0.008249559418685883
0.001672724950769792,0.0009234890387993778,0.004013489864352789,0.008184736603202946
0.0015353300392423278,0.0008917209347569796,0.0038033115486959214,0.007761880923293979
0.0034655329291706574,0.001934084015461537,0.000924606967270544,0.008616922875006023
0.003166310562537987,0.0018444575247546352,0.0008983594160823303,0.008243634521437615
0.001671193464891358,0.0009238379654269721,0.00401205321698607,0.008179872177968369
0.0015335649715125701,0.0008924339206203078,0.003802577535532947,0.007757747733355599
0.0034655860938307553,0.0019352502534174944,0.0009219145311672587,0.008610405580424082
0.0031677160254522867,0.0018456535572161702,0.0008954205599051249,0.008237715680746759
0.0016696711166867336,0.0009241877495467778,0.004010614228159865,0.008175011718863465
0.0015318099333687344,0.0008931490944160984,0.003801842006076049,0.007753617532830473
0.003465640450198841,0.0019364208008150426,0.0009192299527549593,0.008603895929860453
0.003169125073607466,0.0018468550565378687,0.0008924909652067552,0.008231802851518394
0.001668157908175985,0.0009245383627994799,0.004009172755599652,0.008170155261883836
0.0015300649475981174,0.0008938664252450652,0.0038011047917412347,0.007749490344499528
0.003465695869154827,0.0019375956478157484,0.0009165532620815924,0.008597393882322892
0.003170537539921218,0.0018480620188279055,0.0008895706741214169,0.008225895994301926
0.0016666538351627145,0.0009248897808491474,0.0040077286601009334,0.008165302831901011
0.001528330027173391,0.00089458588903385,0.003800365724219209,0.007745366183501054
0.0034657522101893723,0.0019387747906136064,0.0009138844846299232,0.00859089941543082
0.0031719532630939853,0.0018492744429396638,0.0008866597253721874,0.008219995078657845
0.0016651588955168186,0.0009252419751667326,0.004006281807142137,0.008160454450427668
0.001526605190192191,0.0008953074548290889,0.0037996246431740814,0.007741245064409668
0.003465809348520693,0.0019399582217327585,0.000911223647298252,0.008584412495626288
0.0031733720764462216,0.0018504923237373297,0.0008837581586892382,0.008214100067458959
0.0016636730869201873,0.000925594922733117,0.00400483207722015,0.008155610144977671
0.0015248904523808826,0.0008960310965480706,0.0037988813985301165,0.0077371270071262726
0.0034658671596872474,0.0019411459343926477,0.0009085707747265256,0.008577933092656606
0.003174793827498187,0.0018517156553466685,0.000880866012094752,0.00820821092881029
0.0016621964074358519,0.0009259485981827287,0.004003379354063657,0.008150769933743796
0.0015231858297614746,0.0008967567849088915,0.003798135839667185,0.007733012024434086
0.003465925526442605,0.0019423379236655513,0.0009059258884868129,0.008571461182580432
0.0031762183589591187,0.001852944432554432,0.000877983320757775,0.00820232763682943
0.0016607288539893187,0.000926302979968236,0.004001923529287336,0.008145933834074009
0.0015214913378794913,0.0008974844923667626,0.0037973878245935195,0.00772890013005004
0.003465984339873168,0.001943534182949636,0.0009032890096700574,0.008564996738078243
0.0031776455251661217,0.001854178647326827,0.0008751101194493463,0.008196450162270965
0.0016592704250511195,0.0009266580466347792,0.004000464503625442,0.008141101863255062
0.0015198069921244686,0.0008982141921495527,0.003796637218374461,0.007724791338662859
0.0034660434907769558,0.0019447347062735763,0.0009006601572738855,0.00855853973361864
0.003179075179260362,0.0018554182920825176,0.0008722464407000384,0.008190578479525307
0.0016578211180509727,0.0009270137778426312,0.003999002181676238,0.008136274035266535
0.0015181328070897734,0.00089894585660211,0.0037958838887343508,0.007720685660944825
0.0034658723070546266,0.001945810039390716,0.0008979796097767651,0.008551521241157965
0.0031805085071686776,0.001856651524159273,0.0008694036085500597,0.00818474228485871
0.0016563723662584527,0.0009273837657013339,0.003997519020691155,0.008131392559808343
0.001516468853052207,0.000899683001459752,0.0037950509881969786,0.007716547020511566
0.0034656186644717348,0.0019468350590280026,0.0008952519484384568,0.008544223767969795
0.003181940246407906,0.0018578804349330003,0.0008665675703677219,0.008178936843894046
0.0016549288943191794,0.0009278041556567471,0.003996039505320314,0.008126447529081867
0.0015148259111302433,0.0009004554739973043,0.0037941777170403266,0.0077123769388203105
0.003465443864046557,0.0019478682554461282,0.0008925116431552523,0.008536898580483846
0.0031834091608348887,0.0018591038708785255,0.000863729074255792,0.008173083357099674
0.001653503031383415,0.000928285559572105,0.003994586828931987,0.008121469007297063
0.0015131992600751643,0.0009012871719125779,0.0037933254071407857,0.007708174106798149
0.0034653199863696918,0.001948910007895216,0.0008897710211408974,0.008529550955405873
0.0031849340502974905,0.0018603437076672323,0.0008608823821842209,0.008167188456191403
0.0016520847417904449,0.0009288086608084622,0.00399311532806737,0.008116446008768218
0.0015115742007169445,0.0009021655540513245,0.003792479917052609,0.0077039082222801715
0.0034652290414190438,0.001949967415769047,0.0008870454128213248,0.008522215029326145
0.003186499739406837,0.0018616110573961093,0.0008580382029931499,0.008161274157735354
0.001650670427033486,0.0009293538535706165,0.0039916164062966195,0.008111398153597776
0.00150995215905071,0.0009030717007521529,0.0037916449710941767,0.007699611240444079
0.0034651400011696198,0.0019510359725547445,0.0008843486017989107,0.008514866056190028
0.0031880704363362934,0.0018628923778094605,0.0008552193100638491,0.008155324336327803
0.0016492677426588123,0.0009299053811192572,0.003990124366258989,0.00810634944431175
0.0015083427121683791,0.0009039820875906536,0.0037908169398205085,0.007695311830358008
0.003465048907304577,0.001952120575047886,0.0008816754476498718,0.008507498068332498
0.0031896253979477505,0.0018641862418852663,0.0008524297142067442,0.008149367580313673
0.0016478721572925706,0.0009304604706524874,0.003988653560519633,0.008101279522083081
0.0015067445548432115,0.0009048870005159031,0.0037899830046315116,0.007690999754130968
0.0034649636693231275,0.001953227556261004,0.000879012763096745,0.008500128511181357
0.003191174243260795,0.0018654937104769567,0.0008496609994508048,0.008143425614732773
0.0016464886088421052,0.0009310178293047192,0.003987217619633865,0.008096183048424927
0.0015051636588316198,0.0009057874597127713,0.003789163571925768,0.00768667719620413
0.003464880694577477,0.0019543490092200264,0.0008763551104767136,0.008492750134938476
0.0031927199497272865,0.0018668101778038532,0.0008469047457736226,0.008137488708684592
0.0016451250706340523,0.0009315774781856816,0.0039858209756197405,0.008091071897924476
0.0015036031837529988,0.0009066884798440925,0.003788374044733466,0.007682343456486706
0.003464800107630462,0.001955477674942896,0.0008737015149849749,0.008485371514365757
0.003194277688057946,0.0018681369051078314,0.000844152765225906,0.008131563872860976
0.0016437802029850058,0.0009321378070059148,0.003984439940804564,0.008085944496082346
0.0015020585970157985,0.0009075943712017539,0.0037876059048108017,0.0076779901174164
0.0034647163757733726,0.0019566101868102163,0.0008710542232851677,0.00847800882009272
0.0031958496043442454,0.0018694732563709837,0.0008414038804974652,0.008125652344601175
0.0016424532633291754,0.0009326969536044461,0.0039830587289643275,0.00808081047428703
0.0015005299420242084,0.0009085047832872625,0.0037868527222338867,0.0076736262793917235
0.0034646287141819943,0.001957741535489557,0.0008684189501010224,0.008470653192375097
0.0031974285807242534,0.0018708138756950588,0.0008386642479679332,0.008119742275129727
0.0016411417492986937,0.000933256188550788,0.003981674739775237,0.00807567964808673
0.0014990147358695707,0.0009094193506726269,0.003786104160819183,0.007669261166186545
0.0034645386089119027,0.0019588738071324983,0.0008657971903522604,0.008463302321326483
0.00319901278807065,0.001872158746224771,0.0008359375997752735,0.008113834746867546
0.0016398400963166836,0.0009338165896014696,0.003980284195990599,0.00807054784301856
0.0014975093357888,0.0009103364669192732,0.003785348759263821,0.007664894064371377
0.003464450627485106,0.0019600107965448807,0.0008631881914352651,0.00845595585433361
0.0032006000223934153,0.001873508914113148,0.0008332252594643491,0.008107929684929
0.0016385460104176575,0.0009343800379567387,0.003978890527570989,0.008065415331030897
0.0014960130953201702,0.0009112566991066357,0.0037845884316355894,0.0076605280434977165
0.0034643661943308465,0.001961152729480572,0.0008605917907358318,0.008448607721112018
0.0032021912509189406,0.0018748638529665293,0.0008305274451146085,0.008102022419938936
0.0016372603153121852,0.0009349467634494918,0.00397749744902551,0.008060283410189733
0.001494526441359803,0.0009121805620193253,0.003783826055461239,0.007656162899483725
0.0034642844910429843,0.001962299902628081,0.000858006839685291,0.008441260058466068
0.0032037874134375165,0.0018762247344334432,0.0008278421572786645,0.008096116416028375
0.0016359834970108445,0.0009355161826883066,0.003976102585146314,0.008055149446517446
0.0014930498677080113,0.0009131078674698586,0.003783061281312282,0.007651795104377732
0.0034642051175684664,0.001963451743979511,0.0008554325170490643,0.008433917062173479
0.003205389162193499,0.001877591320163423,0.0008251681432711091,0.008090214136110802
0.0016347175134186949,0.0009360874865387903,0.003974705765813109,0.00805001403953821
0.0014915852982112065,0.0009140383426880604,0.0037822958768142763,0.007647425756096185
0.0034641257383000567,0.001964606831461296,0.0008528685450310037,0.008426578634175572
0.0032069944681739674,0.0018789622260893398,0.0008225053535096286,0.008084315103789137
0.00163346407457817,0.0009366600786690975,0.003973308400871141,0.008044877995823815
0.0014901341080163794,0.000914971095508476,0.003781529724585844,0.0076430552025918905
0.0034640465006865874,0.0019657652323062866,0.0008503142138912741,0.008419245870783775
0.003208602825505967,0.0018803376616578593,0.000819853426613599,0.008078421677813535
0.0016322229526514736,0.0009372339446921374,0.003971910290902642,0.008039739439871116
0.0014886960240227682,0.0009159059340197433,0.0037807618871235687,0.007638682221213854
0.003463967367956235,0.001966927704495955,0.0008477690215923148,0.008411919860781969
0.003210214448765803,0.001881718170596836,0.0008172121671393886,0.008072534113085096
0.0016309941411750874,0.000937808930422745,0.003970512218001318,0.008034598565611423
0.0014872710731510912,0.0009168428605706016,0.0037799937860162813,0.007634307317063787
0.003463888084822843,0.001968094336664018,0.0008452332490125912,0.008404598959659473
0.003211828966650948,0.0018831040868341213,0.0008145816878935277,0.00806665070225177
0.0016297773558963426,0.0009383850727467743,0.00396911437895486,0.008029456243567726
0.0014858587091713619,0.0009177821917494734,0.00377922593619741,0.00762993047596158
0.0034638085369241016,0.001969265484011341,0.00084270719316108,0.008397283445216149
0.003213447193486419,0.0018844961091154322,0.0008119618990434875,0.008060771556766986
0.001628571981066759,0.0009389621756830843,0.003967715096982252,0.008024312243476816
0.0014844583428371971,0.0009187240470991673,0.0037784574103737253,0.007625551229359237
0.00346372835358498,0.0019704412771528097,0.0008401911325186879,0.008389973928475177
0.0032150686902638185,0.0018858942828333324,0.000809352940015721,0.008054896340443604
0.0016273779482012547,0.0009395402125120583,0.0039663136491114815,0.008019167353367284
0.0014830701060544425,0.00091966838769569,0.0037776876965826328,0.0076211704062585485
0.0034636475292298264,0.001971621397904784,0.0008376852641509462,0.008382669789638543
0.0032166929053480415,0.001887298099251154,0.0008067551051352384,0.008049024453516965
0.0016261953128898124,0.0009401193277826628,0.003964909922124039,0.008014021906583398
0.001481694107805372,0.0009206151693858011,0.0037769157818487325,0.007616788420304885
0.003463566152146295,0.001972805926693006,0.0008351892911609715,0.00837537146308301
0.003218319552661242,0.001888707401783002,0.0008041683209716963,0.008043156541290336
0.001625024012362266,0.0009406996471373015,0.0039635036795567565,0.008008875360240102
0.001480330449766811,0.000921564261493058,0.0037761408536647013,0.007612405097065504
0.0034634845547231985,0.0019739949301412207,0.0008327028652636917,0.008368079193915079
0.003219948440772748,0.0018901220809689845,0.000801592427478424,0.008037292815293272
0.001623864170874922,0.0009412812874565077,0.003962095292742364,0.008003727750169332
0.0014789792976032474,0.0009225157131679336,0.0037753632158306323,0.0076080206685551
0.0034634026058871672,0.0019751883450508903,0.0008302258097074116,0.008360792790440007
0.003221579565658076,0.0018915421229215087,0.0007990272748328328,0.008031433134529902
0.0016227158985270558,0.0009418641408780006,0.003960684912817199,0.007998579186903144
0.0014776406731086076,0.0009234694758228502,0.003774583092869193,0.007603635051964206
0.0034633200851367178,0.001976386233596226,0.0008277580476486198,0.00835351256315953
0.0032232129037063667,0.0018929677576866569,0.0007964726962784801,0.008025577810464929
0.0016215791226423448,0.0009424480202845642,0.003959272186386406,0.007993429679166974
0.001476314480205191,0.0009244254662408748,0.003773800487685881,0.007599248133102342
0.003463236685727116,0.0019775886093671316,0.0008252996526655821,0.008346238746917683
0.0032248483383114485,0.001894399070535694,0.0007939287074873177,0.008019726835182022
0.0016204538601979346,0.0009430327108464874,0.003957856938840006,0.007988279578885508
0.0014750007372023126,0.0009253835565250827,0.0037730154121657705,0.007594860217355855
0.0034631520457424785,0.0019787954310556116,0.000822850731487218,0.008338971255884274
0.0032264854794812337,0.0018958360221963265,0.0007913954199786295,0.008013880089774925
0.0016193400854642352,0.0009436180972820648,0.003956439047388079,0.007983129116518078
0.001473699435258163,0.0009263436041299456,0.003772227539066168,0.007590471485480881
0.0034630661055994436,0.001980006752645449,0.0008204112823024668,0.008331710191805019
0.0032281241297423967,0.0018972786115739205,0.0007888728823918252,0.008008037732922486
0.0016182377102394452,0.0009442041681427594,0.003955018335130367,0.007977978256084213
0.0014724105422634756,0.0009273055564012638,0.0037714364989772783,0.007586082014309194
0.003462978832848733,0.001981222618788958,0.0008179812453798782,0.00832445562102233
0.003229764115045858,0.001898726789539697,0.0007863611004845222,0.008002199747874531
0.001617146734129271,0.0009447909597609031,0.0039535947897545495,0.007972827078383132
0.0014711341015824924,0.0009282694125201928,0.003770642154647045,0.007581691948040824
0.0034628902507038953,0.001982443008868897,0.0008155605659203581,0.00831720746443558
0.0032314053294545675,0.0019001805101889887,0.0007838600404912492,0.00799636605724507
0.0016160671418108457,0.0009453785290359679,0.003952168328535843,0.007967675627294162
0.0014698700985152195,0.0009292352219193076,0.003769844351552077,0.0075773013017457185
0.003462800351044791,0.0019836679315255626,0.0008131491880292222,0.00830996584510193
0.0032330477782055683,0.0019016397914499324,0.0007813696367403887,0.007990536712480137
0.0016149989008892353,0.0009459668811980358,0.003950738735935776,0.007962523910671501
0.0016948559893655393,0.0022569102119398745,0.0059751656204681996,0.006841744905364655
0.0006287380197749829,0.0019499684536321642,0.0018204926553298036,0.008325236185239941
0.0028691806118032125,0.0019558410470017777,0.0004663189118310037,0.007426097616779844
0.0028255575857897876,0.000237786531822785,0.0031411115996015032,0.008788628888164765
0.002848307210486647,0.0002195543094124648,0.003994947635506932,0.006978931077430739
0.004305247041898748,0.001567904530759456,0.0009241181886887294,0.00918176509187844
0.002299550410156856,0.0018958382887587467,0.0006724208578492355,0.009660154551679189
0.0016380769521053319,0.001381222183938507,0.0036128272166942687,0.007857067942736058
0.0015768839277217935,0.00129021636522777,0.0033111518625297365,0.007954013537797133
0.0024934894233364794,0.0020803458870068386,0.0005284171114785897,0.00921489651959392
0.003295374812655365,0.001415740206453475,0.0008378721156993164,0.008239240861247655
0.00231389808635299,0.0006647929043878276,0.004774910287141695,0.008069231968660589
0.0024613104292480004,0.00044516914893240903,0.0039476223698292085,0.00840894663361355
0.004182359219645794,0.0019453179139975296,0.00038641508782053067,0.007627245151774329
0.0018871227940080364,0.0018309826384321388,0.0008062494163275145,0.008207006273556357
0.0018373925688493177,0.0016641300995388058,0.004852687306157964,0.007670153505914596
0.0014842497462613444,0.001328018068436894,0.003830052723270346,0.007322195007474501
0.0040224669054847745,0.0025585959269084175,0.00024334396697819324,0.0094224132873995
0.004754589850328002,0.0025379291210734047,0.00021797944764830033,0.00876507304770352
0.0018769826187390096,0.0006282001800850248,0.0030712585142914127,0.007283549435023587
0.0014398799510066914,0.0009572678662582645,0.003622245894820142,0.006955390480767989
0.0030102409524384727,0.002294786777334206,0.00046146173678330714,0.009477630964630852
0.0025404782037060747,0.0023938915729316756,0.00045969811062852997,0.00847002400579384
0.0019649189534609282,0.0010317009898525074,0.003801717305485629,0.008798253375692204
0.0017808503430625656,0.0010442451911099398,0.0043095596924773594,0.008045767567625666
0.0034839785505653884,0.001631884661356568,0.0008398843031767098,0.008120638951358405
0.0036519627540204463,0.0017278664679618594,0.0006508657252753168,0.007784314691740725
0.0020178977800362403,0.000919717240735425,0.0037314297627699263,0.00861795276974197
0.0017109601783131562,0.0010930792000485513,0.0033867952554357365,0.00790912639629234
0.00273481406263535,0.0021702969831328524,0.0004883388966975862,0.00922688060397572
0.0027228932346266884,0.0020040430999913304,0.0004973801745558932,0.00889436904739257
0.0018779268542665807,0.0010381259506048006,0.0034770668399267245,0.007708382309786046
0.0019841327566859465,0.0007709547020433864,0.002973684992411617,0.007403238697069901
0.004481987777052305,0.002055066727075501,0.00043409298662073646,0.008739253507787573
0.0034036772276924542,0.001848800981021309,0.0004851680294990417,0.008583545795202147
0.001836580954056144,0.0013915435468789693,0.004012808939720206,0.0076635764605841195
0.0017077981880682148,0.0013064877359599493,0.0035644442303055406,0.007551740719866955
0.0031998723110611845,0.0021571266466378462,0.0003864103133537441,0.008618722025719163
0.0031457000114307842,0.0019163141724367514,0.0004615902314897616,0.0080633494811795
0.001987348779705052,0.0011589082743900122,0.0042358926348812975,0.00784436100017816
0.0018729980981220772,0.0009977553903967285,0.003959351689689988,0.007434485773681452
0.004194094202619312,0.002052226399799209,0.0005122159519810657,0.0082815324672201
0.003543041933247259,0.0020989182740288386,0.00043131682897594377,0.008249300030880152
0.0017404719406976298,0.00126023173268904,0.0038431707927222896,0.007655668480920386
0.0014958133390802122,0.0013610014912344146,0.003840957457527102,0.007196864145586006
0.0031823158983352254,0.0022028542045979403,0.0005524271060529881,0.008963360579880853
0.0035756653611454677,0.0021575170254159778,0.0004781946536713715,0.008208817120770148
0.0018954574246133973,0.0008595750518050864,0.0036956621128336076,0.007883329109944995
0.0017287169220838365,0.0008814120172326286,0.0038015516874573404,0.007429232791317851
0.0036179268444523553,0.002060266371149534,0.000693872180795865,0.008427287715694292
0.003028908805454818,0.0020476353538971996,0.0006289118488667137,0.008162834290583265
0.0017764217004118182,0.0010938091495178456,0.003901786672106014,0.007955066702583617
0.001597506738803066,0.001079360710531985,0.003730913300662341,0.007559347830326618
0.0032406784340372574,0.0021224599907306357,0.0006657452303738827,0.008516329905739995
0.003259757138905854,0.0019566762723974766,0.0006863755681043863,0.008073283423196279
0.001871090778979622,0.0009410847944131345,0.004007390078365152,0.007879171235461715
0.0017370920809377896,0.0008641606437977132,0.0036098548657458535,0.007523126418278179
0.003652347959661974,0.002141404945963096,0.0006070346649016676,0.008382256531768599
0.0030819477727716065,0.002011416056701822,0.0006271072362046757,0.008307942990852794
0.0017501634988294696,0.0011552122656952367,0.003986376111219432,0.007627909229736924
0.0016019288298505052,0.0010696770915602778,0.003638624040561078,0.007332890331658276
0.003574385390934485,0.0021544186716051716,0.0005811127834535573,0.008510409061917069
0.0034797706434024182,0.0019978948427335033,0.0005931612190622526,0.008113359826522653
0.0018401809807512253,0.0010135217489708461,0.003974439488550495,0.007659710126940456
0.0016746961319977656,0.0009841286850621198,0.003737707702260176,0.007314219035724416
0.0035756153776043405,0.002116571767711217,0.0006070572615184983,0.008437431914497185
0.003218709742992197,0.0020496028560488765,0.0005741310595005761,0.008191676755414566
0.0017842287181544373,0.0010965523003360143,0.003931750182326659,0.007720030729321817
0.0016128604373647937,0.0010886658162520557,0.003841810867027352,0.007334227825362094
0.003459143027661897,0.0020584394734703684,0.0006721687130957963,0.00839829306416088
0.0034168203479397,0.001986924080071792,0.0006225645477264773,0.007964830231028097
0.0018312833588884983,0.0009774787206790717,0.0038931506510080996,0.0078004962616444115
0.0016404356821966282,0.0009949578850442754,0.00376442606411583,0.007376275807431258
0.0034478638171915187,0.0020724934750073775,0.0006864147291437968,0.008417657055829355
0.0032127423844555054,0.0020195376296654167,0.0006384777469266321,0.00813976999682686
0.0017504690243189385,0.0010197061132553055,0.0038125195496898955,0.007720009619069765
0.0015845282494153547,0.0009949969360529048,0.0036528074055252563,0.007334051906359123
0.0035247241556060857,0.0020859045386006493,0.0006998393043713561,0.00840825310233764
0.0033597605294056264,0.001989275663079117,0.0006743423970716226,0.008062217338062132
0.001752661443161276,0.0009615209308146378,0.00382857764603833,0.00768888131677592
0.0015851213499991732,0.0009368829843449244,0.0036077609956722836,0.007340344714596156
0.0034626511741202896,0.002116740828503845,0.0006888242938034867,0.008402564087643841
0.0031695628653720426,0.00201220654991404,0.0006754524403542498,0.008113960862390204
0.001734566201155481,0.0009984034374510558,0.0039055390189594364,0.007728177773018591
0.0015866982759132383,0.0009534427939087565,0.0037099787093881897,0.00739200108723688
0.0034948827860847905,0.0020821888466553908,0.000709551389435049,0.008268506255003586
0.003286579554215348,0.0019759930832127987,0.0006894149752110686,0.007965183501477265
0.001755075890693315,0.0009642628985665068,0.003930813046904397,0.007740499977081522
0.0015820115298514515,0.0009478886549192542,0.003710499575464805,0.007368407537379461
0.0034336768552187605,0.0020994986621863864,0.0006932747437886104,0.00836014822185647
0.003227539051302948,0.002012451018963042,0.0006595134614052123,0.008070374202294605
0.0017272631611809132,0.0009578336428076757,0.0038388775032293532,0.0076835557900755995
0.0015674008388199807,0.0009335759140664423,0.0036670951714674865,0.007306219290067295
0.0034926467853740044,0.0020792613525264666,0.0007051723992377965,0.008360264833252456
0.0032840654090512938,0.0019917078918266556,0.0006649971295170518,0.008027365199623803
0.0017395793281589833,0.0009440522960747422,0.003835352787740525,0.007714539377127801
0.0015733842223283351,0.0009387588731514568,0.0036843496901469673,0.007345781476891605
0.0034185213663668387,0.0020637126108202296,0.0007111466586555104,0.008345860586737015
0.0032246764444209953,0.0019776586665586093,0.0006749528076577412,0.008015680639840485
0.001741254275368782,0.0009385967934760716,0.0038440549050414493,0.0077391968132416835
0.0015783281590726662,0.0009216700402237321,0.0036749260340087275,0.007364659246361381
0.0034457296167317852,0.0020567473255326566,0.0007160543631022791,0.008310699288480595
0.0032340587838764344,0.001970515961387111,0.000682195602568949,0.008007204425035143
0.001725547579953405,0.0009364498990657108,0.00383140298163791,0.007717907770931556
0.0015594674537624139,0.0009192199181368194,0.0036426676405256347,0.007346888338029857
0.0031993045976185055,0.001941499518012141,0.0007217213282042401,0.008120036279679697
0.00305333758469033,0.0018629202904454965,0.0006982211008119409,0.007852741973709736
0.0016951971314744633,0.0008943984041020271,0.003704817523380059,0.007592183186070564
0.0015394383755023293,0.0008630172373146016,0.00346896766611319,0.007203099393453666
0.0033172018006828088,0.0019744719428076126,0.0006946119586017816,0.008232224419365835
0.003032444221701037,0.001894805945882654,0.0006687704831644474,0.007965587075830267
0.001660388806142692,0.0009458903875197947,0.003655862491776879,0.0075618514709895985
0.0015240295621569532,0.00092032676477997,0.003495424822141122,0.007221547003495468
0.0033014269127929637,0.001933679040887544,0.0007092613328117305,0.008150561646682826
0.003099690814533601,0.0018373427250066162,0.0006882355547808158,0.0078091209843167515
0.001708745915433587,0.0009393082562672262,0.0037161740295152774,0.007637978017574458
0.0015578003106582461,0.0009229773811592061,0.003527269085246222,0.007279519746058347
0.0032855417038624214,0.0019256489959116427,0.0007043319503889198,0.00811278946935452
0.0030255538717707743,0.0018424235851872896,0.0006794166231223031,0.007826147909022607
0.0016721682975183241,0.0009657391783570265,0.0036625854537883735,0.007575584780648026
0.0015239001533298637,0.0009264262849373367,0.003443506033253692,0.007198647915596676
0.0033672513536732508,0.001947540948348417,0.0006931815557142217,0.008166997650344038
0.0031232268717686306,0.001863050677959281,0.0006674050530248644,0.00786266346241642
0.0016579973627918118,0.0009659617495194449,0.003637828105392619,0.007555056637823602
0.0015140792338222072,0.0009457763972498471,0.0034710047514966954,0.0072166116789337455
0.0032994692216428163,0.0019375739516245783,0.0007034182839933608,0.008118559107576181
0.0030643844229293754,0.001844383673385194,0.0006818311417940361,0.007775813799708929
0.0016759289025407799,0.000958519204736527,0.0036861327040565352,0.007608715095393452
0.0015310105312938266,0.0009260702147817158,0.0034972031294278603,0.007243822763519869
0.003339138380897772,0.001934726007901198,0.0007082924313585056,0.00807230064207647
0.003074939413749892,0.0018543685237463184,0.0006821048489272976,0.007791869793247037
0.0016486261244621667,0.0009637750237921589,0.0036615885726058073,0.00756679790432271
0.0014993443085469082,0.0009348177383203513,0.0034635908792935407,0.007205445266966789
0.003317463747225574,0.0019544324090966306,0.0007001014307339123,0.008123191315979841
0.0030985400741269497,0.0018658541455340318,0.0006769104221072738,0.007810596676704173
0.0016531151322212538,0.0009461942335067759,0.0036595104395262265,0.00756346597182269
0.0015128208056566365,0.0009185592426992907,0.003480641144918438,0.0072181101327070726
0.0033146474784627486,0.0019416429508982696,0.0007046057334216673,0.00806940239218009
0.003055454696014028,0.0018513257448005882,0.0006838141505388956,0.007769453239212187
0.0016584742628179782,0.0009544461172063514,0.00369513798724352,0.007583992039755334
0.001513928420654521,0.0009227885469359748,0.003497344183246737,0.007227660897706425
0.0033219081190859947,0.001942490446040303,0.0006993143894720561,0.00806403118284603
0.0030920198678898204,0.0018561327361320283,0.0006771432139207505,0.007783067605819297
0.001651543510949753,0.0009481679816792759,0.003676448530846377,0.007551808715523486
0.0015054577824742262,0.0009210128770748016,0.003478478326655745,0.007200979344502162
0.0033140549841967344,0.0019485517909282586,0.0006915628781459498,0.008082071512962606
0.003079993922813618,0.0018598691152876374,0.0006701483127232726,0.007786333889378957
0.001652265926946744,0.000949488289340557,0.00367945053152837,0.007553704925340366
0.0015100723912290536,0.0009209901969573077,0.003494299037304076,0.007205512795668565
0.00332578333760551,0.0019388105985262696,0.0006939507740159685,0.008046859657777374
0.0030900553187467087,0.0018528029138743908,0.000671292251113343,0.0077571328461485565
0.0016525063429567472,0.0009519268497731375,0.0036881719550442755,0.00755901897011745
0.0015048711516120166,0.0009279070392034472,0.0034999485301069923,0.007206184302070028
0.0033153145431719564,0.0019416869468949702,0.000691211749326811,0.008047984954311695
0.0030955734026654816,0.0018579827440425704,0.000667150745648204,0.007758455150164286
0.0016453243963295483,0.0009486694490684035,0.0036731913203251953,0.007545016607929793
0.0014992425881500814,0.0009236579180515673,0.0034873556548478974,0.007191909139194166
0.0033266764288518804,0.0019435928427511179,0.0006903741760492185,0.008041162538567959
0.00309641406069021,0.0018597913749327012,0.0006661770551886117,0.0077502682684588734
0.0016402332074504217,0.0009520055686476194,0.0036749076545314007,0.00754623925842106
0.0014949375347979854,0.0009285772189584963,0.0034948409610074446,0.00719685762697591
0.003322407971405983,0.0019417971520532067,0.0006915502055834258,0.008021668167765676
0.0031018544130864364,0.0018572088150884463,0.0006677774197453995,0.00772988965742852
0.0016389622847669597,0.0009500648575405343,0.00367877713977617,0.007546390751244586
0.0014927458766540943,0.0009267018936810818,0.003493507841944114,0.007195441477810191
0.003324601344531438,0.0019443610885782577,0.0006893149059625698,0.008012853186359867
0.0030992748023437717,0.0018603503879758832,0.0006655766291494051,0.007728080104704577
0.0016321247769549442,0.0009519680168060893,0.0036748835302561986,0.007536217564963486
0.0014871280883187968,0.0009273425189880338,0.003489014787179944,0.0071868368609313655
0.003330525975721607,0.0019462088406240025,0.000687032056380357,0.008005681211475869
0.003108998111132148,0.0018613294000510267,0.0006636874050030283,0.007719942728051545
0.0016305852604780408,0.0009516600685861718,0.003677669649186796,0.007533214915528418
0.001485792797109185,0.0009289285780414113,0.0034948958470635135,0.0071870774479092054
0.0033262879906328056,0.0019453898756774165,0.0006854685306964132,0.007991997775085712
0.003106514637926138,0.001860462689119651,0.0006623037061822907,0.0077075131446256466
0.001629553050549862,0.0009517148982044932,0.0036812306999473524,0.0075307168633333465
0.001484421158802555,0.0009282335690189863,0.0034962052549933516,0.007182719990014736
0.00333180500757412,0.0019462763078810892,0.0006829363772919662,0.007983406154220786
0.003112911164121688,0.0018627096984977192,0.0006593023509151665,0.007704212592881718
0.001625549896290836,0.0009522403404022024,0.003678835616635259,0.007522311455007885
0.0014801712127999439,0.0009300916367491319,0.0034959602241480484,0.007176138529108654
0.003330293804637737,0.0019475271474033954,0.0006806375680498343,0.007977616732616348
0.003116801459752419,0.00186374994312583,0.0006570964685321964,0.007695994420089787
0.0016245175327312556,0.0009511954786269188,0.003680473139237435,0.007519792701207673
0.00147938111074763,0.0009297322020402022,0.0034998101839313267,0.007174572225008493
0.0033314676184146735,0.0019470452916055504,0.0006794224822199054,0.007964140583159774
0.00311708676279927,0.0018640228007411048,0.0006557401853913312,0.007685842795588556
0.001621805761620732,0.0009520399506478672,0.003682176091479368,0.007516263066251254
0.0014760604308303304,0.0009309118840273696,0.0035007689824827102,0.007170603930159241
0.003333054561954731,0.0019486395089900836,0.0006773980053888795,0.007956573011287212
0.003123390137270397,0.0018661930742412678,0.0006535336743823582,0.007680081982008714
0.0016185072541107202,0.0009515167318512512,0.0036804701884284993,0.007509972472824367
0.001472841002526183,0.0009313483657178361,0.0035006044803212993,0.007165823068026887
0.0033333092739303845,0.0019498200022570725,0.0006756577997629431,0.007947655306955117
0.0031245010447578593,0.0018673169542766542,0.0006518525458695371,0.007671287136321038
0.0016161932893510062,0.000951966553559987,0.0036819252008625904,0.007507162228612953
0.0014707109017256465,0.0009320909175677842,0.003503007438076416,0.0071635928318033795
0.003335358310711753,0.0019502049021214132,0.000674233339267908,0.007935998441078184
0.0031282825635911443,0.0018680409613611518,0.0006502467309684375,0.007661664202783708
0.001613456021344417,0.000952343415650744,0.0036822351396427738,0.007502595264438129
0.001467582634690023,0.0009331719274484057,0.0035031643091309713,0.007159449897005831
0.003335993042003927,0.0019517525655239937,0.0006720966722321148,0.007928456096694753
0.0031310682715440835,0.0018694849700991592,0.0006479183609546504,0.007653896393417517
0.0016105925069606552,0.0009523385463663387,0.0036811892825188083,0.007497030039508792
0.0014649589005333793,0.0009334338683218485,0.003502952994359165,0.007154787221931665
0.003302994452600836,0.0020207979578247713,0.0006033034186036757,0.007686510314530205
0.002933872056395139,0.0018136333670289925,0.000705356970018023,0.007579691721913212
0.001429968962666326,0.0010429241155613302,0.0038604286880485417,0.006955972754849722
0.0013869741594616147,0.0008421269920419948,0.003131956025584478,0.0069292801401633535
0.0034366704444351703,0.002158122489919645,0.0004591989898623934,0.007517245440487345
0.0027302831167352174,0.0018351092431171082,0.0006415517381887281,0.007431119698125652
0.0014686020807867049,0.0012505886021167984,0.004297122002109247,0.0069742887343184025
0.0014015307069991667,0.0009759755565263755,0.0036064282582104028,0.006847968286470163
0.003735837008205911,0.0021266247485911055,0.00043814717527175203,0.007343110638973497
0.0032411953317218966,0.001956896998174609,0.0004835768580014071,0.00732842457870973
0.001429389532885146,0.001213277186029202,0.004015308701942856,0.006931800272687159
0.001273322373061859,0.0011516042858773087,0.0037290026281704526,0.0066622513460540544
0.0034028509404158192,0.0020864359866325506,0.00047956345630560595,0.007709819893295861
0.003288902310488969,0.0020411342278196156,0.00042152616258240227,0.007415441478077335
0.0014583964009495475,0.001050494077784144,0.0035936278965206184,0.007056187102887452
0.001326281731640736,0.0010606388095898598,0.003643358179532568,0.006698899184133462
0.003367030412780624,0.0019362920310981352,0.0005821016375582227,0.007642080341169229
0.003114107747037295,0.001905300970988729,0.0005169873766309695,0.007366328486229731
0.0014811073784074724,0.0010637622129262643,0.003602018007162845,0.00721808637718636
0.0013484231759314273,0.0010346442268774024,0.0034856801565987376,0.006895231351981256
0.0032946205430713356,0.0019215852347504723,0.0005874821951060498,0.0075872262564874796
0.0030158517566851637,0.0018070565380313023,0.0005946408407088853,0.007359738414951275
0.0014743458659817789,0.0010606247638437823,0.003690059309272572,0.0071464165144054055
0.001370053617402065,0.0009331809268143242,0.003275320530142882,0.006907784297226491
0.0034272952987672804,0.0020083689321388223,0.0005171083454607969,0.007586989809709721
0.002942317558890172,0.0018402807002320222,0.0005781594634507582,0.007470513845781936
0.0014207844529002204,0.001136997652072749,0.003789411887883792,0.007051569427601291
0.0013336465448861173,0.0009721342335680601,0.003342765139905669,0.006864793387216329
0.0034986320522386823,0.0020299604139903714,0.0004913301300045265,0.007537518446403468
0.0031100491964738976,0.0018675282393618917,0.0005368727680896642,0.0073942274396230885
0.0014486312407939106,0.0011200330566093523,0.003838127197480623,0.00708670779058837
0.001332519401507004,0.0010193457257812806,0.0035144642863101415,0.006859648821951206
0.003394769528551595,0.0020007806670376957,0.0005050450982927591,0.0075452609733658
0.0030832126748263477,0.0018914217781931895,0.000512219380995411,0.00737712791533619
0.001451818084543595,0.0010829967119882088,0.0037411001900800695,0.007124635076221619
0.0013278685528100812,0.0010046773877138194,0.003504531326531693,0.006831862877786967
0.0034038210911038935,0.001976900518886682,0.0005262624232887027,0.007592136997184235
0.003123031859549133,0.0018935360574872044,0.0005096512202752149,0.007402692885101027
0.001441688966757961,0.001052021949704908,0.003635388207076581,0.007135253866291711
0.0013162812954535697,0.0009955128172320837,0.0034310351192064327,0.0068526284476853
0.0033313750090525705,0.001962979100509029,0.0005367822012267676,0.0076220913443915935
0.0030565582500863176,0.0018569737744702029,0.0005375630470913649,0.007407585675064531
0.0014602811368183085,0.0010456621171866414,0.0036694262620971304,0.007168011760443542
0.001349602117598619,0.0009591974079393539,0.0033956555674464145,0.006911092479376738
0.003371637545617305,0.0019586403427739054,0.000527186180297627,0.00754960622440171
0.0030092028413834008,0.001831264921195437,0.0005522605803241318,0.007396958767968029
0.001448381200559178,0.0010794734021516313,0.003728396593261601,0.00714395855335094
0.0013357152658594598,0.0009693179369768282,0.003377981622336392,0.0069033500630644885
0.003401613781498417,0.001986797141752853,0.0005032043540766309,0.0075619351347862036
0.003066979644931028,0.001854248352491028,0.0005297744433011519,0.007414088014915403
0.0014385711544263804,0.001079211454717906,0.0037184897883070205,0.007109366074802367
0.001325877993779767,0.0009788324024842207,0.0033962487441034864,0.006871170526552245
0.0034010961281670097,0.0019887851054119048,0.000498557316598469,0.007566931373810136
0.003073511562330863,0.0018674093769125385,0.0005140063017610609,0.00739699627343657
0.0014414830023264942,0.0010790136319598388,0.0037053743983036878,0.007131232775972757
0.0013247150394829063,0.0009950982789998849,0.00343929172727368,0.006873398753338512
0.003388570142346499,0.0019694355897718866,0.0005093081251526339,0.007552255522516866
0.0030936785417681554,0.0018631624070008408,0.000512421935079462,0.007370508327583699
0.0014438366550284536,0.0010654944582869257,0.0036730318131563415,0.007146925259186279
0.0013206891275660039,0.0009924335545749244,0.003419120048993421,0.006876834234933139
0.0033657498647075433,0.0019673538083957256,0.0005127853679235902,0.0075711604744083906
0.003074408541228637,0.0018622096805862895,0.0005160700466856605,0.007388043853255044
0.0014383282457563502,0.001060283138826774,0.0036491234837050185,0.0071448136447175336
0.0013216078472415912,0.000979383112979239,0.0033842157306608845,0.006882638111992636
0.0033780923113908303,0.0019674714403719188,0.0005110845464448954,0.00755936593768707
0.0030665456675321267,0.0018528082068325323,0.0005220802985374714,0.007383854134139123
0.0014380359166617743,0.0010674248384458119,0.003667744676432788,0.00714574464588129
0.0013226237420978632,0.000980975247873644,0.003382431751894275,0.006895851317170401
0.0033763199312156927,0.001970617604055777,0.0005048614605893145,0.0075426932308888086
0.003063381993351228,0.0018500451379127052,0.000520920479714632,0.0073748123501440445
0.0014381030394578906,0.0010708993013110095,0.0036815746478133238,0.0071388867985260505
0.0013223198340190968,0.000980105516292531,0.0033840445497557905,0.006889342903640619
0.0033879300906793693,0.0019762221445171826,0.0004982206412786044,0.007539746755703458
0.0030730768467366713,0.001858338964430252,0.0005116581123461268,0.007375409732749211
0.0014330490765918982,0.0010719051056481868,0.0036707864992315755,0.0071302159336132185
0.001315647448355173,0.0009866124553194544,0.003389535606400801,0.006877732242315112
0.0033831327955414167,0.0019752652478478264,0.0004975230045048426,0.007544414556733358
0.0030854044109370742,0.00186126192218846,0.0005057862726187218,0.007365515823810356
0.001435586207651306,0.0010650072336025754,0.003658142732919126,0.0071366728245816965
0.0013165714299069634,0.0009868819038958106,0.0033942824375291464,0.006879977186774714
0.00337232249347737,0.001969406676843166,0.0004998391933263325,0.007539285486716949
0.0030764877564079824,0.0018584154732588518,0.0005064295080449457,0.007359856654487663
0.0014356760022567565,0.0010627941662127041,0.003651020743529,0.007142500779088056
0.0013162778424884753,0.0009841095492937764,0.0033855132673310667,0.006884199522915769
0.0033724173316238004,0.001968732846197232,0.0004991840019658105,0.007535299459899006
0.00307701795377024,0.0018564610844938568,0.000506797761091026,0.0073586130147939004
0.001433084512715027,0.001061665085394952,0.0036459476612802685,0.007139047428424296
0.0013140884832595883,0.0009816567659983956,0.003373617003936809,0.0068851525801296495
0.003371298869889907,0.001971499208613999,0.0004960193194835063,0.007532463382930882
0.0030733479003536303,0.0018561119811776941,0.0005057611504529619,0.0073564630282261945
0.001431729551439673,0.0010629667578185469,0.003648034026060909,0.007137501077737538
0.0013137106047900237,0.000981237722256022,0.0033728276466662554,0.006886462478856499
0.003374984602040901,0.0019720545862803,0.0004933952847416639,0.007522374150563833
0.0030760940654689637,0.0018562533278965439,0.0005031914669334326,0.007348499064977622
0.0014303461155270125,0.0010641612616228112,0.0036479660026377215,0.007136580970072913
0.0013109842836119534,0.0009839440127204294,0.0033743093079006766,0.006884822460410488
0.0033730348907453217,0.0019728808054653496,0.0004913340544321884,0.00752007265285982
0.003080688366338345,0.0018586049350419417,0.0004992950045670907,0.007343793682682917
0.001428735787876208,0.001062057846571746,0.0036392938122711644,0.007135335848941725
0.001308824743102321,0.0009841465561381915,0.003371684714618179,0.006881948811053427
0.003371642588427323,0.0019722250525311463,0.0004905351674933339,0.007518107015747256
0.003081658688331017,0.0018593145574500238,0.0004969680795400308,0.007339491149052554
0.001427596419566993,0.0010608508651956676,0.0036320468266027523,0.007137001940519352
0.0013073866364413805,0.0009847283190507904,0.0033690546789986574,0.006883295447793552
0.003368687729292986,0.001970701164214559,0.0004900974692408537,0.007513118323188131
0.003081706152638105,0.0018578180257254775,0.0004962219049100356,0.007333507949644484
0.0013202106751118603,0.000991184916948871,0.0033694789577044123,0.006961729648731417
0.0012263350405343773,0.000951190294654175,0.003187893345674452,0.006777619851112672
0.003111317852559565,0.001898183259006443,0.0005189678664546801,0.0074282564192354236
0.002782432992221277,0.0017494473295736658,0.0005491073203556457,0.007154203953502582
0.0014210881386258747,0.0010206400598643491,0.003590803891158056,0.007134091732667271
0.0013423071580670933,0.0008945070320838153,0.0032743119924915284,0.0068717706765404046
0.0033449376193892158,0.0018631558443705546,0.0004991526237391923,0.007294919632974052
0.0028923883852404702,0.0017557566060255562,0.0005208019576174392,0.007238041391054768
0.0013494729868352019,0.0010650669163998748,0.003489039183322663,0.006999634369144307
0.0012359775621163,0.0009631117660858891,0.0031429233564561967,0.00676066314104787
0.003239329146200095,0.00191894698867378,0.0004635550622387762,0.007539849809660673
0.0029960670613166283,0.0017952279446829156,0.00047640891084317323,0.007330387827926878
0.0013918868974260425,0.0009977198146280935,0.003417988248421506,0.007009570913136759
0.0013055085986551276,0.0009181481825988846,0.0031914698002081998,0.006792481315729756
0.0032361341483545646,0.0018505595239983667,0.0004822656263562834,0.007406751842842752
0.002826345073743289,0.0017285675761167046,0.0005073929880475249,0.007219679518227278
0.001408740266743982,0.0010514171161456996,0.003532034555539823,0.007099058198409262
0.001304453669031949,0.0009462814853081655,0.003243489930003605,0.006844247662690356
0.003274589112461117,0.0018519053649749878,0.00047748032034850284,0.0073898283607600045
0.002968989366112427,0.0017501936595397888,0.0004904409440439363,0.007253678828115546
0.0013779502695142054,0.0010161642584892,0.0034361966444276574,0.007031630077383194
0.0012635798984356472,0.0009301117482339398,0.0031414511422918285,0.0067885647974113604
0.003228049229430949,0.0018913721082509402,0.0004672124455603245,0.00748951182243963
0.0029064599921840174,0.0017797641345706691,0.00048323597917525145,0.007301605436529042
0.0013677556190168944,0.0010130537815073142,0.00342158987930365,0.007053815307111152
0.001276612039306163,0.0009189514833581956,0.0031765582252872952,0.006819027112787458
0.003267626184550384,0.001861160626086895,0.0004824926621053693,0.007386589997604119
0.0029206301458133944,0.001747923318794932,0.0005002718403982513,0.007216103267371607
0.0013767764381504863,0.001021821370411689,0.003476268089427607,0.007096921875430295
0.0012663205004954218,0.0009378121255004459,0.0032011385933845126,0.006853933146566314
0.0032175343575446933,0.0018710552539524194,0.00047816287053558597,0.007401125754642246
0.0029121518112090977,0.0017596393410347605,0.0004947117232475045,0.007240687802377338
0.0013644411762038257,0.0010079187901729032,0.0034355990956554615,0.007066595562097415
0.0012640502464507854,0.0009111905542292426,0.00314230635999406,0.006821779827715211
0.0032666108045902842,0.0018838972370315173,0.0004673956574000855,0.007419495786731194
0.0029233612654660855,0.0017712563702624092,0.00048411410180245623,0.007267014018550256
0.0013550737675035764,0.0010205694027503112,0.003427198901979642,0.007065002067161567
0.0012557351016589063,0.0009332563576499508,0.0031652058014593303,0.006831899855318216
0.003241311354307225,0.0018690637966843693,0.00046923421310294936,0.007401771774249088
0.002935973274544899,0.0017521886741805302,0.00048534045525061163,0.007225785669123022
0.0013763047853744038,0.0010128745903935658,0.003448595419878851,0.00708795478062525
0.0012718919319192265,0.0009267079557077182,0.0031744371734272053,0.006847291157431941
0.00324039378860314,0.0018663065801177445,0.00046380240506548433,0.0073929006696377255
0.0029097442881392665,0.0017549412012744328,0.00048065507097791227,0.0072418822036105475
0.001363481566796692,0.0010219192893871458,0.003431055729668354,0.007069220670039056
0.0012607122108076949,0.0009279741823727205,0.0031478277294830297,0.006827329918869367
0.003263760821914083,0.0018746474640404366,0.0004565389647660346,0.007408988157030496
0.002953106253824099,0.0017635797743660764,0.0004710957426420852,0.007250671989041849
0.0013628563074853442,0.0010173200772901497,0.0034187262909451876,0.007065747055466409
0.0012584316956975412,0.0009344386227458352,0.0031571749214487485,0.0068318953576360225
0.0032380450313354604,0.0018697973165266726,0.0004576356671769779,0.007398402829467106
0.002927027329506969,0.0017565117443369654,0.0004735946332563179,0.007228031931388608
0.001368622563827154,0.0010185679316270376,0.0034341753974839887,0.007080974057986904
0.0012645617926036353,0.0009300916072697616,0.0031645442156008536,0.006840816106889169
0.0032555050049261065,0.0018699818410507574,0.00045570629778613565,0.0073788685517739705
0.002937659433190326,0.001760954779739354,0.00047083224012909637,0.007228368932578855
0.0013584254939379506,0.0010215177101604274,0.003423612541916439,0.007069275269108349
0.0012515028089911898,0.000935242897136905,0.003151163630034989,0.006830712970275115
0.0032489117752472207,0.0018789758029801617,0.00045190623598242486,0.007392792580964491
0.0029489393552323763,0.001768340400106715,0.0004660480189935379,0.0072313828185402275
0.001358260876785802,0.0010165295025095977,0.0034163182566872372,0.0070687424484335805
0.0012539229914949213,0.0009323758750373308,0.003153809078105375,0.006833050435095861
0.003249512568272293,0.001876023095054297,0.0004518010601043125,0.007375802281899943
0.0029375687379271406,0.001764708903284187,0.00046674779221196486,0.007217203200746212
0.0013584730445631696,0.0010217199195083552,0.003425505226594414,0.0070748541445225495
0.0012526023405765132,0.0009364262017756566,0.0031585499714529884,0.006837348552870851
0.0032515479697642013,0.0018771378921710687,0.00044918887908767434,0.007368937522423791
0.0029500892932861275,0.0017670128639440013,0.0004632185616903965,0.007215677328718473
0.0013561878548380092,0.0010201422781583298,0.003417747809553654,0.007067540369479315
0.00124932445699686,0.0009361154953718403,0.0031492459099978455,0.006831159144965111
0.003250489462479798,0.0018811387609066026,0.0004453918397281724,0.007372947186979203
0.0029486644896218757,0.0017704972610156704,0.0004593641854755604,0.007217800344064172
0.0013549090557446852,0.001021531356643239,0.003414253156395453,0.007065997199476958
0.0012493365937118952,0.000937541310370826,0.0031509836173605347,0.006831140012389626
0.0032539482067841185,0.0018793699552743287,0.0004438873059416849,0.0073621009931912566
0.0029537328715516695,0.0017689439238725022,0.00045756989838426163,0.007207915655834547
0.0013558717390207947,0.0010229222405468725,0.003416792622605323,0.00706794751774553
0.0012481603078134255,0.0009406333392381821,0.0031532514870047266,0.0068328494635980395
0.003249940671777867,0.00188049789364955,0.00044163455699861286,0.007358301958642394
0.00295440060794722,0.001770699472829206,0.0004548246114496733,0.007204853400759026
0.0013540386051992233,0.0010224742637569618,0.0034116317442157876,0.0070643291512022645
0.0012463766936094752,0.0009395709400183049,0.003147495731108198,0.00682906032829112
0.003254546528313831,0.001883026365553627,0.00043910969173774903,0.007355311016044992
0.0029577945377152943,0.0017732796199824378,0.00045178399206122406,0.00720161725187079
0.0013515877336976005,0.0010234449739366675,0.003407848149589293,0.007062410228025657
0.0012435898067325712,0.0009420225057261597,0.0031474684697775923,0.006828526644980857
0.0032525297539617967,0.0018836911477817552,0.0004378200914288197,0.007349343965297661
0.0029601698283747632,0.0017735035105300436,0.00045008261282141116,0.0071929948318965415
0.0013516620502917922,0.001022942827588432,0.0034075744383138713,0.007063469403652335
0.0012430150626991001,0.0009421561262630703,0.0031473668061656745,0.006829478212212125
0.0032525199740183115,0.0018849037693762255,0.00043613173775919903,0.007342732363288659
0.002959612348041065,0.001775043920507339,0.00044815166150772304,0.007188713845559499
0.0013492492655965166,0.0010238711759124753,0.0034045635345596433,0.007061191085417242
0.0012403516270862594,0.0009429427487274185,0.0031439946858790647,0.0068274597024943085
0.0032544635719043654,0.0018870935863657247,0.0004340373099649795,0.007339026583758719
0.002964365334575239,0.0017768680722847787,0.00044547626662505145,0.007183647158142148
0.001347860039462583,0.0010235923941750503,0.0034010723448195924,0.007059307047159688
0.0012386070515354763,0.0009439190937104452,0.003142562859523877,0.0068266197089948315
0.003253055677383338,0.0018881432810695998,0.0004323572350561953,0.007333974407646592
0.0029641851970618927,0.0017776454307919598,0.00044355971102201606,0.0071778909554678656
0.0013472362653131353,0.001024134735548479,0.0033999658113777506,0.0070591761155413425
0.0012377423292690279,0.0009446234577322224,0.0031420132363488653,0.006826609917481308
0.00325435512526732,0.001888992210430569,0.00043058027424527364,0.0073276135738952215
0.0029667126069075206,0.0017786138643094507,0.0004413430226937983,0.007172358370956348
0.001345842475304379,0.0010245901434263929,0.0033971906745361093,0.007057252170662926
0.0012356771929727054,0.0009457568985852614,0.0031395880630969214,0.00682509332601351
0.003254047856485021,0.0018907368658027167,0.0004285719938358271,0.007324214655089678
0.0029688979540578,0.00178021118169684,0.0004388801167232697,0.007167891068227553
0.001344709814079845,0.0010245357970346926,0.003393915736478713,0.007055582733722569
0.001234386932984473,0.0009462872772580185,0.0031378364078619016,0.0068240185361079925
0.0032545755926055345,0.0018917732906904242,0.00042689643809792243,0.007318682702240044
0.0029701814648104238,0.001781183251827412,0.0004368704875731774,0.007162177219690502
0.0012440703592477606,0.0009572950046079039,0.003147069902869408,0.006897156143736425
0.001158145391176919,0.0009176524890214818,0.0029780481508248757,0.0067314644431559255
0.003004261376527349,0.0018188561777189504,0.0004582232573967101,0.007237908038968041
0.0026916671010921694,0.0016735647694796174,0.0004897839344567751,0.006988357477573172
0.0013411442210890148,0.0009855042587754107,0.0033664197287187596,0.007050079112183727
0.001270076871462704,0.0008596037006560664,0.003052715341706298,0.006810143394918875
0.0032291030913303726,0.0017973181623764027,0.00043200499517197715,0.0071251259059836505
0.0027846991045901016,0.0016935902243135888,0.0004577193135030369,0.00708253748600165
0.0012633654018869716,0.0010314406854057938,0.003258809734141996,0.006920716753218907
0.0011631543026058646,0.0009279317163401521,0.002936844357210598,0.006704043730081884
0.0031434813590322515,0.0018439397926327296,0.00040646894722869473,0.007335942611447391
0.0029068050953375483,0.001725227537611685,0.0004187476275240376,0.007142061630706714
0.0013151270484368222,0.0009627521831490869,0.0032008534186251016,0.006947261515438495
0.0012322125369712267,0.0008926951017447923,0.002998894172569528,0.006747036395359378
0.0031049070939599423,0.0017761823593502308,0.0004265341508852961,0.007218001919547802
0.002715249413008203,0.001658496167179904,0.00045366071655989686,0.007045452531802043
0.0013281560163678856,0.0010148363116414204,0.0033099244713437033,0.007021013081537205
0.0012349445823473292,0.0009057649760948585,0.003025078509884189,0.0067832716624901725
0.0031806919323583084,0.0017858620369714383,0.0004157832944995698,0.007202191293398094
0.0028698010624386683,0.001688294163924492,0.00043071708779242557,0.007091320493668632
0.0012911864960680915,0.0009873193858186671,0.0032081075321557517,0.006948235817650533
0.0011868277010888596,0.0009025514122939859,0.0029312656451999392,0.006729600553853287
0.003120251319176455,0.0018223759939521892,0.0004088630037065075,0.00729784584802778
0.0028146309990964413,0.0017106701200062218,0.00042707044532993367,0.007118223488149719
0.0012936777107119784,0.0009796854460046513,0.003210451060257309,0.006981079871069084
0.0012115100468238678,0.0008874208519052725,0.002978555923763449,0.006766943451999905
0.0031587523604087978,0.001790509581613985,0.00042210234321823307,0.007188170309798005
0.0028089950411765235,0.0016801863312766994,0.00044328250932599124,0.007041355007908599
0.0012956228800246794,0.0009957060052167282,0.0032630894585359074,0.007012874200001791
0.0011939741741992004,0.0009080790073887168,0.0029933819446544153,0.006788149826526206
0.0031235853078067526,0.0018064126943240833,0.00041622075058527966,0.007213216346188961
0.002829073127996525,0.0016989021749911784,0.00043347368492031174,0.007072614548992373
0.001283701518959358,0.000977580537214342,0.0032126064930781658,0.006979582364681147
0.0011919216132620025,0.0008840061850123783,0.0029379259412137338,0.006758087503381291
0.0031565135959127446,0.0018173572614481324,0.000407626205082968,0.007229342310880104
0.0028215191517029403,0.0017062615221275557,0.0004268017559153186,0.007087560937273326
0.0012791083821891123,0.00099138060131652,0.003216693362369881,0.006987392956440125
0.0011893256006881567,0.0009033127938444487,0.0029688141785415368,0.006773248799122032
0.003142704438373805,0.001800582971298181,0.00041019802369136367,0.00720052052046191
0.002838881943139683,0.0016873914666289546,0.00042816579900530223,0.007048053334018698
0.0012965563581022472,0.0009862483427278547,0.0032359707622801217,0.007002981079109219
0.0011991437389385887,0.0008998684423182008,0.002970240311303851,0.006782218913869377
0.003136381410534268,0.001804084015809391,0.0004034588849332174,0.007205251207340295
0.002817298810249761,0.0016949693529510477,0.0004223818703885426,0.007070818777353096
0.0012839488411052905,0.0009924338162319508,0.003214603151738245,0.006981912822863723
0.0011913457387682355,0.0008978610752304724,0.0029445401312979784,0.006762635317304736
0.0031642066744618455,0.0018108188374412575,0.00039698537711137455,0.007211869826844139
0.0028542401589640425,0.0017013245925083023,0.0004142550585287943,0.007071602612722721
0.0012848160410106379,0.0009916446608832267,0.003211287170119194,0.0069836265822628765
0.0011886546476882257,0.0009083972298090767,0.002961959350929971,0.0067701271682795
0.003136851405043914,0.001805459736175083,0.0003987765863863893,0.007199969990820744
0.002834362205254137,0.001694712158248922,0.0004166591029188103,0.007049616718954375
0.0012906182218728767,0.0009911582458249839,0.0032241267553741017,0.006994652653829809
0.0011943812771030486,0.0009023228695786915,0.0029636423793114475,0.006774862984050535
0.003154352480518603,0.0018088875384486849,0.0003955625122322696,0.0071865650443599495
0.002841716783416782,0.0017022335350620305,0.0004129424211496148,0.007055241409403466
0.0012790315552294327,0.0009951875412091218,0.0032113587388222886,0.006981515755670045
0.0011814622011484535,0.000907872660860486,0.0029515167648659904,0.006764308466306277
0.0031516525183351955,0.0018165883422989863,0.0003926718434138766,0.007195543635355517
0.0028571373140806665,0.0017079127365851369,0.00040882143656395954,0.007052438741911793
0.0012812139659703272,0.0009906099167016518,0.0032086379516785904,0.006984053629747575
0.0011845974064542374,0.0009069068181404196,0.0029582475936638718,0.006769194941254095
0.0031471061075594455,0.0018137583643715782,0.00039272700978687394,0.007179031182154289
0.0028419261825756367,0.0017044560617307013,0.00041000516874431894,0.007039485554636185
0.0012810207728933339,0.0009959102310781102,0.0032174927073053564,0.006987640229141556
0.0011835973877473809,0.0009089847649521116,0.002959289650424757,0.006770572933760684
0.0031551493033261948,0.0018168468821296252,0.00038934755341388504,0.00717298900525693
0.002857615275190594,0.0017089295497730134,0.00040561408223899296,0.00704051830937336
0.0012775950326988257,0.0009954340813763682,0.003208547466028254,0.006978789693201652
0.0011790351145061736,0.0009108287786400739,0.0029515428434460666,0.0067639627102960955
0.0031516760861666575,0.0018208156652990872,0.00038621530014534475,0.007176521040030479
0.0028570768295939322,0.0017117916308683426,0.00040238416632750194,0.007039185447394322
0.0012783619014374423,0.0009962467043351333,0.0032079977785534953,0.006979306608290992
0.00118088114321692,0.0009117548185536681,0.0029557314809737735,0.006765319178860309
0.0031552914012516788,0.0018190307220291193,0.00038485025628877195,0.007163666702483623
0.0028593053597746284,0.0017106327373481607,0.0004008867919318713,0.007029858545670606
0.0012783764518087175,0.0009988705379974803,0.003210631284323225,0.0069795919156821025
0.0011786892239915633,0.0009151964145094919,0.0029564331705557913,0.006765002035081323
0.003153673774270378,0.001821659987300682,0.0003823847594010087,0.007161453068360676
0.002864425871350928,0.0017139386894534207,0.00039768413083880977,0.007028183047071868
0.0012766018468425653,0.000998050848257336,0.0032045051462681216,0.006975002164413054
0.001176966641307018,0.0009146460771330081,0.00295135887379838,0.006761076164180546
0.003156413396587792,0.0018243173772230245,0.00038018305190157844,0.007157889603241402
0.0028655703440660795,0.001716307234200691,0.0003952707110425525,0.007023723092584981
0.0012751488759872873,0.0009996289973197784,0.003203392637491422,0.006974305378193997
0.0011752638834987776,0.00091711706129044,0.0029532349529106756,0.0067612776026817565
0.00315618678230848,0.0018250199974475193,0.00037898952081595047,0.0071498335257500645
0.0028689177547203664,0.0017167840350491071,0.00039362951686544405,0.007014716875628946
0.0012749668807206535,0.000999735185519876,0.0032033598238357767,0.006973956634640665
0.001174017039955991,0.0009178504885276152,0.002952315624268665,0.006760810405824737
0.003156076653683904,0.0018275598755644641,0.00037706720540180085,0.007145122197853777
0.002869389776852913,0.001719435644635379,0.00039141260037324716,0.007011205766081848
0.0012727094126597377,0.001000511261000423,0.003199902333089996,0.0069707709861646094
0.001171840531552469,0.0009184782821136828,0.002949294878991493,0.006758192429115549
0.0031588520960908694,0.001829928079420907,0.00037514210210363324,0.007140251567182359
0.002873714909202605,0.0017213545791230328,0.00038899753532655357,0.0070050970977671365
0.0012718036028454415,0.0010009938933048105,0.00319814543734228,0.00696938687222354
0.0011703286057652789,0.0009202591504499679,0.0029495454993251694,0.006757626667690623
0.0031574226579462344,0.0018312159517633736,0.0003736605580093841,0.007134457788994466
0.0028744156842158025,0.0017224190004441792,0.00038721171139169733,0.00699873987903112
0.0012714102560280908,0.001001538830184697,0.0031972954931227806,0.006968462400883777
0.0011695399338137384,0.0009208654791073308,0.002948513643382662,0.006756720099451145
0.00315918716390607,0.0018330087139676286,0.00037179176910560007,0.007128739545058038
0.0028768398422788486,0.0017242713473005168,0.000384953289105353,0.006993892522531356
0.0012699125085903213,0.0010023735482695792,0.003194560873087002,0.006965798134827074
0.001167543214671517,0.0009222527517679613,0.0029464759484079273,0.006754643762322305
0.003159661315177236,0.0018350934341304762,0.00036996165009531507,0.007124593378038694
0.002879829963039797,0.0017260458309468517,0.0003826705811321291,0.0069883357675311454
0.0012692911388340015,0.0010025865333151405,0.0031924579419882956,0.006964229252404893
0.0011665445815520184,0.0009232180687831986,0.0029457914309894383,0.00675362987491718
0.003159843273770053,0.0018365299975209143,0.000368409891950661,0.007118673168972976
0.0028808519602820074,0.0017274107950488319,0.0003808347256151381,0.00698247962380544
0.0011746424191040898,0.0009349636427112278,0.0029565481672680907,0.006822526086078781
0.0010948880095528713,0.0008953058399066212,0.0027985233100791505,0.006673171840921049
0.002916299360771282,0.0017624302823094416,0.0004013480513432448,0.007044707683512159
0.002615653014817523,0.0016195977156742065,0.00043423293407818264,0.006822409259669725
0.0012680945707940357,0.0009642935637328641,0.003175685620775364,0.006960149590160619
0.0012030807623003015,0.0008376904803387234,0.0028655272330697854,0.0067434835514419865
0.003130353071611204,0.0017504943454714104,0.00037137236426723093,0.006944391433840587
0.002696671933954686,0.0016482733611752696,0.00040130047906392617,0.006919583925673808
0.0011878955312437536,0.0010102752217984912,0.0030652082500156937,0.006835013495145687
0.0010988497920847223,0.0009037275493005852,0.002759333590093488,0.006640871073956748
0.0030640811172395056,0.001790842844343566,0.00035203042596009275,0.007127995330578296
0.0028310534899963907,0.0016751187375895421,0.00036505610616905965,0.006954806191282618
0.0012448077584483175,0.0009416837206310965,0.003016224721376292,0.006871656856042252
0.0011647229203166117,0.0008770453363784327,0.0028307589602686607,0.006687907906621983
0.0029999128395070095,0.0017241110834923402,0.00037329912004621473,0.007027369836965279
0.0026398317526040212,0.001611711021746095,0.00040052449006367007,0.006877203040627852
0.0012535945756687041,0.000986197694527742,0.003109579279005188,0.0069278120718398156
0.001168794762384276,0.0008756135619788546,0.0028310636695317807,0.006710118854363586
0.003093220005042366,0.0017420862130700758,0.00035885258744197093,0.0070175914810455585
0.0027793265279491826,0.0016467812820450184,0.00037664462915586877,0.006928328135755035
0.0012145263594165539,0.0009671204175170968,0.0030155672010974575,0.0068636307308996515
0.0011204100078335353,0.0008819728368568231,0.002758599594514623,0.006668144625310145
0.0030308041559550906,0.0017689836340429937,0.00035694885108282845,0.007090439315961617
0.002738751331652146,0.001657401956396695,0.00037742284696491924,0.006929082984370899
0.0012280898444060734,0.0009564160287007946,0.0030355119727803965,0.006903833962954078
0.0011502812337715904,0.0008663181284515935,0.002810120124487612,0.00670898806859226
0.003057881198585138,0.001741175422632672,0.00036653639500488507,0.006992470536891382
0.0027141585758904637,0.00163305889684175,0.0003911089754932022,0.0068725693891278266
0.0012219098989773292,0.0009762089139660732,0.0030752312842888376,0.006919093572040477
0.0011294026323307481,0.0008835693944525092,0.0028088194592784943,0.006713835184556399
0.003047557119968635,0.0017607691153266893,0.000358848106324311,0.007020928199566939
0.0027597354656601803,0.0016559905170827794,0.00037745847017435616,0.006903683700779563
0.0012116464645254854,0.0009582767087758156,0.003021724235079611,0.006889288567748725
0.0011263189542755363,0.0008685362524796606,0.0027666325056891687,0.006690460824115649
0.0030580244317868336,0.0017662925243500144,0.000354027601044987,0.007033032539798834
0.0027376033831031155,0.0016562872116565614,0.000375221688569145,0.0069042843227570564
0.0012137764047928528,0.0009707628727266494,0.0030360079613711128,0.006904618156180997
0.0011309272037946757,0.0008821186262702113,0.0027982322262925206,0.0067079324420859345
0.003056728618364871,0.0017502429938497418,0.00035570241548856104,0.006999337002358124
0.0027541770323144684,0.0016408251160995285,0.00037569676588182076,0.006873948645796135
0.0012235830561050263,0.0009700010720536548,0.0030473868522058693,0.006909580170034414
0.0011326167228207426,0.0008822999992572209,0.002789595680573548,0.0067083994584549046
0.003050025681383888,0.001758820211426197,0.0003486149235678274,0.00701428676499887
0.0027448482164433275,0.0016514482553772166,0.00036911661939301567,0.006897051419142509
0.0012140245781877518,0.0009722926186787792,0.0030253477338103253,0.0068906554023231955
0.001129104422670128,0.0008787347643083445,0.0027698955045747436,0.006693362825561969
0.003073146217351701,0.0017626448729986817,0.0003438776426112176,0.0070111436905179346
0.002766473861222016,0.0016541381661818984,0.0003640244442438611,0.006889646730010496
0.0012160452748499085,0.000975203437635385,0.0030317973370537843,0.006896303965884959
0.0011268862187345824,0.0008901568446728637,0.0027909375061048554,0.006701596109550308
0.003051888240622377,0.0017584457098291867,0.0003453721467630655,0.006998290211424657
0.002757201857673391,0.0016502408030747548,0.000365158578480848,0.006872084848531075
0.0012197174770869,0.0009733758752117027,0.003038487519775631,0.006900727508547065
0.001129736278885351,0.000884338456792196,0.002786726131484651,0.006701203776627973
0.0030648316052605666,0.0017648541356965308,0.0003416716948782507,0.006992692253061057
0.00276151362176124,0.0016596905535473845,0.0003611717512809424,0.006879881975796702
0.001209526905672065,0.000976662403415179,0.0030259248192873265,0.006889315407805731
0.0011199383038304972,0.0008887233662985242,0.0027787211720380835,0.006692653339922585
0.0030654463226572983,0.0017697311002792732,0.0003399202117765706,0.006993737339834741
0.0027759816152770236,0.001662695693228391,0.0003582696909731278,0.006871517572339628
0.001213026643546769,0.0009736862310237354,0.0030280730780990668,0.006893861883721875
0.0011225164464340747,0.0008898439543580651,0.0027875012878057176,0.00669835539438344
0.003057615415860307,0.001767885297098041,0.00033985886692575553,0.0069804242270229576
0.002762219421728381,0.0016605061860258286,0.00035915204557481254,0.006862021550365134
0.0012123949747661494,0.0009776289779691995,0.0030334153867805852,0.006893799406618456
0.001121874568943132,0.000889670814308866,0.0027839024530202225,0.0066966817206558504
0.0030686391240837795,0.0017724097351318456,0.00033606452883975363,0.0069757097242976645
0.0027769626999297873,0.001666109428878025,0.0003545964540702493,0.006864118210673728
0.001208762730726003,0.000978380672713606,0.0030251694911810198,0.00688547889182565
0.00111727098718748,0.0008931924974083568,0.0027793970039037695,0.006691032774005337
0.003064411499668079,0.0017752164233325732,0.00033386247755727355,0.006976297057724744
0.002778182603118757,0.0016676820289164497,0.00035212640108569734,0.006858880043453369
0.0012111509849743126,0.00097873310098849,0.0030270158391868126,0.006887340752138145
0.001119885152465276,0.0008940292904187661,0.002784482618683257,0.006692939246557601
0.003066605440932402,0.0017741315190433014,0.0003325297221437873,0.006964300767553907
0.0027777976732224273,0.0016675248568996286,0.00035073853345831703,0.006851451782608239
0.0012100598402178398,0.0009816814123231755,0.0030277917155084894,0.006885498480527541
0.0011171846338149669,0.000896819939099931,0.002782696257919403,0.006690457075887791
0.0030682104239780315,0.001777698837764654,0.0003300702900511768,0.006962490336521627
0.0027853079189388507,0.0016711948416456772,0.0003472577452294278,0.006847623271834099
0.001208469680343764,0.0009806156120516346,0.0030211948146030123,0.006880868452129728
0.001115394385725374,0.0008969760406895297,0.002778719392933249,0.006686850619929444
0.0030686208911230705,0.001780181234715798,0.0003284293116830174,0.006958524702895064
0.00278469065785081,0.0016732077329812808,0.00034555638252062825,0.006842150159356357
0.0012078517363071223,0.0009821846802283772,0.0030216869971351574,0.006881006181543596
0.001114619056317395,0.0008989139045410212,0.002781255190461874,0.006687410143929871
0.0030697048061467153,0.0017810312091044605,0.0003273473418793983,0.006949347150312986
0.002788180557522808,0.0016740218907676404,0.0003440526862678677,0.006833491064746744
0.0012072543547383436,0.000982674071900968,0.0030213314925349863,0.006879506299069853
0.0011128013329180816,0.0008999631795756096,0.0027794747989652382,0.006685890590795112
0.0030695618829956663,0.0017843484327665525,0.00032546674111750553,0.006945776552244444
0.0027897398947005253,0.0016771830475052363,0.00034181527101079994,0.00682993098503214
0.0012054822677979172,0.0009830392181217108,0.003017745960710423,0.006876100018258012
0.001111252621320608,0.0009003596977125611,0.0027769288057644557,0.006683233562638417
0.00307218509482462,0.0017866357006077515,0.00032378637521149036,0.006940055610730349
0.0027929153516181534,0.0016789867993953816,0.00033978864896970224,0.00682332971089022
0.0012049863626240236,0.0009840044755958194,0.0030172236148517505,0.0068749759818607006
0.0011100339831627206,0.0009024512229809264,0.002778040693222799,0.006682638383022614
0.0030711665750780028,0.001788064925348089,0.0003224651655801252,0.006933878642021904
0.0027946056905269055,0.0016802774583115018,0.00033806655315013034,0.006816717197416713
0.001204758814224862,0.0009844045684405237,0.0030161094468712066,0.0068733200341017766
0.0011092562405556653,0.0009030159830666933,0.002776500839336543,0.006680979338864497
0.0030727484799494796,0.0017904212422251455,0.0003206707381798134,0.006928863678866066
0.002796753379320477,0.001682631593674618,0.0003359186427810779,0.006812212469042417
0.001203444514396164,0.0009853011722294454,0.003013392168645164,0.006870397753584012
0.0011076049155351931,0.0009043977227675336,0.002774858461168714,0.006678669297248521
0.0030737386419868677,0.0017925214704437246,0.00031909452350995107,0.006923897677213747
0.0028000198431615097,0.001684389318550458,0.0003339015964977755,0.00680584499521162
0.0012032034675752595,0.000985702184003397,0.003012053099388183,0.006868895155903566
0.0011067649862434214,0.0009056748640921343,0.0027747508682408016,0.0066775844018197765
0.003073543859903287,0.0017942368672323663,0.0003177292258527947,0.006917955613067968
0.002801026745747061,0.0016860425918258342,0.000332257954132454,0.006799972303614082
0.0011136271430027492,0.000917130070252441,0.002785463158540169,0.006741865091003033
0.001039085574261326,0.0008772639983403292,0.0026371516557609246,0.006607019790947605
0.0028372626615825575,0.00171900135247861,0.0003517230877834293,0.0068510974321496065
0.002546109468663988,0.0015781209548529531,0.0003859459300874184,0.006655113464697213
0.0011985516193208814,0.0009445915001847186,0.002992391871936329,0.006839259913036438
0.0011434223039701401,0.0008214794156752967,0.002700449341039612,0.006674140672288678
0.00303723160570191,0.0017136096999711935,0.0003201432491826146,0.0067581410420784315
0.002616693616722734,0.0016117112907125908,0.00035422039864283926,0.006750799901882013
0.001123700134792239,0.0009926520967375458,0.0028948410858264505,0.006746781555866244
0.0010440505362977546,0.0008827315160412101,0.0026003778161139716,0.0065734475562868235
0.002990489455142778,0.00175060547495408,0.00030420063452008114,0.006920255767821237
0.0027589783898746135,0.0016366675624390585,0.0003184970036318339,0.006767187049367357
0.0011818594182289744,0.0009246405042090392,0.002849443771213556,0.006788238698004034
0.0011043383221858761,0.0008639138303752491,0.0026774221860073224,0.006619515618599227
0.0029071360512197696,0.0016849214720927029,0.000326696404700891,0.006837957321331664
0.0025718785722932827,0.0015768213538548436,0.0003541401510649885,0.006708752046025971
0.0011890510011437966,0.0009629567168250165,0.0029308100921229003,0.006834206994839678
0.0011112937549293163,0.0008529658625613973,0.0026634722490520625,0.0066357033624498685
0.0030085762071352684,0.0017061337210187736,0.0003108515363112652,0.0068271309455530445
0.002697744488839974,0.001612912864573528,0.00033119462300135573,0.006757631101104328
0.001149940690377216,0.0009500596078358873,0.002844728621089615,0.006777202237827429
0.001063789142703627,0.0008650836234503181,0.0026041405435581707,0.0066010290059387074
0.002948544245722539,0.0017269250931878915,0.0003116855416352269,0.0068851025944549425
0.0026690441856983566,0.0016163531167863276,0.00033396896758861104,0.006744521941009838
0.0011693580322456494,0.0009381972513019467,0.002873597225636991,0.006818542529412544
0.0010951425949449814,0.0008500457109898252,0.0026547792888555024,0.0066414524145834205
0.0029664471694985984,0.0017032169248273647,0.0003186100551896446,0.006799214143441187
0.0026318886880834745,0.0015966027196355056,0.0003461138107148263,0.006702523770607101
0.0011582869535913811,0.0009606185887898771,0.002904820374202065,0.006822665791118944
0.0010739108899487,0.000864524148258686,0.002644114428459053,0.0066365535058798735
0.0029747781360698698,0.0017245043573683348,0.00030984677280895985,0.006824770679571252
0.002693365178000994,0.0016216868716217487,0.00033023639594788865,0.006729309155382776
0.001149566085599454,0.0009439220746740089,0.0028518943271436167,0.006796642781921279
0.001069448255361891,0.0008571387343396834,0.0026131455003430945,0.00661750182864686
0.002969516050602488,0.0017263732182687516,0.00030789414291619355,0.006835202788442076
0.00266357213461922,0.0016178117811609487,0.00033079244588459156,0.006721869716134821
0.001155857092583635,0.0009546784267676666,0.0028709934082181434,0.006814961070683486
0.0010785273074478475,0.0008661874188642874,0.002642973298628031,0.006634756807021349
0.0029757579333312273,0.0017118662976358195,0.0003087279823699332,0.006800699210507591
0.0026778824447935864,0.001605649654879838,0.0003306216100662291,0.006698986076170069
0.0011601141389278302,0.0009568504653080317,0.0028762241676689795,0.006813002117989855
0.0010751013014491174,0.0008685212313072584,0.0026283818774846795,0.006629979528820889
0.002970150015351334,0.0017229800340521268,0.00030210295572845303,0.00681949647015196
0.002677926159276098,0.0016172932583398457,0.00032402020143840443,0.00671936780520122
0.0011536912330006492,0.0009563057726487826,0.002855625945205633,0.006797024562003788
0.0010746512199426054,0.0008643046399436579,0.002613875440067203,0.006619075834196792
0.002987241207352722,0.0017249400216295726,0.00029864988008653724,0.006810908407107104
0.002687097445554825,0.0016174787434245462,0.00032134168708419965,0.006708095493860386
0.0011561606069585603,0.000961520863710461,0.0028682809256708117,0.006803653342842153
0.0010730333541773558,0.0008750461556442955,0.0026352483364226503,0.006626399368234152
0.0029726203156521438,0.001722290439386511,0.0002994920366883429,0.0067978097964808675
0.002686053544752615,0.001616215325850016,0.00032117928669385463,0.0066944649763523685
0.0011580568395359182,0.0009590438570426835,0.0028702877865086724,0.0068034204359321325
0.0010735237942470783,0.0008702626283632049,0.0026281321530343626,0.006622716281265184
0.0029811510432492185,0.0017301902057782297,0.0002959380753681628,0.006796936255062218
0.0026886560466151733,0.00162628565510954,0.0003173805568800047,0.006701899434914107
0.0011499725859056053,0.0009612715641377864,0.0028590185009785924,0.006794261923704447
0.0010667778904306627,0.0008735184579946293,0.0026238525319816396,0.006616108622554333
0.0029834973272298212,0.0017328978221381915,0.0002949330211370289,0.006792449695567278
0.002700835471758065,0.0016275627976419975,0.00031534291646136175,0.006690683325296554
0.0011537326125828085,0.0009597093338147122,0.002863703052572578,0.006799237163488443
0.001068420216354307,0.0008760020317654902,0.002632791674430159,0.006621206483528751
0.0029746158766146666,0.001732051011813547,0.00029482035834589495,0.006782185817362264
0.0026901644192735535,0.001626639764962145,0.0003158067544543748,0.006683879862368926
0.001152907509699632,0.0009622869157990363,0.0028656531255439677,0.00679678310385016
0.0010680903799808923,0.000874433160139935,0.002626169989352509,0.0066179056707766915
0.002986128240072742,0.0017372079932437931,0.00029108307259259494,0.006778020289559374
0.002701825178274305,0.001631975976268198,0.0003115729023578233,0.006683870074659484
0.0011495781380658663,0.0009637636239560368,0.0028586482723461345,0.006789314702907759
0.0010640330242181625,0.000878425436319171,0.00262358991619472,0.006612996031613518
0.002982796540789316,0.0017393458621828527,0.00028943792879184674,0.006776117071340737
0.00270405615178557,0.001632714200206767,0.00030949048446945635,0.006675562699731412
0.0011524015964303046,0.0009639272174927447,0.0028612473543861462,0.0067910874495366825
0.0010664036641018435,0.0008793449033603091,0.0026282488182307654,0.006614390353760618
0.0029837745358137235,0.0017392325348149777,0.00028816317463588396,0.006765886274860297
0.0027026869711809167,0.0016336280718213321,0.0003081583485810106,0.006669685954874596
0.0011507837591790769,0.0009665965708380224,0.002860478417840086,0.0067880803373053435
0.00106378416113137,0.0008814271814367879,0.0026253791640617977,0.006610892791372546
0.0029871566074537287,0.0017430141866537682,0.00028595504206495304,0.006763302271458271
0.0027111053144265197,0.0016373952670201688,0.00030488820981222045,0.006664650362084875
0.0011495844915364384,0.0009656224496489007,0.002854634829753101,0.006784215641537535
0.001062061356038295,0.0008823223342134432,0.0026230178580245495,0.006607976338367795
0.0029858009341719722,0.0017451410649017395,0.00028483531258251114,0.006758803302707314
0.0027098524420917417,0.0016390138167671738,0.0003037141942471176,0.006658450802700798
0.001149142367496508,0.0009664879622891259,0.0028546434976399145,0.006781864537016428
0.0010619025520006672,0.0008835011820621691,0.0026249490558363257,0.006608382241165255
0.0029875369602520717,0.0017464197986832926,0.0002837310688588838,0.006749738682844933
0.002712800669129307,0.0016402601571515343,0.00030232230925103336,0.006650804127257162
0.0011478775502109474,0.0009669311783391567,0.002853077397646141,0.006777374076895694
0.0010599202756813365,0.0008845426719298571,0.0026227032197065894,0.006606258691624118
0.002987702110133839,0.0017500093868256601,0.0002819912184329962,0.006746175142681781
0.0027152288115840435,0.001643397210937415,0.0003002355067517707,0.006646446858562057
0.0011465556101815531,0.0009667392094024731,0.0028497034141623653,0.006772921568980935
0.0010589145370086316,0.0008848008649346724,0.002621103718846628,0.006603960379124606
0.0029894074623519153,0.0017522412248918492,0.0002805509881939752,0.00673997627398496
0.002717122309850125,0.0016451737571313019,0.0002985723659211327,0.00663976734431784
0.00114591986418952,0.0009673538705073142,0.002848922685507023,0.006769452593956572
0.0010579559619686354,0.0008865386636881132,0.002622392407791205,0.006603116701907991
0.002988997597114778,0.0017539457418020339,0.0002793384349765855,0.006733710909955054
0.00271946670595144,0.0016468079281885973,0.0002968924093461041,0.006633147211820035
0.0011453511603944557,0.0009670512688964562,0.0028466082869135116,0.006765219603826052
0.001057104995543257,0.000886926055564918,0.002620833650411529,0.006601170035467331
0.00298983777412746,0.0017565339452892319,0.00027779258368385885,0.006729057710497271
0.002721182671414297,0.0016492880140952845,0.0002950225004504214,0.006628442062812663
0.001144240221140338,0.0009673140948378608,0.0028438398802459073,0.0067614864003292825
0.0010559200465030557,0.0008878180738987449,0.0026197390842390427,0.006599158515510931
0.0029907735382204126,0.0017585690718947351,0.0002764793639442875,0.006723458537969842
0.0027239764319650773,0.001650999910325932,0.0002933242976135252,0.006621806463813683
0.0011437565984301378,0.000967216612346852,0.002842005926663586,0.006757781881192947
0.0010551245804306596,0.0008888756418073971,0.0026197447188576013,0.006598101167568088
0.0029903219137192966,0.0017605000032477483,0.0002752849362469545,0.006717702947891681
0.0027250864558869374,0.0016527975830487828,0.0002918582923338676,0.006615967771893741
0.0010609433652841863,0.0008994035569385686,0.0026301788997325857,0.006657626500003474
0.0009908943892122035,0.0008593605293084874,0.0024905177588248886,0.006535469709849397
0.002762208933197475,0.0016843175482188942,0.0003098800677778285,0.006658052662173121
0.002479426116895609,0.001545314953079192,0.00034544928924210656,0.006487332703832842
0.0011362445748000181,0.0009246896326654579,0.002821745839183933,0.006710269473608599
0.0010895285629773308,0.000806507335976479,0.0025500352781918706,0.006594074522847541
0.0029442731630140114,0.001682403094608774,0.00027828097451858226,0.006570220167031189
0.0025389100641672,0.0015801356145943126,0.0003161386451359199,0.006577532677222385
0.0010706668559310186,0.0009757665408917193,0.002742334705349665,0.006658191184656437
0.0009990592089517058,0.0008629231685883967,0.002456967923480368,0.006502561520951194
0.0029202732347555233,0.0017176931694238902,0.0002634924738805219,0.006713526354019205
0.0026902745202748834,0.0016059152981270227,0.00027916539486483305,0.006581328511925448
0.001126333413512203,0.0009094159237377916,0.0026938266763530216,0.006698987684658592
0.0010510311989034668,0.0008523762483571737,0.0025339120699940107,0.006543422058579833
0.0028219616728974977,0.001653878658363295,0.0002869997691057599,0.006651412692419667
0.002509013836074377,0.0015494986193586439,0.00031459761120588566,0.006539250210175475
0.0011309355705661904,0.0009398687350024888,0.0027589655793486922,0.006721437897619283
0.0010624800541965374,0.0008348808335004267,0.002514598028558628,0.006559706440479686
0.0029250475658969457,0.0016744070211058039,0.00027143839233468496,0.006633136973603862
0.002619732877564269,0.0015828696951273233,0.0002944262668571158,0.006580704140659673
0.0010959369815222526,0.0009347263131109502,0.002691337622974964,0.006688942848995795
0.0010160507467548202,0.0008497683713977154,0.0024630347805557323,0.006528980840914143
0.0028712146157185998,0.0016933476602705307,0.000273096701380458,0.006682087002330863
0.0026035387657538027,0.0015845497083416895,0.00029698273801517534,0.006563186123361886
0.0011147636127304677,0.0009203280203246318,0.002716310797473745,0.00671485116677948
0.0010457976312805521,0.0008356877975021892,0.0025095171706707173,0.006566097150942103
0.002880553230173433,0.0016735566166103165,0.00027845697558679695,0.0066081048635044295
0.002557332007733815,0.0015678990164407875,0.00030853739278336215,0.006530554739264477
0.0011022478759197725,0.0009440279882624563,0.0027447243748714677,0.006714789918119008
0.0010267812246930804,0.0008476092978569345,0.0024967542866041474,0.006557341404848557
0.0029013360778093952,0.001694466908315645,0.00026941631558503887,0.00662640129892802
0.0026265328636092245,0.001593222664722281,0.0002919082461431168,0.006551256247047672
0.001096557414772458,0.0009303808772868077,0.0026992262559394683,0.006702683134087492
0.0010207187506857396,0.0008460143944616332,0.0024738378848453294,0.006540232887377856
0.0028864420786769845,0.001694685805264144,0.0002691540810295276,0.0066381637362537185
0.002595443331554271,0.0015881246308651776,0.00029346151532426505,0.006541598535444175
0.0011031668972209991,0.0009373841342286868,0.002713142400448433,0.006709924090662312
0.0010322532899616264,0.0008515972128453036,0.0024999163307421928,0.006555926974760778
0.0028959397580745005,0.001681379076512745,0.000269463762565619,0.006605192686389006
0.0026056270445911117,0.0015777466649428706,0.00029325158073436437,0.006523515774623678
0.001103781223891638,0.0009410677936964281,0.0027140664597868746,0.006700841256202988
0.0010267091565253738,0.0008549412550493316,0.0024833880826143845,0.006549435730875112
0.0028920034789679683,0.0016929867003829652,0.0002635925304940338,0.006622876348756831
0.0026117843494005734,0.0015888435058246547,0.00028717024320199766,0.006539905930242741
0.0011005701028592389,0.0009393892469978423,0.0026982299418714132,0.00669206767843275
0.0010277969548419268,0.0008503949924120497,0.002472206267706712,0.006541331190731897
0.0029038875419325674,0.0016946447011089458,0.0002608076817292103,0.006612766852854957
0.002612904637789218,0.0015884164380078217,0.00028587297491435335,0.006528509496219801
0.0011014905482875385,0.0009444705412389613,0.002710244989768551,0.006690761882505325
0.001026520862902902,0.0008596571397965348,0.002492256653766101,0.006547164918377385
0.0028945526667578532,0.0016932454998147938,0.0002611792057367599,0.006599483175597093
0.0026170267635792274,0.0015889706545231489,0.0002849067810810872,0.006517031313465982
0.001101550153546412,0.0009407775925088858,0.0027079957873136938,0.006683355877644506
0.0010255710504591018,0.0008558808366746605,0.00248530780659526,0.0065426976066425115
0.0028987571098397376,0.0017013414271930074,0.00025825850259482116,0.006600332108362014
0.0026176895052137015,0.0015984447296288667,0.00028174090080292975,0.00652207277568879
0.0010962240906000193,0.0009421068762260839,0.002700549468362681,0.006681290828677716
0.001021122564553475,0.0008573562216458357,0.0024830030092578815,0.006537498090337199
0.0029022858706263185,0.0017031918366893616,0.000257508953013695,0.00659339669026595
0.0026266304418101414,0.0015987688288121337,0.00027991323112334335,0.006508159172968915
0.001098078427882878,0.0009398864206141298,0.0027018926602986296,0.006678454774945474
0.001021634961584478,0.0008597804838061714,0.0024900728163230615,0.0065411950333175125
0.002893707725977313,0.0017032240871932335,0.0002574056389774041,0.006585882063881496
0.002619255006311968,0.0015989485288127325,0.00028013163043579914,0.006503953397009603
0.0010970884180399613,0.0009407163652494792,0.0027012504819093797,0.006673588066661131
0.0010217107038534045,0.0008574613409734578,0.0024834726147040446,0.006538519869526725
0.0029031507242291386,0.0017077843364114206,0.00025424287303964005,0.006580972163321682
0.0026269780155368655,0.0016028522719451455,0.00027678568771132743,0.0065010225189192266
0.0010947452005344996,0.0009421747981877149,0.0026969025647797995,0.006668740336710534
0.0010185513985227674,0.0008605826122042484,0.0024817623482759807,0.006534710871807787
0.0029011753605998826,0.001709820327626445,0.0002527520983466709,0.006577776736158049
0.002629961579755832,0.0016037469914496768,0.00027480995676847336,0.006492897408471194
0.0010961367353187642,0.0009413429963431417,0.0026965703065625316,0.006664653337326012
0.0010200772053055606,0.0008613675881025533,0.0024850994835147362,0.00653539732092821
0.0029012143901752958,0.0017103299171374391,0.0002515721906136288,0.006569412531941687
0.0026287247298785624,0.0016050357467113456,0.0002735572375148637,0.006487492865007605
0.001094670519745407,0.0009429636348339268,0.00269511249238834,0.006661188325191017
0.001018079359739284,0.0008626404771347283,0.0024827545982220372,0.006532461370475186
0.0029045270978706014,0.0017136010832154095,0.0002497298020496406,0.006565644140787983
0.0026359507909817937,0.0016083633595491685,0.00027077908710064757,0.0064817239918194105
0.0010935601836187592,0.0009418274951442876,0.0026899533986531653,0.006657356095532396
0.0010164178460543769,0.0008635320286852152,0.002481167029306701,0.006530188591593655
0.002902831542257929,0.0017155691281939497,0.00024884820733144983,0.00656115209760892
0.002635316523609762,0.0016099277758427253,0.0002697345071613155,0.006475510362107172
0.0010931645016091704,0.0009418906966729436,0.0026892235037050613,0.0066545948941464554
0.001016280003803795,0.0008640437603510172,0.002482141118079299,0.0065303123096393575
0.002904273277318761,0.0017170693198157894,0.0002478043448374533,0.006553093099692363
0.002637551137154701,0.0016113576921781407,0.00026846813764067805,0.006468677553594935
0.0010919840289853981,0.0009421770456125165,0.0026875760152034003,0.006650608795825902
0.0010145402083390949,0.0008648412029135021,0.0024800591956276982,0.0065283695752643145
0.0029047138810697117,0.0017202928524446674,0.0002463006009460098,0.006549008615049557
0.002640288455145133,0.0016140910281093302,0.0002666217851680377,0.006463651678011995
0.0010910454567292485,0.0009417924820523932,0.0026846383411625583,0.0066464488923361955
0.0010137469158069186,0.0008651225507958014,0.0024787533620679618,0.006526436671788103
0.002905772401245965,0.001722454901846336,0.00024500516318738826,0.006543065854981408
0.0026417263826262975,0.001615849557826342,0.00026515556698540534,0.0064573425956843695
0.0010905082779833549,0.0009422731793856767,0.0026837282481286242,0.006642920437441943
0.0010129675199137488,0.0008665053908104282,0.002479476420276968,0.006525289382545936
0.002906015317803419,0.0017242967308056217,0.00024382385943313441,0.00653700441235403
0.002644344121138244,0.0016176484027134494,0.00026352787850273296,0.006450926100867474
0.001089989821874142,0.0009420330371696819,0.002681402461055333,0.00663884357888034
0.001012107684890732,0.0008670868143289372,0.002478103535227015,0.006523243610310636
0.0029065931113387918,0.0017268106498568394,0.00024247279233392816,0.006532379607842978
0.002646158491803194,0.0016200541190953405,0.0002618507742454176,0.006445861910357049
0.0010891805732223196,0.0009421214347079497,0.0026788404278502353,0.006635175341764413
0.0010112200712010468,0.0008678728277646962,0.0024772031389931866,0.00652130716824591
0.002907495698708808,0.0017288473395724547,0.0002413001485111144,0.006526691068030265
0.00264861091828218,0.0016218540559688453,0.0002603409162627549,0.006439393838047806
0.0010887268276975615,0.000942106050922127,0.0026771159658119563,0.006631481289366882
0.0010104425213710933,0.0008688956317273085,0.0024770336208053854,0.006519960681419523
0.002907321556646636,0.0017309375233738585,0.0002402090660851412,0.006521112184488767
0.002650117038349504,0.0016238027137781854,0.0002589663065052784,0.006433539678495903
0.0010152272164036262,0.0008786282666933609,0.002487231553120052,0.006574616546861228
0.0009493250901222572,0.0008389923625307776,0.002355625598682241,0.0064630684679579985
0.002688867359196012,0.0016544109130835311,0.0002750504263434706,0.006468278315490126
0.002414149100610176,0.0015176723363395977,0.000312034992220437,0.006320790048113066
0.0010810949363215668,0.00090278797159619,0.002663212682302739,0.006585665262694487
0.0010374488368446316,0.0007881387062893225,0.002403142717874119,0.006486976135822562
0.0028463364783860375,0.0016530603756559747,0.0002447815280568394,0.006384618071122987
0.0024571366262747334,0.0015496231607437403,0.00028660703931789456,0.006400786287566129
0.0010276347334927697,0.0009584101719824128,0.002606282092351705,0.0065729974444061895
0.0009636959713873646,0.0008423515779939228,0.002326771030227358,0.006430839726299893
0.002855700370002843,0.0016889917275853077,0.0002285298384475884,0.006509305440262654
0.0026259319877453453,0.0015813116652194305,0.00024551864228562477,0.006399999950462844
0.001070906692374283,0.0008909923251838471,0.002532537696324816,0.006578257917709528
0.001001514302915637,0.000845745116244681,0.002401491652139269,0.00646365773062943
0.0027327696197258487,0.001625217712611259,0.0002549728374581865,0.006469604545284844
0.0024488444664577196,0.0015233473584574243,0.0002822168486660477,0.006364140627967899
0.0010816781812271103,0.0009126296844948223,0.002594915279324627,0.006594117328042752
0.0010238893611461133,0.0008146163754645991,0.0023761015240636963,0.006478211078522811
0.002843263751799351,0.0016457163696200967,0.0002385641519953508,0.006439218697651729
0.002533916439436983,0.0015560114583752437,0.0002657241786436613,0.006405286715117442
0.0010456729395765527,0.0009222782362928357,0.0025488663031436897,0.006591443058958627
0.0009735758983970697,0.0008355480825930002,0.0023307530833804016,0.006451651428271031
0.002803744417444024,0.0016666413360611014,0.00023966782656615666,0.006482814055828273
0.0025519478338802914,0.0015602075118009637,0.00026417621468455217,0.006381545537907934
0.0010631106390898157,0.0008969624292162758,0.002557840179976373,0.0065870369341999675
0.0010011111738863182,0.0008226467977503094,0.002376708355844734,0.006487411005130739
0.002789177339947499,0.0016485067062079863,0.00024652870200750875,0.006422379103307316
0.0024782692121203156,0.0015434991150643142,0.0002793509266615423,0.006357447970683698
0.0010508209995722182,0.0009216807640046641,0.0025901267654582804,0.006586603866321053
0.0009885549491073964,0.0008273401186634872,0.0023632973594565135,0.006479358634876411
0.0028312592735193036,0.0016688851808805336,0.00023615753970852383,0.006426666911629816
0.0025581301825890993,0.0015685362880340581,0.00026117927888441323,0.006369514929756952
0.001044087068907465,0.0009103335351245657,0.0025471582461231313,0.006577022447682731
0.000976683824829715,0.0008322771678582235,0.0023438486849620375,0.0064607390743930595
0.0028033764289800128,0.0016701094362981928,0.00023716735192343038,0.006447014340240599
0.002529998956825603,0.0015649970555896022,0.00026311793492368274,0.006365244320633241
0.0010536874466981344,0.0009116789855857997,0.0025586303560341164,0.00658171344772091
0.00099304056922192,0.0008328467619953787,0.0023703335086011704,0.006477872421751572
0.0028136686304499003,0.0016551529467465772,0.0002376789362686335,0.00641176381473184
0.002529783704877721,0.0015535417410552184,0.0002642573337553013,0.006349333779508659
0.00105256937192341,0.0009191401214385954,0.0025624498541093,0.006574974863038945
0.000985700802122591,0.0008376908520025679,0.0023536449519201415,0.006470350103231921
0.0028138661072626167,0.0016670701854033727,0.00023196125358999689,0.006428728093657643
0.002547144063901463,0.0015648399159634136,0.0002570497134066637,0.006362124856542803
0.0010508454478903413,0.000914302011428427,0.0025434133700994446,0.00656600004058956
0.000987049211020592,0.000832789404327892,0.0023414775456267654,0.0064628547394760235
0.0028191109312268683,0.0016685732809966127,0.00022987729646100274,0.006421415252827882
0.0025390616656335023,0.0015637691771210208,0.00025729606870021735,0.006353045324431474
0.0010517029891620895,0.0009203976497939212,0.0025573357589881904,0.006565066105298808
0.0009872170050818408,0.0008407379182277271,0.0023617804631867498,0.006469171018345178
0.0028158435640785553,0.00166657262068557,0.00023006648481524537,0.006404660266444354
0.0025467432309870318,0.0015636921166702971,0.00025585973898293424,0.006338345317451028
0.0010510790320550055,0.0009171955438979252,0.00255440679897846,0.006557584359043228
0.0009843072409363416,0.000838426014417582,0.002353536410282457,0.006463599196069142
0.00281693863357722,0.0016757786348393418,0.00022742982454642508,0.006408735258859463
0.002546785978077445,0.001573596423550782,0.0002527292113237216,0.0063420101835276075
0.0010464038774827872,0.0009169842964513062,0.0025453698272203205,0.006555673184060487
0.000981453415072874,0.0008380585314780566,0.0023505801962566885,0.00645865974726516
0.0028225235828537296,0.001677115542648195,0.00022678867860885787,0.0063998640495048125
0.0025536926695011457,0.0015736550424994254,0.0002513950452745487,0.006328160216893921
0.0010477325578638508,0.0009161821239762535,0.0025484451515586735,0.006553784143227702
0.0009808643391187005,0.0008418689294470672,0.002359019937458997,0.006461692003086933
0.0028130824422986714,0.0016768108049335041,0.0002271437142329291,0.006392697755317328
0.00254881364638602,0.0015735337919005206,0.00025159341656122566,0.006322870098552602
0.0010474058440903438,0.0009155780752130705,0.002546654732376163,0.006548410538996333
0.0009813698063228747,0.000838309022146805,0.0023505873335992276,0.006457884614457271
0.0028212967518503,0.001681749009133491,0.00022411420734487128,0.006388677951918267
0.0025531024964995084,0.0015776574674055152,0.0002488451988747688,0.0063215830754798944
0.0010449984848273813,0.0009178684520112572,0.0025432022954031187,0.006544183529280224
0.0009788261604742766,0.0008414117182983404,0.0023495977973862978,0.006454920306088583
0.002821787202561019,0.001683394246150499,0.00022266843214472878,0.006383875269990872
0.002558849810479048,0.0015781400351647975,0.00024674091161228096,0.006312020459092804
0.0010467481770718942,0.0009168166431412252,0.0025431068138551125,0.006539637782393744
0.0009792770773038727,0.0008422534044397315,0.002351536839426188,0.006450709130626825
0.002817993689443014,0.001683943832628624,0.00022185810123204414,0.006377201564732551
0.0025539582003983002,0.001579177396051452,0.0002461734231932099,0.006307599770119123
0.0010459129611643252,0.0009186559890126732,0.002542928582664924,0.006535952892655234
0.000978485878302634,0.0008424866816422189,0.0023492405827460604,0.006446330562168931
0.002823856629179498,0.0016868832093997412,0.0002198960924231135,0.006371235876583628
0.002561663114989732,0.0015824486858452534,0.00024340240036211435,0.006301251303309464
0.0010446820144858788,0.0009185797774156518,0.0025385496739626376,0.0065321980252504895
0.0009760980574227684,0.0008447522049094565,0.0023482815788104655,0.006443094763918747
0.0028215172454438375,0.00168904656417644,0.0002191452775429132,0.006367974713827475
0.002562857583500013,0.0015844026874941304,0.0002420896048343199,0.006294720170301089
0.0010448246868181574,0.0009177875780542137,0.002536586351299301,0.006529067937331141
0.0009759630957536757,0.0008444226013494426,0.002347618469404567,0.006439248995235729
0.0028216305014526536,0.001690246507942321,0.0002184115490215741,0.006360214373450979
0.002561734016708621,0.0015855045139073587,0.00024148262404730922,0.0062885033678611825
0.0010438783774993714,0.0009191685524069758,0.0025365702942309475,0.006525579911277643
0.0009746048973474555,0.0008455079212604352,0.002346443122447424,0.00643648660738113
0.0028233845380862006,0.001692991989402575,0.00021706496719732776,0.0063544374408560575
0.0025661680249343052,0.0015878958283853657,0.00023967012489158925,0.006282259783085364
0.0010431865828371665,0.0009189278988672167,0.002533706790718431,0.006520946565906344
0.0009734321021686489,0.0008461027284952851,0.0023442513001596466,0.006432899376520374
0.0028232966687427932,0.001695639853952237,0.00021586118314031175,0.006349835589146884
0.002566717849575183,0.0015900696634899105,0.00023834892874966514,0.006276869857616782
0.001042829561957779,0.0009195371901703891,0.0025326142812590537,0.006517143889785519
0.0009728530650070411,0.0008468869714415993,0.002343960803517565,0.006428915140165141
0.0028241924071148866,0.001697246087889245,0.00021480752677024292,0.006342894367805331
0.0025685793340335127,0.001591521481266718,0.0002370380046012043,0.006269920308444914
0.0010426378457426648,0.0009201354355160381,0.002531769773295642,0.0065130863933490785
0.0009719272834718142,0.0008481349007426928,0.0023434548721300522,0.006425319229420285
0.00282416033936668,0.0016995176330719577,0.00021367800009802827,0.006337808414256932
0.0025705811465277168,0.0015937950657440925,0.00023550141033101872,0.006264333256273657
0.0010422341344792148,0.0009202171677324074,0.002529315397737735,0.006508948142815307
0.0009711605006132764,0.0008486260416088294,0.002341681724351459,0.006421287473794411
0.002645138343141533,0.0015840833092260708,0.00023597586886339283,0.006281283650385426
0.0024692619645563852,0.0014895653691313398,0.0002569270801424772,0.006218595715163685
0.001041173547388273,0.0008473136880252055,0.0024121951437237623,0.006434674096392085
0.0009803218179687762,0.0007739793936800504,0.0021793076424677727,0.006381057390614733
0.0026899944150407776,0.0016504941877273464,0.00021334980021672081,0.006347560050928726
0.002340352868259132,0.001535637761919043,0.0002616543960850342,0.006288301351101802
0.0010034423917883323,0.0009187022492328924,0.00245871353287713,0.006464609913132575
0.0009719590694497162,0.0008001422257671967,0.0022450703401626273,0.006363765020704777
0.0028095423760867515,0.001625109844760049,0.00021186185641462401,0.0062341809902368445
0.00251468303146762,0.0015259129674720852,0.00024197696247903948,0.006184032823549458
0.0010155968907013433,0.000901711165961336,0.0024646249674657927,0.006466917467934196
0.0009399541611310659,0.0008528401601473938,0.0023069395838870676,0.0063826767700736866
0.0026599620750248003,0.0016262020079831256,0.00023051849420238765,0.006298971579108549
0.002451910260319943,0.0015411630219045083,0.00024810240176122134,0.006211320540962566
0.0010146496642989293,0.0008627285811894194,0.0023899696067571203,0.006468210244356605
0.0009629808153597657,0.0007908128785659747,0.0022170664543389408,0.006368058063552328
0.002730779553875113,0.0016329572805532772,0.00022255845806789268,0.006279846710323148
0.002401288396715601,0.0015324514201140122,0.00025739397973548964,0.006215061836446289
0.0010010421519224815,0.0009085626769892546,0.0024402306748553884,0.006485715983024341
0.0009509956343043503,0.0008216801600751671,0.002253470034941057,0.006385591395261686
0.0027451261853902956,0.0016210694588142602,0.00022139667593112087,0.006245168273630105
0.002484791767753975,0.001518627239279936,0.00024821461078248727,0.00618127060522861
0.0010155992162308792,0.0008876760027911948,0.0024287919510187837,0.006459148784224133
0.0009546518101212377,0.0008171225567459027,0.002233940783289033,0.006388288556263909
0.002704951588260717,0.0016349469701854506,0.00021747819447621818,0.006278250948297445
0.002419135388052956,0.0015284178101932458,0.0002507607637628225,0.006214934743742685
0.0010088730664795157,0.0008988262491757155,0.0024253423004538784,0.00645412354503634
0.0009639667848581798,0.0008016077988802429,0.0022153708045702615,0.006369145527186098
0.0027701555127455494,0.0016363945461378238,0.00020821384924529443,0.006246731788361336
0.0024717208301497594,0.001532632301979405,0.00024083750076934888,0.0061995184358541525
0.0010086238720300013,0.0009045669571017601,0.0024353450855955504,0.00645506059443899
0.0009484894113352768,0.0008305734270207231,0.0022543895274822496,0.0063738963954192915
0.0027171780215805,0.001631151848792035,0.00021447244397815857,0.006256685030782859
0.002465677384222762,0.0015309844734396824,0.00024140674832029657,0.006186622105849
0.0010177634338211711,0.0008852423335839003,0.002423958120332827,0.006449575508719339
0.0009599520678382642,0.0008073210970242112,0.0022359982718116013,0.006361448380297735
0.0027301038369277296,0.0016357466162042653,0.00021203216887005798,0.006248131842018579
0.002440479649451597,0.0015379543413614415,0.00024333306910929027,0.006197404527906722
0.0010055946794945102,0.0008983876766138863,0.002425445193519599,0.006454879247082252
0.0009499459704098803,0.0008154390972546962,0.002236295403387355,0.006364716507147555
0.0027453049281750217,0.0016389465093473356,0.00021019646620417683,0.006239267647366565
0.0024844735457251843,0.0015394092360544462,0.00023702007742630452,0.006177741146954917
0.0010103504169820452,0.0008870709655783505,0.0024185811129221555,0.006448033196570965
0.000948769673129856,0.0008167387114831744,0.002239308220136151,0.006365309723815528
0.0027157513956345765,0.0016393361468480274,0.00021246187058619672,0.0062409400170429135
0.0024474657806113766,0.0015375669903003823,0.0002422862284120421,0.006180297212811394
0.0010089775244088483,0.0008917986926536859,0.002424958892983261,0.006443877593833974
0.0009534378338188527,0.0008085198989538175,0.0022300033412266944,0.006358095249338088
0.002744932252416677,0.0016429638791364337,0.00020723318780737864,0.006222113234976139
0.002467497156173831,0.0015414109082364069,0.00023756814963728115,0.006174885942965053
0.001004904361491057,0.0008983832440882137,0.0024244562014905935,0.0064387275097776715
0.0009453444716978808,0.00082126474385098,0.002235173893242056,0.006358152739006119
0.00273520055836505,0.0016459847856611963,0.00020628078175820644,0.006226431727062681
0.0024778205901321206,0.0015438657297036041,0.00023378122512501267,0.006165869755735709
0.0010088939508237126,0.0008921651210917702,0.002416496339893567,0.006432724791383679
0.0009492374938220305,0.0008168317978919865,0.002231308525934092,0.006349411800115608
0.002734500187346977,0.0016455709222283562,0.00020541548163099336,0.0062191758392232295
0.0024637198447932792,0.0015446727346105187,0.00023472539500291116,0.006165554746381465
0.0010063510799163177,0.0008993670915046834,0.0024203292082907845,0.00643212760316281
0.0009470898885335666,0.0008209388396707955,0.0022333146709814285,0.006346358207774426
0.0027432211908848046,0.0016466949696710854,0.00020360916114801943,0.006209986074038886
0.0024820117427099826,0.0015460558501991946,0.0002307803435706474,0.006153029836288268
0.0010068978235812207,0.0008963457057035813,0.0024140585498005035,0.006426504331881887
0.0009449096775902225,0.0008227035004658648,0.00223042295658274,0.006344137823673135
0.0027349701812949922,0.0016502255925850162,0.00020310214115450815,0.00621136944603998
0.002474609793581979,0.0015491312637562979,0.00023060265057133248,0.006152474604429012
0.001006093371811287,0.0008967039774620925,0.0024123430838561034,0.006423248829831085
0.0009458475810261419,0.0008199962911308459,0.002227436039388182,0.006338990557538868
0.002742616441665598,0.0016516559123847085,0.0002015922917895798,0.006199687811973697
0.0024781133474453317,0.0015498305713977712,0.00022948579653593284,0.006143479889298551
0.0010050454442833336,0.0008990503161402059,0.002414977053377169,0.006419242424058937
0.0009430119521422809,0.0008239878392720117,0.0022303928543191266,0.006337219289661811
0.0027392246142733784,0.0016544341469074135,0.00020077714045308495,0.006195456629344752
0.0024819449498962166,0.001552282303493608,0.0002277205171184265,0.006136709565097996
0.0010053079513735082,0.0008969743574390009,0.002411466043599083,0.006413693131943572
0.0009431949747032094,0.0008220710731258189,0.002226555705134344,0.006332081489815802
0.0027410505496028425,0.0016576077991994175,0.00019931315356946363,0.00619057097942527
0.002480182733056471,0.001555259386219252,0.00022658681689184242,0.006133197425870941
0.00100405694752738,0.0008990900043997918,0.002411139505546821,0.006410707388295437
0.000941814135915151,0.0008241027505417826,0.002227636864375176,0.0063281825034633195
0.0027430986771055693,0.001658877081699995,0.00019832361782084798,0.006183339051417469
0.002486411318669921,0.0015563318314141155,0.00022470595686038464,0.006123880600045741
0.0010047952515772841,0.000898217476880395,0.0024095834579477963,0.006406360466404045
0.0009411158512997184,0.0008252878302378527,0.0022275171366654095,0.006324739010597251
0.0027400000794266326,0.00166087451780296,0.00019760184920282118,0.006179560470019696
0.002484478265312321,0.001558379156099973,0.0002238493504891847,0.0061200676180693065
0.0010043587993818338,0.0008987582582866759,0.002407563027219538,0.0064024981671094786
0.0009409827412128672,0.0008248121720840553,0.0022247346044998906,0.006320480206019561
0.0027441529614314944,0.001663132087717029,0.00019615461868863025,0.0061728565245494985
0.0024883178185703203,0.001560298724520661,0.00022220098886148345,0.006113565648306733
0.001003838835637058,0.0008997616981723499,0.002406379775705182,0.006398626280781437
0.0009395043041179243,0.0008270882605606307,0.0022250234930835068,0.0063174424142737745
0.0027428233407851828,0.0016650435574559362,0.00019538059071024644,0.00616781269037483
0.002490412366875684,0.0015618927082024115,0.0002209428283180667,0.006106821440670632
0.0010040848239906682,0.000899405112227411,0.0024047532800417176,0.006394240574287005
0.0009393297960809214,0.0008270301762118734,0.0022235084813089206,0.0063133324847280655
0.002743543711832431,0.0016672723811887906,0.00019434980555496704,0.006161816377012094
0.0024903989683153593,0.0015640013570834155,0.00021992266180444848,0.006101674238701277
0.0010033018341721008,0.0009006943547102497,0.0024037948042757787,0.00639045917367565
0.0009382558590451524,0.0008282528814496157,0.0022227217468574105,0.00630962765982898
0.00274541253813817,0.001669566006033183,0.00019325853593802185,0.0061557423992554565
0.0024946189138672593,0.0015660829704139984,0.00021828834537518046,0.006094531641517338
0.0010031974170764575,0.0009006081686583754,0.002401843563050556,0.006386308829388178
0.0009373474304413951,0.0008293849215657814,0.0022221012313966178,0.006305973370831264
0.002744371207082733,0.0016716853540413472,0.00019250253683352202,0.006150792252373595
0.002494914482271087,0.0015680406329907199,0.00021728360696594552,0.006088938117994614
0.0010030318186887517,0.0009009648308169096,0.0024004684582089814,0.006382463448549367
0.0009369640707179239,0.0008297177923586137,0.002220930254711614,0.006302012280631047
0.0027458575640050623,0.0016737305538109205,0.00019151056738530209,0.00614444804205649
0.002496941308256886,0.0015698931820429358,0.00021606181575770816,0.00608271128041467
0.0010027223790305079,0.0009016250408620047,0.00239925949899516,0.0063784913066625894
0.0009360505471017105,0.0008309815896989902,0.002220277131320198,0.006298561823073601
0.0027459610903863355,0.0016759584148471607,0.00019060509766223143,0.006139185877751292
0.0024991669143691127,0.001571870444496492,0.00021477103397889342,0.006076578785328259
0.0010027186347969365,0.0009016451169105975,0.0023975066257237157,0.006374279103010981
0.0009356048281553871,0.0008314818762957105,0.002219057964614802,0.006294696221898844
0.0027463174722317015,0.00167813815453801,0.00018968707221116358,0.006133627797455475
0.0025000783726478117,0.0015738146500493136,0.0002136925203055182,0.006070900778157113
0.0010025103621662144,0.0009023096677643811,0.0023964318439903937,0.006370319727188219
0.0009349982421656347,0.000832397157948429,0.002218393945488234,0.0062909246171906855
0.002747122022288211,0.0016802453391019016,0.00018876358302959004,0.006127710439218644
0.0025024165156616,0.0015757324499452317,0.0002124303219691742,0.006064507100184809
0.0010024512904499786,0.0009025761080133798,0.0023949979187136237,0.006366175425827972
0.0009343491682640847,0.0008333240153233371,0.0022176029247387755,0.0062871868334279405
0.002747116855566157,0.0016824872892873925,0.00018790935619176152,0.006122442439158506
0.0025037841693976025,0.0015778196425328633,0.00021128744956712474,0.006058735013144194
0.0010023269684608343,0.0009028896444963014,0.0023934493942557953,0.00636216385321961
0.0009338433298879804,0.0008339787666925068,0.0022165899829744936,0.006283297411645501
0.0027478474889946077,0.0016846473339946076,0.00018702991223803296,0.006116697306533624
0.0025055361117739274,0.0015798028517755751,0.00021013894065037428,0.006052648668658323
0.0010022008757214554,0.0009033340218485787,0.0023921293500109115,0.00635820790788757
0.0009332014606609212,0.0008349777614062917,0.0022159329911401494,0.006279622047532814
0.0027480225015331307,0.0016867817599418129,0.00018622045044577103,0.006111164143402339
0.0025072868049061457,0.0015817609865280149,0.0002090116762321427,0.006046567222613847
0.0010021671026759253,0.0009035719507472549,0.0023906211945612012,0.00635414130265312
0.0009327141956062727,0.0008356757922839458,0.0022149079195390177,0.006275855598446903
0.002748390247259686,0.0016889957081265583,0.0001853767395436398,0.0061056602041821405
0.0025086858767058543,0.001583783270194054,0.0002079278949068053,0.006040781476855666
0.001002043219212681,0.0009040271519670667,0.002389225794284071,0.006350142261678808
0.0009321798544895092,0.000836513792120195,0.002214008651294444,0.006272117342211459
0.002748922532882648,0.0016911675189633239,0.0001845339648598845,0.0061000421219116596
0.0025105573347345245,0.0015857511977998557,0.00020679547910934076,0.006034704760253408
0.0010020239289048071,0.0009043582706925977,0.0023878130434870103,0.00634608763079994
0.0009316721617251671,0.0008373862341242204,0.0022131908418752725,0.006268397378109617
0.002749067944319183,0.0016933336251611817,0.000183733234451699,0.006094604618924365
0.0025119987060352954,0.0015877404443635818,0.0002057269758282295,0.006028852583772236
0.0010020006787008783,0.0009047081742673957,0.0023863827174786527,0.006342057576901314
0.00093123557714688,0.0008381302148643826,0.002212238443679601,0.0062646111744093375
0.002749545878385213,0.001695514963893372,0.0001829085932657348,0.00608905701802573
0.0025136348358498124,0.0015897512799018057,0.00020463775927011423,0.006022959213324618
0.0010019630449510713,0.0009050957013457508,0.0023849598819885914,0.006338057559122473
0.000930742053812053,0.0008390094654076786,0.0022114062111140945,0.006260892867645999
0.002749811347537621,0.0016976806120958632,0.00018212068051213235,0.006083617685510582
0.0025152919648628955,0.0015917473309828025,0.00020356187622219804,0.006017030955335654
0.0010019876907643055,0.0009053797572225361,0.0023834872373591307,0.006334044836822569
0.0009303225081042059,0.0008397799468560275,0.002210500385523893,0.00625715329988209
0.002750052976786323,0.0016998455105406733,0.00018134461022659577,0.00607817438489325
0.002516718535067377,0.0015937446099689634,0.0002025317649050586,0.006011225475717784
0.0010019848645831558,0.0009057429043396608,0.002382075516107498,0.006330063508452696
0.000929901179095203,0.0008405699958800702,0.0022095987976722756,0.006253435599789381
0.0027504102811489865,0.0017020190250065918,0.00018056505828036138,0.006072696958689935
0.0025183544773652723,0.0015957451200786148,0.00020148264521462918,0.006005347176943082
0.0010020088441680516,0.0009060628128614277,0.002380628217258908,0.006326061207860692
0.000929482773284631,0.0008413833042922082,0.002208708933513963,0.006249739036402597
0.0027506132389685492,0.0017041969339142186,0.0001798058368808296,0.00606731601363876
0.0025198435590146084,0.0015977505049577828,0.00020046136108628135,0.005999548006065573
0.0010020508377729515,0.0009063783695802247,0.0023791817109497754,0.006322069755835415
0.0009291107907305011,0.0008421454482176634,0.0022077865987093605,0.0062460195573008125
0.0027509027148784446,0.0017063652050291693,0.00017904731533991135,0.00606188769373518
0.002521342758533683,0.001599750338358996,0.0001994488946141536,0.005993752397840752
0.0010020952962909438,0.0009067230189140995,0.0023777588036189524,0.00631809184338211
0.0009287316357716354,0.0008429560879344842,0.002206901382977735,0.006242326444102804
0.0027511440952995695,0.00170853260485087,0.00017830050575087374,0.0060565079924202155
0.0025228867400294516,0.001601754755305242,0.00019843766636057852,0.005987958977162699
0.0010021659925706196,0.0009070264547581772,0.0023762921305507272,0.006314109166030486
0.0009283820424611875,0.0008437350098292199,0.0022059790617744096,0.006238629006345684
0.0027513578177855292,0.0017107002644086659,0.00017756328854869212,0.0060511624377960335
0.002524338729779901,0.0016037611834357778,0.00019744779710841205,0.005982225886387996
0.001002240020708892,0.000907351070254422,0.0023748413914192025,0.00631014743962665
0.0009280483525283967,0.000844515224025257,0.002205062750160957,0.006234940619922705
0.0027515998406777245,0.0017128593657804135,0.00017683284107417174,0.006045803063457653
0.0025258381441686678,0.0016057598285024101,0.00019646295583908996,0.00597647628554105
0.0010023309313165433,0.00090766423166115,0.0023733891213862943,0.0063061857871511235
0.0009277247221476473,0.0008453034230076656,0.002204149964243212,0.00623127025805879
0.0027517847160330837,0.0017150221680158428,0.0001761135718404953,0.0060404906505670585
0.002527291362628852,0.0016077638855656006,0.00019549223474117568,0.00597077041323108
0.0010024329096001404,0.0009079686938664801,0.0023719250122216625,0.006302228636525073
0.0009274249645717658,0.0008460668938072045,0.002203211349889235,0.006227597946824233
0.0027519936319560998,0.0017171859621687344,0.0001753986583099201,0.00603518129152584
0.002528735198420137,0.0016097687791811455,0.00019453141647254087,0.005965083860293485
0.0010025425759061445,0.000908281803942355,0.0023704712214004066,0.006298282414186838
0.0009271334542270254,0.0008468451114672048,0.002202289936374654,0.006223939932093394
0.0027521774389375818,0.0017193447988928657,0.00017469362632739703,0.006029892254386074
0.002530184661877595,0.0016117710316803958,0.00019357879906241202,0.005959404537584054
0.001002670029775639,0.0009085787914812787,0.0023690082609025644,0.006294338530122796
0.0009268619944786523,0.0008476107497117748,0.0022013564807460834,0.006220287050745003
0.002752341870984295,0.0017215039455738355,0.00017399627029684322,0.006024630001950374
0.002531593817764337,0.0016137760264650128,0.00019263907162159495,0.005953764777676681
0.001002804719989487,0.0009088798578736769,0.002367544204454265,0.006290405448152875
0.0009266056907865483,0.0008483719743746055,0.002200416306915106,0.006216640975306732
0.0027525158774008647,0.001723660383934408,0.00017330474774808653,0.006019378100890987
0.002533015665674218,0.0016157792505487178,0.0001917060641253334,0.0059481340362005945
0.0010029525712295056,0.0009091753828307338,0.002366077775429115,0.00628647897249804
0.0009263622400040053,0.0008491367108450039,0.0021994793931061976,0.006213007490012867
0.002752658594411225,0.0017258134110197572,0.0001726225293687687,0.006014154067395409
0.0025344123730356694,0.0016177806609816822,0.00019078465546920143,0.005942529466922357
0.0010031129979975824,0.0009094648674483219,0.0023646076514100443,0.00628255902081967
0.0009261378116336762,0.0008498891315627708,0.002198530058037558,0.006209379717869651
0.0027528029176482963,0.001727965368887102,0.0001719459872585281,0.006008943869718841
0.0025357949790119345,0.0016197820617496893,0.00018987292962176314,0.005936949506087362
0.0010032815020042097,0.0009097568419859873,0.0023631386647585896,0.006278647547352025
0.0009259249415206842,0.0008506439783916013,0.0021975807781621534,0.006205762985815691
0.0027529376705924483,0.0017301153434256132,0.00017127636260517559,0.0060037532778733
0.002537178023538688,0.0016217826007023722,0.00018896895223404574,0.005931384699518671
0.001003462675408896,0.000910040954479128,0.0023616648076077162,0.006274741833249843
0.0009257274486765844,0.0008513937534882672,0.0021966267045703653,0.006202154695347837
0.0027530555308222307,0.0017322631100473221,0.00017061414715588657,0.005998584634671159
0.0025385365764804347,0.001623782365096241,0.00018807585323109684,0.005925846965692284
0.0010036027445662083,0.0009102785102259905,0.002360072047918628,0.0062705290808985955
0.0009255468873912258,0.0008521321667013551,0.0021956653668871082,0.006198567259408225
0.002753159481572244,0.0017344069031204844,0.00016995973220935474,0.005993420911642385
0.0025398704929441127,0.0016257713777381936,0.00018719751389818275,0.00592032335943257
0.0010037031571472686,0.0009104575284609567,0.0023583807686677603,0.006265995487899333
0.0009253841753524096,0.0008528457756035465,0.0021947077097708967,0.006195013020754912
0.0027532279183674125,0.0017365542814986095,0.00016931373897971876,0.005988263957254168
0.002541156814181826,0.0016277543579882447,0.00018633690008638254,0.005914823391594669
0.0010038147464346435,0.0009106097400580769,0.002356723431893293,0.0062614711485160695
0.0009252382145301517,0.0008535178590771833,0.0021937568455563878,0.006191478455984925
0.0027532821609848527,0.0017387131665800178,0.0001686729668934552,0.00598312385826995
0.0025424200200847495,0.0016297483783150768,0.0001854851151682167,0.005909350520002153
0.0010039356077088718,0.0009107300372723262,0.0023550783123416955,0.0062569775273583535
0.0009251028793602531,0.0008541626162414787,0.0021928243574239293,0.006187958504493182
0.002753310543645819,0.001740868018979935,0.00016804167291044643,0.005978013867150088
0.0025436725280700875,0.0016317444091449797,0.00018464041921543891,0.005903893356716298
0.0010040732859286092,0.0009108140490143318,0.0023534292118143714,0.006252524048598973
0.0009249837472855354,0.0008547856089840404,0.00219190590750444,0.006184457531818485
0.0027533025742653935,0.0017430031198286144,0.0001674225039808208,0.005972935552693008
0.002544894747143345,0.0016337284658890102,0.00018380731815183896,0.005898464261479288
0.001004225065307168,0.0009108773420851199,0.0023517697061402427,0.00624811072657656
0.0009248816826014451,0.0008553904611895886,0.002190975599604775,0.006180982517455296
0.002753286983230662,0.0017451199910727482,0.0001668107389552447,0.00596788570867089
0.0025461092648546655,0.0016356975901830005,0.00018298308139824828,0.005893066968387761
0.001004386035575556,0.0009109333246186043,0.002350094771018962,0.006243728502201012
0.0009247921412749847,0.0008559892232272175,0.0021900239196089343,0.0061775370286760636
0.00275326586548626,0.0017472222481431108,0.00016620427128195055,0.00596286445431816
0.0025473180348647454,0.0016376508091959943,0.0001821675018777083,0.0058876987623996445
0.0010045547648992136,0.0009109895020389088,0.0023484110282418315,0.0062393660976422126
0.0009247152445149196,0.0008565851701241724,0.002189053679567115,0.006174115330406377
0.0027532436136867224,0.0017493132260929505,0.00016560180307975572,0.005957861442868205
0.002548515660074951,0.0016395917173215348,0.00018136078287735966,0.005882357039822586
0.0010047276479103284,0.0009110529594695533,0.0023467265239149673,0.006235019365175453
0.000924647240090325,0.000857182782192389,0.002188071361756249,0.006170710894925555
0.00275322619195172,0.001751398861547255,0.00016500239804955407,0.005952875540195712
0.00254971451398887,0.00164152879095695,0.0001805599840787981,0.005877036968325805
0.0010049040249068975,0.0009111193357352291,0.002345037964782023,0.006230689349631971
0.000924585888217374,0.00085778230234086,0.0021870818336277515,0.006167318605557165
0.002753205220159172,0.0017534809044346057,0.00016440751066239633,0.005947911888352772
0.0025509079722079104,0.0016434650294283473,0.00017976571851663627,0.005871738820577575
0.0010050857113168574,0.0009111842360278237,0.0023433468748698186,0.006226378880375449
0.0009245333087437337,0.0008583794830117643,0.0021860890084810804,0.006163936922892941
0.002753177069708368,0.0017555579155080468,0.00016381820801658641,0.005942968181182227
0.002552090022450698,0.0016453986562458794,0.00017897937650694382,0.0058664628678693105
0.0010052743130118827,0.0009112461008239694,0.002341657284250246,0.006222087298922801
0.0009244909543064121,0.0008589718167442672,0.002185093002620001,0.006160567833815111
0.002753139902253525,0.0017576311574813506,0.00016323408475321728,0.005938046398295742
0.002553260285515604,0.0016473294002831277,0.0001782008602127161,0.005861212163491207
0.0010054710995948933,0.0009113032721108021,0.002339969720712678,0.006217811529199631
0.0009244604088884494,0.0008595565908735784,0.0021840913166480545,0.006157211304304028
0.0027530940277055937,0.00175970183494016,0.0001626542688953913,0.005933147591403368
0.0025544164211489966,0.0016492569240829265,0.0001774300301878288,0.0058559885391932616
0.001005676795361143,0.0009113570103217808,0.002338287126587563,0.006213549172214537
0.0009244424855690661,0.0008601346596345076,0.002183086620872138,0.00615386628628951
0.0027530400914747323,0.0017617694281646243,0.00016207838024845297,0.005928269634537513
0.0025555598747919613,0.0016511809750077914,0.00017666634322766278,0.005850789832235493
0.0010058916000726663,0.00091140798565895,0.0023366102094332644,0.0062092991143454885
0.0009244366941491511,0.0008607076852504171,0.002182080621973845,0.0061505314758462685
0.002752978239272033,0.0017638340356155482,0.00016150637496864487,0.0059234131474304565
0.0025566923202807452,0.0016531029968288975,0.00017590914018424428,0.0058456157254754065
0.001006114676186232,0.0009114563111021043,0.0023349361900002136,0.006205063187474851
0.0009244419342680468,0.0008612765297405789,0.0021810727552143273,0.006147205896662374
0.0027529100845390293,0.0017658951227666013,0.0001609385778396542,0.005918578120981133
0.0025578158155437117,0.0016550233448700963,0.00017515822517635276,0.005840464734160742
0.0010063453008081627,0.0009115021391626399,0.0023332631987923987,0.006200843942844666
0.000924457223910176,0.000861842442171542,0.002180063298257407,0.006143890643314047
0.0027528346499697434,0.0017679513787845925,0.0001603756789753363,0.005913763906343175
0.0025589302828393306,0.001656940847720353,0.0001744140927126858,0.005835335779844274
0.001006583059187586,0.0009115454353145479,0.0023315903537040063,0.006196642384428389
0.000924482342864701,0.0008624049107738925,0.0021790502437362075,0.006140587390251253
0.0027527525466887032,0.0017700026299030422,0.00015981774328547313,0.005908970004038229
0.002560034993531002,0.0016588546891108775,0.0001736771199994694,0.005830229828886024
0.0010068273380948636,0.0009115870115512829,0.0023299176148901214,0.006192458373211662
0.0009245171239440293,0.0008629636145280425,0.0021780317861534557,0.006137297374583647
0.0027526653308028288,0.00177204914487466,0.0001592644416922264,0.005904195803809088
0.00256113090670009,0.0016607642381102072,0.00017294723058465197,0.005825146804350132
0.0010070744090733327,0.000911487472520758,0.002328082613681323,0.006188251158839584
0.0009245613803884452,0.0008632779916912618,0.0021766856161041697,0.006133953613100439
0.0027527823046503298,0.00177425792583499,0.00015868109884429997,0.005899598851047605
0.002562168705686646,0.0016628411272110264,0.00017220955880886427,0.005820293587651483
0.0010072229078753783,0.0009103702483714038,0.002325057842225997,0.006183960899916164
0.000924546664417368,0.0008618618988468288,0.0021731684611079756,0.0061301761597821695
0.0027543431243466938,0.0017776032734212854,0.00015789961927824238,0.005896042822392047
0.0025629619638379265,0.0016660746222602455,0.00017139406014405386,0.005816664905927436
0.0010068786845129065,0.000908813708296874,0.0023218095675911887,0.006181007301091174
0.0009240976610493125,0.0008600904326957935,0.002170489330283139,0.006126707942735698
0.0027554183194324166,0.0017806855029176612,0.00015744021476085364,0.005891909095701227
0.0025641528996662236,0.0016689505908458876,0.0001707761963970522,0.005811403500120005
0.001006877872791938,0.0009058461535208944,0.002319322510865386,0.006178546354877695
0.0009237740629200901,0.000857480340090791,0.002168804884747121,0.006124071395205622
0.002754344238006142,0.0017835920145049928,0.00015729964533952537,0.005888028721067889
0.0025629949810109767,0.001671663024775742,0.0001705781211798845,0.005807110329260838
0.0010067537978986384,0.0009025720921963622,0.0023173229992294684,0.006176758199958557
0.000923583438448538,0.0008540087665039657,0.0021667932624595604,0.006121953278824375
0.0027542703833658678,0.0017863932816749735,0.0001570516808566915,0.005883821965527888
0.0025628625768226243,0.001674074301460229,0.000170266158940372,0.005802694521805292
0.0010067308416883169,0.0008988343747786992,0.002314927175366545,0.006174945929576819
0.0009234008527073684,0.0008503229828427053,0.002164228801655064,0.006120222665530578
0.0027538643321959543,0.0017891754066432259,0.00015671156577599498,0.005880686802031727
0.0025624317432418743,0.001676413556350387,0.00016988390307264668,0.0057991153390185915
0.0010067613035694863,0.0008950449813865228,0.002312206046684993,0.0061734244430907866
0.0009233983987539479,0.0008465126875678056,0.002161568619802939,0.0061185533715661005
0.002753820704729191,0.0017914275650959622,0.00015633578649814245,0.005877276009572638
0.0025620822493485434,0.0016782576152803198,0.00016949503643445645,0.005795287046742247
0.0010068384671553519,0.0008915391914131088,0.002309781212521961,0.006172099649884749
0.0009233455749832349,0.0008432249885791035,0.002159436229437206,0.006117222998524825
0.002753449707623413,0.0017932868941793628,0.00015598614582050502,0.005873962789956511
0.0025620390837930583,0.0016798936990433113,0.00016905936388930313,0.005791457635454859
0.0010068405446698849,0.0008879300869405513,0.0023068624848769704,0.006170899587903452
0.0009232091815092741,0.0008397815487463725,0.002156637054061619,0.006115928903922511
0.002753512727580876,0.0017952179539533826,0.00015556327930171576,0.00587104288801135
0.002562009317357201,0.0016816673423711553,0.0001685850193576765,0.005788099185112779
0.0010065874676900334,0.000884538078747024,0.002303705779073211,0.006170130381312307
0.000922870378955948,0.0008365236047691846,0.0021538139474454633,0.006114749363234065
0.002753833742011206,0.0017969797767026041,0.00015516406709362453,0.005867957225470984
0.0025624039847291706,0.001683269859807082,0.0001681124602711241,0.005784334063992343
0.001006299944091114,0.0008810663912938737,0.002300617279852585,0.006169469984081282
0.000922446791016847,0.0008333172892035863,0.002151089194000871,0.006113786892889594
0.0027537438090866496,0.0017987081426660432,0.00015480576689392753,0.005865031138061881
0.0025623057129365804,0.0016848442670243434,0.00016772373046559962,0.005780904331032588
0.001005893734012261,0.0008776929110527631,0.0022976540423872475,0.0061689511361708365
0.0009219974603198899,0.0008300052128975854,0.0021482411034695077,0.006112900235817619
0.0027539980228670886,0.0018004524684681667,0.00015439246784012053,0.005862002208187477
0.00256244833158025,0.001686368028671017,0.00016730536978802813,0.005777470157791906
0.0010054754036424032,0.0008743237212683379,0.002294774561128494,0.006168379578940168
0.0009215200645503867,0.0008267309681627228,0.002145402811063491,0.006112069396886928
0.0027541055592510745,0.0018022390582735515,0.00015394151240300132,0.005859254817729431
0.0025624895776214037,0.0016879149172795936,0.00016686358331585965,0.005774274648092566
0.0010050864132289813,0.0008709388561585385,0.0022919546295016224,0.006167808443375275
0.0009211034753461672,0.0008234019610287302,0.0021426165521443866,0.006111173680288669
0.002754238060245459,0.001803968405925448,0.00015345801916532447,0.005856542129622504
0.00256244099461761,0.0016894104004024403,0.0001664096130589503,0.005771147050492776
0.0010047336247732568,0.0008676342489096059,0.0022893393271419043,0.006167272516064403
0.0009207020920647607,0.0008202049150343877,0.002140094555059381,0.006110283771215494
0.0027542453011495326,0.0018056064314147212,0.00015296739269380987,0.005853904089237179
0.002562461488039723,0.0016908695125211507,0.00016592786043959784,0.005768037974994176
0.001004415651777243,0.000864287042225172,0.002286702841754988,0.006166753450930681
0.0009203124958574793,0.0008169947593998434,0.002137532512664513,0.006109356550926507
0.002754243173036106,0.0018072477879151785,0.00015245609018657254,0.005851467249385052
0.0025624043582057987,0.0016923731118879677,0.00016543200862439511,0.005765136702597336
0.0010040604830036633,0.0008610117265784298,0.0022840539637683835,0.006166375776733042
0.0009198941382579802,0.0008138563140579474,0.0021350161111822873,0.006108423797612055
0.0027543150194393293,0.0018088149032137709,0.00015194449927838442,0.005849033455411368
0.002562478612832286,0.0016938238544253472,0.0001649261232249132,0.005762165089431649
0.0010037038960086187,0.0008577540930806216,0.0022814282345733775,0.0061660738077961765
0.0009194477621984852,0.0008107964322203634,0.002132550328302343,0.006107549069594479
0.002754270985479994,0.001810338547856372,0.0001514451175412667,0.005846705851559409
0.0025624550055302698,0.001695254706929773,0.0001644372971858607,0.005759317961123608
0.001003308381707277,0.0008545588190077789,0.0022788046861700433,0.006165874372632796
0.0009189832429677678,0.0008077562604414327,0.002130031197381133,0.00610670871107853
0.002754340231085648,0.0018118309951374203,0.0001509352332472961,0.0058443865632463845
0.0025625055323913884,0.0016966503317247662,0.0001639450432393356,0.005756502637828053
0.001002889175601954,0.0008514228898599845,0.0022761959887274363,0.006165739552964733
0.000918491977758663,0.0008047867054756983,0.0021275125727125317,0.006105923214369641
0.0027543924302860985,0.0018132931173957276,0.00015042264876241417,0.005842152936363864
0.002562568313582444,0.0016980186691071398,0.00016345222625819335,0.005753758189727764
0.0010024638449729671,0.000848316653912329,0.002273590089201519,0.006165663794646988
0.0009180038287349735,0.0008018350418185097,0.002124976892207504,0.006105164923804729
0.0027544602181286703,0.0018147184176813525,0.0001499051354200017,0.005839969901748736
0.0025626012123598704,0.0016993533071978516,0.00016296423798160218,0.005751086066741168
0.0010020340373264097,0.000845266783752125,0.002271038747031658,0.006165658357652681
0.0009175147828024921,0.000798937862416714,0.0021224939160379365,0.0061044460815536045
0.00275452073464414,0.0018160933592160167,0.00014938739732651957,0.005837824346418955
0.0025626677355188865,0.0017006492882256986,0.00016247426669459316,0.005748441935350709
0.0010016145426613814,0.0008422264709381582,0.0022685058035891133,0.006165699477242709
0.0009170312179690118,0.0007960576503151186,0.0021200138197179598,0.006103754887012235
0.002754558368736787,0.0018174456788533314,0.00014886777008068567,0.005835770120188458
0.0025626949473858567,0.0017019349133220248,0.00016198773533188267,0.005745897550626704
0.0010011903353122564,0.0008392193620974542,0.0022659985898283875,0.00616581622478194
0.0009165492921588625,0.0007932025480671817,0.002117558647265729,0.006103085113738994
0.0027546158449123508,0.001818758218336483,0.00014834849822243452,0.0058337467365288925
0.0025627488167760224,0.0017031890029264587,0.00016150233465578873,0.005743372620882362
0.001000771668536963,0.0008362337906176298,0.002263532034140248,0.0061659884552994985
0.0009160655079013398,0.0007903866925954288,0.00211514681846961,0.0061024493725774795
0.002754631415131155,0.0018200382575313673,0.0001478344787451223,0.005831787229889387
0.002562776750543337,0.001704423415770631,0.00016102381402393647,0.0057409128276687555
0.0010003492540092433,0.0008332772498446056,0.0022610925732016816,0.00616622041142469
0.0009155821813500281,0.0007875929906285262,0.002112744875721235,0.006101833710394509
0.0027546687271280904,0.001821290765732586,0.00014731978226000027,0.005829866857547401
0.0025628150910810494,0.0017056368772721865,0.00016054783983933954,0.005738499175183901
0.0009999217531488317,0.0008303611827750557,0.0022586862191145795,0.006166505836724353
0.0009150928145860915,0.0007848460143881483,0.0021103726672188575,0.006101242797131779
0.0027547029848732432,0.001822511873176567,0.00014680688956302196,0.005827994874287086
0.0025628673284442106,0.0017068274616257263,0.00016007389685589993,0.005736127250809698
0.0009994933119767734,0.0008274783813369102,0.00225630375054427,0.006166835996058262
0.0009146031395304809,0.000782135038398376,0.002108016430034816,0.0061006690639458985
0.0027547399614532724,0.0018237038428102275,0.00014629469142522116,0.0058261715555990665
0.0025629133795181266,0.0017079968061476803,0.00015960408343427564,0.005733810854698491
0.0009990605101057534,0.0008246427218886975,0.002253955451700004,0.006167214307538668
0.0009141116389917956,0.0007794703635302454,0.002105689307440878,0.006100112827797567
0.002754788295197562,0.0018248617008928705,0.00014578325811408956,0.005824383974470479
0.002562981293261194,0.0017091401096646307,0.0001591356491569563,0.005731528536310795
0.0009986284727022342,0.0008218435528654317,0.0022516352490093068,0.006167629161933443
0.0009136196086296922,0.0007768468698614978,0.0021033835988312085,0.0060995727308124185
0.0027548336464444916,0.0018259927030688594,0.00014527285622578038,0.005822650469931369
0.002563046256251535,0.001710265144275395,0.0001586706849975405,0.0057293033245408975
0.0009981940353049785,0.0008190848956077786,0.002249344068746964,0.006168085802499429
0.000913128187360369,0.0007742609911521653,0.0021011009656304144,0.006099044436231969
0.002754892638019174,0.0018270939227128995,0.00014476323159108513,0.005820953803666415
0.0025631245094522963,0.0017113671876046203,0.00015820843088123479,0.005727115178078
0.0009977501013148742,0.0008163553516796389,0.0022470659125304257,0.006168515564313902
0.0009126368905415725,0.0007717159273541393,0.002098851464131552,0.0060985344730776
0.0027549429229804163,0.0018281661721586242,0.00014425671584368814,0.0058193002787700916
0.0025632005661525097,0.0017124468646710041,0.0001577515382979483,0.005724971758281874
0.0009971971868051417,0.0008135688136117569,0.002244577517332046,0.006168299409642183
0.000912152554596245,0.0007691878318484322,0.0020966255924029023,0.0060980685065524
0.0027549658846458412,0.0018292092132563404,0.00014375648889489962,0.005817664501331404
0.0025632307970199063,0.0017134851289998501,0.00015731290781263268,0.0057228654442476705
0.0009966496778184549,0.0008108006821398004,0.0022421841607257968,0.006168099556387735
0.0009116777703353428,0.0007666621900534801,0.002094459588785143,0.0060976426303241205
0.0027549649708852775,0.0018302387461347292,0.00014325974665263438,0.005816050201435559
0.002563241305088017,0.001714510195864545,0.00015688308908266393,0.0057208056178146855
0.0009961025181655714,0.0008080314172237662,0.0022398429275162952,0.006167914637112444
0.0009112070731234374,0.0007641324084652677,0.0020923315550598577,0.006097232181547637
0.002754964844900215,0.00183125857795651,0.00014276417473752992,0.005814493673464862
0.002563257646559225,0.0017155348262744663,0.00015645407049971679,0.005718795520005357
0.0009955580369776836,0.0008052587578003022,0.002237525606278401,0.006167768718087602
0.0009107406967283456,0.0007616168089262532,0.002090258378099833,0.006096834155254164
0.002754947188397868,0.0018322366646575992,0.00014227689248928643,0.005812989559612554
0.0025632722817197015,0.0017165333187492045,0.00015603029611489094,0.005716817268448874
0.0009950221391155098,0.0008024940288555625,0.00223523602898942,0.006167676913538542
0.0009102814428405933,0.0007591289933020439,0.002088237969914781,0.006096464268712873
0.002754907010068511,0.001833158790278385,0.0001417992936071931,0.005811534515905564
0.002563284014842033,0.0017174912473579313,0.00015561429778861082,0.005714885296570113
0.0009944886658644072,0.0007997497368499288,0.0022329572130434837,0.006167627664808738
0.0009098271247505529,0.0007566662793550634,0.0020862247667762504,0.006096127308258032
0.002754880767029224,0.0018340374944306715,0.00014132465728069834,0.005810135228990472
0.0025633109958061824,0.0017184122046394058,0.0001552031155322875,0.0057130137476789754
0.0009939502517567636,0.0007970372227125306,0.0022306823612024693,0.006167607357360825
0.00090937323469659,0.0007542338476900012,0.0020842088681592634,0.0060958210403092225
0.00275487751464751,0.001834879178091611,0.00014085104538030384,0.005808783422808042
0.0025633550483107823,0.0017192973329676411,0.00015479689923899952,0.005711191145262168
0.00099340655719704,0.0007943623016468469,0.0022284302055381776,0.006167610868481033
0.0009089183327750214,0.0007518379251190699,0.0020822115599223954,0.006095542327771081
0.0027548847040488205,0.00183568548553376,0.0001403799981566896,0.005807466534598208
0.0025634076199417414,0.0017201505065995559,0.00015439690675827313,0.005709409199719612
0.000992857138142822,0.0007917241444488895,0.002226210392807808,0.00616763478106686
0.000908461549027457,0.0007494770080627877,0.0020802407312016193,0.006095284527139545
0.0027549029287073866,0.0018364624236884206,0.00013991122315847696,0.00580618597493738
0.0025634729261647033,0.001720980474763649,0.0001540013603754781,0.005707668751567132
0.0009923021751071465,0.0007891164995151108,0.0022240165771865556,0.006167676931811327
0.0009080030605471152,0.0007471473142810936,0.0020782956046692,0.006095041172440961
0.002754930815860094,0.001837212355981758,0.0001394449950149464,0.005804949020849293
0.002563549318272538,0.0017217900958800382,0.00015360988404438332,0.005705971207247385
0.000991744806332287,0.0007865356148691271,0.002221849010040353,0.006167739399242586
0.0009075456875826097,0.000744847531785913,0.0020763820193776352,0.006094811456686822
0.0027549607048952987,0.0018379312484022203,0.00013898267018821656,0.0058037542759877166
0.002563630257372961,0.0017225749393314845,0.00015322392142003957,0.00570431516118571
0.0009911885240889333,0.0007839810873279982,0.0022197128966454905,0.006167821807585514
0.0009070922111299606,0.0007425765648460969,0.002074501098049464,0.006094597270076768
0.0027549904795232,0.0018386186029911826,0.0001385240774601223,0.005802601567583064
0.002563714533072163,0.0017233336929234969,0.00015284362689543788,0.005702704099300083
0.0009906339258172042,0.0007814533763802643,0.002217606660136614,0.0061679200766660905
0.0009066434809310706,0.0007403326297267507,0.0020726464491499,0.006094397431689697
0.00275502613351335,0.0018392772887714057,0.00013806794322564363,0.005801492346327728
0.0025638055408515946,0.0017240681110260048,0.00015246811245965813,0.005701139453231425
0.0009900804765308599,0.0007789539707690989,0.002215529066148234,0.006168032489485939
0.0009061988349164555,0.0007381175833608691,0.002070818917258016,0.0060942101595107545
0.0027550688394043423,0.0018399071952574138,0.0001376144039542773,0.005800424228375766
0.002563905141312514,0.0017247784609469062,0.0001520972408124065,0.005699616658787841
0.0009895280475543053,0.0007764837183603777,0.0022134811824985703,0.006168159963347659
0.000905757410325972,0.0007359336430922823,0.0020690220032061925,0.006094034818720159
0.0027551169819012415,0.0018405074353591842,0.00013716424959435357,0.005799395044919134
0.00256401350152756,0.0017254652060685782,0.00015173127834257683,0.0056981335030553346
0.0009889757081064812,0.0007740426821232004,0.002211460941488679,0.006168303582960494
0.0009053182883396008,0.0007337809414716269,0.002067254071063046,0.006093871080094232
0.0027551728390295843,0.0018410782881870368,0.000136717721066712,0.005798404795627169
0.002564133021892268,0.0017261289707214517,0.0001513701314085539,0.005696689677958599
0.0009884227925443842,0.000771630270869829,0.00220946498553692,0.0061684639081047415
0.0009048810223383862,0.0007316589239717542,0.0020655124183808285,0.0060937194511597875
0.0027552372650684782,0.0018416197242639985,0.00013627507721092845,0.0057974539047339286
0.002564263764532885,0.0017267690666683774,0.00015101413330967083,0.005695285193501884
0.0009878695935617104,0.0007692461220231272,0.0022074929620776286,0.00616864119308063
0.0009044461238777094,0.0007295666696577818,0.002063796171535021,0.0060935811427129585
0.0027553097546373947,0.0018421313685640381,0.00013583653371111124,0.005796541145606802
0.002564404398275996,0.001727384215633539,0.00015066379565261496,0.005693919974244262
0.000987316746121874,0.0007668900713358615,0.002205546215833471,0.006168834617320132
0.0009040143110528412,0.0007275030084294367,0.002062104717085535,0.006093456934531669
0.0027553905198056615,0.0018426138697143536,0.00013540194877068295,0.0057956658237504535
0.002564554789202404,0.0017279743876548138,0.00015031917021294877,0.00569259441572416
0.0009867647358764568,0.0007645614812569391,0.0022036250771134114,0.006169042753702008
0.0009035860924293589,0.0007254666796446737,0.0020604373698260075,0.006093346328797679
0.0027554802041047884,0.0018430682817685271,0.00013497112586838714,0.0057948278929546
0.0025647150552070884,0.0017285403462344476,0.00014998013336654147,0.00569130835558045
0.0009862139587401926,0.0007622597177516278,0.0022017299533476542,0.0061692650974511445
0.0009031617117602922,0.0007234572363436109,0.0020587953157371235,0.006093248503317225
0.0027555783893780206,0.0018434947682886905,0.0001345442181241142,0.005794026586046057
0.0025648852313895766,0.0017290824744203436,0.0001496466889866349,0.005690060376298147
0.00098566479778445,0.0007599840778562465,0.0021998611890806353,0.0061695017688736765
0.0009027412351862654,0.0007214744722335675,0.002057179697072037,0.006093162944803315
0.0027556843853750583,0.0018438933210764713,0.00013412148412864712,0.0057932615037716954
0.0025650652529674574,0.0017296011290681768,0.00014931890477446982,0.005688849838409703
0.000985117264569157,0.000757734017244246,0.0021980180518800176,0.006169752861605154
0.0009023245881767554,0.0007195179654601509,0.0020555900314166396,0.0060930892885418765
0.002755798758037179,0.0018442641238744092,0.0001337030199874463,0.005792532495618823
0.0025652556762158917,0.001730096503330758,0.00014899678677878287,0.005687676411632008
0.0009845712661834783,0.0007555093032595052,0.0021961996615871885,0.006170018287160621
0.0009019116551726656,0.0007175875066119624,0.0020540255773180845,0.006093027488051622
0.0027559219217691173,0.0018446072636836167,0.00013328890221760996,0.0057918392206671105
0.0025654567793417355,0.0017305684440677748,0.00014868041371045347,0.005686539695418581
0.000984026804070437,0.0007533099247904418,0.0021944057048281992,0.006170297738397293
0.0009015024379018053,0.000715682891647092,0.002052485754913868,0.006092977606471798
0.002756054205523001,0.0018449228850076133,0.00013287915495650986,0.005791181041485218
0.0025656686263010845,0.0017310168111115201,0.00014836986799721997,0.005685439379375959
0.000983483876939142,0.0007511359541248235,0.0021926361108269756,0.006170590683046385
0.0009010969491062808,0.0007138038821575628,0.0020509700525018627,0.006092939537522587
0.002756196144568993,0.0018452113366094456,0.00013247373052129862,0.005790557407555159
0.002565891603023704,0.001731441734706496,0.00014806512466782347,0.005684375102941859
0.0009829425238455692,0.0007489872435385585,0.00219089065995249,0.006170896544736009
0.0009006952010186068,0.0007119501726888181,0.0020494781382372944,0.006092912948643924
0.0027563480419993433,0.0018454729969358012,0.0001320726156466999,0.0057899679724239496
0.0025661258879634916,0.0017318434872154148,0.00014776616628933814,0.005683346455275271
0.000982402832497522,0.0007468635024976371,0.0021891692087252757,0.00617121500674168
0.00090029723039153,0.0007101214427547592,0.002048010065963265,0.006092897489434125
0.0027565099270823457,0.0018457080688742376,0.00013167587307525496,0.005789412272526406
0.0025663715495199977,0.0017322222507268907,0.00014747301669280037,0.005682352850130831
0.0009818649358804656,0.0007447643180125619,0.0021874716394020303,0.006171545882855572
0.0008999030821943782,0.0007083173034606806,0.002046565863463391,0.006092892929256574
0.0027566817107270904,0.0018459167548558364,0.0001312835857083489,0.005788889984814215
0.0025666285841747603,0.0017325782068404847,0.00014718571800396171,0.005681393914669197
0.000981328928652411,0.0007426892334745462,0.0021857976512873337,0.006171888970967673
0.0008995128074598568,0.0007065372473109038,0.002045145239061318,0.006092899082285293
0.0027568635164310455,0.001846099309888318,0.000130895803423561,0.005788400827364832
0.002566897037602085,0.0017329115063944918,0.00014690430892573276,0.005680469341685509
0.0009807948873437847,0.0007406378631668613,0.0021841469846472735,0.006172244059096532
0.0008991264451841669,0.0007047808302165774,0.00204374792585393,0.006092915836772303
0.002757055434080406,0.001846255952876097,0.00013051257474947756,0.005787944426216383
0.0025671769562313888,0.0017332222330932864,0.00014662883317210465,0.005679578744495074
0.0009802628965085334,0.0007386098657591742,0.002182519458518377,0.006172610904640481
0.0008987440349049964,0.0007030476398297532,0.002042373670532373,0.006092943093292633
0.0027572575524373853,0.001846386917273157,0.0001301339374145796,0.005787520384277775
0.0025674683693037784,0.0017335105013427756,0.00014635932726908766,0.005678721773614245
0.000979733005697088,0.0007366049450384585,0.0021809148588673886,0.006172989259937171
0.0008983655932842566,0.0007013372960073587,0.0020410221948159095,0.006092980708898528
0.0027574700634011994,0.001846492448272235,0.00012975991439705874,0.0057871283060263136
0.002567771429419988,0.0017337764598928489,0.00014609580077104485,0.005677898026554657
0.0009792052568543006,0.0007346227917514669,0.0021793329103096805,0.0061733789030406026
0.0008979911176658187,0.000699649453056605,0.0020396932470500753,0.00609302852629885
0.002757693092568976,0.0018465727699947647,0.00012939054085917912,0.0057867678388655
0.0025680862418432566,0.001734020261837733,0.00014583826959217491,0.005677107101116901
0.0009786796887408823,0.0007326630873412435,0.0021777733269513497,0.006173779667367701
0.0008976206072130308,0.0006979837599687451,0.002038386591686276,0.006093086404322845
0.0027579267452456685,0.0018466280781348746,0.00012902585974648305,0.0057864386067906105
0.002568412887275086,0.0017342420359178169,0.00014558675834595023,0.005676348589488929
0.0009781563389947305,0.0007307255074744596,0.0021762358326448774,0.0061741913996509416
0.0008972540600575492,0.0006963398536324035,0.0020371019704951794,0.006093154238220676
0.0027581711125641596,0.001846658580743648,0.00012866591227120522,0.0057861402559683025
0.00256875143675874,0.001734441911742107,0.00014534129310481573,0.005675622124466264
0.0009776352432057998,0.0007288097128787204,0.0021747201391762445,0.006174613925343885
0.0008968914808653462,0.0006947173379783763,0.0020358390768689975,0.006093231930243416
0.0027584262989122778,0.0018466645114165027,0.0001283107318556205,0.005785872442943804
0.002569101932706165,0.0017346200270249442,0.00014510190175044007,0.005674927362107554
0.000977116436441701,0.0007269153724477507,0.002173225998511405,0.0061750470656399045
0.0008965328764366275,0.0006931158217218202,0.002034597642614029,0.006093319386688025
0.0027586923897955835,0.0018466461033538532,0.00012796035100145475,0.005785634796715323
0.0025694644156913256,0.0017347765186763802,0.00014486861054235643,0.005674263929018763
0.0009765999611737834,0.0007250421487697777,0.002171753191164863,0.006175490635937126
0.0008961782546820135,0.000691534917215397,0.002033377426166263,0.006093416507481292
0.0027589694440415505,0.0018466035983223988,0.00012761480172153125,0.00578542695974032
0.002569838908410346,0.0017349115440109266,0.00014464144364954618,0.005673631467394562
0.0009760858537887375,0.000723189703721746,0.0021703014864503647,0.0061759444590825
0.0008958276205613684,0.000689974239900342,0.0020321781872322774,0.006093523176111914
0.002759257537241952,0.001846537237155624,0.00012727411338458826,0.005785248579410667
0.0025702254536795603,0.0017350252679584472,0.00014442041955865385,0.005673029607305464
0.0009755741486207973,0.0007213576989167994,0.002168870643786738,0.00617640837343148
0.0008954809731009636,0.000688433421451184,0.0020309996991999743,0.0060936392783668015
0.002759556722305401,0.001846447249699812,0.00012693831863000137,0.0057850993146434885
0.002570624085547264,0.0017351178521238133,0.00014420555771173924,0.005672457980297812
0.0009750648771174493,0.0007195457976839724,0.002167460414095555,0.006176882230371663
0.0008951383100540179,0.0006869120962827021,0.002029841725830672,0.006093764707067397
0.002759867052958928,0.0018463338608204387,0.0001266074495940402,0.005784978826271296
0.002571034831257417,0.0017351894535927001,0.00014399687871335728,0.0056719162282812315
0.0009745580642572218,0.000717753672594804,0.0021660705466522157,0.006177365886203747
0.0008947996253291157,0.0006854099046282952,0.0020287040204122874,0.006093899365352163
0.002760188589160186,0.0018461972965701126,0.00012628153604441142,0.00578488677659929
0.0025714577251663567,0.0017352402277881795,0.0001437944016513447,0.005671403997279562
0.0009740537319425446,0.0007159809986942455,0.002164700789629542,0.0061778591941412785
0.0008944649111376794,0.0006839264877780645,0.002027586328255896,0.006094043161310523
0.00276052138751214,0.0018460377882599504,0.0001259606059818798,0.005784822833044127
0.002571892790478735,0.0017352703337832006,0.00014359814618342573,0.005670920942268962
0.0009735518986783422,0.0007142274559250973,0.002163350900321845,0.006178362010246183
0.0008941341587459607,0.0006824614901717566,0.0020264884029441294,0.006094196004665673
0.0027608655026688076,0.001845855567426868,0.00012564468640676214,0.005784786657363416
0.0025723400505093803,0.0017352799322707616,0.00014340813103901946,0.005670466712510256
0.0009730525830004307,0.0007124927234355874,0.0021620206442830286,0.006178874193435979
0.0008938073584272929,0.0006810145595985377,0.0020254100079593034,0.006094357806649632
0.0027612209774399345,0.0018456508674242148,0.00012533380443560075,0.005784777918810256
0.002572799521547063,0.0017352691897811925,0.00014322437459252625,0.005670040963548119
0.0009725558022602274,0.0007107764780208248,0.0021607097864161573,0.0061793956077143015
0.0008934845007849039,0.000679585343197365,0.002024350908713933,0.006094528477114842
0.0027615878531757477,0.0018454239216585731,0.00012502798652682754,0.00578479629188946
0.0025732712170419025,0.0017352382753654996,0.00014304689468018028,0.005669643353581588
0.0009720615732767275,0.0007090783966165894,0.002159418094768489,0.006179926124363805
0.000893165575895098,0.0006781734921978947,0.0020233108781563874,0.006094707929407362
0.0027619661627673636,0.0018451749605377398,0.00012472725958123524,0.005784841455362079
0.0025737551470127133,0.001735187357367835,0.00014287570918241583,0.005669273542977209
0.000971569912870275,0.0007073981558480472,0.002158145339163413,0.006180465619230332
0.0008928505742074319,0.0006767786592292078,0.002022289689581721,0.006094896080366589
0.0027623559348841815,0.0018449042141265863,0.00012443165002734905,0.005784913093654491
0.002574251315679799,0.0017351166050310217,0.00014271083625266485,0.005668931199952041
0.0009710808357249087,0.0007057354356260668,0.002156891291478898,0.006181013972108759
0.0008925394854916738,0.0006754005002065586,0.0020212871168046637,0.0060950928496616985
0.002762757199288884,0.0018446119120296542,0.00012414118324470964,0.005785010893416298
0.002574759728991434,0.001735026187849302,0.0001425522932362309,0.005668615994528455
0.0009705943553002675,0.0007040899182430701,0.0021556557261913326,0.006181571065464135
0.0008922322984659486,0.0006740386755102656,0.0020203029363757793,0.0060952981596429775
0.0027631699814144525,0.0018442982837791615,0.00012385588424153955,0.005785134546051457
0.002575280389331282,0.0017349162768983321,0.0001424000974315172,0.005668327601381097
0.0009701104832195236,0.0007024612888747389,0.002154438420323405,0.006182136785678115
0.000891929001158377,0.0006726928492073738,0.002019336927718615,0.006095511933998087
0.002763594306018021,0.0018439635581111874,0.00012357577745168388,0.005785283745317271
0.002575813298490747,0.0017347870442118972,0.00014225426575772694,0.005668065697348662
0.0009696292297133057,0.0007008492352915903,0.0021532391538582607,0.006182711023239548
0.0008916295805948196,0.0006713626900160615,0.0020183888744146786,0.006095734098620968
0.0027640301944753,0.0018436079628485532,0.00012330088710925052,0.005785458189693083
0.0025763584571202067,0.001734638662894552,0.00014211481485798078,0.0056678299630905146
0.000969150604017202,0.0006992534467700871,0.0021520577081305023,0.006183293672267779
0.000891334023617728,0.0006700478694964458,0.002017458561812733,0.006095964581072813
0.002764477666011832,0.001843231725183005,0.00012303123708640648,0.005785657582791414
0.002576915863147428,0.0017344713068371035,0.0001419817614169034,0.005667620084336652
0.0009686746143992399,0.0006976736150189382,0.0021508938675404614,0.006183884630934246
0.000891042316949154,0.0006687480627296258,0.00201654577879551,0.0060962033113051775
0.0027649367375934563,0.0018428350709733012,0.00012276685097766787,0.005785881631980316
0.002577485513436388,0.0017342851498189274,0.00014185512202423428,0.00566743575028175
0.0009682012688148417,0.0006961094335045587,0.002149747419821456,0.006184483800370457
0.000890754447464696,0.0006674629478309334,0.0020156503171456417,0.0060964502216156406
0.0027654074231034612,0.0018424182255760567,0.00012250775210668295,0.0057861300498837625
0.00257806740207364,0.0017340803663854578,0.0001417349133836931,0.005667276655779545
0.0009677305745043295,0.0006945605979476296,0.0021486181557956755,0.006185091084717481
0.0008904704022368871,0.0006661922058559653,0.0020147719714593668,0.006096705245867327
0.0027658897354317868,0.0018419814136394423,0.00012225396335831604,0.005786402553237081
0.002578661522408434,0.001733857131569959,0.00014162115205713672,0.0056671424994877255
0.000967262538254421,0.0006930268063027798,0.0021475058698533396,0.0061857063912258755
0.0008901901682928081,0.0006649355216212901,0.002013910540498316,0.00609696831975602
0.0027663836847419848,0.001841524858804406,0.00012200550749110848,0.005786698863590239
0.002579267866357098,0.0017336156209613867,0.0001415138546242842,0.005667032984345602
0.0009667971663643405,0.0006915077586019207,0.002146410359265827,0.0061863296304083635
0.000889913732806461,0.0006636925832483361,0.002013065826267058,0.006097239380421771
0.002766889279661261,0.0018410487836517352,0.00012176240706635135,0.005787018707316143
0.0025798864246206975,0.0017333560105932664,0.00014141303771788267,0.005666947817843806
0.0009663344645235917,0.0006900031573934253,0.002145331424213957,0.006186960716281957
0.0008896410829470279,0.0006624630826315929,0.002012237634267847,0.006097518366780495
0.002767406527365223,0.0018405534093792932,0.00012152468450539632,0.00578736181557871
0.0025805171875728328,0.0017330784765323265,0.00014131871796066505,0.005666886711679332
0.0009658744380523637,0.0006885127074877797,0.002144268867468202,0.006187599566034502
0.0008893722060480091,0.0006612467151825792,0.002011425772907442,0.006097805219588618
0.002767935433404777,0.0018400389559447869,0.00012129236212119108,0.005787727924887697
0.002581160144354904,0.0017327831949065869,0.00014123091215069994,0.005666849382729323
0.0009654170918050913,0.0006870361163228088,0.002143222494627838,0.006188246100075524
0.0008891070897059514,0.0006600431797907197,0.00201063005353311,0.0060980998814366355
0.0027684760024830972,0.0018395056418995014,0.00012106546206797926,0.005788116776485731
0.002581815283732063,0.0017324703415958576,0.00014114963719137643,0.0056668355523968855
0.0009649624303968565,0.0006855730938610841,0.0021421921144008605,0.006188900241745185
0.0008888457217997298,0.0006588521789270998,0.0020098502907125388,0.006098402296833048
0.00276902823788204,0.0018389536845152775,0.00012084400643322935,0.005788528116844393
0.002582482593691938,0.0017321400924221627,0.00014107491017920244,0.005666844947146553
0.000964510458213871,0.0006841233525186999,0.0021411775384281686,0.006189561917259246
0.0008885880906302191,0.000657673418369025,0.0020090863020177274,0.006098712411889468
0.0027695921420059564,0.0018383832997836756,0.00012062801721036692,0.005788961697563947
0.0025831620616947313,0.0017317926231095557,0.00014100674840521267,0.005666877298315875
0.0009640611794869048,0.000682686607230632,0.0021401785815238702,0.006190231055809201
0.0008883341848907249,0.0006565066074133454,0.0020083379085550856,0.006099030174402384
0.0027701677161239683,0.0018377947022306953,0.00012041751640547609,0.005789417275411759
0.002583853674823528,0.0017314281091621675,0.00014094516938889894,0.0056669323420224845
0.0009636145984113246,0.0006812625752857503,0.002139195061500004,0.0061909075895002965
0.0008880839937694007,0.0006553514587054017,0.0020076049346840295,0.006099355533790236
0.0027707549604381386,0.0018371881049413323,0.00012021252606149609,0.005789894612610112
0.002584557419594839,0.001731046725878725,0.00014089019094950001,0.0056670098195476856
0.000963170719118129,0.000679850976448793,0.0021382267991361427,0.006191591453401141
0.000887837506972104,0.0006542076882710884,0.002006887208013148,0.006099688441082966
0.00277135387444574,0.0018365637194401225,0.00012001306826590013,0.005790393476704469
0.0025852732823968636,0.0017306486481510656,0.0001408418311942383,0.005667109477139249
0.0009627295457872658,0.0006784515329517388,0.0021372736181779002,0.006192282585439548
0.0008875947147516509,0.0006530750155441176,0.0020061845593793005,0.006100028848997528
0.002771964456762288,0.0018359217556726437,0.00011981916520784484,0.005790913640787474
0.002586001249292677,0.0017302340504495293,0.00014080010858831158,0.00566723106629456
0.0009622910826513807,0.0006770639695391004,0.0021363353452849804,0.006192980926360106
0.0008873556079844882,0.0006519531632834196,0.002005496822705471,0.006100376711857021
0.0027725867054592466,0.0018352624219726504,0.00011963083917342032,0.005791454883424499
0.0025867413062494737,0.0017298031067192877,0.00014076504197132504,0.005667374343695358
0.0009618553340427264,0.0006756880135323123,0.0021354118101276657,0.00619368641968311
0.0008871201781568203,0.0006508418576618812,0.002004823835138708,0.006100731985627221
0.0027732206180208336,0.0018345859250206847,0.00011944811259277524,0.005792016988706279
0.002587493439233785,0.0017293559903572742,0.0001407366505771093,0.005667539071234847
0.0009614223044486942,0.0006743233947641074,0.002134502845275029,0.006194399011628023
0.0008868884174267708,0.0006497408281673895,0.002004165436926155,0.006101094627835215
0.0027738661914760297,0.0018338924698571438,0.00011927100806531915,0.005792599746367017
0.0025882576341630333,0.0017288928741971742,0.00014071495409008237,0.005667725016157144
0.0009609919985280758,0.000672969845634521,0.002133608286231596,0.006195118651140887
0.0008866603186457022,0.0006486498076254637,0.0020035214714935815,0.006101464597563123
0.002774523422460208,0.001833182259791183,0.00011909954839678116,0.005793202951742136
0.0025890338770995502,0.0017284139304095537,0.00014069997265569998,0.005667931950940508
0.0009605644211918537,0.0006716271010517111,0.002132727971427796,0.00619584528984342
0.0008864358753977506,0.0006475685321571594,0.002002891785440308,0.006101841855460998
0.0027751923071756466,0.0018324554964038223,0.00011893375664487651,0.005793826405900544
0.002589822154149103,0.0017279193304842657,0.00014069172694567054,0.005668159653496844
0.000960139577617044,0.000670294898453707,0.002131861742183864,0.006196578882003066
0.0008862150820413782,0.0006464967411165701,0.002002276228439237,0.006102226363708439
0.0027758728415930582,0.0018317123795218815,0.00011877365612962615,0.0057944699156268235
0.0025906224516500393,0.0017274092451664824,0.0001406902381665606,0.005668407907126113
0.000959717473301792,0.0006689729777954583,0.0021310094427164183,0.006197319384479408
0.0008859979337338847,0.0006454341771036987,0.002001674653289814,0.006102618086020978
0.0027765650214139487,0.001830953107197884,0.00011861927048173435,0.005795133293494737
0.002591434756115637,0.0017268838444243993,0.00014069552811159892,0.00566867650059187
0.0009592981141048109,0.0006676610815485222,0.0021301709201391487,0.0061980667566980605
0.0008857844264699531,0.0006443805859059735,0.0020010869158772647,0.0061030169876139795
0.0027772688421653087,0.0018301778756846848,0.00011847062366546202,0.005795816357851839
0.002592259054344076,0.0017263432974026702,0.00014070761918739063,0.005668965228117429
0.0009588815062651248,0.00066635895471162,0.002129346024458134,0.0061988209606155115
0.0008855745570982518,0.0006433357165032895,0.0020005128751754537,0.00610342303520151
0.00277798429927819,0.0018293868794255594,0.00011832774001037521,0.005796518932872795
0.0025930953334606164,0.0017257877723961656,0.0001407265344440943,0.005669273889429212
0.0009584676564525883,0.0006650663447829259,0.002128534608517551,0.006199581960673663
0.000885368323344817,0.0006422993210263595,0.0019999523932163676,0.006103836196953039
0.0027787113880899782,0.0018285803110429436,0.00011819064424842286,0.005797240848597974
0.0025939435809485506,0.0017252174368285612,0.00014075229761329112,0.0056696022897684845
0.0009580565717774402,0.0006637830017734766,0.00212773652801703,0.006200349723792283
0.0008851657238410915,0.0006412711547383248,0.0019994053350871786,0.0061042564424910895
0.0027794501039562825,0.0018277583613007695,0.00011805936154433787,0.005797981940905517
0.0025948037847050016,0.0017246324571891481,0.00014078493314191668,0.005669950239901254
0.0009576482598317873,0.0006625086782029088,0.0021269516414876197,0.006201124219337108
0.0008849667581379048,0.000640250976015343,0.001998871568912264,0.00610468374288894
0.0027802004422387686,0.0018269212191080598,0.00011793391752879956,0.005798742051578968
0.0025956759330728707,0.0017240329990256633,0.00014082446622468145,0.005670317556155734
0.0009572427287190152,0.0006612431290716511,0.002126179810256817,0.006201905419049498
0.0008847714267317544,0.0006392385463005522,0.0019983509658025337,0.006105118070630648
0.0027809623984045863,0.001826069071528888,0.00011781433832457125,0.005799521028304154
0.002596560014873567,0.0017234192269174986,0.00014087092283916462,0.005670704060446601
0.0009568399870663429,0.0006599861118870366,0.0021254208984760213,0.006202693297045729
0.0008845797310841401,0.0006382336300895294,0.0019978433998767723,0.006105559399608818
0.0027817359680661507,0.0018252021037464148,0.00011770065058336592,0.005800318724642408
0.002597456019461412,0.0017227913044334333,0.00014092432977643997,0.005671109580241378
0.0009564400440717462,0.0006587373866278983,0.0021246747730961153,0.006203487829761653
0.0008843916736367806,0.0006372359949039909,0.001997348748247303,0.006106007705108503
0.0027825211469546304,0.0018243204990828444,0.00011759288152036759,0.00580113500009839
0.002598363936727705,0.00172214939414072,0.00014098471467989708,0.005671533948611587
0.0009560429095141013,0.0006574967157353704,0.0021239413038455384,0.006204288995918905
0.0008842072578337254,0.0006362454112410018,0.0019968668909783696,0.0061064629637646705
0.0027833179310581776,0.00182342443900041,0.00011749105893736775,0.0058019697200718204
0.002599283757132687,0.001721493657569843,0.0001410521060770876,0.005671977004220993
0.0009556485937745802,0.0006562638641316321,0.002123220363250418,0.006205096776505039
0.0008840264881326206,0.000635261652580598,0.0019963977111161616,0.006106925153571442
0.002784126316580369,0.0018225141030793204,0.00011739521126387054,0.005802822755873332
0.0026002154717682875,0.0017208242551972844,0.00014112653340512692,0.005672438591300804
0.0009552571078751802,0.0006550385991642056,0.002122511826586286,0.006205911154714849
0.0008838493700180273,0.0006342844953288148,0.0019959410946441985,0.006107394253838729
0.0027849463000110333,0.0018215896690507443,0.00011730536758492046,0.005803693984743258
0.0026011590723370535,0.0017201413464486928,0.0001412080270567442,0.005672918559709624
0.0009548684634723775,0.0006538206906445542,0.002121815571893288,0.006206732115931415
0.0008836759100171489,0.0006333137188033987,0.001995496930469985,0.006107870245179845
0.002785777878186924,0.001820651312781123,0.000117221557668878,0.005804583289805482
0.0026021145512221872,0.0017194450896632738,0.0001412966183997064,0.005673416764865101
0.0009544826729019325,0.000652609910805531,0.00212113147997146,0.006207559647686736
0.0008835061157141306,0.0006323491052076431,0.00199506511043636,0.006108353109504186
0.0027866210482394714,0.0018196992082832786,0.00011714381200967216,0.005805490560094014
0.00260308190146849,0.0017187356420978296,0.00014139233982411842,0.005673933067777698
0.0009540997491793158,0.0006514060343121904,0.0021204594343628945,0.006208393739620411
0.0008833399957485442,0.000631390439601828,0.0019946455292889106,0.006108842829981269
0.0027874758077420353,0.0018187335277374322,0.00011707216184273497,0.005806415690498978
0.0026040611168632443,0.0017180131599232006,0.00014149522475723003,0.00567446733502182
0.0009537197060209904,0.0006502088382394319,0.00211979932134106,0.00620923438342632
0.0008831775598389884,0.0006304375098734415,0.001994238084656967,0.006109339391016334
0.002788342154637687,0.0018177544414977513,0.00011700663919043537,0.005807358581816624
0.00260505219188481,0.0017172777982214333,0.00014160530770911006,0.005675019438750653
0.0009533425578609197,0.0006490181020682158,0.00211915102990829,0.006210081572859289
0.0008830188187843221,0.0006294901067164547,0.0019938426770821725,0.0061098427782364205
0.0027892200873371586,0.0018167621180890294,0.00011694727688640121,0.005808319140645142
0.002606055121773374,0.0017165297109593101,0.00014172262430237937,0.005675589256629896
0.0009529683198640605,0.00064783360767726,0.0021185144518210196,0.00621093530365855
0.0008828637844713527,0.0006285480236080753,0.001993459209980114,0.006110352978477355
0.002790109604690916,0.0018157567242445103,0.00011689410860798094,0.005809297279436024
0.002607069902536719,0.0017157690510164684,0.00014184721129749077,0.005676176671881387
0.0009525970079445724,0.0006466551393300958,0.0021178894815260503,0.006211795573504715
0.0008827124698819375,0.0006276110567649883,0.001993087589612851,0.006110869979738793
0.0027910107060724627,0.0018147384249226533,0.00011684716890460667,0.0058102929164434245
0.002608096530966912,0.0017149959701763438,0.00014197910662940252,0.005676781573237724
0.0009522286387656399,0.0006454824836644962,0.0021172760162065135,0.006212662382015117
0.0008825648891023244,0.0006266790051409962,0.0019927277251319347,0.006111393771171073
0.0027919233913679497,0.001813707383307612,0.00011680649323195627,0.005811305975683568
0.0026091350046376556,0.0017142106191204995,0.00014211834943949928,0.005677403854903284
0.0009518632297627255,0.0006443154296900068,0.002116673955778398,0.006213535730680559
0.0008824210573197288,0.0006257516703912713,0.0019923795285422836,0.006111924343063198
0.002792847660985065,0.001812663760842447,0.00011677211798397438,0.005812336386919963
0.002610185321937053,0.001713413147445575,0.0001422649801036039,0.005678043416557847
0.0009515007991546459,0.0006431537687671177,0.0021160832028566416,0.006214415622822141
0.0008822809908314343,0.0006248288568446832,0.0019920429146877156,0.0061124616867987095
0.002793783515905217,0.0018116077172594097,0.00011674408051671632,0.005813384085646646
0.0026112474820949865,0.0017126037036715135,0.00014241904026159304,0.005678700163325222
0.0009511413659354955,0.0006419972946109123,0.002115503662780121,0.006215302063567812
0.0008821447070479471,0.0006239103714878596,0.0019917178012535232,0.006113005794838441
0.0027947309577043573,0.0018105394105849735,0.00011672241918393702,0.005814449013030153
0.0026123214851484443,0.0017117824352369843,0.00014258057285111337,0.005679374005740552
0.0009507849499100126,0.0006408458032734169,0.002114935243603983,0.006216195059806186
0.0008820122244883724,0.0006229960239425737,0.001991404108786235,0.006113556660709944
0.0027956899885479836,0.001809458997173117,0.00011670717336824702,0.005815531115879681
0.0026134073319983176,0.0017109494885164847,0.00014274962213651763,0.005680064859719227
0.0009504315716771383,0.000639699093140537,0.002114377856102179,0.006217094620137227
0.0008818835627901149,0.0006220856264306754,0.001991101760633902,0.006114114278962989
0.0027966606112317413,0.0018083666317428677,0.00011669838350572886,0.005816630346623175
0.0026145050243869226,0.0017101050088366033,0.00014292623373898125,0.0056807726465428875
0.0009500812526478555,0.0006385569649187098,0.002113831413763932,0.006218000754845272
0.0008817587427039064,0.0006211789937643054,0.001990810682993328,0.006114678645152005
0.002797642829181225,0.0018072624673920886,0.00011669609111956817,0.0058177466632506935
0.0026156145649248335,0.0017092491404864846,0.0001431104546623989,0.005681497292800698
0.0009497340150501592,0.0006374192216333682,0.00211329583281931,0.0062189134758445395
0.0008816377860910531,0.0006202759433205918,0.0019905308048866386,0.006115249755815192
0.00279863664647897,0.0018061466556376679,0.00011670033884915542,0.005818880029275858
0.0026167359570886243,0.0017083820267286799,0.00014330233332812478,0.005682238730377167
0.0009493898819325458,0.000636285668620425,0.0021127710322091696,0.006219832796648608
0.0008815207159274621,0.000619376295022241,0.001990262058162672,0.0061158276084377645
0.002799642067886476,0.0018050193464406788,0.00011671117047735238,0.005820030413697613
0.0026178692052303137,0.0017075038098229329,0.00014350191959834084,0.0056829968964067674
0.0009490488771674828,0.0006351561135115507,0.0021122569336086187,0.006220758732321041
0.0008814075562919927,0.000618479871310978,0.0019900043774863604,0.006116412201437436
0.002800659098840497,0.0018038806882445864,0.00011672863096163187,0.005821197790954094
0.002619014314594331,0.001706614631045747,0.00014370926480491864,0.005683771733231185
0.0009487110254552984,0.0006340303662375958,0.0021117534614284138,0.0062216912994394885
0.0008812983323759875,0.0006175864971373093,0.001989757700349125,0.006117003534123004
0.0028016877454703996,0.0018027308280059236,0.0001167527664640614,0.005822382140872203
0.002620171291270177,0.0017057146307006285,0.00014392442178647773,0.005684563188374285
0.0009483763523267662,0.0006329082390157643,0.0021112605428338102,0.006222630516059038
0.0008811930704661214,0.0006166959999338557,0.0019895219670720654,0.006117601606692008
0.002802728014621692,0.0018015699112250774,0.00011678362437513862,0.005823583448600206
0.002621340142283065,0.0017048039481422157,0.00014414744489994443,0.005685371214480231
0.0009480448841461555,0.0006317895463461338,0.002110778107723215,0.006223576401648353
0.0008810917979484986,0.000615808209599708,0.0019892971207829515,0.006118206420177099
0.0028037799138525134,0.0018003980820031854,0.00011682125334997567,0.005824801704608076
0.0026225208754923485,0.0017038827218158665,0.00014437839006401437,0.005686195769310088
0.000947716648106709,0.0006306741050070558,0.002110306088751811,0.006224528977073705
0.0008809945433001421,0.0006149229584774149,0.0019890831074398222,0.006118817976434972
0.0028048434514418067,0.0017992154830533053,0.00011686570332700619,0.005826036904569819
0.0026237134996790978,0.0017029510892498574,0.00014461731477450774,0.00568703681564105
0.0009473916722411383,0.0006295617340471158,0.002109844421350774,0.00622548826454511
0.000880901336079752,0.0006140400813529231,0.001988879875838242,0.006119436278119336
0.0028059186364034795,0.0017980222557533135,0.00011691702556689503,0.0058272890493576545
0.0026249180244991145,0.0017020091871106928,0.00014486427813746423,0.005687894321279525
0.0009470699854064241,0.0006284522547853384,0.0021093930437172392,0.006226454287566802
0.0008808122069262829,0.0006131594154125717,0.001988687377571929,0.00612006132864675
0.0028070054785157097,0.0017968185401988147,0.00011697527266794056,0.005828558144962885
0.0026261344604867724,0.00170105715121668,0.0001451193408913846,0.005688768258981016
0.000946751617296277,0.0006273454908061685,0.0021089518968275536,0.0062274270709024035
0.0008807271875474189,0.0006122808002514652,0.001988505567088246,0.006120693132169485
0.002808103988269287,0.00179560447521809,0.00011704049860585076,0.005829844202448915
0.0026273628190494774,0.0017000951165646828,0.000145382565436743,0.005689658606410386
0.0009464365984294733,0.0006262412679503474,0.0021085209244600597,0.006228406640543643
0.0008806463107116058,0.0006114040778490807,0.0019883344016599315,0.006121331693556152
0.0028092141769263924,0.0017943801984355438,0.00011711275875223429,0.005831147237877808
0.0026286031124679687,0.0016991232173637987,0.00014565401585970938,0.005690565346100409
0.0009461249601516612,0.0006251394143250642,0.0021081000731914155,0.006229393023643273
0.0008805696102357669,0.0006105290925510899,0.00198817384139046,0.006121977018361515
0.002810336056502567,0.0017931458463076506,0.00011719210990491525,0.005832467272275997
0.0026298553539173433,0.001698141587063836,0.00014593375795201978,0.005691488465398966
0.0009458167346312055,0.0006240397602846727,0.0021076892923995116,0.006230386248487332
0.0008804971209812068,0.0006096556910611538,0.001988023849222813,0.006122629112786088
0.0028114696397575343,0.0017919015541767276,0.00011727861031543251,0.00583380433155902
0.0026311195573994954,0.001697150358395921,0.00014622185924443085,0.005692427956418432
0.0009455119548543806,0.0006229421384436381,0.00210728853430114,0.0062313863444596945
0.0008804288788383596,0.0006087837224325171,0.001987884390953093,0.006123287983669054
0.002812614940215567,0.001790647456296523,0.00011737231971389357,0.0058351584464553415
0.0026323957377799782,0.001696149663382839,0.00014651838902638125,0.005693383815981392
0.0009452106546182978,0.0006218463836724472,0.002106897753958636,0.006232393341985778
0.0008803649207156091,0.0006079130380464708,0.001987755435225758,0.00612395363844999
0.0028137719721629956,0.0017893836859017912,0.00011747329933601045,0.00583652965246634
0.0026336839107747464,0.0016951396333995522,0.00014682341836647476,0.005694356045582635
0.0009449128685294043,0.0006207523330885284,0.0021065169092610173,0.006233407272486582
0.0008803052845322903,0.0006070434916060513,0.0019876369535171395,0.0061246260851364216
0.0028149407506178076,0.001788110375251543,0.0001175816119483586,0.005837917989808727
0.002634984092905379,0.0016941203991973147,0.00014713702014215236,0.005695344651330395
0.0009446186319919222,0.0006196598260676952,0.002106145960970021,0.0062344281683656706
0.000880250009194612,0.0006061749391260244,0.001987528920189073,0.006125305332291806
0.0028161212913801366,0.0017868276556634744,0.00011769732187282357,0.005839323503298407
0.0026362963015470666,0.0016930920909285076,0.0001474592690556325,0.0056963496438754415
0.0009443279812057628,0.0006185687042461327,0.0021057848727437218,0.006235456062924208
0.0008801991345920491,0.0006053072389318963,0.001987431312462125,0.006125991388997295
0.002817313610958182,0.0017855356575856593,0.00011782049501667924,0.005840746242351298
0.002637620554846221,0.0016920548382092038,0.00014779024166061008,0.005697371038388655
0.0009440409531560001,0.0006174788115045253,0.002105433611095998,0.0062364909903497604
0.0008801527015813589,0.0006044402516249894,0.0019873441104103756,0.006126684264817621
0.0028185177266318528,0.0017842345106349078,0.0001179511988900747,0.005842186260872017
0.002638508818100755,0.0016907216632653106,0.00014810486622099953,0.005697441353688001
0.0009437532923240745,0.0006164078110774319,0.002105093285731441,0.006237471127746442
0.0008801105072598889,0.0006035847731657578,0.0019872154614253125,0.0061273398906796965
0.002819809928832573,0.0017829602598869738,0.00011807058803387009,0.005843654209245739
0.0026391067784020407,0.0016891957246718396,0.0001483933868625706,0.005696784359862686
0.0009434439430904022,0.0006154088923030987,0.0021047287306894275,0.006238398968734271
0.000880052186473123,0.0006028119299687885,0.0019870728309877143,0.006127914252580951
0.0028212164959331384,0.0017816777081291878,0.00011817279017058538,0.005845124957704429
0.0026398166638120523,0.0016876766035271837,0.00014865848886777018,0.0056960570947997636
0.0009431167922752621,0.0006144960337556062,0.0021043187775659166,0.0062393286623300135
0.0008799627022977517,0.0006021656634177239,0.0019869699598452344,0.006128432307280063
0.0028226393499968696,0.0017803402970530614,0.00011827695638702096,0.005846603090666999
0.0026405826374162303,0.0016861383388867884,0.00014891401714345565,0.005695288763167526
0.000942771378467035,0.0006136550469772931,0.0021038493189818046,0.006240265265924901
0.0008798510473591517,0.0006016015645390357,0.0019868386229101704,0.006128919963609201
0.0028240987761175783,0.0017789750577999744,0.00011837887321799567,0.005848101748702509
0.0026413833051688964,0.0016845906882788481,0.00014916600487247742,0.005694554433396665
0.0009424015955231185,0.0006128724967754834,0.0021033350968615743,0.0062411819095104645
0.0008797212031498516,0.0006010789165516921,0.0019866515728178043,0.006129399939878109
0.002825599596940244,0.001777617432312674,0.00011847670071675408,0.00584960788774291
0.0026422101421471624,0.0016830412532227177,0.0001494178601966671,0.0056938576206521764
0.0009420218205884702,0.0006121191111944301,0.0021028340166065335,0.006242052047033202
0.0008795844505043814,0.0006005636761086204,0.001986449964321347,0.006129881087872295
0.0028270896952087466,0.0017762887432394836,0.00011857920404968962,0.005851097052202289
0.002643001507774738,0.0016815017419670912,0.0001496824556416692,0.005693180699742132
0.0009416419374788342,0.0006113769495567998,0.0021023976757351824,0.006242874380399282
0.0008794522950904394,0.0006000362800309223,0.0019862791786168952,0.006130350013325175
0.0028285667453590894,0.0017749939609504946,0.00011868724421529101,0.005852551961003508
0.0026437687564915932,0.00167998347861929,0.00014995686054690197,0.005692494270207599
0.0009412719988049078,0.0006106285323100666,0.0021020232240475003,0.006243654437579105
0.0008793291468870996,0.0005994974672171677,0.001986158558933662,0.006130790551357795
0.0028300244373989964,0.0017737276921653525,0.00011880275542995284,0.005853998274429916
0.0026445218047817308,0.0016784927092361852,0.00015023828528194815,0.0056917895845029
0.0009409163976708277,0.0006098664698418227,0.0021016799567794677,0.006244415619419783
0.0008792184927067008,0.0005989530461784186,0.001986085808431016,0.006131195065108623
0.0028314710516317097,0.001772466393850039,0.00011892618879824068,0.005855446856169644
0.002645271903810146,0.0016770148534196241,0.00015052563609763102,0.005691062180124169
0.0009405744439584338,0.0006090979432867991,0.002101349972593904,0.006245184031153447
0.0008791169353829007,0.0005984163841272518,0.0019860529943482572,0.006131580744025691
0.0028329119385463466,0.0017711889973091044,0.0001190581941650086,0.0058569008666596615
0.0026460375218575194,0.0016755331324264067,0.000150816946405486,0.005690325413268389
0.0009402427447195399,0.0006083290362467668,0.0021010096113556875,0.006245962934081122
0.0008790224455189562,0.0005978880687295434,0.0019860224523717564,0.006131962292085895
0.002834366214496956,0.0017698957618153784,0.0001191958553517202,0.00585836852186692
0.00264682400215175,0.0016740431057700742,0.00015111225562650996,0.00568960327871954
0.0009399135505579987,0.0006075689821329771,0.0021006516865643117,0.006246750232921009
0.0008789317476000664,0.000597367319298452,0.0019859760161796045,0.006132349873811803
0.0028358499595580633,0.0017685891544274204,0.00011933674641993645,0.005859839219343435
0.002647640306294722,0.001672540588653001,0.00015141090050856533,0.005688894708510571
0.0009395857438550033,0.0006068183511257165,0.0021002887407826215,0.006247539864509795
0.0008788427684505437,0.0005968517959523897,0.001985920092872359,0.006132750755055536
0.002837352192754796,0.0017672752461019513,0.00011948295694471263,0.005861306756984929
0.002648474174366955,0.001671029154748364,0.00015171577774794,0.005688198944105162
0.0009392594838909147,0.0006060724552705293,0.0020999310135533327,0.006248326896152018
0.0008787576896094172,0.0005963331923396096,0.001985860039098582,0.006133160117135408
0.00283887319380947,0.001765960625104499,0.00011963438387341766,0.005862769039216423
0.0026493213203161417,0.0016695145501251793,0.00015202757866497618,0.0056875115932295255
0.0009389367369058941,0.0006053255071266041,0.0020995860721878933,0.0062491103344718465
0.0008786778083463819,0.0005958084008278357,0.0019858084856301727,0.006133573358499498
0.002840404811821983,0.0017646464165307243,0.00011979246664264464,0.005864229151593235
0.0026501784353340717,0.0016679989376766433,0.00015234672367177174,0.005686827033467404
0.0009386214537039993,0.0006045709525404041,0.0020992562427633392,0.006249890916383551
0.0008786057893914885,0.0005952744167976447,0.0019857723527624107,0.006133986428766211
0.002841939523293205,0.0017633311430663991,0.00011995853515568866,0.0058656919182961
0.002651037667075551,0.0016664822333269558,0.000152674635475211,0.005686145431437901
0.0009383146097425202,0.000603808155904896,0.0020989420184698514,0.006250671524177244
0.0008785425188984003,0.000594731654451413,0.0019857535186994825,0.006134397964855003
0.002843479119764902,0.0017620118592421745,0.00012013227999126559,0.005867158623435817
0.0026519032097598663,0.0016649622642340358,0.00015301040680125043,0.00568546656501121
0.0009380163017968793,0.0006030381252788969,0.0020986402799084507,0.0062514516235978815
0.0008784870703174631,0.0005941825024842919,0.0019857487635557675,0.00613480838042129
0.002845024387664747,0.0017606880380588682,0.00012031352693170346,0.005868632802966326
0.002652775602416906,0.00166343858991011,0.00015335390011434385,0.005684793256654931
0.0009377244379449802,0.0006022639708015555,0.0020983474785291464,0.0062522312005551415
0.000878438002303477,0.0005936292067904171,0.001985753955576296,0.006135217295345966
0.0028465805203677862,0.0017593589162242026,0.00012050143334850769,0.0058701131073277775
0.0026536581971518328,0.0016619101732045771,0.00015370455424582047,0.005684124573485228
0.0009374369551377638,0.0006014888151431287,0.0020980632513655307,0.006253010575164368
0.0008783929752564371,0.0005930749759418737,0.001985768966896749,0.00613562609317831
0.0028481479738129175,0.0017580241537620807,0.00012069602636445012,0.005871598682898089
0.0026545528767168724,0.0016603768654022126,0.0001540620826736681,0.005683460253495584
0.0009371526798689108,0.0006007134772442311,0.002097785858333468,0.006253788993783135
0.0008783511952846721,0.0005925200788088954,0.001985791323996034,0.0061360344715034746
0.002849727968151781,0.0017566847455588665,0.00012089711319508693,0.005873090544685067
0.002655458789343425,0.0016588394266961667,0.00015442667831533257,0.005682801511071918
0.0009368708553479304,0.0005999383911512438,0.0020975152836700153,0.006254566811609923
0.0008783124303998733,0.0005919644022790862,0.001985821353514247,0.006136442522478704
0.0028513206500058934,0.001755340580629344,0.00012110469598199386,0.0058745885057162155
0.0026563764059603476,0.001657297421197402,0.00015479828051523554,0.005682147771625093
0.0009365923731472447,0.0005991623083602165,0.002097252616884978,0.006255343613563296
0.0008782772750202246,0.0005914069018627526,0.001985860060868915,0.006136850756024544
0.002852923166617763,0.0017539920768001838,0.00012131927286594962,0.0058760939098312795
0.002657302601565248,0.001655751065876198,0.0001551775305833048,0.005681500353901058
0.000936317927081867,0.0005983841378242024,0.0020969987042946175,0.006256119212261888
0.0008782467839515543,0.0005908459125731759,0.001985907535650198,0.006137258757030034
0.0028545357548067953,0.0017526395955974948,0.00012154078777932904,0.00587760707920027
0.0026582369279663735,0.0016542004487082051,0.00015556452441172115,0.00568085927382841
0.000936048199176232,0.0005976030135139479,0.002096754588004836,0.006256893528108763
0.0008782213465630809,0.000590280939772012,0.0019859650756896773,0.006137666643490019
0.0028561571198751287,0.0017512833020418902,0.0001217695123492344,0.005879128633722447
0.0026591788410723224,0.0016526458098448037,0.00015595940664735013,0.005680224241822714
0.0009357836051786484,0.0005968181369541116,0.0020965202237809197,0.006257666739831041
0.0008782012888448711,0.0005897114802197928,0.0019860328820787408,0.006138074050414676
0.0028577871430296945,0.001749923279453902,0.000122005545304784,0.00588065904775799
0.002660127847095928,0.0016510874467050663,0.00015636234264571023,0.00567959507015164
0.0009355239456341457,0.0005960295471927226,0.0020962953518285686,0.006258439797206779
0.0008781864064318861,0.0005891378702216984,0.0019861112636351632,0.006138481093244523
0.0028594263313610232,0.001748559119739967,0.00012224889966701934,0.005882198402336918
0.002661085169095119,0.0016495252236065118,0.00015677315963363888,0.005678971317999082
0.0009352691501665261,0.0005952371551289653,0.002096078967648583,0.006259213249371372
0.0008781764978693928,0.0005885604090605509,0.0019861995496760123,0.006138888143721938
0.00286107470867604,0.0017471906815293005,0.00012249965861202994,0.005883747574042001
0.0026620507369754403,0.0016479591202463073,0.0001571919466155887,0.005678353673217957
0.0009350189485473869,0.0005944412181213553,0.0020958701219256125,0.006259987731368969
0.0008781715248206393,0.0005879791847371555,0.001986296747377334,0.006139295562857172
0.002862010209576795,0.0017453767596134608,0.00012272671761181703,0.005883820318345188
0.0026630872690708448,0.0016463715269392626,0.00015760470538829643,0.0056778449384795645
0.000934767264244405,0.0005936592651480649,0.0020955846894224433,0.00626066939361095
0.0008781762057172094,0.0005873904063193508,0.0019862158628441116,0.0061396889937741774
0.0028630037441956923,0.001743574717116172,0.00012292942212427396,0.005883816338604865
0.0026641500910009434,0.0016447928827203794,0.00015801413315085603,0.005677412335325145
0.0009344834356005931,0.0005929764247085684,0.0020952966583248417,0.006261309445637397
0.000878159824240787,0.0005868832327744805,0.001986129186488368,0.006140057877032286
0.0028640815682789236,0.0017417430927650977,0.0001231191267205904,0.005883721203247186
0.002665306179203865,0.001643174726050374,0.00015840692618671875,0.005676888217491708
0.0009341920057784727,0.0005923696100009008,0.0020950435723304517,0.006261904232390826
0.000878113147469507,0.0005864682717190466,0.0019860834670129513,0.006140406554622063
0.002865130256864593,0.0017399073246924727,0.00012331491721281695,0.0058835974022461
0.0026664649973748566,0.0016415772560766221,0.0001587997778380169,0.005676359418632289
0.0009338729540618826,0.0005918166622000412,0.002094739951376428,0.006262459107765657
0.0008780531568360676,0.0005860920487765706,0.0019859859814667226,0.006140681360781915
0.0028662753815813097,0.0017380955144388264,0.0001234953554266402,0.0058834905170797695
0.002667681082163875,0.0016400078344763857,0.00015918114740141358,0.005675815810361331
0.0009335351176686567,0.0005912974614757237,0.002094425136348926,0.0062630008884538265
0.0008779689630363019,0.0005857605103566341,0.0019859245731051207,0.006140932958803921
0.002867393988667562,0.0017362827978005535,0.00012368490448587792,0.005883379286974235
0.0026688988820880734,0.0016384403487214108,0.00015956565856255794,0.0056752479464209984
0.0009332029638927106,0.0005907747438802514,0.0020941291033652882,0.006263519770960124
0.0008778866136929268,0.0005854228879401723,0.0019858786616501535,0.006141171717451493
0.0028684722291198437,0.0017344859203650433,0.00012388529928932998,0.005883262059233741
0.002670058483247239,0.001636885930770215,0.00015996647656835218,0.005674705690035499
0.0009328697340130103,0.0005902557532268367,0.0020938655112098074,0.006264013695725
0.0008778120518880709,0.0005850691852028174,0.0019858381514525707,0.006141395675435627
0.002869569663196625,0.001732711212420567,0.00012408550381713421,0.0058831303848538505
0.002671236492492311,0.0016353416709502294,0.0001603670172420571,0.005674163859420037
0.0009325510196476033,0.0005897248069365412,0.002093630530277737,0.006264466550904802
0.000877746630891217,0.0005847044131104948,0.0019858192499230625,0.0061416048429824965
0.002870637974257795,0.001730957463635103,0.00012429470933956013,0.005882995639921699
0.00267238669352898,0.0016338135015504555,0.0001607780786903056,0.005673620247575792
0.0009322431220521863,0.0005891868356760982,0.002093422323725316,0.00626490246749972
0.0008776943106161957,0.0005843294740445022,0.001985828743553077,0.0061417884695814
0.002871714985420525,0.0017292079504875166,0.00012450812991804765,0.005882843448739691
0.002673543873567994,0.0016322906224051003,0.00016119337780390121,0.00567305130704061
0.0009319445004852151,0.000588646150396246,0.0020932332603773567,0.00626533577201253
0.0008776454461616919,0.0005839613331248042,0.0019858711821822365,0.0061419604560467396
0.002872791327382308,0.001727456358291598,0.00012472858931584336,0.0058826939034874095
0.002674722831952357,0.0016307731219102149,0.0001616102453838425,0.0056724715433124975
0.0009316536599354307,0.0005880982044919258,0.002093027771508931,0.006265767929088601
0.000877603504407428,0.0005835920322356055,0.001985908742751171,0.006142117905290531
0.002873888319115218,0.0017257039840644793,0.00012495289022275343,0.005882562604241078
0.0026759146960228897,0.0016292577147217669,0.00016203140965893848,0.00567189526251072
0.0009313642742229612,0.000587552532861631,0.002092812970880381,0.006266212496073455
0.0008775641055540649,0.0005832264529303115,0.001985949414088109,0.006142277183966623
0.002875007479076525,0.0017239410308945227,0.0001251815606439138,0.005882434397214617
0.002677135476969727,0.0016277312558173576,0.00016245425358508617,0.0056713172044991
0.0009310822646313551,0.0005870024744037849,0.002092595015623116,0.006266657668743481
0.0008775296867504107,0.0005828566373259778,0.0019859849366347117,0.006142446468231548
0.0028761317616802177,0.0017221770942087826,0.00012541716334720204,0.00588231443940599
0.00267835892746159,0.001626201559048979,0.00016288455216720678,0.005670758080934347
0.0009308045319963319,0.0005864485566983639,0.00209237677833379,0.006267098606595309
0.0008775044181860708,0.0005824733808727309,0.001986009499010625,0.006142617997402996
0.0028772817909171566,0.0017204166869181246,0.00012565574307612764,0.005882194605524072
0.002679597681158736,0.0016246688170310898,0.00016331965221635087,0.005670205596481034
0.0009305344226258525,0.0005858873861651047,0.0020921730525183717,0.006267532305240029
0.0008774860001481206,0.0005820799989121058,0.001986045687955014,0.006142793949453656
0.002878432154840562,0.001718659083916597,0.00012590202387860778,0.005882071512129423
0.0026808401629906374,0.0016231356545003937,0.00016376227179256078,0.005669654153935661
0.000930274138961104,0.0005853135314122256,0.00209198395675176,0.006267957629373812
0.0008774778062346968,0.000581671278168436,0.0019860930785018456,0.006142965344802084
0.0028795865476919664,0.0017169058991222976,0.00012615535359432635,0.005881947976689785
0.0026820818961793835,0.0016216055419454624,0.00016421341647971296,0.005669103253580822
0.0009300210645269558,0.0005847296938002145,0.002091809422241497,0.00626838016839589
0.0008774771792182178,0.0005812522708203829,0.001986157551197661,0.006143131129333944
0.0028807483232920826,0.0017151532288412737,0.00012641533011875113,0.0058818253634428256
0.0026833355985431094,0.001620075856373729,0.00016467032335470896,0.005668547786937833
0.0009297767324164146,0.0005841341768547626,0.002091643200190018,0.006268799002989644
0.0008774833601094956,0.0005808248781933797,0.0019862352682994094,0.0061432917366065634
0.002881911168542807,0.0017134003692009204,0.00012668312662734285,0.00588170986803626
0.0026845916763563993,0.0016185468115939487,0.00016513518397749495,0.005667994730529349
0.0009295379822075689,0.0005835314264920014,0.0020914821969428617,0.006269217552759758
0.0008774958328423695,0.000580390377132152,0.0019863211218182956,0.0061434472499792975
0.0028830860808335625,0.001711644880323149,0.00012695677261584495,0.005881598873310676
0.0026858595975057767,0.0016170147347123677,0.00016560596405212804,0.005667442745913249
0.0009293045249463828,0.0005829234975204239,0.002091326837020762,0.006269633918914108
0.0008775125105208214,0.0005799517923427226,0.0019864145396689984,0.006143601618092401
0.002884267663760473,0.0017098874277145775,0.00012723716015758485,0.0058814936627749215
0.002687136635818478,0.0016154802480789526,0.0001660832655542851,0.005666896029484019
0.0009290757372425043,0.0005823106918546309,0.0020911747826623025,0.006270045644474015
0.0008775344811103697,0.0005795069261674097,0.001986510254426761,0.006143752630658616
0.002885460559821596,0.0017081297870139409,0.00012752334210367028,0.0058813936689884865
0.0026884214372767993,0.0016139440845240826,0.00016656742996455697,0.005666354512831867
0.0009288507800266655,0.0005816943061107717,0.0020910300053005775,0.006270453574539067
0.0008775606562920033,0.0005790571492392531,0.0019866135767369706,0.006143901391844531
0.002886662215245035,0.0017063712651767611,0.0001278158479408882,0.005881296343984014
0.002689716117048149,0.0016124058748637957,0.0001670580459131472,0.005665815250315351
0.0009286311806414855,0.0005810718381074174,0.0020908928831538222,0.006270855934816008
0.0008775918705267611,0.0005786008275072026,0.001986724679780126,0.006144046874069089
0.002887868771497474,0.0017046134442232435,0.00012811536479594344,0.005881203990256314
0.0026910148585853797,0.001610867752392432,0.0001675564432671468,0.005665280562748561
0.0009284163761581086,0.0005804432104524874,0.0020907634531965227,0.0062712543397375935
0.0008776286766848073,0.0005781371916609402,0.001986844214950655,0.006144187735215906
0.0028890834153866263,0.0017028556797093885,0.0001284213608807197,0.0058811161610088794
0.0026923213022490163,0.00160932891121534,0.00016806185844243086,0.0056647480910970265
0.0009282073700580067,0.0005798074311942318,0.0020906424312679747,0.006271649065557211
0.0008776708006111816,0.0005776669117489982,0.001986974266822853,0.006144325259823938
0.0028903014727724424,0.0017010975919164333,0.00012873476023774058,0.005881034223792709
0.002693632696119961,0.0016077895649345801,0.0001685749745875006,0.005664219367785584
0.0009280042539699419,0.0005791641857390053,0.0020905282903253396,0.006272040512717435
0.0008777190813312722,0.0005771889795756948,0.001987112340173194,0.006144458655705582
0.0028915258450176937,0.001699339237931742,0.00012905504936432414,0.00588095879858641
0.0026949496981883837,0.001606249535675799,0.00016909570280159044,0.00566369496078766
0.0009278066466090065,0.0005785143655114422,0.002090421238594755,0.006272429578080172
0.0008777729345534196,0.0005767045433726808,0.0019872591212081467,0.00614458908917914
0.0028927564350229,0.0016975800233334974,0.00012938231163200697,0.0058808897373206015
0.00269627417769082,0.0016047082730897342,0.00016962368900707642,0.005663174593232402
0.0009276149182782337,0.000577857622768757,0.002090320237377321,0.006272815743040993
0.0008778325635980696,0.0005762134043307658,0.0019874131924733428,0.006144716684101777
0.0028939927527275675,0.001695820391698653,0.0001297166771348844,0.005880827928867398
0.002697604224058942,0.0016031662661938567,0.00017015944384542704,0.005662659565754067
0.0009274284841352919,0.000577194675403652,0.002090225207042307,0.006273199891629016
0.0008778979107544035,0.0005757157387285391,0.0019875743916757055,0.006144841527160617
0.002895228970217826,0.0016940582502359225,0.00013005929661341208,0.005880768637315298
0.0026989300550103435,0.0016016189788389862,0.00017070534771741294,0.005662143358819133
0.0009272475500332267,0.0005765307296085817,0.0020901471062437856,0.0062735852923668485
0.0008779683875797568,0.0005752165852652385,0.001987752051029598,0.0061449660435663935
0.002896452990781255,0.0016922857376741056,0.00013041219481596785,0.005880696617085941
0.002700240347608921,0.0016000575723986931,0.00017126370530557453,0.005661616197404695
0.0009270722685831748,0.0005758767376952331,0.002090095418045359,0.006273970697884654
0.0008780434939351815,0.00057472587587956,0.0019879484875185323,0.006145088715741118
0.0028976698651941904,0.0016904985123063257,0.00013077325777014688,0.005880604388241428
0.0027015448513662502,0.0015984803676526778,0.00017183095438233763,0.005661078277979104
0.0009269009492404583,0.0005752433225585365,0.002090057940255975,0.006274346841589363
0.0008781217951770297,0.000574254237890888,0.0019881495449069844,0.006145200003845805
0.0028988994460352247,0.001688700683778087,0.0001311371946691288,0.005880502380011438
0.0027028636139820165,0.0015968944148731276,0.00017240084393045684,0.005660534980116294
0.0009267300684620813,0.0005746354745177584,0.0020900157871625753,0.00627470811295897
0.0008781996474595261,0.0005738084591130775,0.0019883460289937525,0.0061452917590991
0.0029001509936137063,0.0016868965247229522,0.0001315015467443622,0.005880399847100806
0.002704204238782824,0.001595305608739733,0.00017297075826011886,0.0056599857468240715
0.0009265564617471843,0.0005740511032461901,0.0020899646462949626,0.006275056400223846
0.0008782728598770302,0.000573387558082232,0.001988541435945275,0.006145365193487641
0.0029014121484439224,0.0016850886288249784,0.00013186880092917866,0.005880294593916249
0.002705552362001404,0.001593715380863965,0.00017354391210487423,0.005659427706662206
0.0009263783924540426,0.0005734863638303064,0.0020899162899503626,0.006275395030388581
0.0008783401579974277,0.0005729851609278806,0.0019887433132131376,0.006145425893501043
0.002902669756354491,0.0016832791043754263,0.00013224150336857958,0.005880176325822832
0.0027068935033919433,0.001592122862124876,0.00017412347461825977,0.0056588598544045085
0.0009261966462674777,0.0005729394669190627,0.002089883432096108,0.006275721042034467
0.0008784032565117218,0.0005725965526613354,0.0019889546214795204,0.006145476053848933
0.002903920888496441,0.0016814712393296539,0.00013261960996397844,0.005880039311878027
0.0027082256788434774,0.0015905292477394084,0.00017470923754696777,0.005658283993994777
0.0009260138432204784,0.0005724101632301559,0.0020898680356824157,0.006276027317805265
0.0008784653854948429,0.0005722208571895645,0.001989173419805267,0.006145511008461592
0.002905172320368138,0.0016796680435358306,0.00013300099523817492,0.005879886055564129
0.0027095568038519834,0.0015889381605248842,0.00017529859431823569,0.005657701107064667
0.0009258321558776911,0.0005718975896529135,0.002089863781432906,0.006276310285725027
0.0008785282024045076,0.0005718594169623942,0.0019893987418832535,0.006145524888117003
0.002906429256383619,0.0016778706148640582,0.0001333843243424876,0.0058797226309718915
0.0027108937579380563,0.0015873528580342582,0.00017588963360895446,0.005657109195989109
0.0009256523358601833,0.0005713988158782064,0.002089864720015532,0.006276572890276727
0.0008785913912194948,0.0005715121135854924,0.0019896325328230178,0.006145516293758657
0.0029076899389200183,0.0016760782426089374,0.00013377025758261628,0.00587955242393645
0.002712235456983788,0.0015857741839157028,0.00017648283376101462,0.005656505880677311
0.0009254737452910551,0.0005709106372549813,0.002089870150244389,0.006276821443633808
0.0008786539936755686,0.0005711766215426494,0.0019898768780567027,0.006145488897683725
0.002908950695503266,0.00167428971881664,0.00013416004166658617,0.005879374647718026
0.0027135782106039643,0.0015842006322861007,0.00017707942368687138,0.0056558909537705905
0.0009252959382840107,0.0005704310961054251,0.002089882220747924,0.006277059710036145
0.0008787159783589932,0.0005708500799217383,0.0019901309276433216,0.006145447680263096
0.002910210440446617,0.001672504642587061,0.00013455416685072304,0.005879187637938572
0.002714920360956547,0.0015826303595978264,0.00017767995942891737,0.005655266980692306
0.0009251194089670857,0.0005699598423539551,0.0020899020651573945,0.006277287383937735
0.0008787786410362001,0.0005705306219373045,0.0019903914890576904,0.006145395127290439
0.0029114722344129053,0.001670723221024338,0.00013495199540492137,0.005878990994136494
0.0027162641924520525,0.0015810624085915844,0.00017828386410655075,0.005654636617862914
0.0009249453536411935,0.000569496931382597,0.0020899288893070035,0.006277502386798639
0.0008788434791711289,0.0005702176672856858,0.001990656246612688,0.006145331150267172
0.002912739025797633,0.0016689457176112838,0.0001353528396890566,0.005878785639552767
0.0027176123852336296,0.0015794968657105641,0.00017889046503089011,0.005654000583369521
0.0009247748156577369,0.0005690417143016177,0.0020899616064327066,0.006277703837015734
0.0008789113413454833,0.0005699108431162469,0.0019909254175238546,0.00614525478390537
0.002914011431384931,0.001667172099185172,0.00013575660892926455,0.005878572293142053
0.002718965582623528,0.0015779342423096225,0.0001794996926011828,0.005653357809540552
0.0009246080632024463,0.000568592878141461,0.002090000180655944,0.006277892747180483
0.0008789821546209176,0.0005696094253543671,0.0019912007981163016,0.006145165829230062
0.002915288239050552,0.0016654022817215364,0.00013616370304760978,0.005878351060730015
0.0027203229578692464,0.001576374976930777,0.0001801118976345624,0.005652707095717548
0.0009244448294469447,0.0005681489698755521,0.0020900451519596823,0.006278070580132364
0.000879055506682175,0.0005693123312198062,0.0019914836154819497,0.0061450648581117245
0.0029165683605069117,0.0016636364269209203,0.00013657449476014584,0.005878122033867643
0.002721683629387134,0.0015748193500528577,0.0001807274106673067,0.005652048466630996
0.0009242847523459567,0.0005677089666795698,0.0020900967586991843,0.006278238052738275
0.0008791311726046043,0.0005690185272008491,0.0019917737121369346,0.006144952532986475
0.002917851928809592,0.0016618748623725744,0.00013698902905157423,0.005877885688247333
0.0027230476989848987,0.0015732674484068006,0.000181346256146885,0.0056513828851483166
0.0009241277689013287,0.000567272225930091,0.002090154800646069,0.006278394928135847
0.0008792092481659445,0.0005687272320280048,0.001992070312228345,0.006144829222276101
0.0029191393506667732,0.0016601178665229038,0.00013740723271145526,0.005877642671323289
0.0027244153621195978,0.0015717192308065582,0.0001819684084591156,0.00565071135332181
0.0009239740545409496,0.0005668382987939408,0.002090219241142895,0.006278540717013073
0.0008792899947022148,0.0005684378459366947,0.0019923730769715233,0.006144694993521062
0.0029204306867060222,0.0016583654933854698,0.00013782909796985934,0.005877393220107846
0.0027257864763746194,0.0015701745647123922,0.00018259394138243646,0.005650034202829088
0.0009238238098848631,0.0005664067903631333,0.0020902904967543727,0.006278675159141618
0.0008793735753633462,0.0005681499399554848,0.0019926823830975346,0.00614454981984182
0.0029217254889291762,0.0016566176659333451,0.00013825474194653726,0.005877137204000712
0.0027271606102898115,0.0015686333713970288,0.0001832230215249949,0.005649351219116648
0.0009236771032208849,0.0005659773577623039,0.0020903690408555957,0.006278798288785194
0.0008794600000126008,0.000567863247829492,0.0019929987965071746,0.006144393579531349
0.002923023437761275,0.0016548742906917892,0.00013868426642352197,0.005876874536265996
0.0027285375811790477,0.0015670956960907886,0.00018385575441596676,0.005648662108623273
0.000923533845267894,0.0005655497523328962,0.0020904549079770298,0.00627891030925246
0.0008795491438095852,0.0005675776902735657,0.001993322586640484,0.006144226120319235
0.002924324565256407,0.0016531352931093296,0.00013911769456227812,0.0058766055145738705
0.0027299176036578395,0.0015655616317916694,0.00018449213074988062,0.005647966807072431
0.0009233938935828396,0.0005651237711465915,0.0020905476694759338,0.006279011474941881
0.0008796408525282099,0.0005672932480425297,0.0019936536489804854,0.0061440473723456054
0.0029256289841738396,0.001651400573573548,0.00013955502112927238,0.005876330681604923
0.002731300849285172,0.0015640311799502908,0.00018513213381949326,0.005647265514709898
0.0009232571213381662,0.0005646992509418165,0.0020906468886629412,0.0062791020557341
0.0008797350137063932,0.0005670098377303729,0.001993991744776772,0.0061438574588515375
0.0029269366253218613,0.0016496699815911565,0.00013999626783706498,0.005876050430359958
0.002732687191575225,0.0015625041735683046,0.00018577580681903333,0.005646558525310344
0.000923123468733807,0.0005642760745063375,0.0020907524776822167,0.0062791822146385096
0.0008798315867524204,0.0005667272944095208,0.001994336693540455,0.006143656642103526
0.002928247190004321,0.0016479433790771753,0.000140441490629818,0.005875764830888761
0.002734076222290252,0.0015609803794552459,0.00018642324964864167,0.005645846106108563
0.0009229929252373559,0.0005638542112047732,0.0020908646482792745,0.006279251935590877
0.0008799305904076958,0.0005664454638053295,0.001994688398514845,0.006143445110271489
0.0029295604431587015,0.0016462206996221368,0.00014089071547430373,0.005875473754487227
0.0027354676259656583,0.0015594596491094268,0.00018707452470671687,0.005645128410752035
0.0009228654928016143,0.00056343369935886,0.002090983595775973,0.0062793110578768935
0.0008800320376583509,0.0005661643100080714,0.001995046813314936,0.0061432228453504895
0.0029308763093838608,0.001644501962207549,0.00014134392070192246,0.005875177142433911
0.002736861329678614,0.0015579420013777162,0.00018772962206795892,0.0056444054705719945
0.0009227411459190433,0.000563014580913846,0.002091109284637696,0.006279359435428599
0.000880135890809149,0.0005658839049123322,0.0019954119192985794,0.006142989659212498
0.0029321947995741486,0.0016427872173477773,0.00014180106101927163,0.005874875106408574
0.0027382573916479255,0.001556427565443958,0.00018838849234979938,0.005643677236014279
0.0009226198118511596,0.0005625968540887144,0.002091241503822833,0.006279397067693213
0.000880242048576859,0.0005656043467536126,0.001995783721877755,0.0061427453730116145
0.0029335158367243437,0.0016410764967301442,0.00014226211077834682,0.005874567847524262
0.002739655791179117,0.0015549164624441261,0.0001890511019806178,0.00564294365891878
0.0009225013938769671,0.0005621804755169216,0.0020913800481025518,0.00627942407484264
0.0008803503916315559,0.0005653256775365113,0.0019961622088633894,0.006142489939511013
0.002934839212775792,0.0016393698061424778,0.0001427270723964796,0.00587425551932564
0.0027410563365443865,0.001553408736586269,0.00018971745489494113,0.00564220477091828
0.0009223858049731594,0.0005617654143984958,0.0020915248323021534,0.00627944057348718
0.0008804608338106061,0.0005650478802626299,0.001996547307030917,0.006142223425968022
0.0029361646989903346,0.0016376671510972983,0.00014319594776875957,0.005873938169154264
0.002742458778842023,0.0015519043698959745,0.00019038756170321452,0.005641460681341008
0.0009222729959354581,0.0005613516873603804,0.002091675861020454,0.00627944656816293
0.0008805733401586677,0.0005647709319605441,0.001996938885046696,0.006141945906546375
0.002937492136264824,0.0016359685639624846,0.00014366871596147913,0.005873615779983072
0.002743862925383441,0.0015504033498779926,0.00019106141215653478,0.005640711512686794
0.0009221629474049078,0.0005609393542869101,0.002091833139849079,0.006279441965786324
0.0008806879034263436,0.0005644948503052649,0.0019973368092966568,0.0061416573755056
0.002938821454773604,0.0016342741024349971,0.00014414533137094702,0.005873288330249835
0.002745268687088472,0.0015489057148356962,0.0001917389669132796,0.005639957321386011
0.000922055642844267,0.0005605284815715448,0.002091996620495066,0.006279426665947908
0.0008808045023777746,0.000564219699675201,0.001997740999479687,0.006141357753213487
0.002940152598965314,0.0016325838338421264,0.00014462574447412057,0.0058729558293960735
0.00274667601798435,0.0015474115531492836,0.0001924201759047484,0.005639198082437675
0.0009219510456292063,0.0005601191123446994,0.0020921662060307744,0.006279400637178438
0.0008809230843355704,0.0005639455588045802,0.0019981514270736916,0.006141046945490887
0.002941485479053156,0.001630897819761895,0.00014510991497979257,0.00587261831224656
0.002748084852448523,0.0015459209685579696,0.00019310499415876772,0.005638433738255875
0.0009218490974761746,0.0005597112653440325,0.0020923417854747323,0.006279363918363941
0.0008810435757464322,0.0005636724906946507,0.001998568069152511,0.0061407248991888624
0.0029428199694190318,0.0016292161145850161,0.0001455978112757033,0.005872275821384871
0.0027494950867917333,0.0015444340478601396,0.00019379338430491796,0.005637664261340963
0.0009217497364668008,0.0005593049512514609,0.002092523260816723,0.006279316563360152
0.0008811659087367727,0.0005634005315357483,0.001998990865030132,0.0061403916093093905
0.0029441559402355027,0.0016275387728121823,0.0001460894011885861,0.005871928390121331
0.0027509065949523695,0.0015429508531532284,0.00019448531108828498,0.005636889678106757
0.0009216529129426757,0.0005589001900381759,0.0020927105587714365,0.006279258591895871
0.0008812900362158682,0.0005631297012390612,0.0019994197167197514,0.0061400470909266334
0.0029454932822827393,0.0016258658558254814,0.0001465846453830597,0.005871576031872208
0.002752319256897938,0.0015414714348933969,0.00019518073472784558,0.005636110040943863
0.0009215585933062459,0.0005584970131139983,0.0020929036280205064,0.006279189979110147
0.000881415927497309,0.0005628600195314176,0.0019998545225921897,0.006139691347162017
0.002946831902284877,0.0016241974345706197,0.00014708349904653007,0.005871218740694793
0.002753732966056922,0.0015399958522105712,0.00019587961092967045,0.005635325386520126
0.0009214667498119868,0.000558095455764288,0.002093102427718401,0.006279110681994084
0.0008815435531457648,0.0005625915153542277,0.0020002952078051507,0.0061393243551459715
0.002948171713448218,0.0016225335867742167,0.00014758591545772633,0.005870856501072486
0.0027551476314540122,0.001538524183171008,0.00019658189176159082,0.005634535714464047
0.000921377349049989,0.0005576955474915414,0.002093306911682729,0.006279020669670579
0.0008816728725625625,0.000562324226881524,0.0020007417274355357,0.006138946074581348
0.002949512625441974,0.0016208743928177317,0.00014809184909605954,0.005870489304147078
0.002756563170807165,0.0015370565213846247,0.00019728752754259786,0.005633740999433879
0.0009212903476715672,0.000557297307973522,0.002093517018213189,0.006278919936616917
0.0008818038336294184,0.0005620581939017942,0.002001194046783155,0.006138556464964082
0.002950854544945345,0.001619219931302373,0.0001486012555265012,0.005870117156066931
0.002757979503547987,0.001535592963097638,0.00019799646783949268,0.005632941217311909
0.0009212056964463705,0.0005569007495639997,0.002093732673569053,0.006278808495397753
0.0008819363801671904,0.0005617934502718117,0.0020016521217311022,0.006138155500029798
0.002952197376150841,0.00161757027695973,0.00014911409078486316,0.0058697400734567485
0.002759396543392571,0.001534133595399257,0.00019870866269772202,0.005632136362602212
0.0009211233476397524,0.0005565058824906096,0.0020939538056433385,0.006278686359935236
0.0008820704604603945,0.0005615300203506583,0.0020021158932357662,0.0061377431700813945
0.002953541021827171,0.001615925501373554,0.00014963031076934167,0.0058693580701764045
0.00276081419476883,0.0015326784932525796,0.000199424063520944,0.005631326447404961
0.0009210432588209524,0.0005561127196156975,0.002094180356160592,0.00627855353342364
0.0008822060300353787,0.0005612679218938766,0.002002585295506176,0.0061373194739290276
0.0029548853862007237,0.001614285675654429,0.0001501498705502789,0.005868971147697466
0.0027622323585300575,0.0015312277253567842,0.00020014262204999436,0.005630511487778803
0.0009209653918888008,0.0005557212774980666,0.0020944122807624657,0.006278410006571142
0.0008823430484941984,0.00056100717225143,0.0020030602670069475,0.006136884407548611
0.002956230377709864,0.0016126508729774173,0.00015067272391131855,0.0058685792969138785
0.002763650940212996,0.0015297813631428903,0.00020086428874821005,0.0056296914912691304
0.0009208897088274211,0.0005553315744038361,0.0020946495388558866,0.006278255765515185
0.0008824814740642628,0.0005607477930615565,0.0020035407558177958,0.006136437957793639
0.002957575910813951,0.0016110211686799914,0.00015119882313147125,0.005868182507450892
0.0027650698556804395,0.001528339485274192,0.0002015890115116459,0.005628866453301435
0.0009208161683052386,0.0005549436268534078,0.0020948920830904036,0.006278090801672404
0.0008826212600150802,0.0005604898103691385,0.0020040267177756556,0.006135980105095251
0.0029589219026377165,0.0016093966382745657,0.00015172811980745105,0.005867780775923696
0.0027664890276180524,0.0015269021753726276,0.00020231673639785195,0.005628036362945014
0.0009207447251048674,0.0005545574476070381,0.0020951398572304028,0.006277915116705976
0.000882762355239165,0.0005602332506815024,0.002004518110627091,0.006135510831236578
0.0029602682687046664,0.001607777355003594,0.00015226056576678966,0.005867374106459921
0.0027679083780052,0.0015254695158044677,0.00020304740924308718,0.0056272012116285654
0.0009206753321472492,0.0005541730463550906,0.0020953928022132045,0.006277728719805567
0.0008829047074181283,0.0005599781370250563,0.0020050148891127815,0.006135030125752396
0.0029616149207498748,0.0016061633890869227,0.00015279611345020436,0.005866962505253411
0.002769327822909354,0.001524041583124094,0.00020378097676932637,0.005626360998303629
0.0009206079431326807,0.0005537904321843255,0.0020956508635478223,0.006277531620553621
0.0008830482661775642,0.0005597244878801978,0.002005517003543684,0.006134537986096664
0.002962961768790019,0.001604554808855407,0.00015333471532486714,0.005866545974810284
0.0027707472736049122,0.0015226184481938838,0.00020451738629258427,0.00562551572842151
0.0009205425136828933,0.0005534096158284759,0.002095913993868456,0.0062773238235416555
0.0008831929838274902,0.0005594723194825049,0.002006024402062583,0.006134034412818772
0.002964308724939782,0.0016029516824949477,0.00015387632298310532,0.005866124512393967
0.0027721666419891606,0.001521200179818404,0.0002052565845097447,0.005624665408575593
0.0009204790006264291,0.0005530306099680542,0.0020961821498544538,0.00627710532830455
0.0008833388137033997,0.000559221648973211,0.002006537034282621,0.006133519404428405
0.0029656557051507895,0.001601354078907562,0.00015442088678314594,0.005865698112670986
0.0027735858444887045,0.0015197868484041594,0.00020599851668416262,0.005623810041645952
0.0009204173602250405,0.000552653427909491,0.002096455287354524,0.0062768761337777725
0.0008834857078252075,0.0005589724958897139,0.002007054853541449,0.006132992955889182
0.002967002628134876,0.0015997620671317847,0.00015496835615937148,0.0058652667713952195
0.002775004802176894,0.0015183785268112425,0.00020674312667448062,0.00562294962568965
0.0009203575469877083,0.0005522780819340301,0.0020967333586739646,0.00627663624288001
0.000883633615780157,0.0005587248813490061,0.0020075778162741546,0.006132455061083538
0.002968349412668001,0.0015981757151280439,0.00015551868025982012,0.0058648304873491295
0.0027764234376586035,0.0015169752884717786,0.00020749035764251945,0.005622084156817189
0.0009202995137904394,0.0005519045827687354,0.00209701631336971,0.006276385663786073
0.0008837824854529913,0.000558478826054963,0.0020081058793676725,0.006131905716422017
0.0029696959761749742,0.001596595088930134,0.00015607180824215425,0.005864389261604466
0.0027778416722155468,0.001515577204749791,0.00020824015262566956,0.005621213633062927
0.0009202432129937942,0.0005515329402851929,0.0020973041008538213,0.006276124407659037
0.0008839322646550675,0.0005582343489853706,0.0020086389977836804,0.006131344922678684
0.0029710422351363792,0.0015950202527144919,0.00015662768912875138,0.005863943095453135
0.0027792594251236195,0.001514184343683205,0.0002089924546300173,0.005620338056244378
0.0009201885975194738,0.0005511631646647781,0.002097596672525446,0.006275852485343433
0.0008840829022752865,0.0005579914675199486,0.0020091771241327215,0.006130772684117521
0.0029723881066418805,0.001593451269500042,0.00015718627142482976,0.005863491988692632
0.0027806766150357044,0.0015127967706744948,0.00020974720631172317,0.005619457430835973
0.000920135621086486,0.0005507952670376229,0.0020978939820213375,0.0062755699057714595
0.000884234348207326,0.0005577501985788989,0.0020097202101166467,0.006130189006251006
0.0029737335094617897,0.0015918882018110525,0.0001577475028757512,0.005863035939404043
0.0027820931618839427,0.0015114145501665382,0.00021050434959999097,0.005618571761321003
0.0009200842376454539,0.0005504292592830253,0.0020981959839119304,0.006275276676829866
0.0008843865523800936,0.0005575105596866933,0.00201026820835282,0.006129593894209364
0.0029750783641089695,0.0015903311118566417,0.00015831133048866634,0.0058625749449600735
0.0027835089877684058,0.0015100377468618101,0.000211263825544356,0.00561768105036658
0.0009200344006322484,0.0005500651533161888,0.0020985026320703578,0.006274972807447869
0.0008845394638828958,0.0005572725692507322,0.002010821073062384,0.00612898735267435
0.002976422592014211,0.0015887800612052773,0.00015887770073153042,0.00586210900340319
0.0027849240165439804,0.0015086664257264219,0.00021202557443162175,0.0056167852989617425
0.0009199860626500647,0.000549702960529111,0.0020988138788656783,0.006274658309105376
0.0008846930307864794,0.0005570362460168234,0.0020113787593355748,0.006128369387088823
0.0029777661148358077,0.0015872351102969161,0.00015944655969074537,0.005861638114105161
0.00278633817273599,0.0015073006510432075,0.00021278953600071247,0.00561588450801987
0.0009199391757555532,0.0005493426917338972,0.0020991296755437303,0.006274333195784382
0.0008848472006861436,0.0005568016083245645,0.0020119412218473722,0.006127740004922966
0.002979108854097861,0.0015856963181781938,0.00016001785314184258,0.005861162277462986
0.002787751380643076,0.0015059404854290384,0.00021355564961930186,0.005614978679886266
0.0009198936919922433,0.0005489843574956344,0.002099449973261178,0.006273997482823544
0.0008850019213831363,0.0005565686736880824,0.002012508414066726,0.006127099216111187
0.002980450731523239,0.0015841637425811534,0.00016059152647648756,0.005860681493994027
0.002789163564219987,0.0015045859895095521,0.00021432385431401188,0.005614067818713349
0.0009198495637460247,0.000548627968569092,0.0020997747239083803,0.006273651185739882
0.0008851571412068266,0.0005563374589460285,0.0020130802884398115,0.006126447032560595
0.002981791669493928,0.0015826374402292454,0.0001611675246043356,0.005860195763645064
0.002790574647652328,0.0015032372223482556,0.00021509408866953744,0.005613151929665796
0.0009198067437045427,0.0005482735360443489,0.0021001038801082856,0.006273294319883421
0.0008853128088246912,0.0005561079807527442,0.00201365679711544,0.006125783467265009
0.0029831315914186952,0.001581117467093368,0.0001617457918873081,0.005859705085775468
0.00279198455605157,0.0015018942421524595,0.00021586629070430828,0.005612231017836789
0.0009197651845592523,0.0005479210712258107,0.002100437394593556,0.006272926900963901
0.0008854688728415222,0.0005558802559509554,0.0020142378925683897,0.006125108533754758
0.0029844704217393907,0.0015796038784181943,0.00016232627215125812,0.0058592094596994935
0.0027933932158377417,0.0015005571066679614,0.00021664039781574767,0.005611305087720252
0.0009197248387600214,0.0005475705853260469,0.0021007752194839528,0.006272548945867417
0.0008856252815011771,0.0005556543016230292,0.002014823527667079,0.006124422246204674
0.0029858080856546613,0.0015780967285560174,0.00016290890875711038,0.005858708885280793
0.002794800554486591,0.0014992258730611957,0.00021741634683256067,0.005610374143489391
0.0009196856584804589,0.0005472220892840143,0.0021011173060359557,0.00627216047312148
0.0008857819827567111,0.000555430134818813,0.0020154136552810076,0.006123724619935278
0.002987144508771357,0.0015765960707484511,0.00016349364467792773,0.005858203363152573
0.0027962065000498595,0.001497900597477728,0.0002181940741294632,0.005609438189685683
0.0009196475957957603,0.0005468755937509628,0.0021014636049261053,0.006271761502764116
0.0008859389245270866,0.0005552077722319471,0.002016008227800997,0.006123015671896545
0.0029884796170481336,0.0015751019570236697,0.00016408042252943067,0.005857692894462205
0.0027976109807858144,0.0014965813346540541,0.00021897351571049668,0.0056084972317529975
0.0009196106029086354,0.0005465311092600697,0.0021018140667204317,0.0062713520558249965
0.0008860960549665452,0.0005549872300781211,0.0020166071969040956,0.006122295420772446
0.002989813336885788,0.0015736144382766575,0.00016466918455385494,0.005857177480468422
0.0027990139252042703,0.0014952681378781875,0.00021975460722150058,0.005607551276042117
0.0009195746322555953,0.000546188646382349,0.0021021686421675003,0.006270932153879453
0.0008862533225466467,0.0005547685242034783,0.0020172105137163387,0.00612156388668304
0.002991145595391529,0.0015721335644140735,0.00016525987258169018,0.0058566571223003985
0.0028004152623316114,0.0014939610592363632,0.00022053728390522792,0.005606600329422801
0.0009195396364442324,0.0005458482157654343,0.0021025272820933204,0.006270501818998772
0.0008864106759429681,0.0005545516702939539,0.00201781812909737,0.006120821090816601
0.002992476320537047,0.001570659384448857,0.0001658524280044547,0.005856131821048848
0.002801814922080072,0.0014926601499006117,0.00022132148055181987,0.00560564439885571
0.0009195055681376365,0.0005455098280511521,0.0021028899370810817,0.0062700610740178036
0.0008865680638711052,0.0005543366840180207,0.0020184299938474843,0.006120067055257852
0.0029938054411178575,0.0015691919464884073,0.00016644679179801813,0.005855601578030097
0.002803212835305397,0.0014913654602432623,0.00022210713149429763,0.0056046834912587195
0.0009194723799836324,0.000545173493747841,0.0021032565571905736,0.006269609942862392
0.0008867254350164408,0.0005541235809943026,0.0020190460586980786,0.0061193018030705395
0.0029951328865915603,0.0015677312976417463,0.00016704290456272708,0.005855066395009645
0.0028046089336594316,0.0014900770397271534,0.00022289417066092258,0.005603717613675574
0.0009194400246381995,0.0005448392231551132,0.0021036270919460543,0.006269148450685739
0.0008868827381040063,0.0005539123766610991,0.002019666274125714,0.0061185253585219705
0.0029964585869690138,0.0015662774839184184,0.00016764070656723713,0.005854526274229844
0.0028060031493652923,0.0014887949367087842,0.00022368253162910766,0.005602746773565807
0.0009194084548684291,0.000544507026387203,0.0021040014904815684,0.006268676623749581
0.0008870399220240129,0.000553703086145361,0.0020202905901670867,0.00611773774725184
0.0029977824728028065,0.0015648305502154731,0.00016824013775900565,0.005853981218281253
0.0028073954151296696,0.0014875191983022363,0.00022447214766504835,0.005601770978992766
0.0009193776236429044,0.000544176913445658,0.002104379701730028,0.006268194489190006
0.0008871969359477472,0.0005534957242420122,0.0020209189563423014,0.0061169389962547885
0.0029991044752736376,0.0015633905403528508,0.00016884113776575256,0.005853431229946041
0.0028087856641950404,0.0014862498704090847,0.00022526295173023068,0.005600790238561911
0.0009193474841669411,0.0005438488942717987,0.0021047616744938515,0.0062677020748586314
0.0008873537293334834,0.0005532903054795823,0.002021551321758622,0.00611612913372608
0.0030004245262994825,0.0015619574971560734,0.00016944364587973264,0.0058528763121208725
0.0028101738304935476,0.001484986997837585,0.00022605487646376664,0.005599804561239425
0.0009193179898415682,0.0005435229787522155,0.002105147357374707,0.0062671994093379925
0.0008875102518847723,0.0005530868441980127,0.002022187635210426,0.00611530818891628
0.0030017425585878218,0.0015605314624657855,0.0001700476010652396,0.005852316467898815
0.002811559848758794,0.0014837306244112223,0.00022684785418311223,0.00559881395618888
0.0009192890942339378,0.0005431991766652107,0.002105536698629995,0.006266686522066909
0.0008876664534851686,0.0005528853545947505,0.002022827845276193,0.006114476192071666
0.0030030585056075258,0.0015591124771290497,0.00017065294197384987,0.005851751700667253
0.002812943654560181,0.0014824807929901124,0.00022764181689084178,0.005597818432742618
0.0009192607510559894,0.0005428774976313012,0.0021059296460893408,0.006266163443464323
0.0008878222841991727,0.0005526858506953328,0.002023471900273276,0.0061136331744920894
0.003004372301518248,0.0015577005809589662,0.00017125960697681573,0.005851182014182998
0.0028143251841742396,0.0014812375454099364,0.0002284366963186524,0.005596818000496516
0.0009192329142100583,0.0005425579510869404,0.0021063261471590275,0.006265630204939356
0.0008879776943249647,0.0005524883462875028,0.002024119748183569,0.006112779168606955
0.0030056838811434172,0.0015562958126865362,0.00017186753418318442,0.005850607412581696
0.0028157043745691214,0.001480000922396905,0.00022923242394845496,0.005595812669427169
0.0009192055378320229,0.0005422405462949779,0.0021067261488983326,0.0062650868388307
0.000888132634460156,0.0005522928548820469,0.002024771336580156,0.006111914208015194
0.003006993179962026,0.0015548982099707538,0.00017247666145686188,0.0058500279003186285
0.00281708116335354,0.001478770963533733,0.0002300289310450423,0.005594802449936416
0.0009191785763341181,0.0005419252923788617,0.0021071295980927144,0.006264533378287538
0.0008882870555432811,0.0005520993897031246,0.002025426612621575,0.006111038327455097
0.00300830013420228,0.001553507809418661,0.00017308692641746914,0.005849443482088059
0.002818455488805821,0.0014775477072817224,0.00023082614865834025,0.005593787352819824
0.0009191519844149687,0.0005416121983381993,0.00210753644127064,0.006263969857226316
0.0008884409088577545,0.0005519079637189613,0.0020260855230799634,0.0061101515627374195
0.0030096046808447117,0.0015521246466118394,0.0001736982664479465,0.0058488541628325865
0.0028198272899885753,0.0014763311910359512,0.00023162400763066174,0.005592767389168262
0.0009191257170543318,0.0005413012730295092,0.0021079466246560455,0.006263396310338549
0.0008885941460111249,0.0005517185896867869,0.0020267480144308702,0.006109253950663096
0.003010906757656913,0.001550748756114651,0.00017431061870845787,0.005848259947759029
0.0028211965067493003,0.0014751214511709177,0.00023242243860920105,0.005591742570304694
0.0009190997294991491,0.0005409925251540903,0.0021083600941160315,0.0062628127731480816
0.0008887467189333774,0.0005515312801402713,0.0020274140328376076,0.006108345529011914
0.003012206303177915,0.0015493801714640018,0.00017492392015091125,0.005847660842398233
0.002822563079733192,0.0014739185230306312,0.00023322137206488978,0.0055907129077996266
0.0009190739772722145,0.0005406859632269514,0.0021087767951387627,0.006262219282047126
0.0008888985798850943,0.0005513460473814078,0.0020280835241627076,0.006107426336558365
0.003013503256699761,0.0015480189251441464,0.00017553810753845718,0.005847056852631018
0.002823926950367739,0.0014727224409002103,0.0002340207383089368,0.005589678413508376
0.0009190484162072145,0.0005403815955673556,0.0021091966728489994,0.006261615874263597
0.0008890496814916298,0.000551162903453613,0.002028756433907252,0.006106496413099157
0.003014797558252208,0.0015466650485820618,0.00017615311746865868,0.005846447984670463
0.002825288060814472,0.0014715332379799354,0.00023482046753117036,0.005588639099609535
0.0009190230024673933,0.0005400794303104996,0.002109619672040359,0.0062610025878426945
0.0008891999767811645,0.0005509818601196131,0.0020294327072166614,0.00610555579943481
0.003016089148629308,0.001545318572145368,0.0001767688863786248,0.0058458342450511715
0.0028266463539838513,0.0014703509463742765,0.00023562048980364976,0.005587594978614998
0.0009189976925689977,0.000539779475407596,0.0021100457371946812,0.0062603794615907985
0.0008893494191946617,0.0005508029288653664,0.002030112288871431,0.006104604537362864
0.0030173779694024627,0.001543979525156883,0.000177385350565383,0.0058452156405898546
0.0028280017735740383,0.001469175597108013,0.00023642073510382128,0.005586546063336853
0.0009189724433890183,0.0005394817386322644,0.0021104748125044324,0.0062597465350454715
0.0008894979626095325,0.0005506261209100448,0.002030795123314036,0.006103642669611539
0.003018663962960416,0.0015426479359060654,0.00017800244619051904,0.00584459217840156
0.0028293542640755527,0.0014680072201526213,0.00023722113332594569,0.005585492366868651
0.0009189472121650101,0.000539186227573891,0.002110906841835637,0.0062591038484926765
0.0008896455613211302,0.0005504514472212351,0.002031481154668943,0.006102670239829934
0.0030199470724948415,0.0015413238316485701,0.00017862010929579016,0.005843963865911103
0.002830703770825439,0.0014668458444381171,0.00023802161429172447,0.005584433902534517
0.000918921956503494,0.0005388929496142936,0.002111341768726463,0.006258451442964148
0.0008897921700505561,0.0005502789185067581,0.002032170326767121,0.0061016872925585
0.003021227242004415,0.0015400072386086427,0.00017923827582381398,0.0058433307108585655
0.002832050239956863,0.0014656914978560941,0.00023882210777735808,0.005583370683911104
0.0009188966343870365,0.0005386019119273764,0.002111779536369354,0.006257789360250227
0.0008899377439734292,0.0005501085452013432,0.00203286258312779,0.006100693873224325
0.0030225044163028803,0.0015386981819594935,0.00017985688163104271,0.005842692721331125
0.0028333936184490004,0.0014645442072394547,0.00023962254352866353,0.005582302724838008
0.0009188712041948094,0.000538313121467983,0.002112220087632407,0.0062571176428856175
0.0008900822387291692,0.0005499403374665373,0.0020335578669419983,0.006099690028144761
0.003023778541004973,0.0015373966858286243,0.0001804758625046319,0.005842049905756158
0.0028347338540776414,0.0014634039983583123,0.00024042285128038666,0.005581230039441415
0.0009188456247269226,0.0005380265849735915,0.002112663365068424,0.0062564363341066995
0.0008902256104467332,0.0005497743051706879,0.002034256121086537,0.006098675804508385
0.0030250495625288973,0.001536102773301135,0.0001810951541813622,0.005841402272875931
0.0028360708954369277,0.0014622708959194652,0.00024122296078002027,0.005580152642110573
0.0009188198552000483,0.000537742308961977,0.0021131093109411445,0.006255745477847581
0.0008903678157501757,0.000549610457890304,0.0020349572881265265,0.006097651250358759
0.0030263174281528835,0.001534816466424902,0.0001817146923538342,0.005840749831740378
0.002837404691949498,0.001461144923576932,0.0002420228017971879,0.005579070547505192
0.0009187938552679473,0.0005374602997364635,0.0021135578672188252,0.006255045118705553
0.0008905088117727966,0.0005494488049205225,0.0020356613103215933,0.006096616414559747
0.003027582085970071,0.0015335377862211658,0.00018233441269005957,0.0058400925917259355
0.002838735193904259,0.0014600261039455816,0.00024282230414280186,0.00557798377051982
0.000918767585023826,0.0005371805633697272,0.0021140089755765307,0.006254335301943198
0.0008906485561632982,0.0005492893552684568,0.0020363681296536418,0.0060955713467697285
0.003028843484934913,0.001532266752678747,0.00018295425084719624,0.005839430562532675
0.0028400623524297043,0.0014589144586071867,0.00024362139768696985,0.005576892326282458
0.0009187410050091075,0.0005369031057001207,0.002114462577376985,0.006253616073489505
0.0008907870070890278,0.0005491321176613228,0.0020370776878231725,0.006094516097424932
0.0030301015748392533,0.0015310033847593214,0.00018357414248618029,0.005838763754196404
0.0028413861195235035,0.001457810008111451,0.00024442001237284566,0.005575796230151917
0.0009187140762200685,0.0005366279323239975,0.0021149186136955496,0.006252887479926583
0.0008909241232515425,0.000548977100524691,0.0020377899262564825,0.006093450717738616
0.00303135630633047,0.0015297477003951008,0.00018419402328831132,0.005838092177089439
0.0028427064480378763,0.0014567127719691973,0.0002452180782391697,0.005574695497732563
0.0009186867601247607,0.0005363550485953571,0.0021153770253242586,0.006252149568469706
0.0008910598639032434,0.0005488243119888951,0.002038504786100588,0.006092375259677044
0.0030326076309002115,0.001528499716486188,0.00018481382897290766,0.005837415841916629
0.002844023291682848,0.0014556227686527328,0.000246015525439911,0.005573590144866078
0.000918659018675268,0.0005360844596199561,0.00211583775276937,0.006251402386954913
0.0008911941888576741,0.000548673759876768,0.0020392222082357522,0.006091289775946239
0.0030338555008932433,0.0015272594489136088,0.0001854334953090785,0.0058367347597181206
0.0028453366050256736,0.0014545400156062867,0.0002468122842568021,0.005572480187630345
0.0009186308143084816,0.0005358161702527403,0.0021163007362870715,0.006250645983813155
0.000891327058497776,0.0005485254517067467,0.0020399421332790916,0.006090194319971231
0.0030350998695293113,0.0015260269125390465,0.00018605295812910156,0.0058360489418547365
0.002846646343518522,0.0014534645292467987,0.00024760828511568504,0.005571365642329367
0.0009186021099635875,0.0005355501850963877,0.002116765915859871,0.006249880408061616
0.0008914584337873831,0.0005483793946958871,0.0020406645015975623,0.006089088945863781
0.0030363406908825216,0.001524802121212215,0.0001866721533486709,0.005835358400033422
0.002847952463475372,0.0014523963249816647,0.00024840345860959996,0.005570246525485797
0.0009185728690809292,0.0005352865084980362,0.002117233231214156,0.006249105709295341
0.0008915882762695993,0.0005482355957523309,0.0020413892533133076,0.006087973708417548
0.0030375779199185216,0.0015235850877671423,0.00018729101697310269,0.0058346631462880254
0.0028492549221130737,0.0014513354171976297,0.00024919773550360913,0.005569122853836126
0.0009185430556121164,0.0005350251445375983,0.002117702621817703,0.00624832193767281
0.0008917165480903512,0.0005480940614757265,0.002042116328317449,0.006086848663080792
0.0030388115124454925,0.0015223758240359689,0.0001879094851231276,0.005833963193000407
0.0028505536775070323,0.0014502818192772254,0.0002499910467682377,0.005567994644339132
0.0009185126340282954,0.0005347660970301808,0.0021181740268989713,0.006247529143909351
0.0008918432119900073,0.0005479547981512349,0.0020428456662716786,0.00608571386594842
0.0030400414251755318,0.0015211743408408696,0.00018852749403736724,0.005833258552880268
0.002851848688634999,0.0014492355435955153,0.00025078332357715913,0.0055668619141572475
0.0009184815693285606,0.0005345093695220902,0.0021186473854460795,0.006246727379247484
0.0008919682313255594,0.0005478178117513249,0.0020435772066130344,0.0060845693737393205
0.003041267615669141,0.0015199806480119436,0.0001891449800982188,0.00583254923898655
0.0028531399153533597,0.0014481966015250248,0.0002515744973420873,0.005565724680673899
0.0009184498270464395,0.0005342549652851194,0.0021191226362159243,0.0062459166954530534
0.0008920915700743617,0.0005476831079259889,0.002044310888564475,0.00608341524377632
0.0030424900423882523,0.001518794754377227,0.00018976187983764156,0.005831835264705881
0.002854427318406417,0.0014471650034458532,0.00025236449971267053,0.005564582961470164
0.0009184173732612139,0.0005340028873166935,0.0021195997177398548,0.00624509714479886
0.0008922131928437463,0.0005475506920111388,0.002045046651137183,0.006082251533966514
0.003043708664655446,0.0015176166677782759,0.00019037812995648549,0.005831116643787033
0.00285571085941834,0.00144614075874762,0.00025315326260558115,0.005563436774346321
0.0009183841745937968,0.0005337531383340255,0.002120078568332163,0.006244268780051166
0.0008923330648723184,0.0005474205690176701,0.002045784433150365,0.0060810783027887534
0.0030449234426955054,0.0015164463950733695,0.00019099366733338964,0.005830393390297667
0.002856990500934037,0.001445123875834045,0.0002539407182079907,0.0055622861372907
0.0009183501982244707,0.0005335057207748301,0.002120559126110324,0.006243431654446474
0.0008924511520389964,0.000547292743637266,0.0020465241732275435,0.006079895609275768
0.0030461343375926334,0.0015152839421436078,0.00019160842904795855,0.00582966551865268
0.0028582662063521766,0.001444114362139471,0.00025472679900562554,0.00556113106849197
0.0009183154118879463,0.0005332606367913354,0.0021210413289756364,0.006242585821694207
0.0008925674208695548,0.0005471672202317662,0.002047265809815337,0.006078703512985973
0.003047341311328137,0.0015141293138956876,0.000192222352380054,0.005828933043614096
0.00285953794000182,0.0014431122241217924,0.00025551143778526457,0.0055599715863317665
0.0009182797838817432,0.0005330178882476949,0.0021215251146434336,0.006241731335956027
0.0008926818385431354,0.0005470440028477287,0.0020480092811804066,0.006077502073992862
0.0030485443267632226,0.001512982514269955,0.00019283537483675629,0.005828195980284229
0.0028608056670797895,0.0014421174672778166,0.00025629456765732507,0.005558807709390234
0.0009182432830800586,0.0005327774767170335,0.0021220104206322605,0.006240868251823605
0.0008927943728976865,0.0005469230951944463,0.0020487545254262497,0.006076291352867189
0.0030497433476369394,0.0015118435462444673,0.00019344743415952275,0.005827454344113899
0.0028620693536923953,0.0014411300961463477,0.0002570761220697966,0.0055576394564325355
0.0009182058789264177,0.0005325394034842052,0.0021224971842919204,0.00623999662431994
0.0008929049924337192,0.0005468045006601165,0.0020495014804962006,0.006075071410658488
0.0030509383385707253,0.0015107124118430078,0.00019405846833652914,0.005826708150895057
0.0028633289668179764,0.001440150114313129,0.00025785603482113474,0.0055564668464159845
0.000918167541448421,0.0005323036695320755,0.0021229853427940236,0.006239116508871097
0.000893013666325413,0.0005466882222944563,0.002050250084177609,0.006073842308877063
0.0030521292650631184,0.0015095891121402764,0.00019466841562103263,0.0058259574167661985
0.002864584474332056,0.0014391775244189174,0.00025863424007755104,0.0055552898984919845
0.0009181282412475894,0.0005320702755547835,0.0021234748331523195,0.006238227961310217
0.0008931203644127239,0.0005465742628221566,0.0020510002741201266,0.0060726041094826206
0.003053316093499865,0.0015084736472717152,0.00019527721453406255,0.005825202158205081
0.0028658358450208113,0.0014382123281684884,0.00025941067237604347,0.005554108631979315
0.0009180879495263049,0.0005318392219429005,0.0021239655922263394,0.006237331037825986
0.0008932250572135559,0.0005464626246377204,0.0020517519878348535,0.006071356874858016
0.003054498791126221,0.0015073660164459947,0.00019588480388982557,0.005824442392031451
0.0028670830485233016,0.001437254526345201,0.0002601852666578487,0.005552923066388092
0.0009180466380626014,0.000531610508796317,0.0021244575567300195,0.006236425794995813
0.0008933277159374857,0.000546353309798705,0.002052505162708968,0.006070100667778808
0.00305567732609277,0.0015062662179342462,0.00019649112279370546,0.005823678135420146
0.0028683260553961864,0.0014363041188049663,0.0002609579582568993,0.005551733221401631
0.0009180042792410803,0.0005313841359000278,0.0021249506632199273,0.0062355122897465014
0.0008934283124601562,0.0005462463200380956,0.002053259736013674,0.00606883555143263
0.0030568516673859826,0.0015051742490987045,0.00019709611066861616,0.005822909405885851
0.0028695648370663227,0.0014353611044939864,0.0002617286829345899,0.005550539116879666
0.0009179608460337441,0.0005311601027459009,0.0021254448481411383,0.006234590579346512
0.0008935268193606055,0.000546141656746928,0.002054015644901744,0.006067561589368061
0.0030580217848808692,0.0015040901063841329,0.00019769970725659852,0.005822136221290486
0.002870799365831489,0.0014344254814531731,0.00026249737688169663,0.005549340772861015
0.0009179163120136485,0.0005309384085156477,0.002125940047806598,0.006233660721390188
0.0008936232099012387,0.0005460393209832378,0.0020547728264296503,0.006066278845498254
0.003059187649326434,0.0015030137853346876,0.00019830185263319393,0.005821358599836526
0.0028720296148770415,0.0014334972468225337,0.0002632639767298227,0.005548138209563543
0.0009178706513609404,0.0005307190520879071,0.002126436198413922,0.006232722773785292
0.0008937174580342655,0.0005459393134747426,0.002055531217552329,0.006064987384078585
0.003060349232312579,0.0015019452806026778,0.00019890248722135033,0.005820576560072971
0.0028732555582566426,0.0014325763968601618,0.00026402841956784447,0.005546931447363861
0.0009178238388547951,0.000530502032036378,0.0021269332360556257,0.006231776794734948
0.0008938095384143585,0.0005458416346133466,0.0020562907551421655,0.006063687269676669
0.0030615065063046495,0.00150088458595329,0.00019950155179938807,0.005819790120889758
0.00287447717090101,0.0014316629269452163,0.0002647906429531031,0.005545720506810079
0.000917775849876849,0.0005302873466282877,0.0021274310967234274,0.006230822842736264
0.0008938994263841027,0.0005457462844579102,0.0020570513759906616,0.006062378567178111
0.0030626594446193926,0.0014998316942785403,0.00020009898750981845,0.005818999301519436
0.002875694428608822,0.0014307568315848596,0.000265550584914768,0.005544505408617596
0.0009177266604209652,0.0005300749938179306,0.0021279297163187194,0.006229860976552709
0.0008939870979888116,0.0005456532627351292,0.0020578130168216716,0.006061061341747624
0.0030638080214144634,0.0014987865975994998,0.00020069473587923546,0.005818204121542906
0.002876907308026524,0.0014298581044305122,0.00026630818398189443,0.005543286173665266
0.0009176762470871218,0.0005298649712587579,0.0021284290306521833,0.006228891255213838
0.0008940725299687624,0.0005455625688355693,0.0020585756142935873,0.006059735658833894
0.0030649522117096595,0.0014977492870782132,0.00020128873881549575,0.005817404600879634
0.0028781157866754723,0.0014289667382779714,0.0002670633791717072,0.005542062822993416
0.0009176245870816565,0.0005296572762881673,0.002128928975465507,0.006227913737996451
0.0008941556997630679,0.0005454742018200091,0.0020593391050100786,0.0060584015841411935
0.003066091991350545,0.0014967197530298816,0.00020188093862974328,0.0058166007597882305
0.002879319842903542,0.0014280827250841184,0.00026781611002353026,0.005540835377807333
0.0009175716582198626,0.0005294519059397866,0.002129429486434622,0.006226928484411417
0.0008942365855130818,0.0005453881604123693,0.0020601034255244904,0.00605705918361398
0.003067227337026253,0.0014956979849293083,0.0002024712780365586,0.00581579261886688
0.002880519455937399,0.001427206055972913,0.0002685663165858908,0.005539603859467363
0.0009175174389296346,0.0005292488569406505,0.0021299304991704193,0.006225935554186221
0.0008943151660573513,0.0005453044430116877,0.0020608685123505934,0.006055708523427596
0.0030683582262486745,0.0014946839714250794,0.00020305970017094678,0.005814980199054459
0.0028817146058157154,0.001426336721248602,0.0002693139394474593,0.005538368289489366
0.0009174619082462826,0.0005290481257052398,0.0021304319492353617,0.006224935007260667
0.0008943914209337115,0.0005452230476817397,0.00206163430197749,0.0060543496699594825
0.003069484637363141,0.0014936777003431965,0.00020364614859143693,0.005814163521621986
0.0028829052734335695,0.001425474710406018,0.00027005891972674723,0.0055371286895397245
0.000917405045811268,0.0005288497083423345,0.002130933772148803,0.006223926903771578
0.0008944653303780927,0.0005451439721643628,0.0020624007308616054,0.006052982689787113
0.003070606549524633,0.0014926791587031355,0.0002042305672951141,0.005813342608179379
0.002884091440497857,0.0014246200121372284,0.0002708011990982602,0.005535885081442078
0.0009173468318772744,0.0005286536006522083,0.002131435903391595,0.006222911304039459
0.000894536875327043,0.0005450672138659075,0.0020631677354495666,0.006051607649665213
0.003071723942698914,0.0014916883327237003,0.00020481290071995648,0.005812517480675973
0.0028852730895476252,0.0014237726143462952,0.0002715407197891829,0.005534637487167312
0.000917287247302802,0.0005284597981287587,0.0021319382784124484,0.006221888268560132
0.0008946060374040925,0.0005449927698697618,0.0020639352521724637,0.006050224616521645
0.0030728367976578723,0.0014907052078350794,0.0002053930937574066,0.005811688161387615
0.002886450203938159,0.0014229325041529664,0.00027227742459083896,0.005533385928836812
0.0009172262735547828,0.0005282682959603512,0.002132440832648898,0.006220857857980133
0.0008946727989354273,0.0005449206369351579,0.002064703217462465,0.006048833657428968
0.003073945095977902,0.0014897297686944522,0.00020597109176036455,0.005810854672917068
0.002887622767822298,0.0014220996679114018,0.00027301125687273666,0.00553213042871895
0.0009171638927014041,0.0005280790890302556,0.002132943501523724,0.00621982013310033
0.000894737142939618,0.0005448508114967325,0.002065471567760517,0.006047434839589159
0.0030750488200105533,0.001488761999189271,0.00020654684054750134,0.005810017038201784
0.0028887907661781613,0.0014212740912213375,0.0002737421605793957,0.005530871009210283
0.0009171000874179943,0.0005278921719219975,0.002133446220455727,0.006218775154847528
0.0008947990531203319,0.0005447832896724733,0.0020662402395246054,0.006046028230332933
0.0030761479528996663,0.001487801882455623,0.00020712028641603017,0.0058091752804984445
0.0028899541847525645,0.001420455758934732,0.0002744700802470104,0.005529607692861674
0.0009170348409778915,0.0005277075389099178,0.0021339489248612337,0.006217722984284599
0.0008948585138744314,0.0005447180672570839,0.0020670091692271885,0.006044613897085923
0.003077242478571361,0.0014868494008801743,0.00020769137614391205,0.005808329423395197
0.002891113010087456,0.00141964465516714,0.00027519496100441784,0.005528340502362327
0.0009169681372561759,0.0005275251839713153,0.002134451550170633,0.0062166636825774745
0.0008949155102753428,0.0005446551397305929,0.0020677782933733423,0.0060431919073814285
0.0030783323817041492,0.0014859045361195775,0.00020826005699922705,0.005807479490799715
0.0028922672295198897,0.001418840763311188,0.0002759167485806509,0.00552706946052812
0.0009168999607225037,0.0005273451007831849,0.0021349540318360873,0.0062155973109933
0.000894970028089062,0.000544594502256637,0.0020685475485053405,0.0060417623288187144
0.0030794176477430186,0.0014849672691133779,0.00020882627675012464,0.005806625506932483
0.0028934168311284224,0.0014180440660482283,0.0002766353893174219,0.005525794590318881
0.0009168302964389644,0.000527167282727469,0.0021354563053346117,0.006214523930891961
0.0008950220537549798,0.0005445361496902526,0.0020693168712045285,0.0060403252290621556
0.003080498262884264,0.0014840375800884568,0.00020938998366150938,0.005805767496331495
0.0028945618037887603,0.0014172545453587464,0.0002773508301624556,0.005524515914813658
0.0009167591300647447,0.0005269917228874751,0.0021359583061809875,0.006213443603698379
0.0008950715743882851,0.0005444800765744087,0.002070086198111486,0.006038880675828271
0.0030815742140675915,0.0014831154485748994,0.00020995112651407043,0.005804905483850922
0.0028957021370952427,0.0014164721825375606,0.00027806301868933854,0.0055232334572308805
0.0009166864478426026,0.0005268184140557773,0.0021364599699214854,0.006212356390918583
0.0008951185777752108,0.0005444262771465625,0.002070855465922224,0.006037428736867558
0.003082645488967617,0.0014822008534167994,0.00021050965459677384,0.005804039494653411
0.0028968378214264145,0.0014156969582001205,0.0002787719030887232,0.005521947240901758
0.000916612236600247,0.0005266473487312858,0.0021369612321610783,0.006211262354099746
0.0008951630523670386,0.000544374745342309,0.0020716246113984655,0.006035969479956486
0.003083712075973018,0.001481293772787896,0.0002110655177268587,0.005803169554203477
0.0028979688478636234,0.0014149288523021874,0.00027947743218578085,0.005520657289288711
0.0009165364837509099,0.0005264785191240956,0.0021374620285574374,0.006210161554842736
0.0008952049872827189,0.0005443254747954131,0.0020723935713786736,0.006034502972874784
0.003084773964205789,0.0014803941841965286,0.00021161866624111317,0.005802295688274051
0.0028990952082383974,0.0014141678441423125,0.0002801795554386873,0.005519363625968749
0.0009164591772767996,0.000526311917161228,0.0021379622948356405,0.006209054054780475
0.0008952443722961686,0.0005442784588407262,0.0020731622827760993,0.006033029283409023
0.0030858311434883504,0.0014795020645038592,0.00021216905100962503,0.005801417922930832
0.0029002168950989326,0.0014134139123821202,0.00028087822293789203,0.0055180662746395145
0.0009163803057475232,0.0005261475344819172,0.0021384619667881586,0.0062079399155566
0.0008952811978342754,0.0005442336905225303,0.0020739306825986858,0.006031548479322471
0.0030868836043307615,0.0014786173899373936,0.0002127166234409356,0.0058005362845401625
0.0029013339016918938,0.0014126670350585351,0.00028157338542153266,0.005516765259106689
0.0009162998582896917,0.0005259853624468934,0.0021389609802907987,0.006206819198839067
0.0008953154549743043,0.0005441911625928884,0.002074698707950507,0.00603006062834485
0.00308793133795713,0.0014777401360954868,0.0002132613354779076,0.005799650799752314
0.0029024462219911264,0.0014119271895890399,0.00028226499426823193,0.005515460603288133
0.0009162178246011101,0.0005258253921387881,0.0021394592713025284,0.006205691966290819
0.000895347135436726,0.0005441508675193502,0.0020754662960331812,0.006028565798174988
0.0030889743362448926,0.001476870277969075,0.00021380313961381816,0.0057987614955118385
0.0029035538506293293,0.0014111943527917645,0.00028295300150897216,0.005514152331208838
0.0009161341949375793,0.0005256676143638363,0.002139956775884589,0.00620455827956885
0.000895376231578125,0.0005441127974790277,0.0020762333841612083,0.006027064056450539
0.003090012591751321,0.0014760077899468212,0.0002143419888865827,0.005797868399040395
0.002904656782949417,0.0014104685008935421,0.0002836373598211592,0.005512840466997854
0.0009160489601173142,0.0005255120196571791,0.0021404534301873884,0.006203418200305543
0.0008954027363862221,0.0005440769443800952,0.0020769999097714842,0.006025555470745203
0.003091046097692937,0.0014751526458338846,0.0002148778368888229,0.0057969715378435776
0.0029057550149559097,0.0014097496095460571,0.000284318022539679,0.005511525034881362
0.0009159621115020286,0.0005253585982872876,0.0021409491704816757,0.006202271790108435
0.0008954266434784311,0.0005440432998490661,0.002077765810415555,0.006024040108554596
0.003092074847939543,0.0014743048188601627,0.00021541063776697527,0.00579607093969127
0.0029068485433185326,0.0014090376538341074,0.0002849949436520607,0.0055102060591851205
0.0009158736410053368,0.0005252073402536226,0.0021414439331465095,0.006201119110543576
0.0008954479470884834,0.0005440118552429106,0.0020785310237852865,0.00602251803728284
0.0030930988369975952,0.001473464281693681,0.00021594034622862687,0.00579516663262848
0.002907937365358487,0.0014083326082948505,0.00028566807780927534,0.005508883564323883
0.0009157835410782514,0.0005250582352986869,0.0021419376546877944,0.006199960223129857
0.000895466642067924,0.0005439826016514924,0.0020792954877101037,0.006020989324231807
0.0030941180600060412,0.0014726310064560567,0.0002164669175406091,0.0057942586449628835
0.0029090214790486175,0.0014076344469218002,0.00028633738031471744,0.005507557574805814
0.0009156918047105262,0.0005249112729039411,0.0021424302717428217,0.006198795189320828
0.0008954827238711018,0.0005439555299040671,0.0020800591401635665,0.006019454036592097
0.003095132512716094,0.0014718049647336167,0.00021699030753726344,0.0057933470052594915
0.002910100882981046,0.0014069431431866447,0.0002870028071391967,0.005506228115222217
0.0009155984254213488,0.0005247664422975684,0.002142921721084616,0.00619762407051085
0.0008954961885529198,0.0005439306305674334,0.0020808219192727686,0.006017912241430047
0.003096142191507261,0.0014709861275886596,0.00021751047261727054,0.005792431742330347
0.0029111755763959906,0.001406258670044697,0.00028766431491183487,0.005504895210242604
0.0009155033972539751,0.0005246237324594365,0.0021434119396375566,0.0061964469280051905
0.0008955070327651576,0.00054390789396189,0.0020815837633337414,0.006016364005672856
0.0030971470933360396,0.0014701744655773812,0.00021802736975269537,0.005791512885243501
0.0029122455591241454,0.0014055809999557714,0.0002883218609275741,0.00550355888461466
0.0009154067147718079,0.000524483132120481,0.0021439008644708536,0.006195263823030853
0.0008954921783147332,0.0005438732953904861,0.0020822909534245655,0.006014654407872503
0.0030981406567997835,0.0014693715644076145,0.00021854341332662935,0.005790578246610853
0.0029132982804607166,0.0014049093682049053,0.00028898001051961793,0.005502207287845677
0.0009153075449584901,0.0005243451309990763,0.002144406688721425,0.006194077594850014
0.0008953863646980498,0.0005437869719445155,0.0020828128152179334,0.00601235248163755
0.0030990923513254244,0.0014685781449354821,0.00021906941374528896,0.005789575565250797
0.002914289700869297,0.0014042388829285392,0.0002896553279852018,0.0055007907426231056
0.000915205006934977,0.0005242102158796361,0.0021449921290836813,0.0061928981590893715
0.0008952765086821042,0.0005437016646479772,0.002083420722005457,0.006010055669740503
0.0030999883273966256,0.0014677756770702217,0.00021960856296970686,0.005788497103463374
0.0029152418952051507,0.0014035658401710556,0.00029034157405394604,0.005499304526931971
0.0009151070115531475,0.0005240753539934081,0.002145614432932759,0.006191722676516192
0.0008951684844013272,0.0005436261835785507,0.002084068479207915,0.006007741679873044
0.0031008737624445963,0.0014669728745356153,0.00022014636883750313,0.005787410470057587
0.002916201343341187,0.0014029068507128506,0.0002910231891851756,0.005497802530887096
0.0009150106159149651,0.0005239485077511415,0.002146199126262642,0.006190549523907926
0.0008950625479878903,0.0005435709215866638,0.002084696482894439,0.006005389410123087
0.003101806005035954,0.0014661742331198036,0.0002206648023321262,0.005786367099623787
0.00291721961247701,0.0014022637698493147,0.00029168165319827153,0.0054963101247698185
0.0009149145811136965,0.0005238246389254193,0.002146720568717772,0.006189378168377974
0.0008949500190378344,0.0005435341183873067,0.002085298602561897,0.006003020199679961
0.0031027452157881656,0.0014653799538512104,0.0002211734520091489,0.005785364285994726
0.00291824659527987,0.0014016296223972073,0.0002923300081456343,0.005494824920289525
0.0009148122624940976,0.0005236991450194157,0.002147216259591727,0.006188223062905499
0.0008948298246526389,0.0005434990514634475,0.0020858972868327123,0.0060006665836814695
0.003103661685837138,0.0014645822593777164,0.00022168100609536317,0.005784360963933819
0.0029192436080866745,0.0014009887510913828,0.00029297799282417144,0.005493338913124004
0.0009147037442548507,0.0005235727828625599,0.0021477292191101785,0.0061870779627997245
0.0008947050684203853,0.0005434565976326065,0.0020865024835695083,0.0059983525212953465
0.0031045421416197416,0.0014637843088881083,0.00022219241891941103,0.005783335212821454
0.0029201990221553857,0.0014003387659417912,0.00029362892066419027,0.005491860529268374
0.0009145939530499852,0.0005234522179729869,0.0021482669096922263,0.0061859214967462895
0.0008945847410622357,0.0005434071641218474,0.0020870994993926525,0.005996063076013808
0.0031054180104297282,0.001462994299181822,0.00022270013626950977,0.005782290485482274
0.0029211419262939985,0.0013996888650879193,0.000294275143998065,0.0054903968029292
0.0009144850386135417,0.0005233435089457924,0.0021488121363965767,0.00618473847395598
0.0008944681718104805,0.0005433612269265953,0.0020876804495140204,0.005993773545030941
0.003106309296175487,0.0014622199408302317,0.0002231986927630078,0.005781239052863711
0.0029220980336066168,0.0013990509744556594,0.0002949106208200719,0.005488937339248591
0.0009143757137021622,0.0005232439779456762,0.0021493502556923566,0.006183531119779544
0.0008943493059648718,0.0005433248963686895,0.0020882558033605584,0.005991467114221044
0.003107209193267403,0.0014614616742632338,0.0002236892920150955,0.005780183647091713
0.002923062731193145,0.001398431122111986,0.0002955378788017579,0.005487463747858519
0.0009142606369611948,0.0005231482549231784,0.00214988204537327,0.006182317768231296
0.0008942217629458122,0.000543298155765386,0.002088842675966983,0.005989145473202916
0.003108102894692107,0.001460713567948428,0.00022417528531394273,0.005779121289214941
0.0029240260676974238,0.0013978254575887324,0.0002961597396528305,0.005485967106398398
0.0009141395802044314,0.0005230511611442345,0.0021504112968189024,0.006181109290197448
0.0008940859776704646,0.0005432769412346335,0.002089444392595049,0.005986819022181234
0.0031089796432480477,0.0014599705674079343,0.00022465931423539573,0.005778054600618114
0.0029249772635053556,0.0013972279293989695,0.00029677872742945335,0.00548445745616896
0.000914015420373524,0.0005229529452851676,0.00215093717144386,0.006179906362109372
0.0008939479026321387,0.0005432575697708773,0.00209004941004563,0.005984494507848174
0.003109847664686024,0.001459229993664503,0.00022513929655978472,0.00577698947250107
0.0029259218516082684,0.00139663305701667,0.00029739239671726635,0.005482949634639804
0.0009138924034585661,0.000522855824835427,0.002151456175553821,0.006178700678946472
0.0008938117489546648,0.0005432391964564677,0.002090646170283424,0.0059821751719539165
0.0031107121533511654,0.001458493328200007,0.00022561419950447973,0.005775928628019312
0.002926861905559149,0.001396040120468323,0.00029799999560694104,0.005481450521855658
0.000913771049431091,0.0005227620267467155,0.002151969243024911,0.006177486907089089
0.0008936778016742898,0.0005432217841842938,0.0020912326876713246,0.005979859959202216
0.003111576369731401,0.0014577625914546759,0.00022608351119253012,0.005774866731340342
0.0029277984973519297,0.0013954507120583738,0.00029860143659450904,0.005479955382042832
0.0009136488633042446,0.0005226722400004307,0.00215248122428331,0.006176264502483384
0.0008935425850234972,0.00054320632281706,0.002091815001410505,0.005977547957870881
0.0031124371573404783,0.0014570398282017852,0.0002265482608438871,0.005773797403352326
0.0029287298874547045,0.0013948675560550077,0.00029919764779616617,0.005478456510939207
0.0009135235058030586,0.0005225858597375544,0.002152994856531281,0.006175035364987784
0.0008934038543337422,0.0005431933906446784,0.002092397993655452,0.00597523630422978
0.003113293726907312,0.0014563256938915628,0.00022700861260277025,0.005772719182637026
0.0029296566585842424,0.001394292519279826,0.00029978873888399375,0.005476950600248366
0.0009133945376483287,0.0005225021371461613,0.0021535082181686907,0.006173801253490953
0.0008932614587453449,0.0005431836837656083,0.0020929822722633765,0.005972922510186197
0.0031141470201322442,0.0014556196728704187,0.00022746412960480196,0.0057716360763506395
0.0029305814297804753,0.0013937257469279355,0.0003003740166077928,0.005475439040659836
0.0009132635833362314,0.0005224199833366731,0.002154017352982281,0.006172562358352836
0.0008931169028295929,0.0005431770649504645,0.002093566040108449,0.005970605482980667
0.0031149968567229735,0.0014549206551684054,0.0002279147158206376,0.005770552427730396
0.00293150382742946,0.0013931663106503287,0.00030095356644702347,0.005473924590617739
0.0009131318303716391,0.0005223387966341935,0.002154520920006955,0.00617131920696146
0.0008929713042430511,0.000543172754086002,0.0020941484086302517,0.0059682864719617845
0.003115842332731938,0.001454227526216484,0.00022836059552102127,0.005769468987669013
0.002932422456665508,0.0013926127483039987,0.0003015276763498339,0.005472408374543757
0.0009129995498539586,0.000522258291509516,0.0021550204786093038,0.006170071828478824
0.0008928247043834243,0.000543169873249133,0.002094729601526182,0.005965967881261561
0.0031166816157755465,0.001453540153534577,0.0002288023522559624,0.005768383958087614
0.0029333348613232828,0.001392064493372414,0.0003020970000547266,0.0054708905220562125
0.0009128660250287173,0.0005221788853952433,0.002155518063190367,0.006168820149544757
0.0008926766865651019,0.0005431680248580823,0.002095309531730956,0.005963650774967186
0.003117515569532868,0.0014528589709256056,0.00022923985668006804,0.005767295568843332
0.002934241628177415,0.0013915216928400893,0.0003026613382748304,0.005469370873726278
0.0009127307083457172,0.0005221011116106152,0.0021560139626977132,0.006167563422280874
0.0008925267952754161,0.0005431675941193391,0.00209588758663587,0.0059613347639790445
0.0031183454137666254,0.0014521846516350936,0.0002296728332384028,0.005766203812055455
0.002935144133534412,0.0013909849908588447,0.0003032203651708441,0.005467849423382154
0.0009125935054433277,0.0005220252261482876,0.0021565071439481804,0.006166301203755435
0.0008923750051836832,0.0005431690537836288,0.0020964633311296604,0.00595901851112115
0.0031191722164774765,0.0014515172988126275,0.00023010099151350553,0.005765109454953022
0.0029360435381904984,0.0013904546915811697,0.00030377384082699627,0.005466325874135642
0.0009124546193893726,0.0005219510692256418,0.002156996803995734,0.006165033706938673
0.0008922213601389506,0.0005431726592870867,0.002097037209021555,0.0059567014396799695
0.003119995378242323,0.0014508565581609692,0.00023052446798013768,0.005764013027123495
0.0029369395222966356,0.0013899306353817378,0.00030432193145075233,0.0054647997777537
0.0009123142907704602,0.0005218782677444976,0.0021574829682389973,0.006163761498854939
0.0008920660061080316,0.000543178225704989,0.0020976098692949844,0.005954383732168106
0.003120813912968651,0.0014502019516888036,0.00023094350968364972,0.005762914506661358
0.0029378311201833395,0.0013894124576349746,0.00030486492674505457,0.005463271027122698
0.0009121725623260092,0.0005218066576374524,0.0021579660155413736,0.006162485034141067
0.0008919090159085771,0.000543185514556163,0.002098181443729268,0.00595206594547709
0.0031216275096987455,0.0014495532533354521,0.00023135819102132308,0.005761813814771366
0.0029387180576998764,0.0013888998884241755,0.00030540286132542925,0.005461739970718312
0.0009120294313952598,0.0005217362710045651,0.0021584459718129723,0.006161204216380056
0.000891750427809774,0.0005431944177289156,0.0020987514255787834,0.005949748375881051
0.0031224364566074243,0.0014489105525775177,0.00023176842898330196,0.005760711086916274
0.0029396004922195955,0.001388392931482289,0.0003059356490023714,0.005460207117598478
0.0009118848099074244,0.0005216672717944084,0.002158922590036064,0.00615991882721908
0.0008915902129404567,0.0005432049783850197,0.0020993192809067897,0.005947430987686474
0.003123241289707738,0.0014482739839291876,0.00023217407148101287,0.005759606445875701
0.002940478872721698,0.0013878916486270163,0.0003064631375287468,0.005458672627732998
0.0009117386488099754,0.0005215997242122341,0.0021593957004026436,0.006158628707975849
0.0008914282878812414,0.0005432172687832927,0.0020998849117062797,0.005945113718704006
0.003124041969614293,0.0014476436060001864,0.0002325751212716185,0.005758499855068135
0.0029413531325943117,0.0013873960839291765,0.0003069853551378196,0.005457136346126783
0.000911590909022675,0.0005215336109298371,0.0021598653850581438,0.006157333950714737
0.0008912646197816277,0.0005432312849488384,0.002100448524132231,0.005942796537376017
0.0031248383274255997,0.0014470193331051699,0.00023297161514067343,0.00575739115441999
0.002942223129152656,0.0013869061768190486,0.0003075023514932792,0.005455598054736806
0.0009114416111236307,0.0005214688822803514,0.0021603317625367873,0.006156034672392411
0.0008910992204731392,0.0005432470109252343,0.0021010102793619966,0.005940479487680067
0.003125630175143517,0.0014464010733129702,0.0002333635927887081,0.005756280316403376
0.002943088748885578,0.0013864218654084405,0.00030801416194011074,0.0054540577256537845
0.0009112908060219916,0.0005214055185026529,0.002160794780986376,0.006154730930228313
0.0008909321545535774,0.0005432644362041483,0.0021015700990589885,0.005938162534116153
0.0031264176004086714,0.0014457887619428787,0.00023375101539900502,0.005755167459339353
0.002943950095722106,0.0013859431127301424,0.00030852074766836755,0.005452515461569333
0.0009111385251872986,0.0005213435308501409,0.00216125425854445,0.006153422745699723
0.000890763444065275,0.0005432835893555318,0.0021021278172338813,0.005935845646001908
0.003127200716447438,0.0014451823709269002,0.00023413383413222822,0.005754052732224747
0.002944807300665408,0.001385469901693954,0.0003090220582052616,0.005450971337255179
0.0009109847703786125,0.0005212829178855912,0.0021617100393797896,0.006152110163337611
0.0008905930754874438,0.000543304483448383,0.0021026833288934933,0.00593352882568517
0.003127979540323813,0.0014445818676390768,0.00023451202627065263,0.005752936187381016
0.0029456603623859343,0.0013850022053304419,0.00030951808175174876,0.005449425351982535
0.000910829513085285,0.0005212236732195096,0.002162162082408576,0.006150793286510149
0.0008904210208947376,0.0005433271097303992,0.0021032366118279872,0.005931212141807985
0.003128754028843089,0.001443987198960307,0.00023488558740493686,0.005751817800619731
0.0029465092409300363,0.0013845399644576515,0.0003100088163387173,0.005447877487542186
0.000910672749712493,0.0005211657834461248,0.0021626103900786037,0.006149472188914859
0.0008902472830564773,0.0005433514434933635,0.002103787631515813,0.005928895675088752
0.003129524136602042,0.0014433983138980237,0.00023525451619864102,0.005750697562991175
0.00294735388635272,0.0013840831203016798,0.00031049426446100076,0.005446327783655632
0.000910514497546326,0.0005211092513892178,0.0021630549362741712,0.006148146908355133
0.0008900718955234609,0.0005433774653764167,0.002104336299315907,0.005926579462809416
0.003130289913662166,0.001442815168758812,0.0002356187863765317,0.005749575505925715
0.002948194345789048,0.0013836316228123767,0.0003109744004755857,0.005444776303628546
0.0009103547871201854,0.0005210540811465369,0.0021634956537341073,0.00614681744680024
0.0008898948867235561,0.0005434051717041618,0.002104882518009216,0.005924263512314707
0.0031310514023065263,0.0014422377377674848,0.00023597837359910838,0.0057484516748126605
0.002949030659822518,0.0013831854470058042,0.0003114492038325746,0.005443223083423174
0.000910193631228718,0.0005210002721218015,0.002163932478197514,0.006145483830762562
0.0008897162654036918,0.0005434345608273145,0.0021054262282271877,0.005921947814217668
0.0031318086357204574,0.0014416659939686524,0.00023633325517844562,0.005747326086225088
0.0029498628623478747,0.001382744573725683,0.0003119186566337051,0.005441668108931516
0.0009100310266872947,0.0005209478130297755,0.0021643653670642598,0.006144146116787862
0.0008895360208570144,0.0005434656302829947,0.0021059674084599684,0.005919632376765899
0.0031325616041546554,0.0014410999071867647,0.00023668341951440424,0.0057461987451573725
0.0029506909572885663,0.001382308981731123,0.00031238275011475324,0.005440111356316515
0.0009098669705866126,0.0005208966865308495,0.0021647942808808336,0.006142804374603832
0.0008893541507869811,0.0005434983694436233,0.0021065060301794607,0.00591731721231647
0.0031333103078704486,0.0014405394385733343,0.00023702885236155167,0.00574506967103413
0.0029515149545861125,0.001381878639708675,0.0003128414729830474,0.005438552829174568
0.0009097014714367618,0.0005208468770228481,0.002165219165938974,0.006141458666001608
0.0008891706665878706,0.0005435327661418082,0.0021070420391294305,0.0059150023388089504
0.003134054761391881,0.0014399845456433697,0.00023736953629970676,0.005743938906631526
0.002952334878326967,0.0013814535081668724,0.0003132948094887826,0.005436992558645819
0.0009095345493728029,0.0005207983699544019,0.0021656399587301877,0.0061401090371307815
0.0008889855892916959,0.0005435688055128139,0.0021075753657226535,0.005912687774315882
0.0031347949835961245,0.0014394351862493425,0.00023770545389788098,0.005742806496401121
0.0029531507473597608,0.0013810335463360216,0.00031374274600890937,0.005435430580047779
0.0009093662216019467,0.0005207511536938307,0.002166056605932926,0.006138755533484173
0.0008887989357971921,0.0005436064722158231,0.002108105947965485,0.005910373540902483
0.003135530991806402,0.001438891320313027,0.00023803658923812933,0.0057416724674376
0.002953962579313902,0.0013806187147478173,0.00031418526983197667,0.0054338669134096134
0.0009091964991189578,0.0005207052161500822,0.002166469067695265,0.006137398201443252
0.0008886107151516988,0.0005436457511549226,0.002108633736107971,0.005908059662409633
0.0031362627949887735,0.0014383529121089265,0.0002383629294463427,0.005740536834130973
0.002954770384291028,0.0013802089794592305,0.0003146223714940191,0.005432301568629368
0.0009090253874078848,0.0005206605461080324,0.0021668773075211624,0.006136037091552904
0.0008884209336935427,0.0005436866285050037,0.002109158683435366,0.005905746156752223
0.0031369904112378464,0.0014378199268146113,0.00023868445950936444,0.00573939961246312
0.002955574184579507,0.0013798043084560074,0.0003150540385621407,0.005430734555012493
0.0009088528943104137,0.0005206171311054501,0.0021672812808924075,0.006134672252013181
0.0008882295995360752,0.0005437290923883084,0.0021096807402231554,0.005903433036763936
0.003137713859154697,0.0014372923294537572,0.00023900116451705305,0.00573826082953753
0.0029563740046387294,0.0013794046703073611,0.00031548025883427246,0.005429165887184086
0.0009086790315428491,0.0005205749571050085,0.002167680937067598,0.006133303730881404
0.0008880367249470632,0.0005437731300888174,0.0021101998551460695,0.005901120311890376
0.0031384331584190725,0.001436770082028378,0.00023931302960590681,0.0057371205174638635
0.0029571698688976387,0.0013790100309306343,0.00031590102059409186,0.0054275955813927745
0.0009085038128924977,0.0005205340083874427,0.002168076227256545,0.006131931576992338
0.0008878423228527223,0.0005438187274816237,0.0021107159802857926,0.005898807995647843
0.0031391483214318152,0.0014362531451263501,0.00023962004244010792,0.005735978706109608
0.0029579617946110678,0.001378620354437219,0.00031631631460308336,0.005426023652859739
0.0009083272514459062,0.0005204942686333286,0.002168467108445557,0.00613055584010698
0.0008876464057372856,0.000543865868446895,0.0021112290700420634,0.005896496104661414
0.0031398593593256158,0.001435741479443674,0.0002399221916543811,0.005734835420602135
0.0029587497964634695,0.0013782356046740285,0.0003167261326184541,0.005424450116335076
0.0009081493584309317,0.0005204557225727889,0.002168853540692346,0.006129176569464007
0.0008874489847943186,0.000543914536960339,0.0021117390781928806,0.0058941846566328325
0.003140566286179572,0.0014352350472238782,0.0002402194656673587,0.005733690685009571
0.0029595338925951504,0.0013778557464582352,0.00031713046572317226,0.005422874987528178
0.0009079701447813345,0.0005204183556839238,0.0021692354826346218,0.006127793811736584
0.0008872500711788914,0.0005439647177785315,0.0021122459563939285,0.005891873666961853
0.0031412691192640083,0.001434733811943467,0.00024051185255138848,0.005732544525103795
0.0029603141038183774,0.0013774807458085132,0.0003175293048124914,0.005421298283039675
0.0009077896216873896,0.0005203821538445258,0.0021696128913678524,0.006126407612683494
0.0008870496764043411,0.0005440163964321466,0.0021127496565672447,0.005889563148865672
0.003141967876965079,0.001434237736849024,0.00024079934056123,0.005731396967621984
0.002961090452476098,0.0013771105686283679,0.00031792264095995037,0.005419720018342248
0.0009076078012162787,0.0005203471022455545,0.002169985724575554,0.006125018017813801
0.000886847812330253,0.000544069558436554,0.00211325013317981,0.005887253115200426
0.0031426625746620307,0.0014337467845210962,0.00024108191927645802,0.005730248038699133
0.0029618629580012864,0.0013767451804609654,0.00031831046671203776,0.0054181402075473345
0.0009074246955994024,0.0005203131856850716,0.0021703539420707316,0.006123625073503323
0.0008866444911084284,0.0005441241888519876,0.002113747342927486,0.005884943579071684
0.0031433532269318173,0.0014332609168619679,0.00024135957898792088,0.005729097763312074
0.0029626316392631236,0.0013763845463098735,0.0003186927752128003,0.005416558864176474
0.0009072403171567428,0.0005202803888771472,0.002170717504843311,0.006122228825800747
0.0008864397249005437,0.0005441802726896148,0.002114241242990414,0.005882634553879053
0.003144039848244262,0.0014327800960187815,0.0002416323104945407,0.005727946166524648
0.0029633965151509736,0.0013760286314116509,0.00031906955999638157,0.0054149760024389555
0.0009070546781152971,0.0005202486968447296,0.002171076373727726,0.006120829320012433
0.0008862335259862889,0.0005442377951133064,0.0021147317899072758,0.005880326052268915
0.003144722454834607,0.0014323042844905918,0.0002419001045646869,0.0057267932739252835
0.0029641576060773812,0.001375677401292642,0.0003194408145297327,0.005413391637072982
0.0009068677906690437,0.0005202180948338835,0.0021714305093290505,0.00611942660060144
0.000886025906522747,0.0005442967416391812,0.002115218940324541,0.005878018086416568
0.003145401063052498,0.0014318334450820296,0.00024216295237858168,0.0057256391112990215
0.0029649149326354436,0.0013753308216777637,0.000319806532658989,0.005411805782622013
0.0009066796670633097,0.0005201885680609194,0.0021717798728797897,0.006118020711585542
0.0008858168787066207,0.0005443570977896219,0.0021157026518835893,0.005875710668184454
0.0031460756887826506,0.001431367540549476,0.0002424208457178492,0.005724483703843847
0.002965668514716409,0.0013749888582223447,0.0003201667088777964,0.00541021845307696
0.0009064903195753531,0.0005201601017450828,0.002172124426912361,0.006116611696724218
0.0008856064548111638,0.0005444188490492215,0.0021161828834822686,0.005873403809473308
0.0031467463472916028,0.0014309065335754824,0.00024267377699546984,0.005723327076104874
0.002966418371804404,0.0013746514764636049,0.00032052133822324926,0.0054086296620806185
0.0009062997606767155,0.0005201326811254145,0.0021724641349537346,0.006115199599118412
0.0008853946473141404,0.0005444819809010048,0.002116659594737215,0.005871097521904255
0.003147413053803889,0.0014304503869757561,0.00024292173910713953,0.005722169252346419
0.0029671645232520554,0.001374318642075786,0.00032087041618741657,0.005407039423318366
0.0009061080028903639,0.0005201062916509751,0.002172798961052727,0.00611378446118448
0.0008851814688099064,0.000544546479013052,0.0021171327456527616,0.005868791816521224
0.003148075824136289,0.001429999063784538,0.00024316472523492586,0.0057210102567835696
0.0029679069890742797,0.0013739903209598382,0.0003212139384713428,0.005405447750379107
0.0009059150587904498,0.0005200809188990207,0.0021731288695873976,0.0061123663245869755
0.000884966931860927,0.0005446123293067009,0.0021176022968067802,0.00586648670377843
0.0031487346741265617,0.0014295525273032078,0.000243402728987361,0.005719850113529681
0.0029686457893218624,0.0013736664793090256,0.00032155190118316867,0.005403854656521523
0.0009057209408908261,0.0005200565485347739,0.002173453825487196,0.006110945230578524
0.0008847510489632511,0.000544679517883617,0.002118068209656468,0.005864182193637417
0.0031493896195606674,0.0014291107409333372,0.00024363574441518755,0.005718688846346602
0.0029693809440228323,0.001373347083446071,0.0003218843008297333,0.00540226015452176
0.0009055256617008703,0.0005200331662502263,0.0021737737944378614,0.006109521220012945
0.0008845338325912721,0.0005447480309675008,0.0021185304466046317,0.00586187829580634
0.0031500406758491434,0.0014286736681484527,0.000243863766093257,0.005717526478688103
0.0029701124729152313,0.0013730320997721905,0.000322211134399517,0.005400664256891762
0.000905329233788703,0.0005200107578122759,0.0021740887428525514,0.006108094333270998
0.000884315295333685,0.0005448178548706686,0.002118988970765307,0.005859575019673818
0.0031506878583949603,0.0014282412724895082,0.0002440867890305485,0.00571636303378137
0.002970840395696993,0.0013727214947388139,0.0003225323992593264,0.0053990669760738685
0.000905131669816828,0.0005199893091168348,0.0021743986377536556,0.006106664610092889
0.000884095449875297,0.0005448889760306631,0.0021194437458252483,0.005857272374322085
0.003151331182620504,0.0014278135176497334,0.00024430480865174223,0.005715198534689171
0.0029715647321011947,0.0013724152349182239,0.0003228480931355396,0.005397468324453837
0.0009049329824957806,0.0005199688062067161,0.0021747034467688915,0.006105232089549964
0.0008838743089483492,0.0005449613810417375,0.002119894736076558,0.005854970368463094
0.003151970663980924,0.001427390367514165,0.0002445178207874169,0.005714033004204048
0.002972285501852911,0.001372113287057246,0.0003231582141149519,0.005395868314205201
0.00090473318451864,0.0005199492352666897,0.002175003138208758,0.006103796810099156
0.0008836518852497454,0.000545035056671308,0.0021203419065867948,0.005852669010422783
0.0031526063178721705,0.001426971786173621,0.00024472582170302057,0.005712866464740567
0.0029730027246176777,0.001371815618098342,0.00032346276066714613,0.005394266957169811
0.0009045322885357225,0.0005199305826097648,0.002175297681128302,0.006102358809625674
0.0008834281914487873,0.0005451099898459295,0.0021207852232276217,0.005850368308166369
0.003153238159569291,0.0014265577379002489,0.00024492880810103286,0.005711698938360685
0.002973716419964118,0.001371522195162398,0.0003237617316447245,0.00539266426489785
0.0009043303071915274,0.0005199128346706976,0.002175587045267942,0.006100918125435241
0.0008832032402121532,0.0005451861676611644,0.0021212246526549185,0.005848068269276382
0.0031538662042675577,0.0014261481871456706,0.00024512677710725845,0.005710530446835676
0.0029744266074054567,0.0013712329855413332,0.0003240551262669413,0.005391060248709393
0.0009041272531550962,0.0005198959780116951,0.0021758712010339085,0.006099474794210103
0.0008829770442477933,0.0005452635773726789,0.0021216601622493295,0.00584576890094399
0.0031544904670862913,0.0014257430985303034,0.0002453197262666786,0.005709361011695682
0.0029751333063795377,0.0013709479566956563,0.00032434294411676164,0.005389454919731286
0.0009039231391142348,0.0005198799993232559,0.0021761501194813887,0.006098028852015239
0.0008827496162755148,0.0005453422064029972,0.002122091720124131,0.005843470209992155
0.0031551109630693665,0.0014253424368608852,0.0002455076535372402,0.005708190654182264
0.0029758365362693748,0.0013706670762576013,0.0003246251851297526,0.0053878482888616245
0.0009037179777515544,0.0005198648854360143,0.00217642377235909,0.006096580334288955
0.0008825209690046208,0.0005454220423461931,0.0021225192951585957,0.005841172202892283
0.0031557277071432694,0.0014249461671442963,0.00024569055729967496,0.005707019395205647
0.00297653631632146,0.0013703903120505802,0.0003249018496086248,0.0053862403667490994
0.000903511781728756,0.0005198506233248413,0.0021766921321201664,0.0060951292758528956
0.0008822911151290328,0.000545503072961647,0.00212294285699644,0.005838874885760676
0.003156340714120891,0.0014245542545842367,0.0002458684363510605,0.005705847255348831
0.002977232665671002,0.0013701176320843824,0.0003251729382106926,0.005384631163796892
0.0009033045636708061,0.0005198372001063332,0.0021769551719248515,0.006093675710921048
0.0008820600673232625,0.0005455852861869858,0.0021233623760382844,0.005836578264365592
0.0031569499987227968,0.0014241666645901162,0.0002460412898935013,0.005704674254874358
0.0029779256033662803,0.0013698490045574972,0.000325438451938059,0.0053830206901815374
0.0009030963361930691,0.0005198246030543067,0.002177212865616927,0.0060922196730552195
0.0008818278382487665,0.0005456686701331831,0.0021237778234327242,0.005834282344131565
0.003157555575541945,0.0014237833627804254,0.0002462091175402957,0.005703500413733539
0.0029786151483395377,0.0013695843978582935,0.0003256983921385736,0.0053814089558619025
0.0009028871118981433,0.0005198128195896629,0.0021774651877299505,0.00609076119517054
0.0008815944405618408,0.0005457532130859044,0.0021241891710801113,0.005831987130120595
0.003158157459056281,0.0014234043149817205,0.0002463719193119594,0.005702325751563889
0.002979301319382871,0.0013693237805729574,0.00032595276050683384,0.005379795970571707
0.0009026769033622,0.0005198018372878854,0.0021777121135065094,0.006089300309543562
0.000881359886904304,0.0005458389035098085,0.002124596391639388,0.00582969262705694
0.003158755663609339,0.0014230294872321072,0.00024652969563290295,0.005701150287668902
0.002979984135152622,0.0013690671214821807,0.0003262015590778628,0.005378181743809366
0.0009024657231342309,0.0005197916438749944,0.0021779536189003522,0.006087837047799777
0.0008811241898865168,0.0005459257300429126,0.0021249994585499843,0.005827398839323641
0.0031593502033879805,0.0014226588457946698,0.00024668244733589155,0.005699974041012785
0.00298066361415329,0.001368814389572923,0.0003264447902287448,0.0053765662848447955
0.0009022535837246957,0.0005197822272413076,0.0021781896805754316,0.006086371440911627
0.0008808873620961851,0.000546013681500101,0.002125398346003048,0.005825105770971207
0.0031599410924528317,0.0014222923571523222,0.0002468301756509261,0.005698797030229173
0.0029813397747348257,0.0013685655540375378,0.00032668245666810287,0.005374949602725774
0.0009020404976109487,0.0005197735754319296,0.0021784202758968994,0.00608490351919654
0.0008806494160875557,0.0005461027468812579,0.0021257930289507888,0.005822813425709996
0.003160528344698051,0.0014219299880244081,0.00024697288220738037,0.005697619273618235
0.002982012635093145,0.0013683205842797861,0.00032691456143726656,0.005373331706276328
0.0009018264772309915,0.0005197656766502203,0.002178645382943361,0.006083433312308551
0.0008804103643933659,0.0005461929153572286,0.00212618348309847,0.005820521806919231
0.0031611119738607888,0.001421571705353101,0.00024711056903109263,0.005696440789155699
0.0029826822132406118,0.0013680794499148108,0.00032714110790667825,0.00537171260411349
0.0009016115349915438,0.0005197585192668649,0.002178864980489728,0.006081960849238904
0.000880170219514869,0.0005462841762819792,0.002126569684919206,0.005818230917651091
0.0031616919935125412,0.0014212174763149157,0.0002472432385459453,0.005695261594477638
0.0029833485270187574,0.0013678421207613642,0.0003273620997769714,0.005370092304632991
0.0009013956832520028,0.0005197520918052037,0.00217907904803616,0.006080486158316028
0.00087992899391859,0.0005463765191770228,0.0021269516116408592,0.0058159407606468375
0.0031622684170455593,0.0014208672683224098,0.00024737089356803625,0.005694081706876179
0.002984011594063704,0.0013676085668588456,0.0003275775410736948,0.00536847081602576
0.0009011789343290463,0.0005197463829620148,0.0021792875657966593,0.006079009267192166
0.0008796867000387601,0.000546469933749729,0.0021273292412474156,0.005813651338324838
0.0031628412576650555,0.0014205210490265527,0.0002474935373084885,0.0056929011433121054
0.0029846714318152883,0.0013673787584610987,0.00032778743614565265,0.005366848146267064
0.0009009613004931187,0.0005197413815904095,0.002179490514686036,0.00607753020285412
0.0008794433502742198,0.0005465644098754162,0.0021277025524733305,0.0058113626527888105
0.0031634105283844757,0.0014201787863258601,0.00024761117336472883,0.005691719920406994
0.0029853280575104827,0.0013671526660423295,0.000327991789661146,0.005365224303141291
0.0009007427939652612,0.0005197370767148243,0.0021796878763381947,0.0060760489916154665
0.0008791989569821274,0.000546659937605114,0.0021280715248041117,0.005809074705843116
0.0031639762420408155,0.0014198404483584523,0.0002477238057231614,0.0056905380544502735
0.002985981488171617,0.001366930260292067,0.0003281906066042265,0.0053635992942343055
0.0009005234269233413,0.0005197334575155095,0.0021798796330954892,0.006074565659100092
0.0008789535324866389,0.0005467565071648082,0.0021284361384754044,0.00580678749898352
0.0031645384112413606,0.001419506003514082,0.00024783143876092983,0.005689355561386541
0.0029866317405732603,0.0013667115121292666,0.0003283838922820626,0.0053619731269327455
0.0009003032114828423,0.0005197305133509086,0.0021800657680125135,0.006073080230272035
0.0008787070890717024,0.0005468541089450921,0.002128796374462434,0.005804501033413149
0.003165097048403642,0.0014191754204305163,0.0002479340772354426,0.005688172456826157
0.002987278831281829,0.0013664963926849853,0.0003285716523081188,0.005360345808443383
0.0009000821597195658,0.0005197282337326966,0.0021802462648554846,0.0060715927294012085
0.0008784596389767542,0.0005469527335122807,0.0021291522144860848,0.0058022153100417825
0.003165652165706702,0.0014188486680015244,0.00024803172629225665,0.005686988756044833
0.002987922776593851,0.00136628487332458,0.0003287538926152122,0.005358717345785478
0.0008998602836459095,0.0005197266083428382,0.0021804211080955274,0.006070103180087207
0.0008782111944098484,0.0005470523715920405,0.002129503641002736,0.005799930329486601
0.003166203775126818,0.0014185257153703612,0.000248124391455648,0.00568580447398711
0.002988563592566497,0.0013660769256340199,0.00032893061944313926,0.0053570877458044555
0.0008996375952222885,0.0005197256270286777,0.002180590282920418,0.0060686116052422
0.0008779617675269336,0.0005471530140805353,0.0021298506371984177,0.0057976460920947746
0.0031667518883938344,0.001418206531943704,0.0002482120786321878,0.005684619625256651
0.002989201294990763,0.0013658725214258016,0.0003291018393393882,0.005355457015175689
0.0008994141063522534,0.0005197252798005608,0.00218075377521743,0.0060671180270959624
0.0008777113704515543,0.0005472546520288512,0.0021301931869815304,0.005795362597934033
0.003167296516997944,0.0014178910873876712,0.0002482947941062988,0.005683434224134055
0.0029898358993783263,0.0013656716327416594,0.00032926755916290695,0.0053538251604139785
0.0008991898288802057,0.0005197255568358004,0.002180911571584794,0.006065622467195981
0.000877460015258793,0.0005473572766528988,0.00213053127499361,0.005793079846800285
0.00316783767221305,0.0014175793516284995,0.000248372544537641,0.005682248284554083
0.002990467420975284,0.0013654742318514885,0.00032942778606965075,0.005352192187867526
0.000898964774597772,0.0005197264484725324,0.002181063659328409,0.006064124946394929
0.000877207713980135,0.0005474608793248685,0.002130864886589528,0.005790797838227461
0.0031683753650189952,0.0014172712948633869,0.0002484453369671736,0.005681061820130051
0.0029910958747282677,0.0013652802912583204,0.00032958252752822166,0.005350558103728031
0.0008987389552328252,0.0005197279452140661,0.0021812100264461012,0.006062625484873221
0.0008769544786093587,0.0005475654515700861,0.0021311940078390106,0.005788516571479647
0.003168909606170438,0.0014169668875501302,0.0002485131788048536,0.005679874844147401
0.002991721275285663,0.00136508978369903,0.00032973179130336424,0.005348922914041756
0.0008985123824546405,0.0005197300377226789,0.002181350661639566,0.006061124102127169
0.0008767003210932198,0.0005476709850679611,0.0021315186255205475,0.005786236045572346
0.0031694404061594276,0.0014166661004155708,0.0002485760778333417,0.005678687369569124
0.0029923436370105764,0.001364902682136581,0.00032987558546032625,0.005347286624712927
0.0008982850678701908,0.0005197327168263932,0.002181485554308749,0.006059620816965498
0.0008764452533392663,0.0005477774716419648,0.0021318387271064883,0.0057839562592753874
0.003169967775188198,0.001416368904460056,0.0002486340422073889,0.005677499409037204
0.0029929629739234753,0.001364718959770026,0.00033001391836603804,0.005345649241515236
0.0008980570230304989,0.0005197359735080166,0.0021816146945423578,0.006058115647518821
0.000876189287210601,0.000547884903265472,0.0021321543007656396,0.005781677211114029
0.003170491723199806,0.001416075270952129,0.0002486870804504647,0.005676310974866477
0.0029935792997381164,0.0013645385900298375,0.0003301467986819998,0.005344010770094193
0.0008978282594224968,0.0005197397989119665,0.0021817380731258837,0.006056608611229338
0.0008759324345258094,0.0005479932720484403,0.002132465335357278,0.005779398899384282
0.0031710122598483763,0.0014157851714389753,0.0002487352014539835,0.005675122079059407
0.00299419262784565,0.0013643615465824429,0.0003302742353656203,0.005342371215965818
0.0008975987884741588,0.0005197441843421571,0.0021818556815340904,0.006055099724857316
0.0008756747070657045,0.0005481025702438538,0.0021327718204203943,0.005777121322140621
0.0031715293945090476,0.0014154985777428272,0.00024877841447547267,0.005673932733295536
0.002994802971281764,0.0013641878033314498,0.00033039623767165335,0.0053407305845373995
0.0008973686215450089,0.0005197491212594142,0.0021819675119255904,0.006053589004494652
0.0008754161165654538,0.0005482127902364071,0.0021330737461625394,0.005774844477220927
0.003172043136275358,0.0014152154619641421,0.00024881672913184145,0.005672742948943892
0.002995410342761899,0.001364017334411724,0.0003305128151407362,0.005339088881109052
0.0008971377699434671,0.0005197546012803443,0.002182073557140533,0.006052076465533439
0.0008751566747194364,0.0005483239245501904,0.002133371103466308,0.005772568362243916
0.0031725534939231713,0.001414935796485694,0.0002488501554098315,0.005671552737062932
0.0029960147546248613,0.0013638501142019244,0.0003306239776127512,0.0053374461108689816
0.0008969062449049091,0.0005197606161748332,0.0021821738106965628,0.006050562122708417
0.000874896393184553,0.0005484359658307613,0.002133663883871803,0.005770292974599638
0.0031730604759497585,0.0014146595539693046,0.00024887870365071946,0.005670362108401709
0.0029966162188718847,0.0013636861173138618,0.00033072973521231495,0.005335802278913311
0.0008966740576095756,0.0005197671578690015,0.002182268266791935,0.0060490459900701616
0.0008746352835705051,0.0005485489068544188,0.002133952079570976,0.005768018311489329
0.003173564090534748,0.0014143867073622871,0.0002489023845555097,0.005669171073406881
0.002997214747124796,0.0013635253185990117,0.00033083009835394137,0.005334157390246355
0.0008964412191773647,0.0005197742184337357,0.002182356920285812,0.006047528080998741
0.0008743733574531962,0.0005486627405175455,0.002134235683402705,0.005765744369899128
0.0031740643455498,0.001414117229894118,0.00024892120918493834,0.0056679796422221115
0.002997810350643925,0.00136336769314709,0.0003309250777415954,0.0053325114497903454
0.0008962077406643327,0.0005197817900995245,0.002182439766709351,0.006046008408202621
0.0008741106263651823,0.0005487774598373549,0.0021345146888422178,0.005763471146622511
0.003174561248552435,0.0014138510950857121,0.00024893518895217193,0.0056667878246903355
0.002998403040313061,0.001363213216287236,0.00033101468436072144,0.005330864462387664
0.0008959736330636331,0.0005197898652382298,0.002182516802258662,0.006044486983723646
0.0008738471018049765,0.0005488930579423584,0.002134789089991429,0.005761198638261502
0.0031750548067837367,0.0014135882767411984,0.00024894433562348394,0.005665595630364242
0.0029989928266173018,0.0013630618635901179,0.00033109892948624605,0.005329216432816062
0.0008957389073074039,0.0005197984363729762,0.002182588023783386,0.006042963818943309
0.0008735827952269918,0.0005490095280773162,0.0021350588815736557,0.005758926841235587
0.003175545027172292,0.001413328748957256,0.00024894866131627716,0.005664403068495467
0.002999579719666464,0.00136291361086187,0.0003311778246705986,0.0053275673657816386
0.0008955035742732796,0.0005198074961722052,0.0021826534287843024,0.006041438924568589
0.0008733177180532443,0.0005491268635912878,0.002135324058926224,0.005756655751781089
0.003176031916311282,0.0014130724861225283,0.0002489481784987925,0.005663210148051245
0.003000163729162211,0.0013627684341569126,0.0003312513817547627,0.005325917265942601
0.0008952676447672747,0.0005198170374514974,0.002182713015421703,0.0060399123106646534
0.000873051881668189,0.0005492450579403978,0.002135584617984119,0.005754385365969125
0.003176515480476358,0.0014128194629147515,0.0002489428999817408,0.005662016877709134
0.003000744864430832,0.0013626263097607763,0.00033131961285027596,0.0053242661378973205
0.0008950311295488796,0.0005198270531656836,0.0021827667824931398,0.006038383986618854
0.0008727852974204356,0.0005493641046826391,0.0021358405552851585,0.005752115679693095
0.003176995725600925,0.0014125696543139366,0.00024893283892945726,0.00566082326585903
0.003001323134356571,0.0013624872142138761,0.00033138253036046656,0.005322613986201547
0.0008947940393020309,0.0005198375364191229,0.0021828147294447775,0.006036853961188489
0.0008725179766239928,0.0005494839974722458,0.0021360918679507674,0.005749846688683838
0.003177472657311633,0.00141232303559146,0.0002489180088353255,0.005659629320607378
0.0030018985474514585,0.0013623511242888738,0.00033144014695158405,0.0053209608153667685
0.0008945563846661906,0.0005198484804478523,0.0021828568563474118,0.006035322242459022
0.0008722499305541956,0.0005496047300605074,0.0021363385536838694,0.005747578388522465
0.003177946280866229,0.0014120795823179023,0.0002488984235477204,0.005658435049791797
0.003002471111783389,0.0013622180170119727,0.0003314924755802104,0.005319306629872869
0.0008943181762142278,0.0005198598786331178,0.002182893163905396,0.0060337888378931784
0.0008719811704644974,0.000549726296288051,0.002136580610749174,0.005745310774620376
0.0031784166012166874,0.0014118392703588193,0.00024887409724079214,0.005657240460972893
0.0030030408350247006,0.0013620878696449482,0.0003315395294654276,0.005317651434174048
0.0008940794244607831,0.0005198717244904684,0.0021829236534466733,0.006032253754303838
0.0008717117075581537,0.0005498486900868801,0.002136818037988846,0.005743043842262857
0.003178883622962864,0.0014116020758873095,0.00024884504443283364,0.005656045561428108
0.0030036077244221374,0.001361960659696188,0.0003315813221046928,0.005315995232693849
0.0008938401398679302,0.0005198840116723154,0.0021829483269264075,0.006030716997861405
0.0008714415530282778,0.0005499719054720981,0.002137050834778515,0.005740777586573856
0.003179347350360748,0.0014113679753716005,0.00024881127997371786,0.0056548503581790935
0.0030041717867727545,0.0013618363649232986,0.0003316178672733114,0.005314338029847874
0.0008936003328358049,0.0005198967339693001,0.002182967186904432,0.00602917857412243
0.0008711707180186308,0.0005500959365404743,0.0021372790010492733,0.005738512002552791
0.0031798077873467618,0.001411136945582904,0.0002487728190389675,0.00565365485797339
0.003004733028495018,0.0013617149633210312,0.0003316491790010898,0.005312679830031032
0.0008933600137117944,0.0005199098853001581,0.0021829802365543986,0.006027638487995451
0.0008708992136516382,0.000550220777467977,0.002137502537260993,0.005736247085066976
0.0031802649374867084,0.0014109089636028446,0.00024872967714010353,0.0056524590673025805
0.0030052914555276297,0.0013615964331375697,0.0003316752716039631,0.005311020637642666
0.0008931191927797176,0.0005199234597221576,0.0021829874796559755,0.0060260967437879304
0.0008706270510204223,0.0005503464225037519,0.0021377214443907967,0.005733982828857346
0.003180718804036909,0.0014106840068104473,0.0002486818701068728,0.005651262992386547
0.003005847073406644,0.0013614807528623566,0.0003316961596487234,0.0053093604570732065
0.0008928778802796783,0.0005199374514202233,0.0021829889205811446,0.006024553345165723
0.0008703542411905903,0.0005504728659718301,0.0021379357239451244,0.005731719228536159
0.0031811693898871236,0.0014104620528998474,0.00024862941409957694,0.005650066639200641
0.0030063998872144064,0.0013613679012338415,0.00033171185798299,0.005307699292728962
0.0008926360863887694,0.0005199518547120003,0.0021829845643027705,0.006023008295205192
0.0008700807951942101,0.0005506001022678019,0.0021381453779288425,0.005729456278607398
0.003181616697614213,0.0014102430798672108,0.00024857232558945234,0.0056488700134503505
0.0030069499016185993,0.0013612578572385192,0.0003317223817029409,0.005306037149002786
0.0008923938212328546,0.0005199666640384947,0.00218297441637275,0.006021461596358228
0.0008698067240445472,0.0005507281258495084,0.0021383504088470506,0.005727193973457149
0.0031820607294123127,0.001410027066022755,0.00024851062137648376,0.005647673120603796
0.003007497120826378,0.0013611506001120447,0.00033172774618116035,0.005304374030322507
0.0008921510948836069,0.0005199818739767515,0.0021829584829325286,0.006019913250487479
0.0008695320387228432,0.0005508569312431968,0.0021385508196922302,0.005724932307366
0.003182501487186382,0.0014098139899819157,0.0002484443185639909,0.005646475965867428
0.003008041548633588,0.001361046109333972,0.0003317279670359775,0.005302709941119078
0.0008919079173618001,0.0005199974792219177,0.0021829367706905495,0.0060183632588525346
0.0008692567501899117,0.0005509865130347755,0.002138746613936578,0.005722671274510991
0.0031829389724549444,0.0014096038306772706,0.0002483734345764566,0.005645278554214999
0.0030085831883487333,0.0013609443646399808,0.0003317230601610511,0.005301044885858538
0.0008916642986340661,0.000520013474598397,0.002182909286925808,0.006016811622133079
0.000868980869380605,0.0005511168658676478,0.0021389377955212925,0.005720410868969446
0.0031833731864460996,0.0014093965673454356,0.0002482979871374242,0.005644080890367606
0.003009122042899867,0.0013608453460044472,0.00033171304168936336,0.0052993788690305285
0.0008914202486199237,0.0005200298550548556,0.002182876039488972,0.006015258340411176
0.000868704407199935,0.000551247984443357,0.002139124368847336,0.005718151084741001
0.0031838041300039453,0.001409192179547072,0.0002482179942851775,0.00564288297880697
0.003009658114739589,0.0013607490336611943,0.00033169792802067077,0.0052977118951477095
0.0008911757771800957,0.000520046615665985,0.002182837036788712,0.006013703413196745
0.0008684273745439823,0.0005513798635133129,0.0021393063387645872,0.0057158919157143185
0.0031842318036887536,0.0014089906471502285,0.0002481334743534707,0.00564168482377301
0.003010191405869679,0.001360655408089667,0.00033167773580537784,0.005296043968777319
0.0008909308941349621,0.0005200637516238526,0.0021827922877736537,0.006012146839433929
0.000868149782272681,0.0005515124978862066,0.0021394837105742012,0.005713633355704623
0.0031846562076845494,0.001408791950338537,0.0002480444459772806,0.005640486429286259
0.0030107219179009484,0.0013605644500204325,0.000331652481939909,0.0052943750945008364
0.0008906856092517774,0.0005200812582421997,0.0021827418019491006,0.006010588617490395
0.0008678716412341032,0.0005516458824152817,0.0021396564900022603,0.005711375398445621
0.003185077341865868,0.0014085960696171612,0.0002479509280904411,0.005639287799118377
0.0030112496519469636,0.0013604761404367725,0.00033162218357934265,0.005292705276965767
0.0008904399322441753,0.000520099130961974,0.00218268558935257,0.006009028745189401
0.0008675929622490009,0.0005517800119992191,0.002139824683199878,0.005709118037597346
0.003185495205806672,0.0014084029858009864,0.0002478529399122155,0.005638088936808928
0.0030117746087289427,0.001360390460568535,0.00033158685811347625,0.005291034520858674
0.0008901938727899827,0.0005201173653353935,0.0021826236605658692,0.006007467219780972
0.00086731375612691,0.000551914881583027,0.0021399882967309534,0.005706861266746633
0.0031859097986908697,0.0014082126800311616,0.0002477505009597408,0.005636889845695393
0.0030122967884982747,0.0013603073919041507,0.0003315465231938204,0.005289362830917155
0.0008899474405040141,0.0005201359570380995,0.0021825560266842824,0.006005904038003563
0.0008670340336482133,0.0005520504861528398,0.0021401473375650387,0.005704605079414031
0.003186321119460416,0.0014080251337567832,0.00024764363102419516,0.00563569052885991
0.0030128161911139005,0.0013602269161737666,0.00033150119669359576,0.005287690211932252
0.0008897006449750459,0.0005201549018614767,0.0021824826993379533,0.006004339196014404
0.0008667538055819099,0.0005521868207385821,0.0021403018130777777,0.005702349469054432
0.003186729166669651,0.00140784032875778,0.0002475323501942966,0.00563449098918707
0.0030133328159481147,0.0013601490153725296,0.0003314508967515019,0.005286016668755885
0.0008894534957255429,0.0005201741957153113,0.002182403690661823,0.006002772689481809
0.0008664730826755854,0.0005523238803983898,0.002140451731014096,0.0057000944290645965
0.003187133938635051,0.001407658247123955,0.00024741667881788046,0.005633291229322469
0.0030138466619929294,0.001360073671734344,0.000331395641720659,0.0052843422063077825
0.0008892060022455588,0.0005201938346274747,0.0021823190133068685,0.006001204513519523
0.0008661918756595992,0.0005524616602361744,0.0021405970995054162,0.005697839952800884
0.003187535433285054,0.0014074788712728384,0.00024729663753522154,0.005632091251713451
0.003014357727785568,0.001360000867754677,0.0003313354502093429,0.005282666829558367
0.0008889581739806768,0.0005202138147378448,0.0021822286804215442,0.005999634662734758
0.0008659101952521183,0.000552600155383917,0.0021407379270524996,0.0056955860335414195
0.0031879336483065894,0.0014073021839405943,0.0002471722472454503,0.005630891058579743
0.003014866011443214,0.001359930586180408,0.0003312703410532664,0.005280990543559007
0.0008887100203248955,0.0005202341323036966,0.0021821327056573718,0.005998063131235742
0.0008656280521477157,0.0005527393610094963,0.002140874222515746,0.005693332664540132
0.0031883285810539886,0.0014071281681839753,0.00024704352911785236,0.00562969065193409
0.0030153715106775226,0.0013598628100089057,0.0003312003333147056,0.005279313353419204
0.0008884615506400367,0.0005202547836948843,0.0021820311031456466,0.005996489912608053
0.0008653454570301637,0.000552879272309729,0.002141005995104402,0.005691079838995803
0.003188720228594462,0.0014069568073837844,0.0002469105045898656,0.0056284900335791125
0.003015874222751821,0.0013597975224955827,0.00033112544629729896,0.005277635264333578
0.0008882127742370821,0.0005202757653984442,0.0021819238875095365,0.005994914999964594
0.0008650624205690829,0.0005530198845077894,0.002141133254372464,0.005688827550069268
0.0031891085877150966,0.0014067880852385306,0.00024677319534864003,0.005627289205120695
0.003016374144546209,0.0013597347071417232,0.0003310456995199537,0.005275956281568059
0.0008879637003928264,0.0005202970740055201,0.00218181107383869,0.005993338385922949
0.0008647789534189515,0.0005531611928582256,0.00214125601020234,0.00568657579089056
0.0031894936548870403,0.0014066219857739408,0.0002466316233453475,0.0056260881679532455
0.0030168712725105744,0.001359674347707423,0.0003309611127368013,0.005274276410468455
0.000887714338337449,0.0005203187062302744,0.00218169267770656,0.00599176006262338
0.0008644950662192173,0.0005533031926360118,0.0021413742727989567,0.005684324554557635
0.0031898754263462565,0.0014064584933329305,0.00024648581077578197,0.005624886923269354
0.003017365602700993,0.0013596164282009134,0.0003308717059152576,0.005272595656465739
0.0008874646972677328,0.0005203406588908371,0.002181568715141206,0.005990180021736017
0.0008642107695952999,0.0005534458791445567,0.0021414880526891915,0.005682073834138582
0.0031902538980018145,0.0014062975925886224,0.0002463357800884826,0.005623685472071203
0.0030178571307656553,0.0013595609328880913,0.000330777499249854,0.005270914025064593
0.0008872147863369715,0.000520362928918392,0.0021814392026296525,0.005988598254470559
0.0008639260741657174,0.0005535892477053635,0.00214159736069998,0.005679823622669115
0.00319062906553973,0.0014061392685281264,0.00024618155396989876,0.005622483815157451
0.003018345851951921,0.001359507846287995,0.0003306785131494543,0.005269231521866508
0.0008869646146580402,0.0005203855133553659,0.0021813041571104126,0.005987014751590699
0.0008636409905267324,0.0005537332936642028,0.0021417022079587684,0.0056775739131809085
0.0031910009243720488,0.001405983506466891,0.0002460231553455488,0.005621281953139289
0.0030188317611307227,0.001359457153165847,0.0003305747682334016,0.005267548152563703
0.0008867141913154707,0.0005204084093520015,0.0021811635959669323,0.005985429503396566
0.0008633555292724329,0.000553878012384137,0.002141802605880003,0.005675324698678239
0.0031913694696214362,0.0014058302920431063,0.0002458606073807752,0.005620079886439706
0.0030193148527619916,0.0013594088385497395,0.00033046628534251477,0.005265863922927673
0.0008864635253463302,0.0005204316141695486,0.0021810175370211627,0.005983842499772919
0.0008630697009801283,0.0005540233992436975,0.0021418985661556134,0.005673075972150712
0.0031917346962157885,0.001405679611213474,0.00024569393346241767,0.005618877615283988
0.003019795120950611,0.001359362887711528,0.00033035308551629015,0.005264178838836418
0.00088621262575856,0.0005204551251759313,0.0021808659985256633,0.0059822537301642996
0.0008627835162181366,0.0005541694496437484,0.002141990100755614,0.005670827726581694
0.0031920965987820436,0.001405531450261401,0.00024552315721024237,0.005617675139732299
0.0030202725594006704,0.0013593192861804933,0.00033023519001037593,0.00526249290625142
0.0008859615015200407,0.0005204789398450778,0.0021807089991500404,0.005980663183606116
0.0008624969855480382,0.0005543161589946595,0.0021420772219076026,0.005668579954937598
0.003192455171754479,0.0014053857957866216,0.0002453483024610373,0.0056164724596454805
0.003020747161470279,0.0013592780197326851,0.00033011262027824974,0.0052608061312423545
0.0008857101615673367,0.0005205030557636388,0.0021805465579981162,0.0059790708487165
0.0008622101195120843,0.0005544635227256679,0.002142159942096387,0.005666332650203166
0.0031928104093148202,0.0014052426347155571,0.00024516939327006956,0.005615269574712647
0.003021218920144007,0.001359239074399589,0.00032998539797330436,0.005259118519969919
0.0008854586148049178,0.0005205274706185487,0.002180378694570841,0.005977476713704532
0.0008619229286516805,0.0005546115362749827,0.0021422382740526515,0.005664085805340523
0.00319316230541382,0.001405101954295916,0.0002449864539074679,0.005614066484444366
0.0030216878280323006,0.001359202436467493,0.00032985354495575805,0.005257430078694458
0.0008852068700991234,0.0005205521822068751,0.0021802054287825366,0.005975880766409875
0.000861635423494676,0.000554760195096137,0.002142312230751676,0.005661839413317793
0.0031935108538155253,0.0014049637420903256,0.0002447995088433443,0.005612863188180109
0.0030221538774231533,0.0013591680924649086,0.00032971708327004444,0.005255740813779616
0.0008849549362870687,0.0005205771884261778,0.0021800267809383564,0.00597428299427003
0.0008613476145602232,0.0005549094946499136,0.002142381825390856,0.005659593467121014
0.0031938560480313087,0.00140482798598434,0.0002446085827623812,0.005611659685094799
0.003022617060242833,0.00135913602917984,0.0003295760351609892,0.005254050731693259
0.0008847028221738901,0.0005206024872821707,0.0021798427717363137,0.005972683384361296
0.0008610595123659828,0.0005550594304069603,0.002142447071397386,0.005657347959727584
0.0031941978814070734,0.0014046946741825038,0.00024441370053883903,0.0056104559741888445
0.0030230773680823015,0.0013591062336416326,0.00032943042306041886,0.00525235983900941
0.000884450536533998,0.0005206280768809912,0.0021796534222625463,0.00597108192339296
0.0008607711274110258,0.0005552099978496505,0.0021425079824030765,0.0056551028841456095
0.0031945363470773573,0.001404563795206157,0.0002442148872450093,0.005609252054301052
0.0030235347922042883,0.0013590786931305236,0.00032928026958574565,0.005250668142409142
0.000884198088111904,0.0005206539554334704,0.002179458753980117,0.005969478597712644
0.0008604824701937103,0.000555361192462726,0.002142564572256909,0.005652858233386686
0.003194871437985417,0.0014044353378960507,0.0002440121681432838,0.005608047924105098
0.0030239893235396546,0.00135905339517961,0.0003291255975413865,0.005248975648677153
0.0008839454856206435,0.0005206801212549202,0.0021792587887254043,0.00596787339333022
0.0008601935512037654,0.0005555130097370701,0.002142616854999936,0.005650614000484831
0.0031952031469118683,0.0014043092914070227,0.00024380556867955843,0.005606843582118254
0.0030244409527166068,0.0013590303275628913,0.000328966429907881,0.005247282364713405
0.0008836927377477622,0.0005207065727571879,0.002179053548696577,0.0059662662959153135
0.0008599043809220494,0.0005556654451745776,0.0021426648448704152,0.005648370178493927
0.003195531466439958,0.0014041856452116088,0.0002435951144800364,0.0056056390267065674
0.003024889670050698,0.00135900947830856,0.0003288027898450279,0.005245588297516134
0.0008834398531505855,0.0005207333084568753,0.002178843056452195,0.005964657290812885
0.0008596149698245348,0.0005558184942751978,0.0021427085562839227,0.00564612676049043
0.0031958563890119285,0.0014040643890942382,0.00024338083134722914,0.0056044342560747
0.0030253354655489736,0.0013589908356865322,0.00032863470068985386,0.005243893454204958
0.0008831868404597421,0.0005207603269682323,0.0021786273349033674,0.0059630463630547526
0.0008593253283809858,0.0005559721525452688,0.0021427480038436727,0.0056438837395764024
0.0031961779069066888,0.0014039455131529223,0.00024316274525397946,0.005603229268281408
0.0030257783289376846,0.0013589743882117472,0.00032846218594636905,0.005242197842003161
0.0008829337082807524,0.000520787627005731,0.00217840640730541,0.005961433497357907
0.0008590354670537844,0.0005561264154951981,0.00214278320231178,0.00564164110888544
0.003196496012247871,0.0014038290077987045,0.00024294088234013878,0.00560202406123921
0.003026218249644321,0.0013589601246466864,0.0003282852692913209,0.005240501468247234
0.0008826804651896215,0.0005208152073803107,0.002178180297249631,0.005959818678152873
0.0008587453963011551,0.0005562812786316099,0.0021428141666199997,0.005639398861579465
0.003196810697023172,0.001403714863748944,0.0002427152689053632,0.005600818632720185
0.0030266552168323364,0.0013589480339935983,0.0003281039745620947,0.005238804340392396
0.0008824271197459691,0.0005208430669997054,0.00217794902866161,0.005958201889576768
0.0008584551265711048,0.0005564367374697028,0.002142840911854734,0.00563715699085947
0.0031971219530876685,0.0014036030720342822,0.00024248593140807276,0.005599612980348486
0.0030270892193975537,0.0013589381055006242,0.0003279183257610498,0.005237106465992087
0.0008821736804749406,0.0005208712048700809,0.002177712625795365,0.005956583115488211
0.0008581646683132062,0.0005565927875176041,0.002142863453254362,0.005634915489952483
0.0031974297721770093,0.0014034936239886479,0.00024225289645672595,0.005598407101617571
0.003027520245957389,0.0013589303286568842,0.00032772834705197847,0.005235407852727652
0.0008819201558826028,0.0005208996200925128,0.0021774711132170436,0.005954962339489003
0.0008578740319679117,0.000556749424285845,0.002142881806191757,0.00563267435213785
0.00319773414590963,0.0014033865112505067,0.0002420161908071754,0.00559720099388277
0.0030279482849150103,0.0013589246931842696,0.00032753406274570434,0.005233708508386166
0.0008816665544552751,0.0005209283118606141,0.0021772245158117546,0.00595333954491039
0.0008575832279680895,0.0005569066432839352,0.002142895986184207,0.005630433570730812
0.0031980350657881233,0.0014032817257664555,0.00024177584135977954,0.005595994654365359
0.003028373324376232,0.001358921189055751,0.00032733549731594753,0.005232008440873529
0.0008814128846516123,0.0005209572794627493,0.0021769728587631067,0.0059517147148477065
0.0008572922667459166,0.000557064440015845,0.0021429060088703597,0.005628193139090473
0.0031983325232388133,0.0014031792597792828,0.00024153187514840244,0.005594788080164832
0.00302879535227421,0.0013589198064695932,0.0003271326753777346,0.005230307658206936
0.0008811591549123078,0.000520986522281604,0.0021767161675642207,0.005950087832152595
0.000857001158728012,0.0005572228099875817,0.0021429118900198794,0.005625953050622809
0.003198626509570078,0.0014030791058362566,0.00024128431934499826,0.00559358126825074
0.003029214356279585,0.0013589205358702954,0.00032692562169618254,0.005228606168513732
0.0008809053736563012,0.0005210160397884516,0.002176454467991762,0.005948458879452644
0.0008567099143349911,0.0005573817486985841,0.002142913645515881,0.005623713298777738
0.0031989170160274453,0.0014029812567801978,0.0002410332012450259,0.005592374215467971
0.0030296303238536507,0.001358923367932625,0.0003267143611796524,0.005226903980038144
0.0008806515492823983,0.0005210458315467176,0.002176187786114137,0.005946827839158486
0.0008564185439802357,0.0005575412516435811,0.0021429112913572655,0.0056214738770627975
0.00319920403377913,0.0014028857057504379,0.0002407785482701819,0.0055911669185399766
0.0030300432422656364,0.0013589282935663062,0.0003264989188727147,0.005225201101133797
0.0008803976901688693,0.0005210758972063559,0.0021759161482793376,0.005945194693475558
0.000856127058080932,0.000557701314315653,0.002142904843647019,0.00561923477902629
0.0031994875539347045,0.0014027924461783112,0.0002405203879595901,0.005589959374084355
0.0030304530985682337,0.001358935303914682,0.0003262793199609495,0.00522349754027108
0.0008801438046777518,0.0005211062365098202,0.0021756395811043114,0.005943559424414944
0.0008558354670426148,0.0005578619322017737,0.0021428943185835005,0.005616995998277819
0.0031997675675382634,0.001402701471784548,0.00024025874796489063,0.005588751578600852
0.0030308598796569036,0.0013589443903492817,0.00032605558975717637,0.005221793306026522
0.0008798899011517306,0.0005211368492813954,0.0021753581114766617,0.005941922013799709
0.0008555437812646166,0.0005580231007815319,0.0021428797324693437,0.005614757528484188
0.0032000440655916237,0.0014026127765833138,0.00023999365605083925,0.005587543528473081
0.003031263572215883,0.0013589555444717845,0.00032582775370990704,0.00522008840709416
0.000879635987914182,0.0005211677354345782,0.0021750717665462616,0.005940282443279183
0.0008552520111508901,0.0005581848155287716,0.0021428611016864646,0.00561251936336804
0.003200317039057022,0.0014025263548693497,0.00023972514008283293,0.005586335219988272
0.0030316641627790232,0.001358968758110224,0.00032559583739161696,0.005218382852278795
0.0008793820732760389,0.0005211988949639013,0.0021747805737113253,0.005938640694342584
0.0008549601670924492,0.000558347071911769,0.002142838442710536,0.005610281496707602
0.0032005864788664253,0.0014024422012246746,0.00023945322802745644,0.005585126649320973
0.0030320616377296837,0.001358984023319935,0.00032535986649635324,0.005216676650488792
0.0008791281655224178,0.0005212303279533467,0.0021744845606279056,0.005936996748318315
0.00085466825947835,0.0005585098653882596,0.002142811772087136,0.005608043922354597
0.0032008523759452915,0.0014023603105112015,0.00023917794794591345,0.005583917812545096
0.0030324559832878902,0.001359001332378288,0.00032511986684031493,0.005214969810748834
0.0008788742729387792,0.0005212620345652069,0.0021741837551837386,0.005935350586383991
0.0008543762986968131,0.0005586731914159858,0.0021427811064442482,0.005605806634205031
0.0032011147211841694,0.0014022806778681658,0.0002388993279910679,0.005582708705644068
0.003032847185538675,0.001359020677789745,0.0003248758643583399,0.005213262342187462
0.0008786204037751225,0.0005212940150416949,0.0021738781855107966,0.0059337021896049965
0.0008540842951255799,0.0005588370454371738,0.002142746462474441,0.005603569626234676
0.0032013735054926616,0.0014022032987092258,0.00023861739639814052,0.005581499324496296
0.0030332352304573065,0.0013590420522729167,0.0003246278850919246,0.005211554254034337
0.0008783665662839757,0.0005213262697076212,0.0021735678799620407,0.005932051538903445
0.0008537922591395634,0.0005590014228905038,0.0021427078569409615,0.0056013328924768594
0.0032016287197604554,0.001402128168724968,0.0002383321814902189,0.005580289664895395
0.0030336201038723737,0.0013590654487701998,0.0003243759552018275,0.005209845555631834
0.000878112768695247,0.0005213587989616599,0.0021732528671208192,0.0059303986150976784
0.0008535002011113261,0.0005591663192046915,0.002142665306665987,0.005599096427028093
0.0032018803549166332,0.0014020552838700082,0.00023804371165906014,0.005579079722543885
0.003034001791527914,0.001359090860438044,0.00032412010094739205,0.005208136256423162
0.0008778590192256073,0.0005213916032847099,0.0021729331757842393,0.005928743398904256
0.0008532081314025385,0.0005593317298020516,0.002142618828528321,0.005596860224064431
0.003202128401902867,0.0014019846403668138,0.00023775201537223174,0.005577869493056566
0.0030343802790571625,0.001359118280648005,0.00032386034869704425,0.005206426365951099
0.0008776053260829341,0.00052142468322841,0.0021726088349546127,0.005927085870941843
0.0008529160603786539,0.0005594976500929818,0.0021425684394578114,0.005594624277819771
0.0032023728516804785,0.0014019162347018133,0.00023745712116661372,0.005576658971974383
0.003034755552004288,0.0013591477029856176,0.0003235967249198955,0.005204715893865739
0.0008773516974532621,0.0005214580394198931,0.0021722798738460234,0.0059254260117653345
0.000852623998389368,0.0005596640754813978,0.0021425141564336966,0.005592388582606944
0.003202613695279476,0.0014018500636155927,0.00023715905763689734,0.005575448154747941
0.003035127595856371,0.0013591791212405975,0.00032332925617395224,0.005203004849906355
0.0008770981415253645,0.0005214916725602661,0.0021719463218668094,0.005923763801830391
0.0008523319557840717,0.000559831001362341,0.0021424559964860566,0.005590153132811026
0.003202850923732046,0.0014017861241136672,0.00023685785344481242,0.005574237036757991
0.003035496395996475,0.0013592125294207447,0.0003230579691258572,0.005201293243916995
0.0008768446664576924,0.0005215255834214677,0.0021716082086200516,0.005922099221562291
0.0008520399429075371,0.0005599984231179077,0.002142393976674545,0.005587917922879408
0.0032030845281859743,0.0014017244134471194,0.0002365535372925372,0.005573025613303063
0.0030358619377896055,0.0013592479217281787,0.000322782890517418,0.005199581085837251
0.0008765912804111442,0.000521559772847311,0.0021712655638969074,0.00592043225131055
0.0008517479700957802,0.0005601663361270121,0.002142328114105169,0.005585682947350823
0.003203314499795256,0.0014016649291204982,0.0002362461379465205,0.005571813879625887
0.0030362242065284945,0.001359285292578934,0.0003225040471872425,0.00519786838569391
0.0008763379915302623,0.0005215942417454146,0.00217091841765942,0.005918762871400648
0.0008514560476781505,0.0005603347357532187,0.002142258425916148,0.0055834482008206565
0.0032035408298341935,0.0014016076688824115,0.00023593568420822602,0.005570601830884014
0.0030365831874758207,0.0013593246365858952,0.0003222214660556751,0.005196155153610228
0.0008760848079474261,0.0005216289910970271,0.0021705668000576517,0.005917091062121342
0.0008511641859761582,0.0005605036173545075,0.0021421849292765196,0.0055812136779743084
0.003203763509635221,0.0014015526307221886,0.0002356222049241323,0.005569389462179468
0.0030369388658685135,0.001359365948558712,0.0003219351741218876,0.0051944413997938145
0.0008758317377875547,0.0005216640219421872,0.0021702107413980242,0.00591541680374581
0.000850872395307944,0.0005606729762801218,0.002142107641380288,0.005578979373568016
0.0032039825306176364,0.0014014998128697377,0.00023530572897796528,0.005568176768550098
0.003037291226922746,0.0013594092235078912,0.00032164519846835244,0.005192727134545395
0.0008755787891633901,0.000521699335389373,0.002169850272157255,0.005913740076535891
0.0008505806859790449,0.0005608428078675952,0.0021420265794547685,0.00557674528243438
0.003204197884317299,0.0014014492137878855,0.00023498628528137384,0.005566963744974471
0.003037640255864872,0.0013594544566355644,0.00032135156624466356,0.005191012368239087
0.0008753259701803008,0.000521734932607632,0.002169485422959563,0.005912060860752307
0.0008502890682892165,0.000561013107449834,0.0021419417607445733,0.005574511399483075
0.003204409562350725,0.0014014008321724055,0.00023466390278093752,0.005565750386375286
0.003037985937902037,0.0013595016433370069,0.0003210543046781913,0.0051892971113350235
0.0008750732889327723,0.0005217708148282137,0.0021691162245877733,0.005910379136671472
0.0008499975525308166,0.0005611838703485822,0.002141853202514636,0.005572277719701368
0.0032046175564746887,0.0014013546669394267,0.00023433861044068938,0.005564536687618133
0.003038328258271673,0.0013595507791966353,0.0003207534410607309,0.005187581374373021
0.000874820753503468,0.0005218069833429445,0.0021687427079613232,0.0059086948845957
0.0008497061489817878,0.0005613550918778287,0.0021417609220546613,0.005570044238162342
0.003204821858550562,0.0014013107172329833,0.0002340104372470529,0.0055633226435220845
0.0030386672022334207,0.0013596018599809551,0.0003204490027498614,0.005185865167964885
0.0008745683719688493,0.0005218434394967145,0.0021683649041446323,0.005907008084848166
0.0008494148679189809,0.0005615267673388383,0.0021416649366514046,0.0055678109500134
0.003205022460567674,0.0014012689824102378,0.00023367941220497605,0.005562108248862861
0.0030390027550677595,0.0013596548816445174,0.00032014101716749895,0.005184148502808241
0.0008743161523959179,0.0005218801846976519,0.002167982844329435,0.005905318717804678
0.0008491237196041778,0.000561698892034381,0.0021415652636163967,0.00556557785048614
0.0032052193546654863,0.0014012294620456105,0.00023334556432326388,0.0055608934983618925
0.003039334902120822,0.0013597098403176247,0.00031982951178845037,0.0051824313896600745
0.0008740641028393928,0.0005219172204029476,0.002167596559836934,0.005903626763885269
0.0008488327142884574,0.0005618714612477319,0.002141461920267269,0.005563344934899518
0.0032054125331127067,0.001401192155922396,0.00023300892262718287,0.005559678386702605
0.0030396636287685244,0.0013597667323106204,0.0003195145141505035,0.0051807138393557195
0.000873812231354542,0.0005219545481293071,0.0021672060821122966,0.005901932203572001
0.0008485418622138167,0.0005620444702636173,0.0021413549239270727,0.005561112198643563
0.0032056019883387105,0.0014011570640273736,0.0002326695161399878,0.005558462908525825
0.0030399889204653324,0.0013598255541108421,0.0003191960518380791,0.005178995862785108
0.0008735605459770794,0.000521992169440142,0.0021668114427078407,0.005900235017422247
0.0008482511736073897,0.0005622179143547703,0.002141244291933819,0.005558879637196879
0.0032057877129307174,0.0014011241865527462,0.00023232737388564299,0.005557247058435829
0.003040310762745468,0.0013598863023744003,0.00031887415248787364,0.00517727747090631
0.000873309054740516,0.000522030085954202,0.0021664126732996755,0.005898535186066511
0.0008479606586871591,0.0005623917887913407,0.002141130041620059,0.005556647246118097
0.003205969699641568,0.00140109352388349,0.00023198252488577286,0.005556030831000802
0.0030406291412029955,0.0013599489739324277,0.0003185488437827434,0.005175558674730922
0.0008730577656672163,0.0005220682993308852,0.002166009805651895,0.005896832690235393
0.000847670327660363,0.0005625660888327391,0.0021410121903201,0.005554415021044193
0.003206147941389681,0.001401065076595604,0.00023163499815081237,0.005554814220769001
0.00304094404154737,0.0013600135657758662,0.00031822015344740455,0.005173839485335346
0.0008728066867755298,0.0005221068112869318,0.0021656028716298117,0.005895127510760048
0.0008473801907124502,0.0005627408097386746,0.0021408907553812787,0.005552182957705108
0.0032063224312960706,0.0014010388454522929,0.00023128482268144315,0.0055535972222425685
0.0030412554495858886,0.0013600800750589244,0.00031788810924710453,0.005172119913840716
0.0008725558260715504,0.0005221456235752236,0.0021651919032007745,0.005893419628572427
0.0008470902580260168,0.0005629159467546113,0.0021407657541354427,0.005549951051911242
0.0032064931626322,0.00140101483140137,0.00023093202746505577,0.005552379829908099
0.003041563351212874,0.0013601484991009223,0.0003175527389895748,0.005170399971426729
0.0008723051915500928,0.0005221847379992575,0.002164776932413721,0.0058917090247404625
0.000846800539758279,0.0005630914951286905,0.0021406372039141186,0.005547719299557955
0.0032066601289030376,0.0014009930355656738,0.00023057664146293195,0.005551162038219669
0.003041867732493,0.0013602188353707143,0.0003172140705057808,0.005168679669307817
0.0008720547912072908,0.0005222241564047496,0.002164357991395939,0.00588999568043328
0.0008465110460591417,0.0005632674501034195,0.002140505122049803,0.0055454876966226285
0.0032068233237737,0.0014009734592469684,0.00023021869362247486,0.005549943841620632
0.0030421685795599587,0.0013602910815002517,0.000316872131670292,0.005166959018758944
0.0008718046330230748,0.0005222638806735971,0.0021639351123509667,0.005888279576989728
0.0008462217870582321,0.0005634438069126323,0.002140369525866173,0.005543256239165064
0.0032069827411524,0.0014009561039047711,0.00022985821285487708,0.00554872523452693
0.0030424658787477107,0.0013603652352612559,0.0003165269503742164,0.005165238031075869
0.0008715547249692517,0.0005223039127308635,0.002163508327554798,0.0058865606958794486
0.0008459327728682246,0.0005636205607948163,0.002140230432678878,0.005541024923338763
0.0032071383751265683,0.001400940971171444,0.00022949522805150116,0.0055475062113418605
0.003042759616482904,0.001360441294582343,0.00031617855454600473,0.005163516717601571
0.0008713050750132064,0.000522344254538245,0.002163077669345684,0.005884839018729548
0.0008456440135892239,0.0005637977069770653,0.002140087859797809,0.005538793745370097
0.0032072902200276586,0.001400928062832213,0.00022912976806138463,0.005546286766451417
0.0030430497793844124,0.0013605192575286823,0.0003158269721269212,0.005161795089718422
0.0008710556911081599,0.000522384908093044,0.0021626431701266676,0.005883114527341124
0.0008453555192983073,0.0005639752406892763,0.0021399418245181393,0.005536562701585709
0.0032074382703951563,0.0014009173808262193,0.00022876186170142464,0.005545066894236506
0.003043336354231855,0.0013605991223063893,0.00031547223108124487,0.005160073158828852
0.0008708065812046913,0.0005224258754292965,0.0021622048623474947,0.005881387203676475
0.00084506730005274,0.0005641531571581067,0.0021397923441315745,0.005534331788393625
0.0032075825210064004,0.0014009089272459647,0.00022839153774816955,0.005543846589055643
0.0030436193279631918,0.0013606808872634508,0.00031511435939098726,0.005158350936366735
0.0008705577532413217,0.0005224671586120141,0.0021617627785137893,0.005879657029887674
0.0008447793658933763,0.0005643314516134556,0.0021396394359132027,0.005532101002275294
0.0032077229668671698,0.001400902704322442,0.00022801882493215175,0.0055426258452707195
0.0030438986877156324,0.001360764550879179,0.0003147533850514846,0.005156628433780715
0.0008703092151475339,0.0005225087597372125,0.002161316951165393,0.00587792398832393
0.0008444917268401113,0.0005645101192809876,0.0021394831171334997,0.0055298703398062995
0.0032078596032292218,0.0014008987144257436,0.00022764375193980396,0.005541404657238119
0.003044174420806374,0.0013608501117659212,0.00031438933606822597,0.005154905662548955
0.000870060974836983,0.0005225506809325514,0.0021608674128885163,0.005876188061535592
0.0008442043928896143,0.0005646891553834282,0.0021393234050401774,0.005527639797654643
0.003207992425600317,0.0014008969600596132,0.00022726634740283594,0.005540183019306063
0.0030444465147672108,0.0013609375686526018,0.00031402224045225854,0.005153182634167687
0.0008698130402277176,0.0005225929243525732,0.002160414196293434,0.005874449232268879
0.0008439173740196602,0.0005648685551537026,0.002139160316870025,0.005525409372567647
0.0032081214297117085,0.0014008974438569789,0.00022688663990731633,0.005538960925831383
0.0030447149573138202,0.001361026920404566,0.00031365212622680357,0.005151459360136565
0.0008695654192176746,0.000522635492178598,0.0021599573340277396,0.005872707483502401
0.0008436306801806089,0.0005650483138213511,0.002138993869849946,0.005523179061375826
0.0032082466115816014,0.001400900168572623,0.0002265046579742926,0.005537738371156382
0.0030449797363949864,0.0013611181660009592,0.00031327902141110837,0.005149735851962685
0.0008693181196973259,0.0005226783866184844,0.0021594968587504934,0.00587096279843301
0.0008433443213006326,0.0005652284266170497,0.0021388240811895487,0.005520948861002925
0.003208367967462593,0.0014009051370796207,0.0002261204300727057,0.005536515349646705
0.003045240840181622,0.0013612113045359017,0.0003129029540289293,0.005148012121166967
0.0008690711495455457,0.0005227216099025123,0.002159032803146582,0.005869215160493897
0.0008430583072902253,0.0005654088887783388,0.0021386509680772743,0.005518718768448685
0.003208485493896792,0.001400912352363112,0.00022573398460324539,0.005535291855661204
0.003045498257062171,0.0013613063352191964,0.00031252395209713756,0.00514628817927274
0.0008688245166319659,0.0005227651642825327,0.002158565199902598,0.005867464553364196
0.0008427726480201154,0.0005655896955471088,0.002138474547696251,0.005516488780811277
0.0032085991876870286,0.0014009218175157967,0.00022534534990336226,0.005534067883567651
0.0030457519756822513,0.0013614032573663472,0.0003121420436284279,0.005144564037791073
0.0008685782288150504,0.0005228090520301291,0.002158094081721942,0.005865710960962585
0.0008424873533485096,0.0005657708421671318,0.0021382948372032883,0.00551425889526399
0.003208709045898392,0.001400933535732993,0.00022495455424439097,0.005532843427751269
0.0030460019849109115,0.001361502070402639,0.0003117572566305976,0.005142839708236544
0.0008683322939385653,0.0005228532754387182,0.002157619481306487,0.005863954367480376
0.0008422024330989324,0.000565952323889007,0.0021381118537389288,0.00551202910907594
0.003208815065902129,0.001400947510304566,0.00022456162582081546,0.005531618482598645
0.0030462482738983416,0.0013616027738496343,0.00031136961909318734,0.0051411152021131655
0.0008680867198384488,0.0005228978368177233,0.0021571414313534673,0.0058621947573586144
0.0008419178970696986,0.0005661341359709277,0.0021379256144291284,0.005509799419596492
0.0032089172453222408,0.0014009637446174893,0.00022416659275922238,0.00553039304251722
0.0030464908320255862,0.001361705367332452,0.000310979158999869,0.005139390530908704
0.0008678415143398259,0.0005229427384922006,0.002156659964550445,0.005860432115316323
0.0008416337550264176,0.000566316273678474,0.00213773613639049,0.005507569824254618
0.0032090155820915845,0.001400982242140226,0.00022376948310551516,0.00552916710192369
0.0030467296489657875,0.001361809850569413,0.0003105859043124827,0.005137665706090009
0.0008675966852468704,0.0005229879828010675,0.0021561751135763486,0.005858666426359418
0.0008413500167088751,0.0005664987322861132,0.002137543436709137,0.00550534032057389
0.003209110074425671,0.0014010030064243195,0.00022337032482720433,0.005527940655256846
0.0030469647146451535,0.0013619162233685608,0.0003101898829786431,0.005135940739108581
0.0008673522403578059,0.0005230335720967272,0.002155686911090506,0.005856897675774166
0.0008410666918239536,0.0005666815070749075,0.0021373475324558628,0.0055031109061592625
0.003209200720841615,0.001401026041095989,0.00022296914580871867,0.0055267136969734225
0.0030471960192843006,0.0013620244856258855,0.00030979112291984104,0.005134215641398131
0.000867108187455628,0.0005230795087437611,0.0021551953897239024,0.005855125849143199
0.0008407837900477106,0.0005668645933418075,0.0021371484406910893,0.005500881578695603
0.003209287520144452,0.0014010513498556266,0.00022256597385135842,0.005525486221546543
0.003047423553390731,0.0013621346373217805,0.0003093896520374202,0.005132490424348358
0.0008668645343050323,0.0005231257951161429,0.002154700582093488,0.00585335093234902
0.0008405013210181825,0.0005670479863868667,0.002136946178454621,0.005498652335965259
0.0032093704714548084,0.0014010789364653283,0.00022216083666628053,0.005524258223467674
0.003047647307768186,0.001362246678514012,0.00030898549820398497,0.005130765099323673
0.0008666212886624035,0.0005231724335973835,0.002154202520774966,0.005851572911577763
0.0008402192943477608,0.0005672316815307923,0.0021367407627647644,0.005496423175819152
0.003209449574170881,0.0014011088047505675,0.00022175376187879388,0.005523029697267664
0.003047867273500175,0.0013623606093437297,0.00030857868926713116,0.005129039677651261
0.0008663784582623054,0.0005232194265750995,0.0021537012383022478,0.005849791773346435
0.0008399377196104935,0.0005674156741015085,0.0021365322106278715,0.005494194096192772
0.003209524828036312,0.0014011409585855895,0.0002213447770172669,0.005521800637487099
0.00304808344200707,0.0013624764300158466,0.0003081692530360106,0.005127314170622079
0.0008661360508279973,0.0005232667764436165,0.0021531967671751338,0.0058480075044778325
0.0008396566063422231,0.000567599959443997,0.002136320539028871,0.005491965095119995
0.003209596233074199,0.001401175401897503,0.0002209339095202023,0.005520571038705533
0.0030482958049968026,0.0013625941408079447,0.0003077572172944563,0.005125588589478365
0.0008658940740630961,0.0005233144856057769,0.0021526891398484004,0.005846220092127221
0.0008393759640434947,0.0005677845329152778,0.002136105764932725,0.005489736170706393
0.003209663789645038,0.00140121213866077,0.00022052118672440249,0.005519340895512784
0.0030485043545050244,0.0013627137420625778,0.000307342609783428,0.005123862945420803
0.0008656525356537477,0.0005233625564618675,0.002152178388726504,0.00584442952378013
0.0008390958021763142,0.0005679693898897313,0.0021358879052954163,0.005487507321144368
0.0032097274984089264,0.0014012511728873206,0.00022010663586985424,0.005518110202538498
0.003048709082896284,0.0013628352341837722,0.0003069254582076791,0.005122137249589738
0.0008654114432724491,0.0005234109914185498,0.0021516645461563287,0.005842635787262966
0.0008388161301672225,0.0005681545257604916,0.0021356669770541195,0.005485278544700241
0.0032097873603515576,0.0014012925086218037,0.00021969028409552055,0.0055168789544411114
0.0030489099828552913,0.001362958617637187,0.0003065057902342482,0.005120411513070461
0.000865170804567877,0.0005234597928780991,0.0021511476444295193,0.005840838870749417
0.000838536957398859,0.0005683399359392744,0.0021354429971259786,0.005483049839723238
0.0032098433767770566,0.0014013361499382575,0.000219272158433983,0.005515647145913338
0.003049107047411724,0.0013630838929397332,0.0003060836334804087,0.005118685746891014
0.0008649306271705384,0.0005235089632474932,0.002150627715770899,0.005839038762762384
0.0008382582932105275,0.0005685256158558441,0.0021352159824192963,0.00548082120465097
0.003209895549327524,0.001401382100935937,0.0002188522858147496,0.005514414771663648
0.0030493002699347924,0.0013632110606577312,0.00030565901552237436,0.00511695996200895
0.0008646909186931815,0.0005235585049267515,0.002150104792344068,0.005837235452177929
0.0008379801469039715,0.0005687115609634373,0.0021349859498266334,0.005478592637986969
0.0032099438799588313,0.0014014303657312213,0.00021843069305694732,0.005513181826448754
0.0030494896441312543,0.0013633401214108555,0.00030523196388960994,0.005115234169318601
0.0008644516867241391,0.0005236084203169931,0.0021495789062338758,0.005835428928235514
0.0008377025277379911,0.0005688977667335411,0.0021347529162204825,0.0054763641383228775
0.003209988370952887,0.0014014809484545004,0.00021800740686957423,0.00551194830506079
0.003049675164068342,0.0013634710758580614,0.00030480250605738357,0.0051135083796366495
0.000864212938832997,0.0005236587118095876,0.00214905008945329,0.005833619180545088
0.0008374254449207253,0.0005690842286646894,0.0021345168984708476,0.005474135704323301
0.0032100290249280476,0.00140153385324486,0.0002175824538521021,0.005510714202311598
0.0030498568241638844,0.0013636039246985217,0.0003043706694505096,0.005111782603703286
0.0008639746825625368,0.0005237093817948371,0.002148518373933115,0.00583180619908481
0.0008371489076238178,0.0005692709422770515,0.002134277913418296,0.005471907334732927
0.003210065844840569,0.0014015890842429225,0.00021715586048624602,0.005509479513062488
0.003050034619186136,0.0013637386686693247,0.00030393648144250504,0.005110056852190509
0.000863736925436361,0.000523760432654875,0.0021479837915296418,0.005829989974210156
0.0008368729249640497,0.0005694579031159907,0.0021340359779048928,0.00546967902837262
0.0032100988339647993,0.0014016466455894325,0.00021672765313947038,0.005508244232205977
0.003050208544311211,0.001363875308538653,0.00030349996934219835,0.005108331135661492
0.0008634996749539617,0.0005238118667625989,0.002147446373998191,0.0058281704966489266
0.0008365975060108376,0.0005696451067590248,0.0021337911087589852,0.005467450784135857
0.0032101279959233647,0.0014017065414220569,0.00021629785806345455,0.005507008354660205
0.0030503785950131562,0.0013640138451112174,0.0003030611604097509,0.005106605464607493
0.0008632629385845004,0.000523863686484791,0.002146906153014515,0.005826347757528114
0.0008363226597934134,0.000569832548808124,0.0021335433227943077,0.005465222600982217
0.0032101533346768157,0.001401768775858796,0.00021586650138541197,0.005505771875398585
0.003050544767221054,0.001364154279210551,0.0003026200818364878,0.00510487984941089
0.0008630267237771032,0.0005239158941793954,0.0021463631601534375,0.0058245217483528225
0.0008360483952778152,0.0005700202248988929,0.0021332926368221863,0.005462994477956837
0.0032101748545153978,0.001401833353009744,0.00021543360911427457,0.0055045347894179504
0.0030507070571830406,0.0013642966116894104,0.0003021767607529005,0.005103154300367746
0.0008627910379485024,0.0005239684921889917,0.002145817426890608,0.005822692461027712
0.0008357747213861059,0.000570208130693551,0.002133039067637601,0.0054607664141678594
0.0032101925600769867,0.0014019002769602223,0.00021499920713484273,0.005503297091753722
0.003050865461556395,0.001364440843417354,0.0003017312242255849,0.0051014288276636215
0.0008625558884897949,0.0005240214828505328,0.002145268984606844,0.005820859887849304
0.0008355016469913934,0.0005703962618913088,0.002132782632028986,0.005458538408793642
0.0032102064563292974,0.00140196955176961,0.00021456332120651096,0.005502058777489513
0.0030510199773758026,0.0013645869752790213,0.00030128349925367026,0.0050997034413842275
0.0008623212827641547,0.0005240748684833664,0.0021447178645632933,0.005819024021522575
0.0008352291809022378,0.0005705846142255972,0.0021325233467846478,0.005456310461083839
0.0032102165486010054,0.00140204118146691,0.000214125976961996,0.005500819841731834
0.003051170602079455,0.001364735008174783,0.000300833612764552,0.00509797815149605
0.0008620872281012533,0.0005241286513980868,0.002144164097925425,0.005817184855146774
0.0008349573318819511,0.0005707731834682327,0.0021322612286839345,0.005454082570350187
0.0032102228425426086,0.001402115170049482,0.0002136871999078514,0.0054995802796346475
0.003051317333483078,0.0013648849430176596,0.0003003815916186814,0.0050962529678448875
0.0008618537318021287,0.0005241828338915162,0.0021436077157443697,0.005815342382233341
0.0008346861086299856,0.000570961965421028,0.002131996294495768,0.0054518547359775
0.0032102253441642,0.0014021915214700068,0.00021324701541551886,0.005498340086383625
0.003051460169811457,0.0013650367807210748,0.000299927462599012,0.005094527900169442
0.0008616208011343563,0.0005242374182412366,0.002143048748942072,0.005813496596707587
0.0008344155197961828,0.0005711509559366394,0.0021317285609900767,0.005449626957405643
0.0032102240598020845,0.001402270239637715,0.00021280544873121033,0.005497099257215742
0.0030515991096943724,0.0013651905222077881,0.00029947125241533163,0.005092802958072134
0.0008613884433353435,0.0005242924067161807,0.002142487228330718,0.005811647492902577
0.0008341455739631795,0.0005713401509024065,0.0021314580449410636,0.005447399234141602
0.003210218996161317,0.0014023513284174302,0.00021236252496308926,0.0054958577873863105
0.0030517341521510417,0.001365346168399928,0.0002990129876994722,0.0050910781510309115
0.0008611566656021773,0.0005243478015642358,0.002141923184603795,0.005809795065567178
0.0008338762796593649,0.0005715295462488238,0.002131184763113191,0.005445171565755828
0.0032102101602701854,0.0014024347916171658,0.00021191826908856416,0.005494615672196751
0.003051865296625459,0.001365503720215992,0.0002985526950063516,0.0050893534883836335
0.0008609254751002752,0.0005244036050233795,0.0021413566483266698,0.005807939309869407
0.0008336076453495963,0.0005717191379558891,0.0021309087322777197,0.005442943951866155
0.003210197559516173,0.001402520632990644,0.00021147270594591157,0.00549337290698352
0.0030519925429654394,0.0013656631785726294,0.0002980904008063343,0.005087628979330491
0.0008606948789576587,0.0005244598193120461,0.002140787649931175,0.0058060802213944175
0.0008333396794381374,0.0005719089220453028,0.002130629969195793,0.005440716392159351
0.003210181201618107,0.0014026088562254812,0.00021102586023897995,0.005492129487129233
0.003052115891425866,0.001365824544376394,0.0002976261314907801,0.0050859046329357225
0.0008604648842668354,0.0005245164466283724,0.0021402162197075346,0.0058042177961607384
0.0008330723902633498,0.0005720988945936748,0.0021303484906483477,0.005438488886364828
0.003210161094656549,0.0014026994649462558,0.00021057775653009124,0.005490885408043262
0.0030522353426946807,0.0013659878185222493,0.00029715991336185166,0.005084180458102975
0.000860235498075485,0.0005245734891578216,0.002139642387827976,0.00580235203060617
0.0008328057860963041,0.0005722890517236112,0.0021300643134089304,0.005436261434280976
0.003210137247049019,0.0014027924627071405,0.00021012841924465236,0.005489640665167082
0.0030523508978614598,0.0013661530018926797,0.000296691772638716,0.00508245646359397
0.0008600067273971441,0.0005246309490692542,0.0021390661843249193,0.005800482921581382
0.0008325398751523537,0.0005724793896134484,0.0021297774542549633,0.005434034035743657
0.0032101096675504984,0.001402887852986901,0.00020967787266519512,0.005488395253988949
0.00305246255844066,0.0013663200953523526,0.00029622173545269684,0.005080732658012509
0.0008597785792001197,0.0005246888285105353,0.0021384876390775623,0.005798610466384288
0.0008322746655685916,0.0005726699044928224,0.0021294879299777122,0.005431806690641494
0.0032100783652727265,0.0014029856391875786,0.00020922614092999792,0.005487149170025634
0.003052570326380274,0.0013664890997470516,0.00029574982784141775,0.005079009049792459
0.0008595510604120075,0.0005247471296116195,0.0021379067818258065,0.005796734662732754
0.0008320101654129028,0.0005728605926545264,0.0021291957573717516,0.005429579398919095
0.0032100433496657804,0.0014030858246285765,0.00020877324803676681,0.005485902408822384
0.0030526742040440143,0.001366660015901784,0.0002952760757525522,0.005077285647209865
0.0008593241779173867,0.0005248058544895557,0.002137323642167588,0.005794855508768291
0.0008317463826922311,0.0005730514504443852,0.0021289009532405897,0.005427352160551862
0.0032100046305234635,0.001403188412543356,0.00020831921783593546,0.005484654965968259
0.0030527741942319576,0.0013668328446170728,0.00029480050504044627,0.005075562458367741
0.0008590979385521614,0.0005248650052412574,0.0021367382495517716,0.005792973003067652
0.0008314833253360426,0.0005732424742730157,0.0021286035343983075,0.005425124975565526
0.003209962217982048,0.0014032934060762543,0.0002078640740318139,0.0054834068370761425
0.003052870300161483,0.0013670075866654525,0.000294323141462683,0.00507383949119416
0.0008588723491116224,0.0005249245839416911,0.002136150633261489,0.005791087144642141
0.0008312210012052936,0.000573433660614269,0.0021283035176734915,0.005422897844024076
0.0032099161225194353,0.0014034008082772897,0.00020740784018364553,0.005482158017795696
0.003052962525476771,0.001367184242789368,0.0002938440106827606,0.005072116753441795
0.0008586474163373886,0.0005249845926511688,0.0021355608224357166,0.005789197932938359
0.0008309594180824494,0.0005736250060046436,0.002128000919903469,0.005420670766032561
0.0032098663549578327,0.001403510622096712,0.0002069505396983352,0.005480908503804584
0.003053050874275591,0.001367362813699416,0.0002933631382594379,0.005070394252674151
0.0008584231469266086,0.0005250450334148182,0.002134968846056189,0.005787305367818725
0.0008306985836798328,0.0005738165070509165,0.002127695757937743,0.005418443741738499
0.0032098129264524363,0.0014036228503888828,0.00020649219583728529,0.005479658290809539
0.003053135351065923,0.0013675433000718779,0.00029288054965682453,0.005068671996276187
0.0008581995475292328,0.0005251059082575192,0.002134374732941159,0.005785409449585666
0.0008304385056310087,0.0005740081604291525,0.002127388048648592,0.0054162167713076425
0.003209755848496859,0.001403737495903597,0.0002060328317089093,0.005478407374545506
0.003053215960808571,0.0013677257025491033,0.000292396270232934,0.005066949991424653
0.0008579766247365397,0.0005251672191888795,0.002133778511746115,0.005783510178975367
0.0008301791914965213,0.000574199962890318,0.002127077808916966,0.005413989854945383
0.003209695132930595,0.001403854561281638,0.0002055724702696236,0.005477155750777382
0.0030532927088804344,0.0013679100217301571,0.00029191032524465157,0.0050652282451187115
0.0008577543850912753,0.000525228968198494,0.0021331802109618124,0.005781607557158189
0.0008299206487543234,0.0005743919112545585,0.00212676505564577,0.005411762992888173
0.0032096307919219137,0.0014039740490498695,0.00020511113432374815,0.00547590341529592
0.0030533656011129313,0.0013680962581737567,0.0002914227398385287,0.005063506764148282
0.00085753283508449,0.0005252911572628744,0.0021325798589150653,0.005779701585720344
0.0008296628848077559,0.0005745840024222698,0.0021264498057494805,0.00540953618540322
0.0032095628379672073,0.0014040959616270802,0.00020464884652384954,0.005474650363916512
0.003053434643745179,0.0013682844123967973,0.0002909335390616907,0.005061785555103786
0.0008573119811515357,0.0005253537883415411,0.002131977483753389,0.005777792266693586
0.0008294059069743668,0.0005747762333699976,0.00212613207617422,0.005407309432771517
0.003209491283907373,0.0014042203013106976,0.00020418562936403253,0.005473396592477286
0.0030534998434850157,0.001368474484870278,0.00029044274784296325,0.005060064624359602
0.0008570918296728637,0.0005254168633746559,0.002131373113464006,0.005775879602523726
0.000829149722496775,0.0005749686011599913,0.002125811883880959,0.005405082735300681
0.003209416142896392,0.001404347070281404,0.0002037215051883658,0.005472142096845167
0.0030535612074499008,0.0013686664760183638,0.00028995039101114683,0.005058343978085349
0.0008568723869680448,0.0005254803842929507,0.002130766775848937,0.005773963596100099
0.0008288943385307152,0.0005751611029371747,0.002125489245850081,0.00540285609331843
0.0032093374284355475,0.0014044762705928786,0.0002032564961775743,0.005470886872900414
0.0030536187432113403,0.0013688603862116377,0.00028945649327233514,0.005056623622231246
0.0008566536593035979,0.0005255443530069524,0.002130158498540589,0.005772044250722219
0.0008286397621480243,0.0005753537359283474,0.0021251641790877144,0.005400629507174054
0.003209255154326816,0.0014046079041751354,0.0002027906243622963,0.0054696309165537926
0.0030536724587614627,0.0013690562157761459,0.0002889610792280381,0.005054903562529205
0.0008564356528820649,0.0005256087714179453,0.0021295483089877,0.00577012157012756
0.0008283860003421061,0.0005755464974538956,0.002124836700618292,0.005398402977220696
0.003209169334719923,0.0014047419728272872,0.00020232391160864265,0.005468374223729996
0.0030537223625398996,0.001369253964976455,0.0002884641733581576,0.005053183804490621
0.0008562183738473318,0.0005256736414098375,0.0021289362344614642,0.005768195558466737
0.0008281330600156542,0.0005757393849177193,0.0021245068275024693,0.005396176503837959
0.0032090799840695807,0.0014048784782179932,0.00020185637962821264,0.005467116790376743
0.0030537684634095222,0.0013694536340256448,0.00028796580002930577,0.0050514643534022245
0.000856001828285009,0.000525738964855371,0.002128322302043657,0.005766266220315098
0.0008278809479884104,0.0005759323958236882,0.0021241745768107974,0.005393950087405401
0.003208987117150857,0.0014050174218815437,0.0002013880499715461,0.0054658586124561055
0.0030538107706592,0.0013696552230784784,0.0002874659834912754,0.0050497452143201576
0.0008557860222117613,0.0005258047436144669,0.002127706538641918,0.005764333560667935
0.0008276296709934295,0.0005761255277623421,0.002123839965645176,0.005391723728321198
0.0032088907490529163,0.001405158805211844,0.00020091894402722804,0.005464599685951663
0.003053849294026044,0.0013698587322284685,0.00028696474786977155,0.005048026392071014
0.0008555709615858015,0.0005258709795336389,0.002127088970962702,0.00576239758493627
0.0008273792356688715,0.000576318778428473,0.0021235030111373347,0.0053894974269849145
0.0032087908951824624,0.0014053026294715146,0.00020044908302430028,0.005463340006850467
0.0030538840436736044,0.0013700641615118,0.0002864621171723533,0.005046307891237922
0.000855356652297337,0.0005259376744545147,0.0021264696255469447,0.00576045829893302
0.0008271296485760941,0.000576512145609001,0.0021231637304418268,0.0053872711837954865
0.003208687571243368,0.0014054488957763527,0.00019997848802983574,0.00546207957116342
0.003053915030187173,0.0013702715109000342,0.0002859581152832902,0.005044589716174039
0.0008551431001746153,0.0005260048302039695,0.002125848528721146,0.005758515708895812
0.0008268809161789023,0.0005767056271961422,0.0021228221407447153,0.005385044999155467
0.003208580793258871,0.0014055976050992638,0.000199507179946997,0.005460818374911787
0.0030539422645774164,0.0013704807803040142,0.00028545276596210023,0.005042871870987561
0.0008549303109709312,0.0005260724485969491,0.0021252257066270842,0.005756569821471732
0.0008266330448512775,0.0005768992211837553,0.002122478259252055,0.0053828188734718
0.0032084705775501155,0.00140574875826639,0.00019903517951408794,0.005459556414127045
0.0030539657582943068,0.0013706919695626856,0.0002849460928425737,0.005041154359544953
0.0008547182903829693,0.0005261405314471767,0.0021246011852173066,0.005754620643696013
0.0008263860408817167,0.0005770929256730215,0.0021221321032082988,0.00538059280714012
0.0032083569407274047,0.0014059023559567048,0.00019856250731069576,0.00545829368485516
0.0030539855231839033,0.00137090507845463,0.00028443811943424204,0.0050394371854628455
0.000854507044029485,0.0005262090805519416,0.002123974990242872,0.005752668183026726
0.0008261399104621878,0.0005772867388679943,0.002121783689882115,0.00537836680055391
0.003208239899710457,0.0014060583986981996,0.00019808918374536596,0.005457030183144671
0.003054001571544188,0.001371120106682478,0.00028392886911332246,0.00503772035211191
0.0008542965774659414,0.0005262780977098526,0.0021233471472626897,0.005750712447304176
0.0008258946596954473,0.0005774806590853361,0.0021214330365687886,0.005376140854103436
0.0032081194716946804,0.0014062168868682696,0.00019761522906647108,0.0054557659050629235
0.003054013916059738,0.0013713370538847049,0.00028341836513096823,0.005036003862615268
0.0008540868961721444,0.0005263475847042185,0.0021227176816236777,0.005748753444775502
0.0008256502945920923,0.0005776746847489349,0.002121080160591274,0.005373914968162686
0.0032079956741712383,0.0014063778206854652,0.00019714066335258272,0.00545450084668135
0.0030540225698531703,0.0013715559196244838,0.00028290663060494037,0.005034287719838978
0.0008538780055604417,0.0005264175433221081,0.0021220866184893674,0.005746791184071254
0.0008254068210660718,0.0005778688143987712,0.0021207250793045737,0.005371689143103646
0.003207868524924043,0.0014065412002203298,0.00019666550651798522,0.005453235004070233
0.0030540275464450563,0.0013717767033894104,0.00028239368851837115,0.0050325719264011975
0.0008536699109681621,0.0005264879753391568,0.00212145398280866,0.005744825674211556
0.0008251642449444252,0.0005780630466841667,0.0021203678100873216,0.005369463379281031
0.0032077380419946056,0.0014067070253796791,0.000196189778309829,0.005451968373317777
0.003054028859758558,0.0013719994045984492,0.0002818795617253592,0.00503085648466007
0.0008534626176647371,0.0005265588825308169,0.0021208197993312448,0.005742856924598266
0.000824922571953368,0.0005782573803749157,0.0021200083703539884,0.005367237677030259
0.0032076042437246036,0.0014068752959136464,0.00019571349830641547,0.005450700950505795
0.003054026524137631,0.001372224022590657,0.0002813642729400185,0.0050291413967177125
0.0008532561308368831,0.0005266302666683635,0.0021201840926029615,0.005740884945017216
0.0008246818077290077,0.0005784518143535236,0.002119646777537212,0.005365012036680052
0.003207467148702688,0.001407046011414749,0.00019523668591946326,0.005449432731724805
0.003054020554324261,0.0013724505566263504,0.0002808478447413733,0.005027426664420277
0.0008530504556056574,0.0005267021295228546,0.002119546886967279,0.005738909745619514
0.0008244419578137305,0.000578646347624195,0.002119283049100878,0.005362786458538564
0.003207326775794928,0.0014072191713105338,0.00019475936039166185,0.005448163713071192
0.003054010965437,0.0013726790058942433,0.00028033029957259565,0.0050257122893518965
0.0008528455970160891,0.0005267744728604824,0.0021189082065422617,0.005736931336933947
0.0008242030276539226,0.0005788409793099699,0.0021189172025442974,0.00536056094287649
0.0032071831441235696,0.0014073947748675913,0.00019428154079683882,0.005446893890640847
0.0030539977730135045,0.001372909369498392,0.0002798116597355023,0.0050239982728344035
0.0008526415600319503,0.0005268472984496812,0.0021182680752557847,0.005734949729859474
0.0008239650225992948,0.0005790357086572617,0.0021185492553823775,0.00535833548996554
0.003207036273083929,0.0014075728211862776,0.00019380324603917082,0.005445623260529099
0.0030539809929672965,0.001373141646461766,0.0002792919473907931,0.00502228461593387
0.0008524383495464551,0.0005269206080562095,0.002117626516821191,0.005732964935642349
0.000823727947903449,0.0005792305350320065,0.0021181792251600794,0.005356110100049964
0.0032068861823013515,0.0014077533092039843,0.0001933244948532011,0.005444351818835037
0.0030539606415872877,0.0013733758357287178,0.0002787711845604327,0.005020571319454599
0.0008522359703752924,0.0005269944034512571,0.002116983554733428,0.005730976965895785
0.0008234918087336405,0.0005794254579259177,0.0021178071294460036,0.005353884773335371
0.0032067328916638212,0.0014079362376906246,0.00019284530580397283,0.00544307956165553
0.003053936735569649,0.0013736119361593148,0.0002782493931206772,0.005018858383932662
0.0008520344272516996,0.0005270686864077799,0.0021163392122881446,0.005728985832581827
0.0008232566101494767,0.000579620476955127,0.0021174329858378526,0.005351659510019738
0.0032065764212969032,0.001408121605250413,0.0001923656972842219,0.005441806485088046
0.003053909291955322,0.0013738499465286392,0.00027772659480299907,0.005017145809650445
0.0008518337248420277,0.000527143458694096,0.0021156935125498447,0.0057269915480016465
0.0008230223571273465,0.0005798155918604666,0.0021170568119518647,0.0053494343102571595
0.003206416791548759,0.001408309410319331,0.0001918856875194366,0.005440532585235594
0.003053878328164497,0.0013740898655308538,0.00027720281120119204,0.005015433596625395
0.0008516338677239752,0.0005272187220887545,0.002115046478383222,0.005724994124813384
0.0008227890545387065,0.0005800108025104836,0.002116678625430792,0.005347209174178258
0.0032062540230314695,0.0014084996511583609,0.0001914052945598531,0.005439257858191863
0.003053843862005585,0.0013743316917680312,0.0002766780637496692,0.00501372174460974
0.0008514348604031404,0.0005272944783712295,0.002114398132430401,0.005722993575994142
0.0008225567071624695,0.0005802061089038451,0.002116298443934775,0.005344984101897514
0.003206088136549314,0.0014086923258715012,0.00019092453628977212,0.005437982300047859
0.0030538059115972605,0.0013745754237602327,0.00027615237374846143,0.005012010253104589
0.0008512367073021555,0.0005273707293278961,0.0021137484971229066,0.0057209899148626744
0.0008223253196895328,0.0005804015111553014,0.0021159162851438623,0.0053427590934773785
0.0032059191531497075,0.0014088874323799473,0.00019044343041450617,0.005436705906905572
0.003053764495451044,0.0013748210599376903,0.0002756257623393577,0.005010299121349989
0.0008510394127719282,0.0005274474767477486,0.0021130975946625488,0.005718983155055571
0.000822094896702941,0.0005805970095253691,0.0021155321667597066,0.0053405341489699025
0.0032057470940796543,0.0014090849684446794,0.00018996199447439123,0.0054354286748469465
0.0030537196324278127,0.0013750685986433956,0.00027509825051784707,0.0050085883483125876
0.0008508429810788801,0.0005275247224279321,0.0021124454470559583,0.005716973310522152
0.0008218654427043869,0.0005807926043889873,0.0021151461065014717,0.005338309268374186
0.0032055719808181515,0.0014092849316517672,0.0001894802458357104,0.00543415059995842
0.0030536713416988814,0.0013753180381336227,0.0002745698591331543,0.005006877932717774
0.000850647416403764,0.0005276024681756812,0.002111792076073763,0.00571496039554568
0.0008216369620932121,0.0005809882962568064,0.0021147581220999595,0.005336084451670847
0.003205393835035148,0.0014094873194160427,0.0001889982016891413,0.005432871678326146
0.003053619642817812,0.0013755693765683914,0.00027404060887082894,0.005005167873022016
0.0008504527228652741,0.0005276807157970731,0.0021111375032725234,0.005712944424683986
0.0008214094591748549,0.0005811840857700917,0.0021143682313047463,0.005333859698798651
0.003205212678585308,0.001409692128984265,0.0001885158790607787,0.005431591906032288
0.0030535645556199315,0.0013758226120269468,0.00027351052027918527,0.0050034581674324105
0.0008502589044876611,0.0005277594671085674,0.0021104817499878665,0.0057109254128313355
0.0008211829381667251,0.000581379973696388,0.0021139764518854865,0.005331635009651508
0.003205028533552361,0.001409899357428153,0.00018803329479550883,0.005430311279151667
0.0030535061003035455,0.0013760777424892655,0.00027297961373971824,0.005001748813894108
0.0008500659652196639,0.0005278387239406351,0.002109824837338973,0.0057089033751567255
0.000820957403187691,0.0005815759609364695,0.002113582801610621,0.005329410384106507
0.0032048414221723747,0.0014101090016500146,0.00018755046557316084,0.005429029793762298
0.0030534442973660235,0.0013763347658463966,0.0002724479094846062,0.0050000398101114635
0.0008498739089332712,0.0005279184881247459,0.0021091667862193444,0.005706878327124526
0.0008207328582668217,0.0005817720485160352,0.0021131872982653173,0.005327185821994289
0.0032046513668856926,0.0014103210583816536,0.00018706740789633147,0.005427747445933181
0.003053379167621495,0.0013765936798962979,0.0002719154275924925,0.004998331153527888
0.0008496827394194614,0.0005279987615080472,0.002108507617307186,0.0057048502844749506
0.0008205093073393959,0.0005819682375958183,0.00211278995964033,0.005324961323107584
0.003204458390296759,0.0014105355241815333,0.00018658413809951197,0.005426464231734715
0.0030533107321841016,0.0013768544823454841,0.0002713821879810629,0.004996622841346229
0.000849492460388913,0.0005280795459409504,0.002107847351050374,0.005702819263238566
0.0008202867542498808,0.0005821645294645503,0.002112390803536773,0.005322736887200139
0.0032042625151809667,0.0014107523954397948,0.00018610067234006326,0.00542518014723254
0.003053239012484662,0.0013771171708073823,0.0002708482104140061,0.0049949148705088625
0.0008493030754737072,0.0005281608432885768,0.002107186007690404,0.0057007852797035605
0.0008200652027506686,0.0005823609255365935,0.0021119898477576465,0.005320512513992658
0.0032040637644893625,0.00141097166837621,0.00018561702660560187,0.005423895188487357
0.003053164030227299,0.0013773817427995274,0.00027031351449322846,0.004993207237730118
0.0008491145882281334,0.0005282426554262572,0.0021065236072276006,0.005698748350430214
0.00081984465650611,0.0005825574273609628,0.002111587110110777,0.00531828820316058
0.0032038621613080416,0.00141119333903743,0.00018513321671291148,0.005422609351562574
0.0030530858074036987,0.0013776481957491478,0.00026977811966586937,0.004991499939471162
0.0008489270021236594,0.0005283249842367348,0.002105860169457092,0.005696708492237495
0.0008196251190898423,0.0005827540366071465,0.0021111826083978274,0.005316063954346335
0.0032036577289079253,0.0014114174033033622,0.0001846492583023844,0.00542132263251105
0.003053004366285679,0.0013779165269831662,0.00026924204521701334,0.0049897929719686625
0.0008487403205582868,0.0005284078316186635,0.002105195713942244,0.005694665722186641
0.0008194065939803218,0.000582950755078697,0.0021107763604247044,0.005313839767160009
0.003203450490671119,0.0014116438568860905,0.00018416516684605943,0.0054200350273913
0.0030529197294350777,0.001378186733738527,0.0002687053102685549,0.004988086331201749
0.0008485545468510125,0.0005284911994780214,0.0021045302600281104,0.005692620057586272
0.0008191890845806344,0.0005831475847034311,0.002110368383992176,0.0053116156411512514
0.0032032404701397206,0.0014118726953290242,0.00018368095764395733,0.005418746532256301
0.0030528319196333723,0.0013784588131580304,0.0002681679337893943,0.004986380012939111
0.0008483696842357378,0.0005285750897336877,0.0021038638268375603,0.005690571515998154
0.0008189725941956179,0.0005833445275331763,0.0021099586968935514,0.005309391575849297
0.0032030276909985164,0.001412103914001719,0.00018319664581935044,0.005417457143159049
0.0030527409599789327,0.00137873276228398,0.00026762993457464155,0.004984674012700528
0.0008481857358767818,0.0005286595043181839,0.00210319643326773,0.005688520115194205
0.0008187571260462818,0.0005835415857510692,0.0021095473169199814,0.005307167570739851
0.0032028121770307054,0.0014123375081207183,0.00018271224633249842,0.005416166856147962
0.00305264687376164,0.0013790085780707654,0.00026709133126857535,0.00498296832579018
0.0008480027048618539,0.0005287444451712665,0.0021025280979966527,0.0056864658731847935
0.0008185426832687115,0.0005837387616590538,0.0021091342618452637,0.005304943625259458
0.0032025939521787943,0.0014125734727226701,0.0001822277739648433,0.0054148756672712135
0.0030525496845623646,0.0013792862573707063,0.0002665521423458958,0.004981262947278032
0.0008478205941937655,0.0005288299142534829,0.0021018588394863306,0.005684408808194624
0.0008183292689121968,0.0005839360576856489,0.0021087195494412995,0.005302719738819144
0.003202373040467455,0.0014128118026897505,0.00018174324333027823,0.005413583572578286
0.003052449416167295,0.0013795657969483143,0.0002660123861170602,0.0049795578720194566
0.0008476394068054129,0.0005289159135265959,0.0021011886759662833,0.005682348938657944
0.0008181168859470633,0.000584133476377744,0.0021083031974540294,0.005300495910773204
0.0032021494660510554,0.00141305249273595,0.0001812586688729097,0.005412290568124938
0.003052346092603775,0.0013798471934677325,0.0002654720807337906,0.004977853094654123
0.0008474591455530012,0.0005290024449761747,0.002100517625448293,0.005680286283222235
0.000817905537250373,0.0005843310204125728,0.00210788522361889,0.005298272140450155
0.0032019232532015385,0.0014132955374130706,0.00018077406486103272,0.005410996649952335
0.003052239738133249,0.0013801304434966225,0.00026493124417465086,0.004976148609601147
0.0008472798132165013,0.0005290895105916634,0.0020998457057290172,0.005678220860721058
0.0008176952256290118,0.0005845286925766115,0.002107465645653921,0.00529604842713261
0.0032016944262406636,0.0014135409311159296,0.0001802894454022952,0.00540970181411926
0.003052130377187283,0.0013804155435146821,0.00026438989426404847,0.004974444411076811
0.0008471014124988892,0.000529177112379539,0.0020991729343743273,0.005676152690197231
0.0008174859537991207,0.0005847264957790564,0.0021070444812536916,0.005293824770064609
0.003201463009645284,0.0014137886680699726,0.0001798048244243249,0.005408406056673885
0.003052018034465245,0.0013807024898973544,0.0002638480486484667,0.0049727404930854854
0.0008469239460352079,0.0005292652523567896,0.002098499328741749,0.0056740817908598525
0.0008172777244005264,0.000584924433052336,0.002106621748091975,0.005291601168454775
0.0032012290279194873,0.0014140387423536695,0.00017932021569459766,0.005407109373678501
0.003051902734811613,0.001380991278935374,0.0002633057248194011,0.004971036849428902
0.0008467474163822332,0.0005293539325543018,0.002097824905954055,0.005672008182107082
0.0008170705399974046,0.0005851225075348668,0.002106197463810402,0.005289377621458929
0.0032009925056977694,0.0014142911478791029,0.00017883563280570407,0.005405811761189582
0.0030517845032961774,0.0013812819068168493,0.000262762940095896,0.004969333473716268
0.0008465718260209972,0.0005294431550176108,0.0020971496829312476,0.005669931883514438
0.0008168644030671185,0.0005853207224886177,0.002105771646027298,0.00528715412821683
0.0032007534676580275,0.0014145458784066793,0.00017835108918313406,0.0054045132152735825
0.003051663365167497,0.0013815743696370412,0.00026221971162948045,0.004967630359354818
0.0008463971773714304,0.0005295329217967367,0.0020964736763558972,0.0056678529148041
0.0008166593160182841,0.0005855190812841188,0.0021053443123316,0.0052849306878061395
0.003200511938546835,0.0014148029275453848,0.00017786659808904627,0.0054032137319985785
0.0030515393458289478,0.0013818686634056243,0.00026167605641348984,0.004965927499566942
0.0008462234727630407,0.0005296232349684777,0.0020957969027150746,0.0056657712958826534
0.0008164552811792783,0.0005857175873992545,0.0021049154802700075,0.005282707299285159
0.0032002679432096884,0.0014150622887441852,0.00017738217260942943,0.0054019133074329154
0.0030514124709012658,0.0013821647840225966,0.0002611319912583757,0.004964224887383669
0.0008460507144766698,0.0005297140966107965,0.0020951193782621316,0.005663687046774121
0.0008162523008014595,0.0005859162444283694,0.0021044851673665014,0.005280483961671351
0.00320002150649934,0.0014153239553148878,0.0001768978256741244,0.005400611937659261
0.003051282766106063,0.001382462727314486,0.00026058753282410217,0.004962522515665212
0.0008458789047085716,0.0005298055088186033,0.0020944411190395875,0.005661600187673377
0.0008160503770703324,0.0005861150560736534,0.0021040533910969043,0.005278260673924838
0.0031997726533658896,0.0014155879204096344,0.00017641357003686582,0.0053993096187532185
0.003051150257382539,0.001382762489005237,0.00026004269759089975,0.004960820377066124
0.0008457080455881329,0.0005298974736990292,0.0020937621408766683,0.005659510738901765
0.0008158495120868815,0.000586314026143184,0.0021036201689135503,0.00527603743498842
0.003199521408779833,0.0014158541770369862,0.00017592941829272307,0.0053980063468128435
0.00305101497077659,0.001383064064730296,0.0002594975018776071,0.004959118464090218
0.0008455381391775375,0.0005299899933692573,0.0020930824593849364,0.005657418720922269
0.0008156497078964384,0.0005865131585472606,0.002103185518204858,0.005273814243754832
0.003199267797756195,0.0014161227180616645,0.00017544538286873288,0.005396702117939107
0.00305087693248871,0.0013833674500322087,0.00025895196183486625,0.004957416769067096
0.0008453691874714986,0.0005300830699610078,0.0020924020899561655,0.005655324154317402
0.0008154509664568688,0.0005867124573037425,0.0021027494563345935,0.0052715910990904875
0.0031990118453502684,0.0014163935362027172,0.00017496147602862205,0.005395396928236268
0.0030507361688668845,0.001383672640363628,0.00025840609344105896,0.00495571528414488
0.0008452011923992592,0.0005301767056182647,0.0020917210477780996,0.005653227059780417
0.0008152532896679687,0.0005869119265304322,0.0021023120006102556,0.005269367999817922
0.0031987535766545695,0.0014166666240442239,0.00017447770987236505,0.005394090773816236
0.0030505927063616844,0.0013839796310909412,0.0002578599125137631,0.0049540140013299965
0.0008450341558196205,0.0005302709024980276,0.00209103934782649,0.005651127458129104
0.0008150566793605319,0.0005871115704429229,0.00210187316829101,0.005267144944719765
0.0031984930167635295,0.001416941974022495,0.00017399409633628432,0.0053927836508181875
0.0030504465715684484,0.001384288417489343,0.0002573134346946064,0.0049523129124531525
0.0008448680795291691,0.0005303656627609881,0.0020903570048536524,0.005649025370282613
0.0008148611372935867,0.0005873113933560902,0.0021014329765847695,0.0052649219325529555
0.0031982301908148915,0.0014172195784447402,0.00017351064719624742,0.005391475555376552
0.0030502977911638983,0.0013845989947454283,0.00025676667546533526,0.004950612009216915
0.0008447029652574687,0.0005304609885911608,0.002089674033412754,0.005646920817259863
0.0008146666651648186,0.000587511399677564,0.002100991442642572,0.005262698962036521
0.003197965123957367,0.0014174994294774204,0.0001730273740625629,0.005390166483641846
0.003050146391969604,0.0013849113579575381,0.0002562196501329363,0.004948911283151487
0.0008445388146776774,0.0005305568821758846,0.0020889904478478827,0.005644813820162001
0.000814473264606519,0.0005877115939168727,0.0021005485835704565,0.005260476031850296
0.0031976978413260373,0.0014177815191638908,0.00017254428839203335,0.005388856431773181
0.0030499924008739175,0.0013852255021435753,0.0002556723738437372,0.0049472107256463135
0.0008443756293896031,0.0005306533457157637,0.002088306262292971,0.005642704400194876
0.0008142809371859222,0.0005879119806661867,0.0021001044164058666,0.005258253140637074
0.003197428368100011,0.0014180658394083387,0.00017206140147398637,0.0053875453959409125
0.0030498358448765705,0.0013855414222330251,0.00025512486156948667,0.004945510327958542
0.0008442134109390575,0.0005307503814270801,0.002087621490676464,0.005640592578625642
0.0008140896844098091,0.0005881125646136785,0.002099658958135525,0.005256030287014378
0.003197156729420498,0.0014183523819959608,0.00017157872444320657,0.005386233372337837
0.0030496767510594723,0.0013858591130691037,0.0002545771281207858,0.00494381008120452
0.0008440521608103442,0.0005308479915283526,0.002086936146714803,0.0056384783768038665
0.0008138995077273506,0.0005883133505357656,0.0020992122256704646,0.005253807469551642
0.00319688295044338,0.001418641138579819,0.0001710962682757042,0.005384920357169459
0.0030495151465735853,0.001386178569421356,0.00025402918813867637,0.004942109976368596
0.0008438918804201442,0.000530946178256378,0.002086250243929934,0.005636361816154987
0.0008137104085208757,0.0005885143432913211,0.002098764235873909,0.005251584686798613
0.003196607056312311,0.001418932100692939,0.00017061404378669972,0.005383606346648531
0.003049351058665401,0.0013864997859631611,0.0002534810560937726,0.00494041000430714
0.000843732571138583,0.0005310449438506533,0.002085563795630374,0.00563424291814581
0.0008135223881195398,0.0005887155478259326,0.002098315005529706,0.005249361937263964
0.003196329072144182,0.0014192252597499556,0.00017013206164191453,0.005382291337014758
0.0030491845146089574,0.0013868227573029983,0.00025293274630036773,0.004938710155757839
0.0008435742342683801,0.0005311442905701081,0.0020848768149319607,0.0056321217043186714
0.0008133354477937449,0.0005889169691687394,0.0020978645513599894,0.005247139219423081
0.0031960490230631545,0.0014195206070435169,0.00016965033234269566,0.00538097532450875
0.0030490155417883225,0.0013871474779568985,0.000252384272893647,0.00493701042132955
0.0008434168710576874,0.0005312442206755752,0.0020841893147486327,0.005629998196250511
0.0008131495887563753,0.0005891186124281412,0.0020974128900160373,0.005244916531726301
0.0031957669341340996,0.0014198181337586712,0.00016916886624453176,0.005379658305400573
0.003048844167595584,0.0013874739423714408,0.00025183564985425516,0.0049353107915257495
0.0008432604826971897,0.0005313447364449168,0.002083501307790349,0.005627872415563559
0.0008129648121717618,0.0005893204827865833,0.0020969600380728406,0.005242693872578091
0.003195482830419408,0.0014201178309623955,0.00016868767354163603,0.0053783402759774385
0.003048670419497352,0.0013878021449131633,0.000251286890990242,0.00493361125673766
0.00084310507032759,0.0005314458401567888,0.0020828128065727195,0.0056257443839226005
0.0008127811191415744,0.0005895225855158151,0.002096506012036526,0.005240471240356932
0.003195196736943424,0.0014204196896125457,0.00016820676427973624,0.005377021232542447
0.0030484943249850585,0.0013881320798777483,0.00025073800994861113,0.004931911807243247
0.0008429506350269632,0.0005315475341024753,0.002082123823411048,0.005623614123027955
0.0008125985107226115,0.0005897249259464336,0.0020960508283355095,0.005238248633414234
0.003194908678685913,0.0014207237005587998,0.00016772614835172087,0.005375701171419391
0.0030483159115966187,0.00138846374147608,0.0002501890202107024,0.0049302124332265326
0.0008427971778257915,0.0005316498205849394,0.0020814343704326052,0.005621481654597133
0.0008124169879160857,0.0005899275094880587,0.0020955945033142897,0.005236026050070328
0.0031946186805834153,0.0014210298545474227,0.00016724583550101145,0.005374380088953098
0.0030481352068909037,0.0013887971238542346,0.0002496399350931819,0.0049285131247716035
0.0008426446997025455,0.0005317527019127493,0.002080744459562843,0.0056193470003694235
0.0008122365516775135,0.0005901303416233237,0.0020951370532407677,0.0052338034886078785
0.0031943267675359935,0.0014213381422248845,0.00016676583531950986,0.005373057981507419
0.0030479522384436303,0.0013891322210882924,0.00024909076775104556,0.004926813871872647
0.0008424932015787431,0.0005318561804039945,0.0020800541025408625,0.005617210182103384
0.0008120572029050471,0.0005903334278981386,0.0020946784943023464,0.005231580947288145
0.0031940329643970655,0.001421648554136774,0.0001662861572487403,0.005371734845466255
0.003047767033878006,0.0013894690271771017,0.0002485415311721077,0.004925114664423541
0.0008423426843327009,0.0005319602583860172,0.0020793633109139342,0.00561507122155306
0.0008118789424593965,0.0005905367739284558,0.002094218842600808,0.005229358424333206
0.003193737295945576,0.0014219610807349162,0.00016580681058851198,0.005370410677239376
0.0030475796207783987,0.001389807536061529,0.0002479922381900204,0.0049234154922442605
0.0008421931487850448,0.0005320649381895999,0.00207867209604171,0.005612930140496741
0.0008117017711498459,0.0005907403853892516,0.0020937581141490308,0.005227135917940275
0.003193439786932995,0.00142227571237077,0.00016532780448443143,0.005369085473259868
0.0030473900267842854,0.0013901477416044666,0.00024744290146687316,0.00492171634506703
0.0008420445957157322,0.0005321702221581252,0.002077980469090593,0.005610786960695747
0.0008115256897395386,0.0005909442680267057,0.0020932963248833057,0.00522491342627993
0.003193140462028128,0.00142259243931437,0.0001648491479433737,0.005367759229978077
0.003047198279492659,0.0013904896376105045,0.00024689353351153143,0.004920017212552589
0.0008418970258522361,0.0005322761126361727,0.0020772884410482978,0.005608641703909796
0.000811350698949785,0.0005911484276363309,0.002092833490636224,0.0052226909474893165
0.0031928393458346693,0.0014229112517404065,0.00016437084982385343,0.0053664319438760525
0.003047004406526991,0.0013908332178189716,0.00024634414666962486,0.004918318084279524
0.0008417504398765481,0.0005323826119814995,0.002076596022715804,0.0056064943918834945
0.0008111767994562607,0.0005913528700808633,0.002092369627162933,0.005220468479682205
0.0031925364628968508,0.0014232321397450948,0.000163892918841928,0.005365103611456318
0.0030468084354833744,0.0013911784759065137,0.00024579475312614595,0.004916618949763597
0.0008416048384251848,0.0005324897225549945,0.0020759032247054847,0.005604345046349978
0.0008110039918986901,0.000591557601273266,0.0020919047501106553,0.005218246020934082
0.003192231837686021,0.0014235550933340813,0.0001634153635721099,0.005363774229252768
0.003046610393937535,0.0013915254054903416,0.0002452453649101877,0.004914919798458018
0.0008414602220885659,0.0005325974467196744,0.0020752100574533148,0.005602193689021249
0.0008108322768685764,0.0005917626271859541,0.0020914388750512074,0.005216023569302999
0.003191925494596426,0.0014238801024415767,0.00016293819244658764,0.005362443793818001
0.003046410309461367,0.0013918740001252652,0.00024469599388745103,0.004913220619748738
0.0008413165914153181,0.0005327057868546134,0.0020745165312148163,0.005600040341571267
0.0008106616549210633,0.000591967953836216,0.002090972017442725,0.005213801122823833
0.003191617457926263,0.0014242071569214208,0.00016246141376066248,0.005361112301743477
0.0030462082095834876,0.0013922242533120173,0.00024414665177299776,0.004911521402969398
0.0008411739469105918,0.0005328147453356861,0.002073822656069656,0.005597885025651125
0.0008104921265761699,0.0005921735872954527,0.0020905041926552476,0.005211578679494799
0.00319130775192664,0.0014245362465510713,0.00016198503566711235,0.00535977974963794
0.0030460041217962273,0.0013925761584924654,0.0002435973501205753,0.004909822137404159
0.0008410322890380135,0.0005329243245449937,0.0020731284419159435,0.005595727762876078
0.0008103236923096423,0.0005923795336846929,0.0020900354159610443,0.005209356237293668
0.003190996400730515,0.0014248673610455125,0.00016150906618336708,0.005358446134138676
0.003045798073577112,0.0013929297090571294,0.00024304810032818532,0.004908122812277701
0.0008408916182179715,0.0005330345268733313,0.0020724338984805415,0.005593568574813867
0.0008101563525675254,0.0005925857991670458,0.0020895657025232174,0.005207133794172838
0.003190683428393973,0.0014252004900421995,0.00016103351319185982,0.005357111451925986
0.003045590092338409,0.001393284898342635,0.0002424989136434964,0.004906423416778926
0.0008407519348315488,0.0005331453547124231,0.0020717390353173766,0.005591407482997836
0.0008099901077574133,0.000592792389953343,0.0020890950674104266,0.005204911348055568
0.0031903688588938266,0.0014255356231194641,0.00016055838443562539,0.0053557756996932965
0.0030453802054641655,0.0013936417196333212,0.00024194980115372575,0.0049047239400519475
0.000840613239223719,0.0005332568104603535,0.00207104386180605,0.005589244508894826
0.0008098249582535652,0.0005929993122916542,0.0020886235255833684,0.005202688896850036
0.0031900527160920625,0.0014258727497923939,0.00016008368752958824,0.005354438874174675
0.003045168440268658,0.0013940001661662622,0.0002414007737997037,0.004903024371209758
0.0008404755316966066,0.0005333688965180547,0.002070348387159096,0.005587079673933125
0.0008096609044000386,0.0005932065724707209,0.002088151091900848,0.005200466438428488
0.0031897350237585585,0.0014262118595145474,0.0001596094299506878,0.005353100972138169
0.0030449548240233924,0.0013943602311320058,0.0002408518423643611,0.004901324699319268
0.0008403388125189476,0.0005334816152868912,0.00206965262041821,0.005584912999473843
0.000809497946501219,0.0005934141768215397,0.0020876777811139925,0.005198243970652356
0.003189415805574113,0.0014265529416865657,0.0001591356190491258,0.0053517619903733
0.003044739383932732,0.0013947219076699611,0.00024030301748487163,0.004899624913431331
0.0008402030819227601,0.000533594969174884,0.0020689565704622983,0.005582744506816112
0.0008093360848382154,0.000593622131706799,0.0020872036078654773,0.0051960214913523125
0.0031890950850984798,0.0014268959856511925,0.00015866226204062664,0.005350421925715519
0.0030445221471459573,0.0013950851888823344,0.0002397543096421604,0.004897925002558581
0.0008400683401014456,0.0005337089605931498,0.002068260246001318,0.005580574217194629
0.0008091753196592771,0.0005938304435257376,0.002086728586686275,0.005193798998335855
0.0031887728858071146,0.0014272409807057332,0.00015818936601580999,0.005349080775022479
0.0030443031407302243,0.0013954500678261146,0.00023920572917405142,0.004896224955701882
0.0008399345872185703,0.0005338235919525305,0.00206756365558524,0.005578402151768984
0.0008090156511858958,0.0005940391187054082,0.0020862527320070203,0.0051915764893926
0.0031884492310498974,0.0014275879160918733,0.00015771693793515052,0.0053477385351982
0.003044082391680227,0.0013958165375163542,0.00023865728626619334,0.004894524761836048
0.0008398018234008742,0.000533938865662297,0.0020668668075949515,0.005576228331636276
0.0008088570796075696,0.0005942481637067587,0.00208577605813932,0.005189353962288671
0.003188124144059244,0.0014279367810118772,0.00015724498463481958,0.005346395203179939
0.0030438599269194473,0.0013961845909293206,0.00023810899095901524,0.004892824409925105
0.0008396700487413835,0.0005340547841381363,0.0020661697102605917,0.005574052777807528
0.0008086996050935435,0.0005944575850164192,0.002085298579274604,0.005187131414775118
0.0031877976479755456,0.0014282875646196686,0.00015677351282501777,0.005345050775941411
0.003043635773291506,0.0013965542209999446,0.0002375608531469984,0.0048911238889277776
0.0008395392633063875,0.0005341713497977733,0.0020654723716477075,0.005571875511209217
0.0008085432277797154,0.0005946673891462468,0.0020848203095015865,0.005184908844585272
0.003187469765813987,0.001428640256034405,0.00015630252909181185,0.005343705250486433
0.003043409957541271,0.001396925420632617,0.00023701288257804508,0.004889423187792237
0.0008394094671269865,0.0005342885650528534,0.0020647747996724434,0.0055696965526848274
0.0008083879477817181,0.0005948775826310313,0.0020843412627891307,0.005182686249424225
0.003187140520470777,0.0014289948443389562,0.0001558320398992173,0.00534235862386067
0.0030431825063348076,0.00139729818269529,0.000236465088857524,0.0048877222954566025
0.0008392806602008128,0.000534406432322532,0.002064077002088504,0.005567515922995603
0.0008082337651917423,0.0005950881720314961,0.0020838614529865252,0.005180463626985266
0.003186809934721516,0.0014293513185774725,0.00015536205159071963,0.005341010893154175
0.003042953446234795,0.0013976725000251083,0.00023591748144737858,0.0048860212008692205
0.0008391528425074954,0.0005345249540186418,0.0020633789865018024,0.005565333642797645
0.0008080806800781676,0.0005952991639204082,0.0020833808938268326,0.0051782409749443455
0.003186478031210043,0.0014297096677643082,0.00015489257038949,0.005339662055500739
0.003042722803711972,0.0013980483654246552,0.00023537006966915428,0.0048843198929820735
0.0008390260139882307,0.0005346441325545452,0.002062680760358624,0.005563149732669791
0.0008079286924860461,0.000595510564896588,0.0020828995989227964,0.0051760182909613706
0.0031861448324787653,0.0014300698808834232,0.00015442360239975274,0.005338312108060762
0.00304249060513725,0.0013984257716694558,0.0002348228627025641,0.004882618360746012
0.0008389001745610622,0.000534763970343687,0.002061982330968753,0.00556096421307718
0.000807777802441081,0.0005957223815680506,0.002082417581774525,0.005173795572679722
0.0031858103609211062,0.0014304319468953287,0.00015395515361102714,0.0053369610480445955
0.0030422568767716463,0.0013988047115053828,0.00023427586958888136,0.004880916593132017
0.0008387753241163612,0.0005348844697967787,0.002061283705482166,0.005558777104392752
0.0008076280099473119,0.0005959346205591334,0.0020819348557536044,0.0051715728177312275
0.0031854746388169796,0.001430795854733505,0.0001534872298933776,0.005335608872706152
0.003042021644776722,0.001399185177652478,0.00023372909923016473,0.004879214579124787
0.0008386514625191937,0.0005350056333212424,0.0020605848909064813,0.005556588426881511
0.0008074793149916636,0.0005961472885061303,0.0020814514341034643,0.005169350023730341
0.003185137688305001,0.001431161593314182,0.00015301983700472904,0.005334255579342122
0.003041784935188287,0.0013995671628077263,0.00023318256039251206,0.0048775123077270605
0.0008385285896092025,0.0005351274633213527,0.002059885894107923,0.005554398200701601
0.0008073317175438668,0.0005963603920546027,0.00208096732995439,0.00516712718827463
0.00318479953139487,0.0014315291515326776,0.00015255298058959932,0.005332901165293681
0.0030415467739269898,0.0013999506596463302,0.00023263626170573883,0.004875809767963009
0.0008384067052017236,0.0005352499621979972,0.0020591867218040655,0.00555220644590803
0.0008071852175520955,0.0005965739378565503,0.0020804825563102915,0.005164904308956311
0.0031844601899712593,0.0014318985182636963,0.00015208666618116054,0.005331545627947663
0.0030413071868115025,0.001400335660813757,0.000232090211665659,0.004874106948884349
0.0008382858090929692,0.0005353731323472962,0.0020584873805713556,0.005550013182434948
0.0008070398149482731,0.0005967879325733274,0.0020799971260497766,0.005162681383360807
0.0031841196857574547,0.0014322696823773906,0.00015162089920169248,0.005330188964736854
0.0030410661995273537,0.0014007221589460773,0.00023154441863494488,0.004872403839562436
0.0008381659010477178,0.0005354969761633051,0.002057787876852429,0.005547818430111561
0.0008068955096564738,0.0005970023828658256,0.002079511051921545,0.005160458409046878
0.0031837780403726423,0.0014326426327246947,0.00015115568496346899,0.005328831173145133
0.0030408238376215062,0.0014011101466538626,0.00023099889084366636,0.004870700429120927
0.0008380469808178327,0.0005356214960327964,0.0020570882169421148,0.005545622208644607
0.0008067523015747253,0.0005972172953972753,0.0020790243465462397,0.005158235383580458
0.0031834352752765083,0.0014330173581514696,0.00015069102867144944,0.0053274722507032565
0.0030405801265491997,0.001401499616529756,0.0002304536363883142,0.004868996706706474
0.000837929048131971,0.0005357466943394437,0.0020563884070064534,0.0055434245376185425
0.0008066101905943889,0.0005974326768347647,0.0020785370224196287,0.005156012304519012
0.003183091411782616,0.0014333938474986958,0.0001502269354260194,0.0053261121949897275
0.003040335091591493,0.0014018905611559013,0.00022990866324207237,0.004867292661505389
0.000837812102695782,0.0005358725734566484,0.0020556884530757245,0.0055412254365047025
0.0008064691765940629,0.0005976485338367303,0.002078049091908373,0.005153789169396875
0.0031827464710890586,0.0014337720895986196,0.00014976341022023682,0.005324751003633723
0.003040088757917019,0.0014022829730940807,0.00022936397924490641,0.004865588282757136
0.0008376961441965043,0.000535999135756412,0.0020549883610464325,0.005539024924650429
0.000806329259432504,0.0005978648730625583,0.002077560567245164,0.005151565975767427
0.0031824004742218442,0.001434152073286479,0.00014930045794362624,0.005323388674318528
0.0030398411505691007,0.0014026768448937306,0.0002288195921084589,0.004863883559738043
0.0008375811723091395,0.0005361263835983106,0.0020542881366810337,0.005536823021262295
0.0008061904389670281,0.0005980817011632919,0.0020770714605321764,0.005149342721160078
0.003182053442068821,0.0014345337873965373,0.00014883808338749964,0.005322025204782864
0.0030395922944143378,0.0014030721691012731,0.00022827550942657585,0.004862178481783474
0.0008374671866815432,0.0005362543193378305,0.0020535877856129574,0.005534619745444798
0.0008060527150380862,0.0005982990247835796,0.0020765817837461904,0.005147119403100855
0.003181705395392335,0.0014349172207646535,0.00014837629123340564,0.0053206605928109146
0.0030393422142172746,0.0014034689382427814,0.00022773173865716067,0.004860473038271574
0.0008373541869510261,0.0005363829453205663,0.0020528873133486107,0.005532415116155689
0.0008059160874731953,0.0005985168505587727,0.0020760915487282564,0.005144896019130937
0.003181356354775278,0.0014353023622348659,0.00014791508607310904,0.005319294836247915
0.0030390909345735517,0.0014038671448388593,0.00022718828714456813,0.004858767218646148
0.00083724217273619,0.0005365122638834512,0.0020521867252672695,0.0055302091522257514
0.0008057805561023481,0.000598735185111136,0.00207560076718195,0.005142672566765692
0.0031810063406737857,0.0014356892006581199,0.00014745447239365099,0.005317927932992845
0.0030388384799367348,0.0014042667814073042,0.0002266451621068124,0.0048570610124047345
0.0008371311436386105,0.0005366422773551794,0.0020514860266286654,0.005528001872357399
0.0008056461207323435,0.0005989540350482723,0.0020751094506816195,0.00514044904354124
0.0031806553734002358,0.0014360777248907722,0.000146994454586387,0.005316559881001268
0.0030385848746078514,0.001404667840451639,0.00022610237064027818,0.004855354409121285
0.000837021099249288,0.0005367729880512064,0.0020507852225518375,0.005525793295115803
0.0008055127811744802,0.0005991734069656296,0.0020746176106606817,0.005138225446981695
0.0031803034730815984,0.0014364679238074898,0.00014653503694983183,0.005315190678296505
0.00303833014273657,0.0014050703144756673,0.00022555991972547163,0.004853647398423421
0.0008369120391440617,0.000536904398280525,0.00205008431805198,0.005523583438934434
0.0008053805372245766,0.0005993933074421437,0.002074125258431907,0.0051360017746162594
0.0031799506597366654,0.0014368597862889664,0.00014607622368371698,0.005313820322942778
0.0030380743083223243,0.0014054741959778684,0.00022501781622273685,0.004851939970010729
0.000836803962880587,0.0005370365103394317,0.0020493833180173487,0.005521372322107939
0.0008052493886769309,0.0005996137430326394,0.0020736324051562533,0.005133778023985449
0.0031795969531960206,0.0014372533012376445,0.00014561801889857354,0.005312448813080871
0.003037817395196126,0.0014058794774534067,0.000224476066875403,0.004850232113664673
0.0008366968700110879,0.0005371693265110586,0.002048682227213307,0.005519159962791872
0.0008051193353184699,0.0005998347202745657,0.0020731390618615175,0.005131554192628472
0.0031792423731566767,0.0014376484575705333,0.0001451604266116209,0.005311076146908047
0.0030375594270368664,0.0014062861513984793,0.00022393467831348802,0.004848523819237257
0.0008365907600701592,0.0005373028490697723,0.002047981050295615,0.005516946379008319
0.0008049903769290348,0.0006000562456824084,0.002072645239442882,0.005129330278094675
0.0031788869391573896,0.001438045244228077,0.00014470345074864377,0.005309702322677695
0.003037300427358901,0.001406694210307195,0.00022339365704834445,0.004846815076663251
0.000836485632585779,0.0005374370802720854,0.002047279791795549,0.005514731588629938
0.0008048625132899386,0.0006002783257481976,0.0020721509486562916,0.005127106277927314
0.003178530670568182,0.0014384436501709808,0.0001442470951503318,0.005308327338718515
0.0030370404195150026,0.0014071036466764026,0.00022285300948591288,0.004845105875954311
0.0008363814870677366,0.0005375720223682541,0.002046578456138161,0.005512515609403555
0.0008047357441744119,0.0006005009669342025,0.0020716562001145598,0.005124882189696311
0.003178173586630704,0.0014388436643787588,0.0001437913635643711,0.005306951193411293
0.0030367794266980847,0.001407514453002682,0.00022231274191156399,0.004843396207215903
0.0008362783230270965,0.0005377076775893784,0.0020458770476330396,0.005510298458913763
0.0008046100693504288,0.0006007241756791362,0.002071161004299495,0.005122658010976812
0.003177815706398052,0.001439245275866019,0.00014333625965726746,0.005305573885211836
0.003036517471911058,0.0014079266217892565,0.0002217728605097678,0.004841686060639705
0.0008361761399563548,0.0005378440481537231,0.002045175570475811,0.00550808015461955
0.000804485488589269,0.0006009479583898496,0.0020706653715473282,0.00512043373934635
0.003177457048786195,0.0014396484736674863,0.00014288178700598493,0.005304195412637515
0.003036254578014126,0.0014083401455429268,0.0002212333713493164,0.004839975426501481
0.0008360749373418852,0.0005379811362659737,0.002044474028758341,0.005505860713829972
0.0008043620016571236,0.0006011723214435416,0.002070169312059702,0.00511820937240384
0.003177097632546678,0.001440053246848426,0.00014242794910636485,0.005302815774278908
0.00303599076768026,0.0014087550167747613,0.00022069428039391985,0.004838264295185383
0.0008359747146664729,0.0005381189441120372,0.0020437724264529182,0.005503640153712203
0.000804239608319174,0.000601397271184866,0.0020696728358953077,0.00511598490776014
0.00317673747627387,0.001440459584505404,0.00014197474937227333,0.005301434968791223
0.0030357260634040727,0.0014091712280041293,0.00022015559350311033,0.004836552657163639
0.0008358754713987982,0.0005382574738656411,0.00204307076743645,0.005501418491290446
0.0008041183083388995,0.0006016228139233889,0.0020691759529761168,0.005113760343040671
0.0031763765983951024,0.0014408674757690897,0.00014152219113294163,0.005300052994899551
0.003035460487534317,0.0014095887717553745,0.00021961731642711535,0.0048348405030091725
0.0008357772070032365,0.0005383967276856707,0.0020423690554812945,0.005499195743433573
0.0008039981014843744,0.0006018489559356006,0.0020686786730724346,0.005111535675888816
0.0031760150171854518,0.0014412769098034845,0.0001410702776420236,0.0052986698514031465
0.00303519406220302,0.0014100076405651532,0.00021907945481742865,0.0048331278234085995
0.0008356799209399557,0.0005385367077078264,0.002041667294240637,0.005496971926881715
0.0008038789875189314,0.0006020757034570221,0.0020681810058250055,0.005109310903964177
0.0031756527507634,0.0014416878758055193,0.0001406190120701555,0.005297285537176479
0.0030349268093968983,0.0014104278269781827,0.00021854201421799306,0.00483141460914267
0.0008355836126623465,0.0005386774160578341,0.002040965487278961,0.00549474705821427
0.0008037609662064367,0.0006023030626896972,0.00206768296072791,0.005107086024951692
0.0031752898170735546,0.0014421003630162822,0.00014016839751470974,0.005295900051156221
0.0030346587509018394,0.0014108493235488254,0.00021800500007716596,0.004829700851106173
0.000835488281617099,0.000538818854837177,0.0020402636380582565,0.005492521153871643
0.0008036440373190005,0.0006025310397880632,0.00206718454713659,0.005104861036549519
0.0031749262339125415,0.0014425143607095555,0.0001397184369938793,0.00529451339236569
0.0030343899083287,0.0014112721228427961,0.0002174684177412607,0.0048279865403134305
0.0008353939272490304,0.0005389610261347955,0.0020395617499377873,0.005490294230148935
0.0008035282006242069,0.0006027596408724847,0.0020666857742598797,0.005102635936487179
0.0031745620189092983,0.001442929858202785,0.00013926913345153357,0.005293125559892845
0.0030341203031247124,0.0014116962174404468,0.00021693227245508175,0.004826271667875441
0.0008353005489982157,0.0005391039320178479,0.0020388598261792085,0.005488066303185028
0.0008034134558924659,0.0006029888720175039,0.0020661866511676426,0.005100410722512267
0.0031741971895245685,0.0014433468448603523,0.0001388204897591184,0.005291736552906558
0.0030338499565182395,0.00141212159993855,0.00021639656937328595,0.004824556225033067
0.0008352081463016605,0.0005392475745371224,0.002038157869948548,0.0054858373889823935
0.0008032998029016934,0.000603218739255896,0.0020656871867886155,0.005098185392391027
0.0031738317630786122,0.0014437653100826417,0.00013837250871343249,0.005290346370651266
0.0030335788895813408,0.0014125482629435341,0.00021586131354825705,0.0048228402031417605
0.0008351167185906613,0.0005393919557207807,0.002037455884315154,0.005483607503395578
0.0008031872414290092,0.0006034492485717246,0.0020651873899084233,0.005095959943926335
0.003173465756700264,0.0014441852433187854,0.0001379251930413342,0.005288955012455805
0.0030333071232004714,0.001412976199078706,0.0002153265099408078,0.004821123593674685
0.0008350262652998892,0.0005395370775782464,0.0020367538722484866,0.005481376662127952
0.0008030757712590039,0.0006036804059053869,0.0020646872691699753,0.0050937343749412325
0.0031730991873782175,0.0014446066340644916,0.00013747854539997715,0.005287562477723285
0.0030330346780501507,0.0014134054009850058,0.0002147921634205091,0.004819406388239729
0.0008349367858583082,0.000539682942099988,0.002036051836634132,0.005479144880745108
0.0008029653921784286,0.0006039122171499218,0.002064186833074024,0.0050915086832921345
0.0031727320719297514,0.001445029471860656,0.00013703256837643054,0.005286168765935404
0.0030327615746465913,0.0014138358613176717,0.00021425827876042056,0.004817688578554762
0.0008348482796932408,0.0005398295512565738,0.0020353497802618236,0.005476912174658203
0.0008028561039775795,0.0006041446881445081,0.0020636860899840956,0.005089282866867507
0.0031723644270069628,0.0014454537463031156,0.00013658726449116717,0.005284773876655669
0.0030324878332986193,0.0014142675727550852,0.00021372486064626827,0.00481597015648131
0.0008347607462345113,0.0005399769069957253,0.0020346477058322456,0.005474678559131733
0.0008027479064552087,0.0006043778246860327,0.002063185048106304,0.005087056923582614
0.0031719962691108606,0.0014458794470319435,0.00013614263619732156,0.005283377809532523
0.0030322134741274515,0.0014147005279905127,0.0002131919136732892,0.004814251114005793
0.0008346741849090906,0.0005401250112445161,0.0020339456159502575,0.005472444049291659
0.0008026407994150437,0.0006046116325147412,0.002062683715518081,0.005084830851386687
0.003171627614570498,0.0014463065637435766,0.00013569868588089983,0.005281980564297119
0.0030319385170803777,0.0014151347197364343,0.00021265944234786976,0.0048125314432460615
0.0008345885951446559,0.0005402738659100204,0.00203324351314393,0.005470208660112808
0.0008025347826635149,0.0006048461173216147,0.0020621821001550983,0.0050826046482650026
0.003171258479547363,0.001446735086188264,0.00013525541586803077,0.005280582140754685
0.003031662981891347,0.001415570140731037,0.0002121274510907195,0.00481081113644783
0.0008345039763703615,0.0005404234728776319,0.002032541399845503,0.005467972406425546
0.0008024298560194336,0.0006050812847430846,0.0020616802097981916,0.0050803783122351205
0.0031708888800514594,0.0014471650041652559,0.00013481282841857495,0.005279182538810141
0.0030313868881083187,0.0014160067837287987,0.00021159594423765356,0.004809090186009922
0.0008344203280146998,0.000540573834010597,0.0020318392784102624,0.005465735302921936
0.0008023260193037652,0.0006053171403595864,0.0020611780521003565,0.005078151841357856
0.0031705188319365676,0.0014475963075314515,0.00013437092572905188,0.005277781758442922
0.0030311102551060644,0.0014164446415051001,0.00021106492603598675,0.004807368584461064
0.0008343376495104282,0.0005407249511473692,0.0020311371511002683,0.005463497364140097
0.0008022232723440677,0.0006055536897010457,0.002060675634558093,0.005075925233731282
0.003170148350865118,0.0014480289862058284,0.00013392970993908189,0.005276379799719974
0.003030833102033928,0.0014168837068650787,0.00021053440065406907,0.0048056463244670455
0.0008342559402945829,0.0005408768261043201,0.0020304350200947554,0.005461258604478643
0.0008021216149804751,0.0006057909382406053,0.002060172964544536,0.0050736984874802426
0.0031697774523638295,0.0014484630301611317,0.00013348918312569853,0.005274976662796411
0.0030305554478658766,0.001417323972636732,0.00021000437217815696,0.004803923398836704
0.0008341751997968015,0.0005410294606818247,0.0020297328875043138,0.005459019038199347
0.0008020210470545255,0.0006060288913935606,0.002059670049275883,0.005071471600782335
0.003169406151805511,0.0014488984294249118,0.00013304934730525898,0.005273572347910505
0.0030302773113993994,0.0014177654316651059,0.00020947484460860484,0.0048021998005240915
0.0008340954274623991,0.0005411828566488602,0.0020290307553440974,0.005456778679411229
0.0008019215684204611,0.0006062675545203846,0.0020591668958376396,0.005069244571854398
0.00316903446436179,0.0014493351740917189,0.00013261020444326073,0.005272166855397062
0.00302999871120729,0.0014182080768304058,0.00020894582187346315,0.004800475522624047
0.0008340166227288854,0.0005413370157599671,0.002028328625557744,0.0054545375420886845
0.0008018231789405779,0.0006065069329206583,0.002058663511167223,0.005067017398950262
0.003168662405088558,0.0014497732543148198,0.00013217175644059982,0.005270760185665791
0.0030297196656878366,0.001418651901033116,0.0002084173078154887,0.0047987505583864005
0.0008339387850449582,0.0005414919397405285,0.002027626500006704,0.005452295640060833
0.0008017258784855417,0.0006067470318420271,0.002058159902069127,0.005064790080368835
0.0031682899888483954,0.001450212660309014,0.00013173400514824522,0.0052693523392293926
0.0030294401930323523,0.0014190968972042377,0.00020788930620596973,0.004797024901198036
0.0008338619138602588,0.0005416476302915002,0.002026924380471729,0.005450052987026174
0.0008016296669345911,0.0006069878564647113,0.002057656075197263,0.005062562614455198
0.0031679172303501163,0.0014506533823502423,0.00013129695235935835,0.005267943316690171
0.0030291603112475064,0.0014195430583013326,0.00020736182073633475,0.004795298544603375
0.0008337860086288746,0.0005418040890961043,0.0020262222686658537,0.0054478095965365585
0.0008015345441738102,0.000607229411918249,0.002057152037082783,0.005060334999600298
0.0031675441441615226,0.001451095410779177,0.0001308605998149901,0.0052665331187258056
0.003028880038144558,0.0014199903773062623,0.00020683485502332352,0.004793571482291268
0.000833711068812489,0.0005419613178087224,0.002025520166222255,0.00544556548200264
0.000801440510104278,0.0006074717032632671,0.0020566477941033694,0.005058107234244065
0.003167170744657544,0.0014515387360025818,0.00013042494920526853,0.005265121746123193
0.0030285993913174887,0.0014204388472369124,0.00020630841261371207,0.004791843708113068
0.0008336370938730558,0.0005421193180652863,0.00202481807469497,0.005443320656713566
0.0008013475646319576,0.0006077147355049766,0.0020561433525009176,0.0050558793168718015
0.003166797046088741,0.0014519833484893019,0.00012999000216425935,0.005263709199750178
0.0030283183882130623,0.0014208884611324319,0.00020578249697372753,0.004790115216060277
0.0008335640832824782,0.0005422780914761764,0.002024115995576918,0.0054410751337978305
0.0008012557076755464,0.0006079585135890383,0.0020556387183801915,0.005053651246021959
0.003166423062515688,0.0014524292387824663,0.0001295557602807284,0.0052622954805683474
0.0030280370460303526,0.0014213392120698716,0.0002052571115079967,0.004788386000292573
0.0008334920365177296,0.0005424376396288325,0.0020234139302778794,0.005438828926266491
0.000801164939164595,0.0006082030423970998,0.002055133897711053,0.005051423020271709
0.0031660488078651843,0.0014528763974841336,0.00012912222508896858,0.0052608805896312465
0.0030277553818099257,0.0014217910931554581,0.00020473225954339644,0.004786656055104974
0.0008334209530589244,0.0005425979640868217,0.0020227118801410047,0.005436582046992786
0.0008010752590344056,0.0006084483267541623,0.0020546288963270666,0.005049194638259611
0.0031656742958816662,0.0014533248152704065,0.0001286893980795528,0.005259464528086182
0.003027473412385077,0.0014222440975275386,0.000204207944339007,0.004784925374964018
0.0008333508323934683,0.0005427590663902834,0.002022009846439561,0.005434334508717383
0.0008009866672395159,0.0006086943714172328,0.002054123719920356,0.005046966098667458
0.003165299540184123,0.0014537744828806082,0.0001282572806912392,0.005258047297170359
0.003027191154387217,0.0014226982183546686,0.00020368416908741403,0.00478319395449314
0.0008332816740195207,0.0005429209480566908,0.002021307830375853,0.005432086324041179
0.00080089916373563,0.0006089411810843366,0.0020536183740472247,0.00504473740024077
0.00316492455420273,0.0014542253911292466,0.00012782587431723764,0.005256628898222118
0.003026908624276651,0.0014231534488412013,0.0002031609369123253,0.004781461788462152
0.0008332134774419434,0.0005430836105814158,0.0020206058330854816,0.005429837505436989
0.0008008127484964928,0.0006091887603940996,0.002053112864138901,0.005042508541764871
0.003164549351226394,0.0014546775308993116,0.00012739518030709408,0.00525520933266731
0.0030266258382898328,0.0014236097822271298,0.00020263825087397583,0.004779728871805334
0.0008331462421636344,0.0005432470554333254,0.0020199038556367485,0.00542758806526303
0.0008007274215039626,0.00060943711391941,0.0020526071954849803,0.005040279522085684
0.0031641739443977568,0.0014551308931429925,0.00012696519996169893,0.005253788602018025
0.0030263428125037665,0.0014240672117808895,0.00020211611396302268,0.004777995199613395
0.0008330799677054589,0.0005434112840616984,0.0020192018990352824,0.005425338015722849
0.0008006431827520011,0.0006096862461754684,0.0020521013732395757,0.005038050340105433
0.0031637983466817573,0.0014555854688882946,0.0001265359345415204,0.005252366707896106
0.0030260595627671512,0.001424525730814433,0.0002015945291109216,0.004776260767139566
0.0008330146535958935,0.0005435762978898665,0.002018499964207782,0.005423087368911004
0.0008005600322477695,0.000609936161611648,0.00205159540243264,0.005035820994772123
0.0031634225709083245,0.00145604124923097,0.0001261073852605528,0.005250943652012842
0.0030257761047654576,0.0014249853326694492,0.00020107349918294074,0.004774525569793849
0.0008329502993646203,0.0005437420983226775,0.002017798052030475,0.005420836136790584
0.0008004779700058348,0.0006101868646194436,0.0020510892879515457,0.005033591485103099
0.003163046629742469,0.0014564982253422486,0.0001256795532923693,0.005249519436168302
0.0030254924539827315,0.0014254460107245902,0.00020055302698342126,0.00477278960314269
0.0008328869045552703,0.0005439086867365772,0.0020170961633100342,0.005418584331199383
0.0008003969960561095,0.0006104383595260938,0.0020505830345664646,0.005031361810159383
0.0031626705357006607,0.0014569563884659147,0.00012525243977023375,0.005248094062259457
0.0030252086257002452,0.0014259077584004983,0.00020003311525760033,0.004771052862914677
0.0008328244687145956,0.0005440760644915836,0.002016394298791994,0.005416331963859046
0.000800317110441808,0.0006106906505963889,0.0020500766469058497,0.005029131969068366
0.0031622943011506374,0.0014574157299177255,0.00012482604578351527,0.0052466675322831455
0.0030249246350316753,0.0014263705691486012,0.00019951376668745597,0.004769315345002145
0.0008327629914049265,0.0005442442329239792,0.002015692459156563,0.0054140790463518456
0.0008002383132124415,0.000610943742038297,0.0020495701294717976,0.0050269019610146865
0.003161917938308138,0.0014578762410957075,0.00012440037238364742,0.005245239848321854
0.0030246404968830728,0.00142683443646518,0.00019899498389722034,0.004767577045456644
0.0008327024721948791,0.0005444131933476116,0.002014990645023964,0.005411825590150367
0.0008001606044344139,0.0006111976379940499,0.0020490634866425707,0.005024671785230793
0.00316154145922648,0.0014583379134644598,0.00012397542058352278,0.005243811012565089
0.0030243562259737226,0.0014272993538850438,0.0001984767694546433,0.004765837960480969
0.0008326429106595526,0.0005445829470509282,0.002014288856953608,0.005409571606613504
0.0008000839841850583,0.0006114523425485576,0.0020485567226681337,0.005022441441017876
0.0031611648758240445,0.0014588007385676397,0.00012355119135660505,0.005242381027286523
0.0030240718368417818,0.0014277653149741619,0.00019795912587028522,0.004764098086449139
0.0008325843063849624,0.0005447534953087503,0.002013587095448111,0.0054073171069736374
0.0008000084525535807,0.0006117078597259244,0.0020480498416655703,0.005020210927738883
0.00316078819986047,0.001459264708023998,0.00012312768563984154,0.0052409498948559775
0.0030237873438372603,0.001428232313346789,0.00019744205559684295,0.004762357419888655
0.0008325266589701515,0.0005449248393685508,0.002012885360950673,0.005405062102343009
0.0007999340096419952,0.0006119641934870905,0.0020475428476371808,0.005017980244806434
0.0031604114429500106,0.001459729813530912,0.000122704904333349,0.005239517617745189
0.003023502761110141,0.001428700342660264,0.00019692556103366178,0.004760615957492283
0.000832469968018505,0.0005450969804600506,0.0020121836538381636,0.0054028066037282736
0.0007998606555646363,0.0006122213477387096,0.0020470357444502194,0.00501574939169837
0.0031600346165701373,0.001460196046858178,0.00012228284830010332,0.005238084198513198
0.003023218102652723,0.0014291693966038165,0.00019640964452325357,0.004758873696106741
0.000832414233146663,0.0005452699197940458,0.0020114819744404292,0.005400550622014057
0.0007997883904447995,0.0006124793263268201,0.0020465285358634983,0.005013518367955514
0.003159657732039789,0.0014606633998601067,0.0001218615183690217,0.005236649639810515
0.003022933382243031,0.001429639468919943,0.0001958943083577636,0.004757130632734223
0.0008323594539776307,0.0005454436585588105,0.002010780323027272,0.005398294167978152
0.0007997172144270417,0.0006127381330364932,0.0020460212254941055,0.0050112871731704724
0.0031592808005258383,0.0014611318644617297,0.00012144091533514736,0.005235213944394045
0.003022648613489222,0.001430110553384698,0.0001953795547779082,0.004755386764546643
0.0008323056301499479,0.0005456181979243947,0.0020100786998085646,0.005396037252284573
0.0007996471276583169,0.0006129977715983203,0.0020455138168613512,0.005009055807001651
0.003158903833075295,0.001461601432668647,0.00012102103995679825,0.005233777115102185
0.003022363809827998,0.0014305826438189553,0.00019486538596661624,0.004753642088865034
0.000832252761309453,0.0005457935390389575,0.002009377104941973,0.005393779885483798
0.0007995781303052634,0.0006132582456877745,0.0020450063133455607,0.005006824269174282
0.0031585268405538575,0.0014620720965659894,0.00012060189296555139,0.005232339154878008
0.0030220789844846592,0.0014310557340944906,0.00019435180406499676,0.004751896603168332
0.0008322008471105929,0.0005459696830365077,0.002008675538529814,0.0053915220780315996
0.0007995102225429666,0.0006135195589158578,0.0020444987182215964,0.005004592559462664
0.003158149833736331,0.0014625438483109375,0.00012018347505106066,0.005230900066747342
0.0030217941505429266,0.001431529818115011,0.00019383881115690594,0.004750150305096566
0.0008321498872198367,0.0005461466310283337,0.0020079740006187733,0.005389263840266315
0.0007994434045625506,0.0006137817148466497,0.002043991034639011,0.005002360677714922
0.0031577728232002615,0.0014630166801497164,0.00011976578688063417,0.005229459853841185
0.003021509320873445,0.0014320048898386834,0.00019332640928257494,0.004748403192445452
0.0008320998813162533,0.0005463243841099803,0.0020072724912062337,0.0053870051824209154
0.0007993776765641924,0.0006140447169828251,0.0020434832656349945,0.005000128623830347
0.003157395819423142,0.0014634905843991218,0.00011934882908414189,0.005228018519372249
0.0030212245081841956,0.001432480943266375,0.00019281460042968682,0.00474665526316128
0.0008320508290864257,0.0005465029433610846,0.002006571010230188,0.005384746114630704
0.0007993130387609908,0.0006143085687765924,0.0020429754141306944,0.004997896397781339
0.003157018832732542,0.001463965553458826,0.00011893260226401594,0.0052265760666481784
0.003020939725014656,0.0014329579724409037,0.0001923033865416516,0.004744906515353026
0.0008320027302296078,0.0005466823098419785,0.0020058695575862944,0.005382486646921434
0.0007992494913843236,0.0006145732736259373,0.0020424674829355107,0.004995663999588444
0.0031566418732971494,0.0014644415798067546,0.00011851710699325676,0.005225132499073902
0.0030206549837062426,0.001433435971458322,0.00019179276951481405,0.004743156947275529
0.0008319555844569826,0.0005468624845945144,0.002005168133105756,0.00538022678922636
0.00079918703466969,0.0006148388348776506,0.0020419594747435868,0.004993431429340821
0.003156264951173783,0.0014649186560026358,0.00011810234381375092,0.005223687820144164
0.0030203702964465124,0.001433914934457099,0.00019128275120034756,0.004741406557333376
0.0008319093914839175,0.0005470434686495902,0.00200446673657898,0.005377966551382925
0.0007991256688690854,0.0006151052558218013,0.00204145139214549,0.004991198687191858
0.003155888076275906,0.0014653967746800836,0.0001176883132397375,0.005222242033439514
0.0030200856752475792,0.001434394855621695,0.0001907733334027249,0.004739655344093464
0.0008318641510453205,0.0005472252630199191,0.0020037653677391406,0.005375705943119536
0.000799065394248356,0.0006153725397036708,0.0020409432376119075,0.004988965773353371
0.0031555112583726147,0.001465875928558404,0.00011727501575762744,0.005220795142641126
0.003019801131945619,0.001434875729187189,0.00019026451788352883,0.004737903306268632
0.0008318198628822995,0.0005474078687025341,0.0020030640262758657,0.005373444974074857
0.000799006211083622,0.0006156406897165262,0.0020404350135118294,0.004986732688098752
0.00315513450710682,0.0014663561104373056,0.00011686245182729279,0.005219347151507416
0.003019516678206703,0.0014353575494376175,0.00018975630636092458,0.004736150442715096
0.0008317765267508655,0.0005475912866803447,0.0020023627118228213,0.0053711836537918434
0.0007989481196635893,0.0006159097090090983,0.0020399267221113382,0.004984499431755244
0.003154757831983244,0.0014668373131923264,0.00011645062188032309,0.0052178980638980885
0.0030192323255292023,0.00143584031070426,0.0001892487005125972,0.004734396752439441
0.0008317341424077749,0.0005477755179236533,0.0020016614239709227,0.005368921991732898
0.0007988911202911541,0.0006161796006718283,0.0020394183655612643,0.004982266004724792
0.003154381242385552,0.001467319529776278,0.00011603952632238824,0.005216447883755951
0.00301894808525356,0.001436324007366417,0.0001887417019692211,0.00473264223459918
0.0008316927096356414,0.0005479605633897951,0.0020009601622546377,0.0053666599972519
0.0007988352132762662,0.0006164503677643837,0.0020389099459230055,0.0049800324074633084
0.0031540047475447693,0.001467802753233319,0.00011562916553432204,0.005214996615110957
0.0030186639685413977,0.0014368086338571527,0.00018823531232539873,0.0047308868884893395
0.0008316522282187599,0.0005481464240216194,0.002000258926170882,0.0053643976796191
0.0007987803989500869,0.000616722013283427,0.0020384014651357294,0.00497779864048323
0.0031536283565729416,0.001468286976675532,0.00011521953987180039,0.0052135442620943
0.0030183799863922737,0.0014372941846562514,0.0001877295331346709,0.004729130713559534
0.0008316126979522279,0.000548333100747205,0.0019995577151588778,0.005362135048030124
0.0007987266776483589,0.0006169945401994312,0.002037892925054325,0.00497556470436057
0.0031532520784680936,0.0014687721933003732,0.00011481064966392973,0.005212090828904568
0.003018096149661854,0.00143778065429318,0.0001872243659058785,0.004727373709390318
0.0008315741186442634,0.0005485205944905899,0.001998856528614361,0.005359872111578651
0.0007986740497192725,0.0006172679514241735,0.002037384327423963,0.004973330599740669
0.0031528759220706246,0.0014692583963864525,0.00011440249521847508,0.005210636319843267
0.00301781246901678,0.0014382680373505126,0.000186719812115584,0.004725615875712735
0.0008315364901182879,0.0005487089061577279,0.0019981553658865465,0.005357608879279482
0.000798622515526942,0.000617542249839308,0.0020368756739007126,0.004971096327314571
0.003152499896118705,0.0014697455792879125,0.00011399507681818968,0.005209180739286589
0.0030175289549911866,0.001438756328460773,0.00018621587319795442,0.004723857212388883
0.0008314998121990142,0.0005488980366511917,0.0019974542262887053,0.0053553453600658435
0.0007985720754448126,0.0006178174382763334,0.002036366966033117,0.00496886188784379
0.003152124009217301,0.0014702337354421833,0.0001135883947216089,0.0052077240917009545
0.0030172456179415903,0.0014392455223075657,0.00018571255054971843,0.004722097719426071
0.0008314640847311349,0.0005490879868563594,0.001996753109068757,0.005353081562787347
0.0007985227298585965,0.0006180935195313829,0.0020358582052798406,0.004966627282144041
0.0031517482698366,0.001470722858367147,0.00011318244916722162,0.005206266381642119
0.0030169624680789083,0.00143973561363173,0.0001852098455321308,0.0047203373969681856
0.0008314293075659517,0.000549278757655887,0.001996052013446433,0.005350817496215603
0.000798474479164302,0.0006183704963616747,0.0020353493930088482,0.004964392511088524
0.003151372686345155,0.0014712129416580293,0.00011277724036798959,0.005204807613738541
0.003016679515471476,0.0014402265972172838,0.00018470775946652747,0.0047185762452844615
0.0008313954805668853,0.0005494703499199765,0.0019953509385892444,0.005348553169039579
0.0007984273237732364,0.0006186483714926681,0.0020348405304885017,0.004962157575612306
0.0031509972669605418,0.0014717039789929683,0.00011237276851980196,0.005203347792708016
0.003016396770000818,0.001440718467912758,0.00018420629364474095,0.004716814264782949
0.0008313626036074101,0.0005496627645107778,0.001994649883624304,0.005346288589877177
0.0007983812641038161,0.0006189271476040951,0.0020343316189039046,0.004959922476705224
0.0031506220198111007,0.0014721959641246726,0.00011196903379250316,0.005201886923346212
0.003016114241436199,0.001441211220611398,0.00018370544931673892,0.004715051456000896
0.0008313306765725371,0.0005498560022879697,0.001993948847625261,0.005344023767274733
0.0007983363005897221,0.000619206827350861,0.002033822659355011,0.004957687215410581
0.003150246952881746,0.0014726888908893007,0.00011156603633743074,0.005200425010537851
0.00301583193938067,0.0014417048502640727,0.00018320522770176053,0.004713287819601956
0.0008312996993597017,0.0005500500641015232,0.0019932478296378264,0.005341758709688958
0.0007982924336724121,0.0006194874133513382,0.00203331365283277,0.004955451792837672
0.0031498720740474897,0.001473182753199712,0.00011116377628567877,0.0051989620592396485
0.0030155498732865305,0.001442199351875082,0.00018270562998381858,0.004711523356382271
0.0008312696718734328,0.0005502449507925862,0.001992546828653014,0.005339493425523983
0.0007982496638073866,0.0006197689081915957,0.0020328046002708964,0.004953216210142384
0.0031494973910663766,0.001473677545046555,0.00011076225374805242,0.005197498074494657
0.003015268052471228,0.001442694720501925,0.00018220665731448208,0.004709758067253923
0.0008312405940302565,0.0005504406632037654,0.001991845843614842,0.0053372279231064575
0.0007982079914593286,0.0006200513144301153,0.0020322955025050423,0.004950980468540414
0.003149122911576144,0.0014741732605023207,0.00011036146881503856,0.0051960330614191355
0.003014986486103476,0.0014431909512571768,0.00018170831081047983,0.0047079919532603594
0.0008312124657592557,0.0005506372021693578,0.001991144873440526,0.00533496221068835
0.000798167417107191,0.0006203346345930354,0.002031786360277892,0.0049487445693040515
0.0031487486430996354,0.0014746698937137185,0.00010996142155953777,0.00519456702521342
0.003014705183210922,0.0014436880393095277,0.00018121059155861756,0.00470622501556541
0.0008311852869972417,0.0005508345685207365,0.0019904439169907448,0.0053326962964635165
0.0007981279412334532,0.0006206188711824639,0.0020312771742667934,0.004946508513760315
0.003148374593059415,0.001475167438908698,0.000109562112032842,0.005193099971146109
0.003014424152682936,0.0014441859798794653,0.00018071350061097934,0.00470445725545082
0.0008311590576928759,0.0005510327630866993,0.0019897429730912257,0.005330430188553034
0.0007980895643394848,0.0006209040266734109,0.0020307679450605465,0.004944272303285825
0.00314800076874421,0.0014756658903925877,0.0001091635402706313,0.005191631904570464
0.0030141434032733357,0.001444684768246553,0.00018021703899157758,0.004702688674313856
0.0008311337778042312,0.0005512317866922913,0.001989042040525647,0.005328163895018933
0.0007980522869322012,0.0006211901035179858,0.002030258673174375,0.004942035939310219
0.00314762717734161,0.0014761652425481725,0.00010876570628911146,0.005190162830906301
0.003013862943591572,0.0014451843997469816,0.00017972120769091092,0.004700919273662226
0.0008311094473013276,0.0005514316401644507,0.001988341118039664,0.005325897423853435
0.0007980161095318931,0.0006214771041416683,0.0020297493590455498,0.004939799423320435
0.00314725382593389,0.001476665489833619,0.00010836861008790981,0.005188692755652708
0.003013582782121048,0.0014456848697682904,0.00017922600767275777,0.004699149055128969
0.0008310860661602965,0.0005516323243269034,0.001987640204331319,0.005323630783000813
0.0007979810326675562,0.0006217650309509878,0.002029240003032342,0.0049375627568501845
0.0031468807214905057,0.001477166626783478,0.00010797225164670804,0.0051872216843838245
0.0030133029272104467,0.00144618617375713,0.0001787314398649104,0.004697378020450277
0.0008310636343727978,0.0005518338400006185,0.001986939298058883,0.00532136398033011
0.0007979470568755443,0.0006220538863332193,0.0020287306054206735,0.004935325941493601
0.003146507870861144,0.0014776686480128397,0.00010757663093127818,0.00518574962274466
0.0030130233870764352,0.001446688307217238,0.00017823750517316812,0.004695606171473537
0.0008310421519379597,0.0005520361880115972,0.001986238397844616,0.0053190970236609994
0.0007979141827081504,0.0006223436726553067,0.0020282211664313186,0.0049330889788803045
0.0031461352808082096,0.001478171548212327,0.00010718174788886109,0.005184276576435497
0.003012744169813956,0.0014471912657087163,0.00017774420446974216,0.0046938335101439094
0.0008310216188618628,0.0005522393691868182,0.0019855375022783846,0.00531682992075224
0.0007978824107253281,0.00062263439226644,0.00202771168620779,0.004930851870698693
0.0031457629579828635,0.0014786753221437085,0.00010678760245036255,0.005182802551250362
0.003012465283376338,0.0014476950448489773,0.00017725153860060524,0.004692060038524079
0.0008310020351637643,0.0005524433843535474,0.0019848366098890085,0.005314562679311313
0.0007978517414936877,0.0006229260475055235,0.0020272021648226383,0.004928614618684399
0.003145390908923231,0.0014791799646498376,0.00010639419453038251,0.005181327553039929
0.0030121867356162255,0.0014481996403100412,0.0001767595083821193,0.004690285758769747
0.0008309834008716986,0.000552648234342389,0.001984135719186146,0.005312295306986701
0.0007978221755935302,0.0006232186406932116,0.0020266926022925384,0.004926377224618016
0.0031450191400765604,0.0014796854706458859,0.00010600152402925233,0.0051798515877199795
0.003011908534244294,0.0014487050478263182,0.00017626811460513006,0.004688510673134921
0.0008309657160211919,0.0005528539199868512,0.001983434828632557,0.005310027811378337
0.0007977937136144316,0.0006235121741363008,0.0020261829985576208,0.004924139690327818
0.0031446476577803185,0.0014801918351199518,0.00010560959083043704,0.005178374661281937
0.003011630686862807,0.0014492112631865066,0.00017577735803226975,0.004686734783976146
0.0008309489806617884,0.0005530604421261162,0.0019827339366546475,0.005307760200033959
0.000797766356150408,0.0006238066501397369,0.0020256733535020093,0.004921902017690128
0.0031442764682743426,0.0014806990531398435,0.00010521839480179658,0.0051768967797710475
0.003011353200942462,0.0014497182822380483,0.00017528723939963517,0.004684958093739339
0.0008309331948455363,0.0005532678016035464,0.001982033041636481,0.005305492480447276
0.0007977401038117361,0.0006241020709855851,0.0020251636669369223,0.004919664208628473
0.0031439055776940152,0.001481207119840701,0.00010482793579860865,0.005175417949312741
0.0030110760838468523,0.0014502261008872018,0.00017479775941944405,0.004683180604972105
0.0008309183586366087,0.0005534759992676739,0.001981332141926848,0.005303224660074171
0.0007977149572151297,0.000624398438957381,0.0020246539386211265,0.0049174262651002325
0.003143534992096272,0.001481716030434468,0.0001044382136572404,0.005173938176081788
0.003010799342824189,0.0014507347150927677,0.0001743089187721387,0.004681402320309096
0.0008309044721119873,0.0005536850359690476,0.00198063123583251,0.005300956746310421
0.000797690916981334,0.0006246957563334743,0.002024144168256688,0.004915188189121252
0.0031431647174105914,0.0014822257802065502,0.00010404922820520349,0.005172457466323091
0.0030105229850102837,0.0014512441208795839,0.0001738207181205263,0.004679623242462861
0.0008308915353519014,0.00055389491257894,0.001979930321632209,0.0052986887465131995
0.000797667983748525,0.0006249940253829422,0.002023634355480197,0.004912949982736077
0.003142794759493821,0.0014827363645130859,0.00010366097925114764,0.0051709758263373505
0.0030102470174217955,0.0014517543143276344,0.00017333315809736985,0.004677843374243467
0.0008308795484449233,0.0005541056299634119,0.001979229397558002,0.005296420667998648
0.0007976461581567554,0.0006252932483735822,0.002023124499875526,0.004910711648043158
0.0031424251241091166,0.0014832477787816959,0.00010327346659177758,0.005169493262488539
0.0030099714469771885,0.0014522652915752857,0.00017284623931169177,0.004676062718542965
0.0008308685114928826,0.0005543171890018394,0.001978528461807804,0.005294152518028228
0.0007976254408587654,0.0006255934275716327,0.0020226146009711004,0.004908473187171891
0.003142055816915059,0.0014837600185141438,0.00010288669000999314,0.005168009781200342
0.003009696280489704,0.0014527770488182356,0.00017235996234833873,0.004674281278329051
0.0008308584246008627,0.0005545295905846389,0.0019778275125475315,0.005291884303829894
0.0007976058325119985,0.0006258945652442122,0.002022104658239296,0.00490623460229824
0.003141686843481878,0.0014842730792794109,0.00010250064927508622,0.0051665253889539966
0.0030094215246498947,0.001453289582311622,0.00017187432776868858,0.004672499056656723
0.0008308492878870772,0.0005547428356065678,0.0019771265478943276,0.005289616032589673
0.0007975873337866527,0.0006261966636582289,0.002021594671106821,0.0049039958956325295
0.0031413182092877995,0.001484786956720941,0.00010211534414385463,0.0051650400922897514
0.0030091471860619334,0.0014538028883691802,0.00017138933611142557,0.004670716056653565
0.000830841101469864,0.0005549569249805708,0.001976425565942151,0.005287347711460019
0.0007975699453586915,0.0006264997250819212,0.002021084638942891,0.004901757069428557
0.003140949919731103,0.0014853016465465653,0.00010173077435789596,0.005163553897795623
0.00300887327122781,0.0014543169633617853,0.00017090498788835084,0.004668932281517523
0.0008308338654857451,0.0005551718596259595,0.0019757245647432906,0.005285079347537853
0.0007975536679100101,0.0006268037517952476,0.0020205745610749827,0.00489951812597604
0.0031405819801053184,0.0014858171445416828,0.00010134693964981991,0.005162066812123318
0.0030085997865355774,0.0014548318037264343,0.00017042128359374834,0.004667147734522263
0.0008308275800714862,0.0005553876404756414,0.0019750235423112708,0.005282810947899223
0.0007975385021351458,0.0006271087460760726,0.0020200644367801934,0.004897279067593499
0.003140214395641262,0.0014863334465532144,0.00010096383973573666,0.005160578841966328
0.0030083267382974344,0.0014553474059499877,0.00016993822369472904,0.00466536241901065
0.0008308222453721663,0.0005556042684800171,0.0019743224966309036,0.005280542519576002
0.0007975244487322188,0.0006274147102143586,0.0020195542652828333,0.004895039896647846
0.003139847171464347,0.0014868505485023916,0.00010058147432104436,0.005159089994081369
0.0030080541327149823,0.001455863766581108,0.00016945580863715666,0.004663576338397475
0.0008308178615453079,0.0005558217445934413,0.0019736214256421696,0.005278274069567429
0.0007975115084091995,0.0006277216465109902,0.002019044045777386,0.004892800615527116
0.00313948031261531,0.001487368446372639,0.0001001998431001486,0.005157600275273561
0.0030077819759034095,0.0014563808822325743,0.00016897403884741035,0.004661789496145631
0.0008308144287474425,0.0005560400697931982,0.0019729203272598967,0.0052760056048440866
0.0007974996818820209,0.000628029557271064,0.0020185337774042693,0.004890561226660218
0.003139113824067508,0.0014878871362179226,9.981894575288415e-05,0.005156109692390813
0.0030075102738808704,0.0014568987495694374,0.00016849291472710072,0.004660001895800231
0.0008308119471485406,0.0005562592450695161,0.001972219199361493,0.005273737132334891
0.0007974889698713477,0.000628338444817878,0.0020180234592660404,0.004888321732509082
0.003138747710704061,0.0014884066141590878,9.943878194930558e-05,0.005154618252336613
0.0030072390325853395,0.0014574173653162245,0.0001680124366564238,0.004658213540960519
0.0008308104169252894,0.0005564792714263278,0.001971518039782201,0.0052714686589379525
0.000797479373109478,0.0006286483114839918,0.0020175130904229828,0.004886082135564146
0.0031383819773114184,0.0014889268763828263,9.905935134742808e-05,0.005153125962067325
0.00300696825785735,0.0014579367262615517,0.00016753260499787593,0.004656424435277318
0.0008308098382570356,0.0005567001498860602,0.0019708168463297006,0.005269200191530749
0.0007974708923313469,0.0006289591596227012,0.0020170026698988802,0.004883842438345415
0.0031380166286299,0.0014894479191395146,9.868065359304841e-05,0.005151632828568125
0.0030066979554523397,0.0014584568292484784,0.00016705342008955138,0.004654634582464733
0.0008308102113324826,0.0005569218814864592,0.001970115616779273,0.005266931736953072
0.0007974635282809193,0.0006292709915973704,0.002016492196677183,0.004881602643409379
0.003137651669284853,0.001489969738747481,9.830268832157021e-05,0.005150138858887256
0.0030064281310528333,0.0014589776711800744,0.00016657488225048543,0.004652843986281843
0.0008308115363488246,0.0005571444672840192,0.0019694143488654127,0.005264663302016521
0.0007974572817121651,0.0006295838097944183,0.00201598166971297,0.004879362753328528
0.0031372871038530654,0.0014904923315878634,9.792545515707704e-05,0.005148644060107238
0.003006158790238838,0.0014594992490221139,0.0001660969917791281,0.004651052650548498
0.0008308138135042343,0.000557367908355846,0.0019687130402885997,0.005262394893512425
0.0007974521533805563,0.0006298976166157507,0.0020154710879194972,0.004877122770715324
0.0031369229368250428,0.0014910156941044487,9.75489537112726e-05,0.005147148439358104
0.0030058899385394153,0.001460021559789445,0.00016561974895334063,0.004649260579128405
0.000830817043009007,0.0005575922057937446,0.001968011688721924,0.005260126518194795
0.0007974481440502147,0.0006302124144895073,0.00201496045017826,0.004874882698206341
0.0031365591726074025,0.0014915398228072668,9.717318358788322e-05,0.005145652003809578
0.0030056215813798297,0.0014605446005670746,0.00016514315403231712,0.004647467775926999
0.0008308212250737651,0.0005578173607154829,0.001967310291804459,0.005257858182800235
0.00079744525449483,0.0006305282058623279,0.0020144497553390974,0.004872642538456791
0.0031361958155474525,0.0014920647142676728,9.679814437809852e-05,0.005144154760667758
0.0030053537241101387,0.0014610683684915058,0.0001646672072558603,0.004645674244904502
0.0008308263599166323,0.0005580433742530327,0.001966608847135972,0.005255589894045521
0.0007974434854905311,0.0006308449932008538,0.002013939002216998,0.004870402294158706
0.003135832869915539,0.0014925903651162298,9.642383566162046e-05,0.005142656717191102
0.0030050863720295883,0.0014615928607569007,0.00016419190883991397,0.004643879990063803
0.0008308324477658696,0.0005582702475657946,0.0019659073522870175,0.005253321658604656
0.0007974428378231791,0.0006311627790041203,0.002013428189597574,0.004868161968022836
0.0031354703399038425,0.0014931167720500821,9.605025701001557e-05,0.005141157880665355
0.003004819530338789,0.0014621180746200284,0.00016371725898773576,0.0046420850154403415
0.0008308394888500588,0.0005584979818311383,0.001965205804795098,0.005251053483148164
0.000797443312281914,0.0006314815657924735,0.0020129173162468633,0.004865921562781678
0.0031351082296487607,0.0014936439318259857,9.567740798304273e-05,0.005139658258411594
0.003004553204171201,0.0014626440073951968,0.00016324325787994373,0.004640289325109783
0.0008308474834037944,0.0005587265782490684,0.001964504202170941,0.005248785374315913
0.0007974449096630376,0.0006318013561156978,0.0020124063808956783,0.004863681081194016
0.0031347465431982324,0.0014941718412593494,9.530528813108549e-05,0.005138157857795423
0.0030042873986067717,0.0014631706564542895,0.0001627699056782043,0.00463849292318284
0.0008308564316703049,0.0005589560380416907,0.001963802541880804,0.0052465173387273596
0.0007974476307732735,0.0006321221525552443,0.002011895382254281,0.00486144052602743
0.0031343852845533847,0.0014947004972296516,9.493389699446182e-05,0.005136656686209764
0.0030040221186345226,0.001463698019228075,0.00016229720252859692,0.004636695813810271
0.0008308663338944658,0.000559186362460657,0.0019631008213690125,0.00524424938298331
0.0007974514764202747,0.0006324439577175496,0.002011384319000246,0.004859199900084959
0.0031340244576348823,0.0014952298966665679,9.456323410315933e-05,0.005135154751092065
0.0030037573692096252,0.001464226093203803,0.00016182514855446058,0.0046348980011631374
0.0008308771903278884,0.0005594175527756144,0.0019623990380442154,0.005241981513664601
0.0007974564474193883,0.0006327667742439637,0.002010873189798027,0.004856959206186884
0.003133664066297647,0.0014957600365685401,9.419329897820137e-05,0.005133652059904683
0.0030034931551849663,0.0014647548759292076,0.00016135374386476293,0.004633099489454562
0.0008308890012247264,0.0005596496102831479,0.0019616971892805696,0.005239713737337459
0.000797462544591777,0.0006330906048103715,0.0020103619932803347,0.00485471844716395
0.0031333041143442497,0.0014962909139878077,9.382409112990687e-05,0.005132148620135141
0.0030032294813796072,0.0014652843650039228,0.00016088298854890741,0.004631300282920332
0.0008309017668480926,0.0005598825363080488,0.001960995272428394,0.005237446060538347
0.000797469768765778,0.0006334154521195857,0.0020098507280582015,0.004852477625878633
0.0031329446055014254,0.001496822526031557,9.345561006086775e-05,0.005130644439320708
0.003002966352540742,0.001465814558093565,0.00016041288267840278,0.004629500385821769
0.0008309154874626316,0.0005601163321971434,0.001960293284798603,0.005235178489797647
0.0007974781207743029,0.0006337413189184723,0.0020093393927335043,0.0048502367451916766
0.003132585543437299,0.0014973548698685917,9.308785526220939e-05,0.005129139525013146
0.003002703773356936,0.0014663454529160425,0.00015994342630849635,0.004627699802442155
0.0008309301633374648,0.0005603509993261165,0.001959591223676831,0.005232911031628514
0.0007974876014565282,0.000634068207987894,0.0020088279858755833,0.004847995807993565
0.00313222693176237,0.0014978879427206334,9.272082621725582e-05,0.005127633884797431
0.003002441748464887,0.0014668770472468535,0.0001594746194748348,0.004625898537089686
0.0008309457947452073,0.0005605865390998816,0.0019588890863155442,0.005230643692525073
0.000797498211657385,0.0006343961221422885,0.002008316506046537,0.004845754817190408
0.0031318687740249118,0.001498421741867088,9.235452239985309e-05,0.005126127526283997
0.00300218028243457,0.0014674093389180987,0.00015900646219805444,0.004624096594092441
0.0008309623819686441,0.0005608229529481546,0.001958186869935384,0.005228376478963617
0.0007975099522266848,0.0006347250642400609,0.0020078049517828107,0.00484351377569771
0.003131511073712479,0.0014989562646420874,9.198894327488257e-05,0.00512462045711309
0.0030019193797878336,0.0014679423258207158,0.00015853895448061803,0.004622293977797639
0.0008309799252854852,0.0005610602423293401,0.001957484571729729,0.005226109397414738
0.0007975228240204949,0.0006350550371767068,0.002007293321607301,0.004841272686446815
0.003131153834261658,0.001499491508433212,9.162408829753822e-05,0.005123112684948807
0.003001659044999834,0.0014684760059007348,0.0001580720963076826,0.004620490692566354
0.0008309984249836624,0.0005612984087335695,0.0019567821888609397,0.00522384245432452
0.0007975368279037337,0.0006353860438891153,0.002006781614032441,0.0048390315523779235
0.003130797059039928,0.0015000274706837148,9.125995691544867e-05,0.005121604217484921
0.0030013992824838263,0.0014690103771610428,0.00015760588764933734,0.004618686742779122
0.0008310178813533114,0.0005615374536789884,0.0019560797184604243,0.00522157565613693
0.0007975519647380366,0.0006357180873555759,0.0020062698275466395,0.004836790376455713
0.0031304407513810615,0.0015005641488887186,9.089654856572384e-05,0.005120095062424812
0.003001140096616688,0.001469545437659597,0.00015714032845624907,0.0046168821328223
0.000831038294688849,0.0005617773787138734,0.0019553771576321746,0.005219309009270125
0.0007975682353996162,0.000636051170601919,0.002005757960634751,0.004834549161645886
0.0031300849145329476,0.0015011015405991144,9.053386268006495e-05,0.005118585227510035
0.0030008814917030693,0.0014700811855141202,0.00015667541866704447,0.004615076867099731
0.000831059665287595,0.000562018185416487,0.0019546745034448375,0.005217042520145451
0.0007975856407692566,0.0006363852966915823,0.0020052460117587247,0.004832307910921754
0.0031297295517215286,0.0015016396434139306,9.017189867740647e-05,0.005117074720495935
0.003000623472035495,0.001470617618893448,0.00015621115819918797,0.004613270950024116
0.0008310819934490041,0.000562259875398745,0.0019539717529477364,0.0052147761951608865
0.0007976041817273348,0.0006367204687427955,0.002004733979383181,0.004830066627276204
0.003129374666102998,0.0015021784549880258,8.981065597163939e-05,0.005115563549158075
0.0030003660418406863,0.0014711547360251654,0.00015574754695645303,0.004611464386009468
0.0008311052794783476,0.0005625024503011932,0.0019532689031568923,0.005212510040704102
0.0007976238591621554,0.0006370566899076979,0.0020042218619460137,0.00482782531371293
0.003129020260785384,0.001502717973027736,8.945013396739813e-05,0.005114051721289071
0.003000109205288088,0.001471692535192501,0.00015528458482793323,0.004609657179490699
0.0008311295236847405,0.0005627459117976959,0.001952565951058524,0.005210244063157099
0.0007976446739720302,0.0006373939633944347,0.002003709657884702,0.004825583973231617
0.0031286663388292364,0.0015032581952862984,8.909033205975171e-05,0.0051125392447097925
0.0029998529665476795,0.0014722310147295562,0.00015482227168331554,0.004607849334889911
0.0008311547263791221,0.000562990261596175,0.0019518628936059284,0.005207978268887716
0.0007976666270547802,0.0006377322924583236,0.002003197365630765,0.0048233426088493125
0.0031283129032404155,0.0015037991195724998,8.873124963794855e-05,0.005111026127250161
0.002999597329704047,0.001472770173033521,0.00015436060738103672,0.004606040856641487
0.0008311808878749522,0.0005632355014368772,0.0019511597277329616,0.005205712664258563
0.0007976897193180781,0.0006380716804030165,0.0020026849835969715,0.004821101223582721
0.0031279599569864537,0.0015043407437371475,8.837288608161947e-05,0.005109512376761911
0.002999342298825583,0.0014733100085474002,0.00015389959176094944,0.0046042317491843485
0.0008312080084898994,0.0005634816330911674,0.0019504564503441996,0.0052034472556215594
0.0007977139516697575,0.0006384121305798544,0.002002172510200835,0.004818859820469522
0.003127607502971371,0.00150488306568916,8.801524076261875e-05,0.005107998001110195
0.002999087877943517,0.0014738505197722442,0.0001534392246469381,0.0046024220169524534
0.0008312360885451613,0.0005637286583681603,0.0019497530583112805,0.005201182049313564
0.0007977393250296285,0.0006387536463948705,0.0020016599438347797,0.004816618402543233
0.0031272555440695292,0.0015054260833816202,8.765831304613075e-05,0.005106483008175188
0.0029988340710412173,0.0014743917052656367,0.00015297950585052344,0.004600611664383579
0.0008312651283611576,0.0005639765791095045,0.0019490495484830324,0.005198917051675123
0.0007977658403199176,0.0006390962313028558,0.002001147282904137,0.004814376972834931
0.0031269040831127053,0.001505969794814447,8.730210228705473e-05,0.005104967405852323
0.002998580882083877,0.0014749335636345428,0.00015252043516492797,0.00459880069590793
0.0008312951282688812,0.0005642253971946132,0.001948345917678282,0.0051966522690225486
0.0007977934984636014,0.0006394398888145751,0.0020006345257968686,0.004812135534402665
0.003126553122861645,0.0015065141980394998,8.694660783654186e-05,0.005103451202049837
0.002998328314987644,0.0014754760935429142,0.00015206201237102555,0.004596989115954242
0.000831326088592203,0.0005644751145326566,0.001947642162692879,0.00519438770768119
0.0007978223003981552,0.0006397846224859931,0.002000121670904033,0.004809894090287911
0.0031262026660696684,0.0015070592911502357,8.659182903440673e-05,0.005101934404690632
0.0029980763736264676,0.0014760192937058553,0.00015160423723376825,0.004595176928952681
0.0008313580096671333,0.0005647257330730201,0.0019469382802894458,0.00519212337396121
0.0007978522470600377,0.0006401304359386397,0.001999608716602892,0.004807652643547868
0.0031258527154175695,0.0015076050722923817,8.623776521496799e-05,0.005100417021708719
0.002997825061884328,0.0014765631628903468,0.0001511471095015796,0.004593364139315713
0.0008313908918271439,0.0005649772548013461,0.0019462342672148217,0.005189859274157346
0.0007978833393932984,0.0006404773328389239,0.0019990956612735452,0.00480541119724231
0.003125503273563992,0.0015081515396566734,8.588441570550812e-05,0.0050988990610417355
0.002997574383559024,0.0014771076999203297,0.00015069062891222645,0.004591550751463533
0.0008314247354089562,0.0005652296817383396,0.0019455301201794382,0.005187595414572594
0.0007979155783468379,0.0006408253169131079,0.0019985825032927907,0.004803169754427183
0.0031251543431213558,0.001508698691478813,8.553177982451051e-05,0.005097380530647316
0.0029973243424771616,0.001477652903669518,0.00015023479518355492,0.0045897367697885945
0.0008314595407504992,0.0005654830159442861,0.0019448258358793573,0.005185331801491335
0.0007979489648756466,0.0006411743919455725,0.001998069241029031,0.0048009283181685725
0.003124805926663423,0.0015092465260426028,8.517985688419447e-05,0.0050958614384869535
0.0029970749423913028,0.001478198773064952,0.00014977960802369132,0.004587922198692989
0.000831495308197995,0.0005657372595121001,0.0019441214109705172,0.005183068441194714
0.0007979834999422582,0.0006415245617724419,0.0019975558728549643,0.004798686891522696
0.003124458026726347,0.0015097950416736224,8.482864619023082e-05,0.005094341792532799
0.002996826187046824,0.001478745307086544,0.00014932506712537967,0.004586107042555987
0.0008315320380943883,0.0005659924145776897,0.0019434168420930918,0.005180805339965428
0.0007980191845123329,0.000641875830291973,0.0019970423971469114,0.004796445477555873
0.003124110645804265,0.001510344236742482,8.447814704028929e-05,0.005092821600761762
0.0029965780801723663,0.0014792925047627276,0.0001488711721656226,0.004584291305742928
0.0008315697307859114,0.0005662484833100069,0.0019427121258685323,0.005178542504070522
0.000798056019556115,0.0006422282014564669,0.001996528812263175,0.004794204079342049
0.003123763786366493,0.001510894109666346,8.412835872630981e-05,0.005091300871159353
0.0029963306254515367,0.0014798403651747009,0.00014841792280940948,0.004582474992623817
0.0008316083866252637,0.0005665054679224497,0.0019420072588808438,0.005176279939772466
0.0007980940060534695,0.0006425816792822276,0.0019960151165765655,0.0047919626999391954
0.003123417450831563,0.0015114446589051076,8.377928053211749e-05,0.005089779611719228
0.002996083826564708,0.0014803888874568938,0.00014796531870505444,0.00458065810753237
0.0008316480059623187,0.0005667633706626262,0.0019413022376963802,0.005174017653331339
0.0007980916524071973,0.0006429028434799431,0.001995397568239809,0.004789472338965348
0.003123055894968696,0.0015119992782488942,8.343488736435741e-05,0.005088227141310741
0.002995805604394596,0.0014809343839693862,0.0001475216707055849,0.004578811140112315
0.0008316938488241014,0.0005670295568793201,0.0019406426850610277,0.005171763371612924
0.0007980853161545293,0.0006432171881805531,0.001994792481431476,0.00478692797419423
0.003122659105302112,0.0015125467632748195,8.309896079040954e-05,0.005086617858498505
0.002995491501867622,0.0014814714421490529,0.00014708867051202071,0.004576920065947632
0.0008317483249416198,0.0005673045232210206,0.0019400269368990372,0.005169513909706004
0.0007980867179487003,0.0006435358645406912,0.0019942154839043525,0.0047843860290602775
0.0031222529344865965,0.0015130935813467722,8.276645056413959e-05,0.0050849793714709286
0.002995174790100139,0.001482013517772317,0.00014665855766146586,0.00457501274334871
0.0008318042751510376,0.0005675867422880809,0.0019394084741943957,0.005167261205986515
0.0007980917241649572,0.0006438662873458869,0.001993635346959338,0.004781825882587356
0.003121888780136639,0.0015136472010097324,8.242803613583928e-05,0.005083347879496507
0.00299490716112592,0.0014825698253832645,0.00014622096302828835,0.004573102094578088
0.0008318571239754762,0.0005678715497317897,0.0019387593901107638,0.005165002800221705
0.0007980959494614313,0.0006442152158968405,0.0019930517651070654,0.004779244410261907
0.0031215505338367763,0.0015142061494018198,8.208537306297996e-05,0.00508173422565395
0.002994678033525954,0.0014831385621211501,0.0001457789040573342,0.0045711749284310125
0.0008319096119533373,0.000568153739195439,0.0019380907414841037,0.00516275231344957
0.000798102199569065,0.0006445798676468588,0.001992485318864405,0.004776648048379068
0.0031211995371650506,0.0015147590024383476,8.17444963104222e-05,0.0050801257132534056
0.0029944469225874726,0.0014837104320456537,0.0001453404963414433,0.004569219145066515
0.0008319644508533451,0.0005684329797559645,0.0019374224774116344,0.00516052574535791
0.0007981125973866718,0.0006449548374926594,0.0019919442393947205,0.0047740475519683365
0.0031208240395251955,0.0015152980396851861,8.14073241959971e-05,0.005078515986942598
0.002994203058917401,0.0014842773932057505,0.0001449066270211539,0.004567242418667094
0.0008320218360556905,0.0005687108438644104,0.0019367542663713887,0.005158320950488416
0.0007981255615804116,0.0006453363860302566,0.0019914129650130093,0.004771448633909105
0.0031204355722718566,0.0015158261426295927,8.107178122062679e-05,0.005076914469472409
0.0029939540698680632,0.0014848396938400778,0.00014447384466015982,0.004565265760764792
0.0008320782194967841,0.0005689898251381694,0.0019360735193533884,0.0051561300929316555
0.0007981375558093645,0.0006457229342166431,0.0019908720712555374,0.00476885203222047
0.0031200539839067692,0.0015163476361206142,8.073457994470804e-05,0.005075328391811596
0.0029937131727294617,0.0014853971921329836,0.00014403824115634775,0.004563300941247956
0.0008321317404249815,0.0005692715952536874,0.0019353770076158223,0.005153946544903589
0.000798146225549217,0.0006461129986347555,0.0019903158259787427,0.004766262998028545
0.0031196759297363774,0.0015168645326334813,8.039630262657825e-05,0.005073754303753836
0.0029934736252970905,0.0014859473579571492,0.0001436006261041294,0.004561348248317299
0.0008321842698382316,0.0005695569919661723,0.0019346749142213097,0.00515176774986007
0.000798152941842657,0.0006465024415886238,0.001989747657776018,0.004763686989431105
0.003119291192213597,0.0015173766633887328,8.00589212577401e-05,0.005072181260590477
0.0029932207357711844,0.0014864877427805331,0.00014316352925000845,0.004559406104103744
0.0008322375471987667,0.0005698475143472469,0.0019339787449910487,0.005149592167304238
0.0007981590150465778,0.0006468874634313096,0.0019891692120075763,0.004761127347358709
0.0031189005591376376,0.001517885863672295,7.972270121965261e-05,0.005070601490375489
0.0029929535927931054,0.0014870186524668081,0.00014272680053573905,0.004557476149095401
0.0008322919674721684,0.0005701439914045686,0.001933291289932079,0.005147413551870114
0.0007981644387571337,0.0006472663413269332,0.0019885773139281778,0.004758583051758478
0.0031185114440456844,0.0015183972712604224,7.938669366295555e-05,0.005069014251978053
0.002992678663896207,0.0014875444227089533,0.00014228912544831158,0.004555561238464542
0.0008323469072451509,0.0005704461934503949,0.001932609738027837,0.005145226103515292
0.0007981692196882659,0.0006476392062844116,0.0019879704068292703,0.00475604929504912
0.0031181318060298498,0.0015189149830509778,7.904984054474593e-05,0.005067420036462719
0.0029924037848431916,0.0014880692645878081,0.00014184955634220114,0.004553659064540156
0.00083240266016428,0.0005707527281107145,0.001931933158401824,0.005143027196842177
0.0007981742221523056,0.0006480071436007578,0.0019873532216016726,0.004753521858270679
0.003117760214070727,0.0015194405414293908,7.871254893631994e-05,0.005065817760487496
0.0029921299595457185,0.0014885959308242754,0.0001414089341231085,0.004551762738936295
0.0008324606058969247,0.0005710615345322888,0.0019312636262023074,0.005140817792921254
0.0007981812829365369,0.0006483710511332233,0.0019867335917980143,0.004750996711274
0.003117392061924474,0.0015199734088710362,7.837572197153707e-05,0.005064205793240096
0.0029918552476792203,0.001489126402591263,0.00014096867454948444,0.004549865413798478
0.0008325214943161009,0.0005713708610933762,0.0019306021283837912,0.00513860092842996
0.0007981916216530027,0.0006487323201206666,0.0019861175332955196,0.004748469942243686
0.0031170263624995236,0.0015205125442543563,7.803961223415893e-05,0.0050625851797871085
0.002991582132705707,0.0014896623046784323,0.0001405291484534998,0.00454796287304894
0.000832585291184562,0.0005716790982710963,0.0019299457943891508,0.00513637890287841
0.0007982055573394206,0.000649092984627096,0.0019855076790765364,0.004745937772656764
0.0031166635866596124,0.001521057093037073,7.770411038717425e-05,0.005060960293246609
0.002991314220937603,0.0014902051139939242,0.00014009031458506055,0.004546053343186214
0.0008326515424647812,0.0005719848624605175,0.0019292899228352477,0.005134154354039327
0.0007982230920596968,0.0006494551564836405,0.0019849052900700586,0.004743397079121457
0.0031163038121666737,0.0015216053217535486,7.736911191323955e-05,0.005059335761551905
0.0029910537686111713,0.001490754926915076,0.00013965222922184993,0.004544135391161623
0.0008327199025605305,0.0005722871790955331,0.0019286312529743707,0.005131930690102135
0.0007982440524292303,0.0006498204985312543,0.001984311807055056,0.004740847020688813
0.003115944153459073,0.0015221547012224312,7.703494294128275e-05,0.005057714745656
0.0029907996026972312,0.0014913103834509563,0.0001392153600570806,0.004542207996717583
0.0008327901975553807,0.0005725856466823073,0.0019279685307964254,0.0051297114731455925
0.0007982681803248089,0.0006501897539758073,0.001983727798280945,0.004738288594458355
0.003115581290386792,0.0015227026160738832,7.670199165173802e-05,0.005056099083859186
0.002990548835859161,0.0014918694076643962,0.00013878015366101333,0.004540271944232927
0.0008328620161045978,0.0005728806430080287,0.0019273011252064313,0.0051274994705073785
0.000798294861058949,0.0006505629992282931,0.0019831516806668513,0.0047357239644970645
0.003115214145569378,0.0015232471424694981,7.637029866325025e-05,0.0050544902063261515
0.0029902998840672552,0.0014924297313460206,0.0001383465049114414,0.004538330053857862
0.0008329348235532586,0.000573173068511536,0.0019266282062603839,0.00512529556526811
0.0007983232099661283,0.0006509398511318739,0.0019825799833698638,0.004733155926192972
0.003114842906901057,0.0015237874206897436,7.603971437816246e-05,0.0050528891925655794
0.0029900515205459805,0.0014929893693216996,0.00013791406517981396,0.004536386232905529
0.0008330081333584725,0.0005734641359080762,0.0019259494721140856,0.005123099316596951
0.0007983523869227699,0.0006513194840809165,0.0019820088414692215,0.004730587463492917
0.0031144682754095203,0.0015243232881841555,7.571005520521542e-05,0.005051295764602113
0.002989802294264463,0.0014935465569437152,0.00013748248785072997,0.004534444023785972
0.0008330816731830004,0.0005737552011579953,0.0019252659914375607,0.005120909479209212
0.0007983817343127568,0.000651700738513772,0.0019814351141883026,0.004728021711249619
0.0031140905823053306,0.0015248551646481292,7.538125077593175e-05,0.005049708144595004
0.002989550323820402,0.0014940999207869784,0.00013705155599404192,0.0045325061463770315
0.0008331554470031643,0.000574047565129334,0.0019245798835584782,0.0051187241326213235
0.0007984109017268367,0.0006520822466223857,0.0019808564091761305,0.004725461309153878
0.0031137104011505676,0.001525384061080438,7.505324859418536e-05,0.005048123733669889
0.0029892940324403473,0.0014946488238931177,0.0001366210973420196,0.0045305746739567505
0.0008332295746241934,0.0005743423500020068,0.0019238933835325624,0.005116540875067617
0.0007984397726070788,0.0006524627573505458,0.0019802709398966506,0.004722907876219881
0.0031133292303682316,0.0015259115041376529,7.472589597941202e-05,0.0050465399006916255
0.0029890332157548882,0.0014951934558328217,0.00013619084600810183,0.004528650878558538
0.0008333042500399761,0.0005746403054832333,0.001923208262552949,0.005114357003277879
0.0007984684214386656,0.0006528413823819562,0.001979677767431566,0.00472036185679365
0.0031129487776444583,0.0015264393171207807,7.439902953770418e-05,0.005044954391174637
0.0029887685375575707,0.0014957347760106783,0.0001357605847420585,0.004526734915097707
0.0008333797361772924,0.0005749417128941012,0.001922525852901773,0.005112170139006856
0.0007984971518905583,0.0006532176644323296,0.0019790771784497533,0.004717822562125032
0.0031125704429738957,0.0015269691793105852,7.407254547106455e-05,0.0050433653192118065
0.0029885010612405644,0.0014962741959691815,0.00013533024108631218,0.004524825639629619
0.0008334563633539709,0.0005752464006822766,0.0019218471633675209,0.005109978679043441
0.0007985264549427709,0.0006535915954782924,0.001978470691893127,0.004715288493054662
0.0031121949516052863,0.0015275023570966364,7.37464397173738e-05,0.005041771342746128
0.0029882319872184186,0.0014968133045217965,0.00013489989793283771,0.0045229209217396375
0.0008335010412665873,0.0005755307155754766,0.0019210956075873262,0.0051075769144565885
0.0007985559861416754,0.0006539577971577587,0.0019778624855733154,0.004712777961849737
0.0031117881636675434,0.0015280303212655798,7.342589572297773e-05,0.005040156509684043
0.002987924360785186,0.0014973347926264709,0.0001344759600228621,0.0045210072083434975
0.0008335162768648882,0.000575789786694809,0.0019202930909072448,0.005104932994561013
0.0007985915301248558,0.0006543033458802229,0.001977270717002957,0.004710318373826828
0.0031112997447574377,0.0015285419539173095,7.311880395652906e-05,0.005038491468809833
0.0029875188211808627,0.0014978235776763563,0.00013406760864770884,0.004519082710937252
0.0008335447056284188,0.00057605383685199,0.0019195550503799874,0.005102286965244901
0.0007986381354624424,0.0006546225739775446,0.001976688829661758,0.004707902919755666
0.0031107797537390965,0.0015290447268872858,7.281798904915404e-05,0.0050367828180533335
0.0029870622405626644,0.0014982942904717483,0.0001336642917432726,0.00451718050730484
0.0008335788939220161,0.0005763272020165538,0.0019188384693649735,0.0050996317690489065
0.0007986883835554586,0.0006549245727693126,0.0019760726411625104,0.00470550695043701
0.0031103097872920804,0.0015295599847694084,7.251060984305032e-05,0.005035075870607498
0.002986643995911313,0.0014987669259906005,0.0001332496330880812,0.004515324057720088
0.0008336154892097081,0.000576604206243071,0.001918101383652956,0.005096950707378583
0.0007987388604966339,0.0006552189538512067,0.001975413634698982,0.0047031099796845804
0.0031098892809080184,0.0015300981334982163,7.219629292233489e-05,0.005033388397128508
0.002986265319825402,0.0014992536161009535,0.0001328260712860149,0.004513494797939874
0.0008336553944658905,0.0005768777688224214,0.0019173523771114243,0.005094254327494002
0.0007987934415775913,0.0006555079342921668,0.001974748470614271,0.004700706826572474
0.0031094786448426256,0.0015306490253541426,7.18814310449202e-05,0.005031697931451104
0.002985891263269596,0.0014997494422135137,0.00013240309535602363,0.004511654516052211
0.0008337025961072121,0.0005771429973905976,0.0019166202777370924,0.005091554900132557
0.0007988566215016888,0.0006557899620312424,0.001974110458003813,0.004698304279748643
0.0031090397453474947,0.0015312036519140606,7.157212399685643e-05,0.005029989635764176
0.0029854939106632905,0.0015002507559595004,0.00013198722441904934,0.004509791439701747
0.000833758827729323,0.0005773983276452221,0.0019159102089980095,0.005088857562989032
0.000798930305428278,0.0006560641600014606,0.0019734983961942286,0.004695897533608208
0.0031085846702531075,0.0015317610983820625,7.126670189095404e-05,0.005028273103986885
0.0029850862054039136,0.001500761077051126,0.00013157600422294426,0.004507918608082001
0.0008338201278732508,0.000577645262227821,0.001915203537491686,0.005086165102774244
0.0007990103413806068,0.0006563356621191768,0.0019728958718977637,0.004693478064218401
0.0031081416745260527,0.0015323243854034121,7.096075055844876e-05,0.00502656762049916
0.0029846991103138977,0.0015012837919709343,0.00013116385846815602,0.004506045291786925
0.0008338830916770238,0.000577883685637978,0.001914483213970464,0.005083476363208081
0.000799093102643787,0.0006566100810003131,0.001972297187743414,0.0046910424956962465
0.00310770912464021,0.001532892982051954,7.065425324568055e-05,0.005024881872777899
0.002984331704714458,0.0015018182564855939,0.00013075156051125118,0.00450416810588875
0.0008339471659441776,0.0005781135698526288,0.001913750262013361,0.005080796994110777
0.0007991788634729825,0.0006568891986977114,0.0019717100691007084,0.004688593661284911
0.003107271826913053,0.0015334596368980773,7.034950121528632e-05,0.005023209757764415
0.0029839682163502433,0.0015023576827740506,0.00013034238463098446,0.00450227912890232
0.0008340134628642535,0.0005783362071624189,0.0019130140525298284,0.005078132044150878
0.0007992683102016036,0.0006571724000564231,0.001971140094583105,0.004686139398149089
0.0031068169808151727,0.0015340188596393626,7.004838836907893e-05,0.005021545751766223
0.0029835965221246866,0.0015028963135577983,0.0001299380411560758,0.004500379670690188
0.0008340819965424589,0.0005785539949439268,0.0019122772260172166,0.00507548213883677
0.0007993606002967866,0.0006574583737460359,0.0019705808915648597,0.0046836841230749136
0.003106349196105626,0.001534570169829916,6.975010868403936e-05,0.005019891001404664
0.002983218015911513,0.0015034325331401669,0.00012953708233530767,0.004498479425075193
0.0008341506691337876,0.0005787701120715015,0.0019115353193624048,0.005072846198081618
0.0007994530418485066,0.0006577470721833241,0.0019700212713514194,0.004681230033318247
0.003105880382850524,0.0015351156892414815,6.945271549554561e-05,0.005018248843932258
0.0029828415922357604,0.0015039656986014507,0.00012913683022287083,0.004496586226089083
0.0008342182690798928,0.0005789866433820309,0.0019107849960781804,0.005070220346091455
0.0007995439281455878,0.0006580382966330145,0.001969454797143903,0.004678780087554587
0.00310541193438778,0.001535657242878442,6.915586463525635e-05,0.005016618662298561
0.002982465689696947,0.0015044948195654896,0.00012873692675805258,0.004494702434914333
0.0008342852212807134,0.0005792050067533151,0.0019100295350707526,0.005067602026939415
0.000799633563586693,0.0006583304621492974,0.001968881286221782,0.0046763377500576835
0.003104940520498541,0.0015361949845577626,6.88600893455149e-05,0.005014994131333227
0.002982083883430891,0.001505018107201099,0.0001283381030713721,0.0044928270054615015
0.0008343524128129799,0.0005794265879588698,0.0019092753874059203,0.005064989016263297
0.0007997224802917974,0.0006586216241114439,0.0019683017883897077,0.004673906622959073
0.0031044642579961777,0.0015367299229133164,6.856576787428895e-05,0.0050133689505259095
0.002981692794218446,0.0015055350770824937,0.00012794056802385663,0.004490960035879096
0.0008344203546327197,0.0005796524710318605,0.001908526132715956,0.005062377834417986
0.0007998109186533215,0.0006589102915493164,0.0019677148532386735,0.004671487520009783
0.003103986594066683,0.0015372647287683577,6.82724953766331e-05,0.005011740253999692
0.0029812943548758277,0.0015060474664032805,0.00012754369894480788,0.004489103223418961
0.0008344890309701765,0.0005798833022853666,0.00190778180463161,0.005059765232441919
0.0007998989450686524,0.0006591961117263489,0.001967118680604373,0.004669078668775075
0.00310351321217334,0.001537802333715685,6.797954380905328e-05,0.005010107308904407
0.0029808937999499484,0.001506557710677559,0.00012714664326351685,0.0044872564133799
0.0008345587055639607,0.00058011879231144,0.001907041806268897,0.005057148359942734
0.0007999870349781247,0.0006594794844681904,0.0019665143678291083,0.004666677526742148
0.003103045331595472,0.0015383447851440254,6.768683541336067e-05,0.005008469301236063
0.002980493102948048,0.0015070681775676375,0.0001267494948397956,0.004485416460568559
0.0008346299776850076,0.0005803579772968669,0.001906306916569919,0.005054526344695733
0.0008000762125441366,0.00065976096731076,0.0019659059761611662,0.004664281248636854
0.003102581555829804,0.0015388926607848362,6.739468723127257e-05,0.00500682467377344
0.0029800922386918377,0.0015075807095563402,0.00012635287023780704,0.004483578658889855
0.000834703354509611,0.0005805996891532103,0.0019055781559792324,0.00505190005638829
0.0008001674177779869,0.0006600414261336095,0.001965298067804477,0.004661887076027165
0.0031021204995448242,0.0015394458207418473,6.710337736896337e-05,0.005005173100355825
0.0029796921360500527,0.0015080968791098969,0.0001259572125946409,0.004481739066435034
0.0008347790903205299,0.0005808426549053383,0.0019048547699903003,0.005049270925366803
0.0008002612954075317,0.0006603220753284008,0.0019646937259480235,0.004659491928347524
0.0031016619519912123,0.0015400038817918495,6.681294853823001e-05,0.005003516462522609
0.0029792948895687086,0.0015086181732894377,0.00012556268061689118,0.0044798952540175225
0.0008348570844285597,0.0005810856923458499,0.0019041343592879445,0.00504664110883598
0.0008003581254056448,0.0006606044395921047,0.0019640948709735385,0.004657092851029844
0.0031012062446638695,0.0015405659572317483,6.652331143284249e-05,0.0050018577310655035
0.002978902965796112,0.001509145405463238,0.00012516928247950513,0.004478045336463159
0.0008349370884617053,0.0005813277608143521,0.0019034143510552226,0.005044013155846556
0.0008004579269017031,0.000660890032362668,0.001963503163405211,0.004654688026233108
0.003100752099406471,0.001541130570557677,6.62345670270436e-05,0.005000199709597264
0.0029785169551880663,0.001509678472344653,0.0001247772343668181,0.004476187750172462
0.000835018854321788,0.0005815681184591514,0.001902692972225987,0.005041389897912513
0.0008005606266457053,0.0006611799447254902,0.001962919870889981,0.004652276935742699
0.0031002973828050478,0.0015416957694937925,6.594692267969256e-05,0.004998544491486487
0.0029781358750231197,0.0015102163992730916,0.00012438683562918657,0.004474321852367054
0.000835102086698339,0.0005818065119208482,0.0019019690835293136,0.005038774003531777
0.0008006659474917325,0.0006614747916910004,0.0019623450978845823,0.004649860276868482
0.0030998404314093717,0.0015422596561754033,6.566050729483773e-05,0.00499689379803977
0.002977758562356412,0.0015107576799411459,0.00012399819201852435,0.004472448461215502
0.0008351864217734042,0.0005820431456404792,0.0019012416566438818,0.005036167270582657
0.0008007733737325982,0.0006617747338452505,0.0019617774254143345,0.004647439566180105
0.0030993804927012415,0.001542820828600216,6.537531430379572e-05,0.004995249105742523
0.002977383934998986,0.0015113006871857008,0.00012361119954250275,0.0044705696977241065
0.0008352714295071897,0.0005822786109433429,0.0019005098898424156,0.005033570602327785
0.0008008822352551088,0.0006620795199867713,0.0019612144517375135,0.004645016851671206
0.0030989175911959456,0.0015433784135832553,6.50912404222924e-05,0.0049936111989444965
0.0029770109681217433,0.0015118437661528605,0.0001232256237155863,0.0044686881924091175
0.000835356750228861,0.0005825137358702279,0.0018997736629039227,0.005030983973946157
0.0008009918721243511,0.0006623885135369659,0.0019606535740011376,0.004642594615711093
0.003098451754703246,0.0015439320456276152,6.480821023855518e-05,0.004991979874205657
0.002976638223439428,0.0015123853740633708,0.00012284125601085013,0.004466806548176621
0.0008354422044811802,0.0005827494424968986,0.0018990337006289542,0.0050284065398510415
0.00080110179228534,0.0006627007223351287,0.001960092379641438,0.004640175401268299
0.0030979831150266188,0.001544481844439273,6.452617278891887e-05,0.004990353996172187
0.0029762640900637427,0.0015129242901688713,0.00012245792449316754,0.00446492714095706
0.0008355277576579563,0.0005829866519758413,0.0018982912990767225,0.005025836834450381
0.0008012116665065567,0.0006630149765011699,0.001959528753088905,0.004637761426961517
0.003097512291525011,0.0015450284389280354,6.424504607621933e-05,0.004988731893337966
0.002975887476059589,0.0015134598057497345,0.00012207542350642717,0.004463051971372619
0.0008356134765546557,0.0005832261455280906,0.001897547888646431,0.0050232728925918065
0.0008013213183494307,0.0006633301301397342,0.0019589609985265315,0.004635354252047482
0.003097040323287094,0.0015455729127492371,6.396471940244879e-05,0.004987111762734839
0.0029755079450081608,0.001513991837915553,0.00012169354153026681,0.004461182450306237
0.0008356995084737358,0.0005834684536303448,0.001896804808564523,0.005020712587385169
0.0008014307552094922,0.0006636452186352718,0.001958388114027864,0.004632954586114997
0.0030965684277307493,0.001546116570119028,6.368508220188606e-05,0.004985491850752119
0.002975125642281229,0.001514520844582016,0.00012131211411919518,0.00445931912094325
0.0008357860833383017,0.0005837137880950921,0.0018960632567436757,0.005018153954252127
0.0008015401780472158,0.0006639595651628798,0.00195781001575259,0.004630562329030763
0.0030960975908845335,0.001546660697425268,6.340607254189055e-05,0.004983870600746742
0.0029747410498399836,0.0015150476844579912,0.00012093107810255395,0.00445746158467342
0.0008358734924410152,0.0005839620290793776,0.0018953242078378588,0.005015595453247238
0.000801649954639314,0.0006642728248664097,0.001957227496714252,0.004628176650850749
0.003095628462701668,0.0015472063802010449,6.312768064192961e-05,0.004982246836082578
0.0029743548817018906,0.0015155734786590634,0.00012055047032623132,0.004455608675251263
0.0008359620213672856,0.000584212777694286,0.0018945882559341224,0.0050130361671421675
0.000801760536224896,0.0006645850128055198,0.00195664198105284,0.004625796138581587
0.003095161454670519,0.0015477543884402005,6.284992279585287e-05,0.004980619955770357
0.0029739681443376816,0.0015160994493499417,0.00012017038155680953,0.004453758731810242
0.00083605189964967,0.0005844654252026838,0.0018938554793413319,0.0050104758351558415
0.0008018723772340061,0.0006648964885632066,0.0019560552310766903,0.004623419014143321
0.0030946967123511664,0.0015483051141116863,6.25728340608943e-05,0.004978990033835935
0.002973581991145112,0.0015166267596417426,0.00011979093904586459,0.004451909874981651
0.000836143274152653,0.0005847192436228789,0.0018931254559916195,0.005007914844437761
0.0008019858806837646,0.0006652078826662682,0.0019554691071681203,0.004621043392808816
0.003094234083951882,0.0015488585244774363,6.229646674298611e-05,0.004977357733565218
0.0029731975116970284,0.0015171563425275694,0.00011941229642329494,0.004450060232461022
0.0008362361983732729,0.000584973491147156,0.0018923974047160275,0.005005354149122338
0.0008021013503133847,0.000665519988503509,0.0019548853585325604,0.004618667576614692
0.0030937730930458477,0.0015494141779131285,6.202089176185459e-05,0.004975724137357896
0.002972815536625173,0.0015176887724611958,0.00011903462027383193,0.004448208166347474
0.0008363306350151668,0.000585227512042599,0.0018916703420414726,0.005002795098806214
0.0008022189592213339,0.0006658336341974,0.001954305396883971,0.004616290280744242
0.0030933130231661776,0.0015499713092180188,6.174618792110844e-05,0.004974090568075414
0.00297243653253298,0.0015182242131461978,0.00011865806632074179,0.004446352502282516
0.000836426461208861,0.0005854808239361545,0.0018909432128097316,0.005000239230736402
0.0008023387304806868,0.0006661495676714477,0.0019537300984065033,0.0046139107705984875
0.0030928530955614693,0.0015505289597247615,6.147242147067247e-05,0.004972458414752536
0.002972060626571321,0.0015187624248608588,0.00011828274667415316,0.004444492679919453
0.0008365234863047429,0.0005857331707101936,0.0018902150096408985,0.004997688031966598
0.0008024605380473159,0.0006664683653276813,0.0019531597033185188,0.004611528920983785
0.0030923925871332325,0.0015510861267795828,6.119963621752348e-05,0.0049708289574129805
0.0029716876227130922,0.001519302827261477,0.00011790871585655448,0.004442628789217272
0.0008366214812993057,0.0005859845388573763,0.0018894849029476683,0.004995142739088023
0.0008025841346103977,0.0006667903649561394,0.0019525938364147069,0.004609145190694893
0.003091930911340202,0.0015516418956548316,6.092785093905582e-05,0.00496920318944779
0.002971317030950975,0.0015198445950164853,0.00011753597117731785,0.004440761497758466
0.0008367202130442401,0.0005862351420324151,0.0018887523580337772,0.004992604195272593
0.0008027091943847552,0.0006671156340449634,0.001952031617683605,0.00460676053115851
0.0030914676690950767,0.0015521955486202603,6.06570612407265e-05,0.004967581688881265
0.0029709481396854465,0.0015203867771100281,0.00011716445941619663,0.004438891912735327
0.0008368194782088428,0.0005864853753117855,0.0018880171944288006,0.004990072759392539
0.0008028353636834176,0.000667443975029392,0.00195147181599124,0.004604376229041588
0.0030910026872171445,0.001552746646570767,6.038724197044324e-05,0.004965964569932458
0.002970580122551813,0.0015209284326245843,0.00011679408734433717,0.00443702141168888
0.0008369191267898484,0.000586735750014465,0.0018872795786119042,0.004987548289150245
0.0008029623085408599,0.0006677749683204647,0.0019509130275842893,0.004601993706711655
0.003090536050235877,0.0015532950699562902,6.011834860214831e-05,0.004964351506602946
0.0029702121785917953,0.0015214687565168728,0.00011642473258245779,0.004435151447677383
0.0008370190757008445,0.0005869868164857858,0.0018865399679281589,0.0049850301884574715
0.0008030897549591918,0.0006681080444592901,0.0019503538700404322,0.0045996143217116045
0.0030900680764456324,0.001553841014594544,5.9850323588036294e-05,0.004962741812097641
0.002969843644207269,0.0015220071779256691,0.00011605626081541885,0.004433283350109676
0.0008371193148552866,0.0005872390856743442,0.0018857990277538284,0.004982517514041778
0.0008032175219722545,0.0006684425693999382,0.001949793169006842,0.0045972391892214436
0.0030895992528777506,0.0015543849412161395,5.9583105764262056e-05,0.004961134552201469
0.0029694740639540835,0.0015225434179418004,0.00011568854621600803,0.0044314181508162565
0.0008372199038313191,0.0005874929625572663,0.0018850575338897827,0.004980009125531213
0.000803345540700889,0.0006687779321213185,0.0019492301070015614,0.004594869051712986
0.0030891301538053064,0.0015549274919157523,5.931663941050439e-05,0.004959528681741073
0.0029691032335596944,0.0015230775032051681,0.00011532148829836668,0.0044295564631951926
0.0008373209591520581,0.0005877486985536943,0.0018843162641175484,0.004977503847703185
0.0008034738561832983,0.0006691136235086768,0.0019486643089341555,0.004592504206251213
0.0030886613576092113,0.0015554693911492656,5.9050881212212343e-05,0.004957923191451221
0.002968731210087829,0.0015236097410458427,0.00011495502330578844,0.004427698430881091
0.0008374226331422575,0.0005880063683883915,0.001883575891762904,0.004975000626741053
0.000803602612891123,0.0006694492974416692,0.0019480958586961814,0.004590144492587938
0.003088193378040638,0.0015560113433319687,5.8785803796543946e-05,0.0049563172420429985
0.002968358294678626,0.0015241406594786499,0.00011458912858105329,0.004425843742025745
0.0008375250891093396,0.0005882658721901233,0.0018828368994193666,0.004972498659066715
0.0008037320277481526,0.000669784807433117,0.0019475252553461284,0.004587789343815073
0.003087726603190847,0.0015565539398590237,5.852139758864218e-05,0.004954710265983467
0.0029679849805520123,0.0015246709213806264,0.00011422382200923436,0.004423991699805056
0.0008376284778293733,0.0005885269602131494,0.0018820995265735137,0.004969997478219168
0.0008038623565677119,0.0006701202140365779,0.0019469533205576442,0.004585437887970029
0.003087261249949813,0.0015570975861630726,5.8257670918822914e-05,0.004953102023199523
0.0029676118726491714,0.0015252012261679337,0.00011385915725173107,0.004422141337042958
0.0008377329173231929,0.0005887892763913224,0.0018813637555778594,0.0049674969936115984
0.0008039938576350308,0.0006704557643188521,0.001946381070778641,0.004583089083861612
0.003086797345935825,0.0015576424577728887,5.799464751062102e-05,0.004951492608406268
0.0029672396003286275,0.001525732212859779,0.00011349521403317378,0.004420291558997062
0.0008378384781206408,0.0005890524132415244,0.0018806293314551936,0.004964997476190077
0.0008041267568604399,0.0006707918483513165,0.001945809570433386,0.004580741870237009
0.003086334739189026,0.0015581884907922088,5.773236183310221e-05,0.0049498824156822135
0.002966868734492476,0.0015262643785600364,0.00011313208522024856,0.004418441295462065
0.0008379451756234673,0.0005893159699523723,0.0018798958094933484,0.004962499497083622
0.0008042612194089973,0.0006711289399307865,0.0019452397870040293,0.004578395306419882
0.003085873133630346,0.0015587354049276857,5.747085296686661e-05,0.004948272066985527
0.002966499719791597,0.0015267980213974884,0.00011276986270040611,0.004416589639776052
0.0008380529702695597,0.0005895796057085725,0.001879162624216692,0.004960003831098117
0.0008043973311046491,0.0006714675304055411,0.0019446724691727934,0.0045760486881105044
0.003085412139833566,0.001559282753370069,5.721015844012025e-05,0.004946662315051559
0.0029661328272456273,0.0015273332130835517,0.000112408624512179,0.004414735955949113
0.0008381617753732734,0.0005898430813174327,0.001878429170629472,0.004957511339785767
0.000804535091770314,0.000671808064219575,0.0019441080630360173,0.004573701625031048
0.0030849513322777898,0.0015598299910019352,5.6950309027944403e-05,0.004945053934628322
0.002965768129992942,0.0015278698028997207,0.00011204842511113985,0.0044128799428067135
0.0008382714708563385,0.0005901062847112747,0.0018776948860648427,0.0049550228516153354
0.000804674420396169,0.0006721508844273649,0.0019435466737780464,0.00457135407243293
0.003084490308149263,0.0015603765508603498,5.6691324722140354e-05,0.004943447617791808
0.0029654055070715175,0.0015284074504163302,0.00011168928923942205,0.004411021650593522
0.0008383819205324411,0.0005903692380597566,0.0018769593206481444,0.004952539054074655
0.0008048151704595727,0.000672496194821027,0.0019429880736515923,0.004569006315372597
0.003084028739862229,0.0015609219188463743,5.643321230991983e-05,0.004941843887947061
0.0029650446729900678,0.0015289456810959827,0.00011133120994251961,0.0044091614516360905
0.000838492990444115,0.0005906320866625603,0.0018762221875612054,0.00495006041084802
0.0008049571527703334,0.0006728440425122899,0.0019424317522385905,0.004566658910528051
0.0030835664148784205,0.0015614656968945737,5.6175964774037e-05,0.004940243042050916
0.002964685226994985,0.001529483955969121,0.00011097415081629138,0.00440729997132183
0.0008386045656833884,0.000590895072410305,0.0018754833887038246,0.004947587113666528
0.0008051001624047762,0.0006731943219344447,0.00194187700034478,0.004564312596427805
0.003083103257530499,0.0015620076468988583,5.591956259542274e-05,0.0049386451260183244
0.0029643267137880714,0.0015300217450329343,0.00011061805202536561,0.004405437990389173
0.0008387165637821684,0.0005911584962167951,0.001874743014542612,0.004945119072499572
0.0008052440060937694,0.0006735467982281389,0.0019413230146680216,0.004561968186016289
0.003082639330575995,0.0015625477109389625,5.5663976750404556e-05,0.004937049944190447
0.002963968686333023,0.0015305585946968922,0.00011026283916806279,0.004403576333406593
0.0008388289431008035,0.0005914226751830166,0.0018740013198341298,0.004942655942978555
0.0008053885264853929,0.0006739011457706873,0.001940769007848972,0.004559626456392388
0.003082174818725903,0.0015630860068043657,5.540917274360414e-05,0.0049354570994875925
0.0029636107635497622,0.0015310941810091848,0.000109908433452291,0.004401715758914784
0.0008389417052840103,0.00059168790048553,0.0018732586796289957,0.004940197184881237
0.0008055336201752958,0.0006742569960299819,0.001940214309126797,0.004557288050170429
0.0030817099977432792,0.0015636228012092838,5.515511504113265e-05,0.004933866057233564
0.0029632526761375704,0.0015316283428071459,0.00010955476171471413,0.004399856865386371
0.0008390548918648684,0.0005919544013695078,0.0018725155323648106,0.004937742141958388
0.0008056792476173802,0.0006746139880735582,0.0019396584432042256,0.0045549534003077015
0.0030812451938203485,0.0015641584655857203,5.490177132966027e-05,0.004932276222780761
0.002962894295101991,0.0015321610918849872,0.00010920176506172045,0.004398000023762604
0.0008391685758283484,0.0005922223195496282,0.0018717723185293909,0.004935290131654025
0.0008058254341831013,0.0006749718150788588,0.0019391011789897789,0.00455262268665719
0.0030807807390156195,0.0015646934211506838,5.464911607991491e-05,0.004930687021717391
0.002962535640436484,0.0015326926002173008,0.00010884940512690662,0.004396145343262488
0.0008392828496238702,0.000592491696656701,0.0018710294231721828,0.004932840532508658
0.0008059722628433638,0.0006753302611820209,0.0019385425439784431,0.0045502958278481834
0.0030803169284159128,0.0015652280810311983,5.4397133033730775e-05,0.00492909797213317
0.0029621768699098655,0.0015332231674301537,0.00010849766731576797,0.0043942926726885535
0.0008393978113924084,0.0005927624754922504,0.0018702871293590948,0.00493039285824759
0.0008061198599142251,0.0006756892244913634,0.0019379828045623679,0.004547972507216015
0.0030798539848859983,0.001565762797083823,5.414581631263064e-05,0.004927508740279046
0.0029618182509474986,0.0015337531740107298,0.00010814656076508343,0.0043924416349325895
0.0008395135512620206,0.0005930345140482165,0.0018695455876047305,0.004927946809996091
0.0008062683761071699,0.0006760487242761451,0.0019374224169204134,0.004545652227198089
0.003079392035524721,0.0015662978179389405,5.389517007457663e-05,0.004925919173708613
0.002961460120621691,0.0015342830271472335,0.0001077961151867132,0.004390591688121719
0.0008396301395092341,0.0005933076096081139,0.0018688048041068449,0.004925502301254235
0.0008064179655803684,0.0006764088923523624,0.0019368619566986522,0.004543334383521166
0.0030789311019125127,0.0015668332629519455,5.364520688384915e-05,0.004924329309108067
0.002961102839328112,0.0015348131066319913,0.00010744637525266045,0.004388742203871615
0.0008397476180239805,0.0005935815291703439,0.0018680646481237587,0.004923059454287796
0.000806568765871287,0.0006767699507117429,0.0019363020378577892,0.004541018348365771
0.003078471104508215,0.0015673691142954077,5.339594510038196e-05,0.0049227393554250685
0.0029607467442979186,0.0015353437176435548,0.000107097393413601,0.004386892551655057
0.0008398659959853357,0.0005938560418558359,0.0018673248763431897,0.004920618570275601
0.0008067208811686821,0.0006771321790317834,0.0019357432318140946,0.0045387035514918945
0.003078011879557219,0.001567905227041022,5.3147405693832394e-05,0.004921149656047805
0.002960392108995402,0.0015358750559666967,0.00010674922216062307,0.004385042178125822
0.0008399852500535681,0.0005941309490194093,0.0018665851700580196,0.004918180078590281
0.0008068078275339506,0.0006774400033697396,0.0019350264012728804,0.004536015430887148
0.0030775272833860113,0.0015684465822668604,5.2904787544132454e-05,0.00491951049002775
0.0029599859957199393,0.0015364000727755515,0.00010641329920075544,0.0043831425603301334
0.0008401162090422029,0.0005944182216803163,0.001865913464892381,0.004915744143876414
0.0008069040818029304,0.0006777469202990158,0.00193436187072522,0.004533319722777417
0.0030769818058663193,0.0015689725434409661,5.267282613744956e-05,0.004917788759761254
0.002959522848205032,0.0015369099414774326,0.00010609095215174775,0.004381179368046254
0.0008402606407142285,0.000594716509724453,0.0018652965847868333,0.004913306645594794
0.0008070118391719164,0.0006780581707919604,0.001933729486249356,0.004530621247862345
0.0030764236275356866,0.0015694963790915195,5.244430204093117e-05,0.00491603132891271
0.002959055500853879,0.0015374267360617326,0.00010577175360889175,0.004379199773206846
0.000840406603366353,0.0005950244724203303,0.001864672832042752,0.004910870380620372
0.0008071233223148334,0.0006783854117188356,0.001933089217932205,0.0045278978957149435
0.003075934093289954,0.0015700287736389327,5.220779093752406e-05,0.004914287317771694
0.0029586651083555638,0.0015379626317759316,0.00010544236355018225,0.004377219239738582
0.0008405470435591051,0.0005953357537129449,0.001864008834619044,0.004908435398503315
0.0008072338740883752,0.0006787395546620752,0.001932445528407249,0.004525150944781941
0.003075483624376658,0.0015705680825679298,5.1966124425443924e-05,0.004912571659015228
0.0029583346851546864,0.0015385153109284055,0.00010510720511996811,0.004375216472999223
0.0008406864615952057,0.0005956423151739305,0.001863318963361347,0.004906013021605709
0.0008073484967104076,0.0006791163544400817,0.0019318253309594695,0.004522379683539157
0.0030750117830164615,0.0015710984713241853,5.1726859079801544e-05,0.004910865215563757
0.0029580000310768235,0.0015390738782974376,0.00010477731908370396,0.0043731710696582994
0.0008408283131982114,0.000595944026430577,0.0018626304566639377,0.004903625318163677
0.000807469192476147,0.000679509012886417,0.0019312418418418673,0.0045195927227673505
0.0030745032175376504,0.0015716078769032072,5.149200373548015e-05,0.004909155493143523
0.0029576474764943365,0.0015396269548779422,0.00010445367289979041,0.004371088283342756
0.000840972070548505,0.0005962429727716895,0.0018619438747050027,0.004901271242474245
0.0008075928125475281,0.0006799136438677233,0.0019306780236062098,0.004516801545287439
0.003073971547272234,0.0015720995284896986,5.125952762640087e-05,0.004907456277419654
0.0029572877027928077,0.0015401743911166027,0.0001041323100887835,0.004368997121741308
0.0008411135090088477,0.0005965421770747077,0.0018612416320483958,0.004898944185921233
0.0008077147446542069,0.0006803283830927664,0.0019301078865771842,0.004514009919426306
0.0030734477820205785,0.0015725786993140063,5.1025332573635494e-05,0.004905780819903215
0.002956941324967106,0.001540715870200358,0.00010380813985381957,0.0043669175442538535
0.0008412496547007658,0.0005968443331932654,0.001860516120855643,0.00489663736105809
0.0008078316779225981,0.00068075211590211,0.0019295218826239006,0.004511228036253224
0.003072932279433243,0.001573047747366425,5.078933292371353e-05,0.004904128021541269
0.0029566051412072344,0.0015412468953202442,0.00010348086455415394,0.004364852053285984
0.0008413825217089672,0.0005971502338978808,0.0018597770129575684,0.004894343418843748
0.0008079445254351633,0.0006811792420853828,0.0019289224359778155,0.004508464512049589
0.0030724061201715426,0.001573506473246416,5.0554106607677585e-05,0.004902484802460163
0.002956253651889365,0.001541763573497438,0.00010315392322082106,0.004362799484562649
0.0008415144971695007,0.0005974617721099485,0.0018590395700774525,0.004892060624497058
0.0008080546197954955,0.0006816031430669925,0.0019283113753240902,0.0045057247711924936
0.0030718677362805216,0.001573955607074027,5.0320186184080386e-05,0.004900838695323576
0.002955880291440409,0.0015422639605269916,0.00010282756740736459,0.004360762843787798
0.0008416464725091213,0.0005977804659359151,0.0018583098833722458,0.004889782188731623
0.0008081618678638553,0.0006820198353371135,0.0019276841898235352,0.004503012860346261
0.0030713254820072377,0.0015744010877234114,5.008671978576294e-05,0.004899188088235227
0.0029554916237957488,0.0015427513217389302,0.00010250016501862923,0.004358749917660173
0.0008417785095833777,0.0005981062857923179,0.0018575852797731787,0.00488749930842188
0.0008082664196157035,0.0006824272211799941,0.0019270350885203116,0.004500326385044411
0.003070791649305701,0.0015748494230390369,4.985237360891322e-05,0.004897534349648062
0.0029550968154514697,0.0015432307797948405,0.00010217028379335442,0.004356763867194687
0.0008419107680091947,0.0005984383009500063,0.0018568644895591976,0.004885206765698263
0.0008083690835120021,0.0006828249159236757,0.0019263657181480204,0.004497661765601685
0.0030702700021305995,0.0015753044342223638,4.961693621690861e-05,0.00489587530450099
0.0029547003842788234,0.0015437057469721341,0.00010183793948031767,0.004354799075328103
0.0008420448190685257,0.0005987743882808601,0.0018561509492271801,0.004882901044468117
0.0008084719073098781,0.0006832126194328192,0.0019256837130191722,0.004495014710174411
0.0030697538678536693,0.0015757677574220108,4.938151929934465e-05,0.004894206657957327
0.0029542979361139757,0.0015441793810804533,0.00010150488643795617,0.0043528473032066325
0.0008421822962913077,0.0005991124254927063,0.0018554489239719979,0.004880582387093062
0.0008085771113351616,0.0006835903742199273,0.0019249968207234343,0.0044923786462486934
0.0030692409232731875,0.0015762396225523095,4.9146696462687455e-05,0.004892525648371719
0.002953889791772526,0.0015446547685153324,0.00010117213502692298,0.004350901776750045
0.0008423237590324157,0.0005994505354598114,0.0018547586434620538,0.004878252050631176
0.0008086858863602191,0.0006839599542506735,0.0019243101914191468,0.004489747073168267
0.003068732570748648,0.001576720491804371,4.891246141170125e-05,0.004890834544154244
0.00295348187043999,0.0015451353643874133,0.00010083978907199641,0.004348957971765592
0.0008424690485250345,0.0005997866112197939,0.001854076106676722,0.004875911331296336
0.00080879889307389,0.0006843242396696198,0.0019236271706432537,0.004487112838600047
0.003068230123222744,0.0015772102107917286,4.867871254384929e-05,0.0048891382187575385
0.002953079383412053,0.0015456242776355844,0.00010050804581224668,0.004347011573408045
0.0008426176248992919,0.0006001187986106174,0.0018533970233888752,0.004873563924963157
0.0008089165114423166,0.0006846866051955295,0.001922951854208398,0.004484469739597539
0.0030677325929668597,0.0015777067619799586,4.844556861765558e-05,0.004887440652437674
0.0029526853160604604,0.0015461226044456975,0.00010017736918883167,0.004345056972839707
0.0008427691212530001,0.0006004456187846902,0.0018527187897655383,0.004871214635451092
0.0008090389884634654,0.0006850501761712599,0.0019222887617651105,0.0044818140388359785
0.0030672350778034323,0.0015782069259140513,4.82135590536139e-05,0.004885744906079928
0.0029522985734149825,0.0015466298845052654,9.984860793399513e-05,0.00434308956640518
0.0008429231971142764,0.000600766285346133,0.001852039587061098,0.004868868851489216
0.0008091663013053223,0.0006854173590686297,0.0019216404943368122,0.004479143678358467
0.0030667338832990067,0.0015787070612112491,4.7983014421163067e-05,0.004884053829009853
0.0029519177189040614,0.001547144645827406,9.952226392668472e-05,0.004341107577390026
0.0008430790996261068,0.0006010809425146021,0.0018513570963674987,0.004866531607575972
0.0008092977498174915,0.0006857901524341014,0.0019210068236535389,0.0044764588580683265
0.003066227885320042,0.0015792040088402565,4.775389737641157e-05,0.0048823707225632085
0.0029515429438764815,0.0015476647189234692,9.919820340588558e-05,0.004339112022267266
0.0008432358830207039,0.0006013903483938579,0.0018506684965117455,0.004864206254812603
0.0008094322150641628,0.0006861699344863779,0.0019203852474660727,0.004473761714360002
0.0030657165474803475,0.0015796953773545266,4.752606811328916e-05,0.004880698605948436
0.002951173581450079,0.001548187584464138,9.887613176521418e-05,0.00433710576248193
0.0008433926740200816,0.0006016957914151205,0.001849971852204553,0.0048618950284789065
0.0008095684970603861,0.0006865571775112986,0.001919772315570228,0.004471055810396033
0.0030651995360023144,0.0015801792477321084,4.729937947416033e-05,0.004879038760489686
0.0029508077946656165,0.0015487102484332085,9.85557250261497e-05,0.004335092283107026
0.0008435488776511044,0.0006019989538210394,0.0018492669445771708,0.0048595988754123205
0.0008097054682512027,0.000686951413150719,0.0019191643523489923,0.004468346104579558
0.0030646761275348153,0.0015806544344566542,4.7073766256571494e-05,0.004877390704312934
0.0029504426257120457,0.0015492296749033555,9.82366896263715e-05,0.004333075598068168
0.0008437042210642866,0.0006023016871001506,0.001848554834530614,0.00485731720870187
0.0008098421874293973,0.000687351274851226,0.0019185572988093301,0.004465637947948095
0.0030641463804784437,0.001581120763134835,4.684911762384179e-05,0.0048757527766731526
0.002950075076605428,0.0015497433911246606,9.791866223039488e-05,0.004331060328701881
0.0008438585916705895,0.0006026058681777336,0.0018478371482646568,0.004855048150386225
0.0008099778673833325,0.0006877548730930224,0.0019179469047855315,0.004462936411564633
0.003063611911258419,0.0015815791312123895,4.662518966108137e-05,0.0048741226788739074
0.002949703455104534,0.001550249732346953,9.760110858081939e-05,0.004329051080533141
0.0008440120551555236,0.0006029131112623389,0.0018471157190729204,0.004852788527038162
0.000810111971724793,0.0006881601058023439,0.0019173293789691529,0.004460245806389849
0.00306307480612705,0.0015820313713959776,4.640173586009826e-05,0.004872497755587095
0.0029493267298211032,0.0015507480136742794,9.728353578567446e-05,0.004327051678002756
0.0008441649129613204,0.0006032245761244025,0.0018463926752660268,0.0048505345036672035
0.0008102443518085236,0.0006885648356945543,0.0019167020887614619,0.00445756908892706
0.00306253711565513,0.0015824798094798457,4.6178571966975326e-05,0.004870874930326291
0.0029489442372456058,0.0015512384465031295,9.696561220474884e-05,0.004325064504040633
0.0008443176707309819,0.0006035409043033001,0.0018456704488833148,0.004848282215778559
0.000810375237762678,0.0006889671446632372,0.0019160639354177781,0.004454907740364461
0.003062000546721048,0.001582926943617368,4.595560286603532e-05,0.00486925102383244
0.002948555841587855,0.0015517220291509696,9.664717738460657e-05,0.004323090347458099
0.0008444709724919395,0.0006038621681684091,0.0018449513639519047,0.004846028076563037
0.0008105051845507797,0.0006893655401188782,0.0019154152070844533,0.00445226162450022
0.0030614664644533145,0.0015833752313070997,4.573280427513888e-05,0.004867623320145899
0.002948162021453888,0.001552200495970576,9.632822744576612e-05,0.004321128627955239
0.0008446254637230391,0.0006041879203503538,0.0018442371737567298,0.004843769216833977
0.0008106349566871829,0.0006897591506222898,0.0019147573290744027,0.004449629002735427
0.003060936144706585,0.0015838268256207428,4.551017419545997e-05,0.004865989940793573
0.0029477641524567506,0.001552676079561572,9.600885008084398e-05,0.004319177528195216
0.0008447816997453596,0.0006045172714260646,0.0018435288363792982,0.004841503725554817
0.0008107654155509657,0.0006901478433392482,0.0019140926934001201,0.004447006889856431
0.0030604103983626688,0.0015842833489491943,4.528775737636902e-05,0.004864350015346069
0.002947364145081347,0.001553151215019343,9.568924058261208e-05,0.0043172341673587186
0.0008449401176328056,0.0006048490026401031,0.0018428265384200825,0.004839230832789425
0.0008108974488695258,0.00069053217807109,0.0019134244226230654,0.004444391429564399
0.0030598893248558585,0.0015847456829264426,4.5065659727431494e-05,0.0048627036112626285
0.0029469639571628246,0.0015536282267177468,9.536971185109802e-05,0.004315294914383502
0.0008451009974333226,0.0006051817475227611,0.0018421298160814074,0.0048369510306578226
0.0008110318698159422,0.0006909133045644282,0.0019127560155778166,0.004441778409834689
0.0030593723768683814,0.0015852138777429205,4.484402857960065e-05,0.004861051624453628
0.0029465654410012437,0.0015541090375860078,9.505063771788618e-05,0.00431335584407286
0.0008452644358840312,0.0006055141640368143,0.001841437616241408,0.004834665902879317
0.0008111693179593786,0.0006912928075370877,0.0019120908666762017,0.004439163789724003
0.003058858485137825,0.001585687225486483,4.4623028289293626e-05,0.0048593957023553005
0.002946170169024082,0.001554595001962465,9.47323975741327e-05,0.004311413286995793
0.0008454303298968732,0.0006058450948447042,0.0018407483739744715,0.004832377876392045
0.0008113101857997364,0.0006916725101560944,0.0019114318152376032,0.00443654411603635
0.0030583463412902656,0.0015861643937450053,4.440280418425204e-05,0.0048577380454513566
0.0029457793624508982,0.0015550867905503901,9.441531611574989e-05,0.0043094642533071615
0.000845598387551417,0.000606173698351961,0.001840060201052702,0.004830089901192327
0.0008114545782174459,0.0006920542703038248,0.0019107808613545384,0.004433916914122262
0.0030578345299078317,0.0015866436114604305,4.418346981725809e-05,0.00485608111528519
0.002945393766870221,0.0015555843370457557,9.409963081496401e-05,0.0043075067004239714
0.0008457681836860093,0.0006064995241753744,0.0018393711505119887,0.004827805069323099
0.0008116023258018234,0.0006924397590533505,0.0019101390125132118,0.004431280927233169
0.003057321601204996,0.0015871228868202525,4.3965106767498844e-05,0.0048544273026395815
0.002945013482662518,0.0015560868816073782,9.378548618746936e-05,0.004305539696396502
0.0008459392213916711,0.0006068225509318438,0.0018386794807776696,0.004825526282777146
0.0008117530227309574,0.0006928302709743486,0.001909506234073704,0.004428636193848234
0.003056806263367923,0.001587600236664486,4.374775458702024e-05,0.004852778627444496
0.0029446380051133315,0.0015565930856723587,9.347291793022675e-05,0.0043035634666134075
0.0008461109909515476,0.000607143171261037,0.0018379838426320144,0.0048232559233985315
0.0008119060800564162,0.0006932265980921585,0.001908881493619804,0.004425983991327233
0.0030562875397039664,0.0015880739264803195,4.353140598720198e-05,0.004851136546084165
0.0029442663432757248,0.0015571012235555848,9.316184872972957e-05,0.0043015793328662795
0.0008462830269577396,0.0006074621241756047,0.001837283385826282,0.004820995590121004
0.0008120608004826444,0.0006936289649871156,0.0019082629069658388,0.0044233266127596624
0.003055764894847665,0.0015885426660310151,4.331600639267705e-05,0.00484950183059833
0.002943897173722569,0.001557609409692368,9.285210016534633e-05,0.0042995895183284335
0.0008464549564128847,0.0006077803937305006,0.0018365778213472567,0.004818745961201973
0.0008122164615897549,0.0006940370352534773,0.0019076480001289982,0.004420667051079524
0.0030552382801470462,0.001589005733427139,4.310146195657116e-05,0.004847874511232168
0.002943529020016341,0.0015581158183367767,9.254341733749994e-05,0.004297596832682887
0.0008466265406798609,0.0006080990809665091,0.0018358674350876718,0.004816506757890424
0.0008123724021746654,0.0006944499768615374,0.0019070340365377222,0.004418008626977674
0.003054708074425334,0.0015894630276490837,4.288765698797709e-05,0.004846253902661642
0.002943160392466133,0.0015586188886062544,9.22355080558237e-05,0.004295604313145241
0.000846797699926024,0.0006084192708603378,0.0018351530371848728,0.004814276830286492
0.0008125280977952252,0.0006948665769270649,0.0019064183481645194,0.004415354586773401
0.0030541750199154128,0.0015899150453596532,4.2674468424192384e-05,0.004844638710526
0.002942789953312399,0.0015591174887416713,9.19280787298571e-05,0.004293614867334392
0.0008469685135630943,0.0006087419103199583,0.0018344358430284226,0.0048120543349664865
0.000812683212389641,0.0006952853993617439,0.0019057986329360289,0.004412707737477416
0.003053640131551519,0.0015903627968563672,4.2461778758802045e-05,0.004843027215972791
0.0029424166793678,0.0015596110250162348,9.162086505471718e-05,0.004291630955309439
0.000847139202532678,0.0006090677056352108,0.0018337173043241673,0.0048098369709297165
0.000812837626689823,0.0006957049602162916,0.00190517319092408,0.004410070145640794
0.003053104571422438,0.0015908076697217395,4.22494885307431e-05,0.0048414175019967
0.0029420399647184935,0.0015600994871586779,9.131366041340911e-05,0.004289654337374936
0.0008473100959226622,0.0006093970538114726,0.0018329989276232484,0.004807622264810467
0.0008129914412600748,0.0006961239000797795,0.0019045410873405131,0.00440744293397273
