rho_mass_loss,a1_mass_loss,a2_mass_loss,f0_mass_loss
0.08029143377191103,0.06627456593054987,0.07896630237555392,0.05614692455035788
0.07468533090468717,0.059945817503759005,0.07503931229333072,0.047823814932941903
0.06447205252179723,0.03223326950177967,0.06976428292983211,0.046313378869612655
0.027558800945863205,0.0016986678016055424,0.03443584918816787,0.08059668167918813
0.013542715904422653,0.037998871340062385,0.006623850691817946,0.142024929857936
0.016174221782806905,0.05070931860900364,0.005794419004112738,0.15532076830045277
0.013555013593399876,0.03969632123579496,0.006673324844313416,0.1392423019493882
0.013629275858930763,0.016541104008067544,0.013913416665510278,0.1068080079013444
0.02918067217806729,0.0016006021697037146,0.036170520623719886,0.0783372517819132
0.04567088096263571,0.006750440900497453,0.05350852320731647,0.06113192984317073
0.05146783836999635,0.010634639430268978,0.058507423381177384,0.05671516205221213
0.050984190107437925,0.008357370019238988,0.057776397021087084,0.05767002031964532
0.04533277600770946,0.0027335522766988828,0.05235100873655235,0.062105958862429034
0.04243926388071247,0.001195872530909218,0.04950674673030657,0.06474457422073258
0.03218961777895874,0.0019629313840516323,0.03841023107549544,0.06790903544727055
0.02060544522093433,0.01132098578345817,0.024345570911815443,0.07135500579577239
0.015814623059605612,0.021524986372717596,0.017524136413559245,0.07391514402546676
0.015604208678676892,0.023740108362224635,0.017195457805258864,0.07041661467009783
0.019336816153756403,0.017344541091577195,0.02249171215968914,0.06117482556881519
0.029515061361177288,0.006827028090350384,0.03451504447605525,0.05178652927181483
0.03935768797539561,0.002107745592892214,0.04452064466024943,0.04697919458604946
0.04051258901407138,0.0024746082826609243,0.04516400314703231,0.04152267136087496
0.03333902113445469,0.009510228239424877,0.0377630963909063,0.034029284271705346
0.021001104449608496,0.031330424178498295,0.024288417122897032,0.02989511798322327
0.017729311178169626,0.04648917668411329,0.020080072076021735,0.027185843363585805
0.0218162895750862,0.05067109647369776,0.025055491608888324,0.02032939180700924
0.02755107383662475,0.024279437427397795,0.029032886616169415,0.019110527347224286
0.029742802969734205,0.014902100409752532,0.02736285294142825,0.025572583552819612
0.02510135230670568,0.023172622597318938,0.023575321299795383,0.025248377253356918
0.018197495846530482,0.05313500112651299,0.021210896155390173,0.025015077547582858
0.017663816405555467,0.05562874258411608,0.021415541516602153,0.02435350437262086
0.021475003336902915,0.03636166872160462,0.0246277309950072,0.02284384198755876
0.02893774074556958,0.01191028198444493,0.029455506305946524,0.021370051056189603
0.03183027598741271,0.009410714616590531,0.034696705710670274,0.01818940483494017
0.0319406886408569,0.02227453533833627,0.03942570818464842,0.01612498952895658
0.023961023336384574,0.026351684012111187,0.03064877074522592,0.019265059572045037
0.026004483657705607,0.019330317238335906,0.033899472124098405,0.018267444668792602
0.03736771006324572,0.006311516359998287,0.04728609383638727,0.01354217388931885
0.03812384316415434,0.0051189952233704865,0.04892550248710645,0.013034869528236053
0.029673806962668737,0.0112509045322968,0.04007505673915581,0.015192472097197873
0.025351314228316605,0.01472092137353717,0.034877280635637734,0.017176951690677823
0.02994135286455962,0.009942711791136856,0.04099592658418415,0.016512006118341107
0.02723051360940015,0.006402947057831257,0.03654409855538939,0.018542828669962156
0.024297100328612237,0.01143723207642722,0.034441177463863444,0.023450163495231983
0.023037839040794494,0.013353108665678882,0.0333056289550604,0.024795947471174633
0.025405541894607284,0.007136017614972257,0.036834391484818416,0.02025205759045356
0.027710430212372586,0.006175641845005729,0.041174628434081824,0.01680117959359327
0.022469222980216485,0.008810939804753826,0.035436508928318025,0.016844571178241695
0.024131031320690565,0.0062120772197130115,0.03869177678924365,0.014579017007177916
0.02837977187610949,0.0037142491954789184,0.045174242739791814,0.012255313002194266
0.02149752742027188,0.005867112444652565,0.03698248401218222,0.015012571770149386
0.018648774050566298,0.006904279946639772,0.033884985780094155,0.016829260304277678
0.021341948231673732,0.004938741471814071,0.038341391547089015,0.015923916980543906
0.01726109854094236,0.006622462301410481,0.033662449519006696,0.020549341313015338
0.01368352125740723,0.008134874481490919,0.02954629469270705,0.022884520030436565
0.01571564491206433,0.0055839666508675665,0.03322175621503002,0.015503174118175023
0.013371799791011524,0.006003467832143441,0.03189466541426656,0.013818751076542457
0.008826945730801077,0.007698741255796353,0.026251539553949838,0.016837516624704577
0.011277788389889522,0.006148472942576355,0.031905524374388476,0.011376003776280412
0.0054582366723054075,0.008957175509088722,0.02338602075247987,0.0156587848045782
0.0068195536188264015,0.009141084245622422,0.026639456913375444,0.010027263789064376
0.0014907672950398153,0.01709647879049429,0.013097751520109398,0.019769595980739397
0.005101446152259593,0.014637579849051409,0.021653151162264454,0.011226057249420381
0.0036472812403600765,0.02891274388965049,0.01055835833804452,0.01030408495671792
0.0031723316961706012,0.019602763117315708,0.015938821098340092,0.015327149992928949
0.006297772872795829,0.03211856745890928,0.004079129115710264,0.012087912040842082
0.004078068292191233,0.01746622768009793,0.012419739959407403,0.014876466391966442
0.004499414018728076,0.021793871231833892,0.00661183002580565,0.013941126749850541
0.0048633898827900104,0.01193022427827331,0.012825580525546852,0.016251143897397718
0.004608405225655639,0.016720656330359584,0.006435143002243927,0.019546011933517387
0.00526783750321454,0.011594007156766107,0.011289701433942274,0.016084514682163827
0.005513022744338348,0.016573637740093575,0.0056868331455106015,0.018960772699128353
0.006480711255116391,0.012288439223030884,0.013245086800252286,0.011447342380204416
0.006043951658535134,0.017597386654444935,0.007107093714634981,0.011894686696876221
0.007956510570743655,0.014003054478890137,0.015705741419495486,0.008680407665185488
0.007258133914250921,0.019918383228729908,0.005485416300095915,0.010670852913211546
0.008766917992995503,0.017355595725330575,0.015433239841951003,0.00711627211450157
0.0070417732557068735,0.01911862317390956,0.004828988424805688,0.013724030146603658
0.008888763999801907,0.01638689159113485,0.016915795916620645,0.006719171503253743
0.005385048301293895,0.01626173420816236,0.007760320824286528,0.013780110407602042
0.009204805957016638,0.01572666279387606,0.01964857905919247,0.006411377776999276
0.00442538646049091,0.01416081626993522,0.008646717076782164,0.015590825330307739
0.007743073812599861,0.01425604267613305,0.017580926278433336,0.00638735552110916
0.0042347735020237965,0.012463838552395405,0.008549512509791479,0.01566756649109369
0.007945856031585907,0.013353101764539101,0.01749037967014155,0.006827922661220565
0.004929957214071707,0.012143760562925002,0.00878419250420483,0.014262368754698943
0.009277456108012174,0.01342067818963993,0.017355741599271612,0.006328903256649462
0.0065264923634570544,0.013421642595989151,0.007669451046897214,0.013427646954265123
0.011125206934435155,0.013972612780954187,0.016357990535184424,0.00595833646163258
0.008658312990502794,0.01514622601108018,0.006341421650107974,0.01213936727984282
0.012481810982457564,0.0139964180620352,0.015241178205284995,0.006247254031022175
0.010266250947840878,0.01616232316663473,0.005753824201902831,0.010882383395749592
0.012910829947451116,0.013610959173035904,0.014386528327573311,0.006406015380040849
0.0105597596764763,0.015810713448663912,0.005806824167991351,0.010765864486192083
0.012431568283163733,0.012780046156583926,0.014018637590250026,0.006462089334585333
0.009949966158438921,0.014791219748029156,0.006527222753822195,0.011141217722548996
0.011682534210035051,0.012164638730534307,0.014097300238652698,0.006729204992456035
0.009275090116096734,0.014308148216271313,0.006874385472918239,0.011552495146142823
0.011302983962953539,0.012487079037947836,0.014176913297892111,0.00660440610738684
0.008845095519805867,0.014716626954029224,0.00657898550047511,0.011645770063254911
0.011200601069325368,0.013321268061824449,0.014548522352487603,0.006294555902744763
0.008448437174659042,0.015348922215169016,0.006622040442169699,0.011463738780883147
0.010983433575095417,0.013961371883302622,0.015201396829556818,0.006283838100164195
0.007845985533189095,0.01556954326463507,0.006826676047251961,0.011730286911161236
0.010468686842195723,0.01435159556451247,0.015546551727178873,0.0062917191644567255
0.007032457884585338,0.015184234521353587,0.007030915810315121,0.01237666828392028
0.009741397405802321,0.014241037493696894,0.015819981344325648,0.006327003750686849
0.006333372929209716,0.014645778161125148,0.007633878113374895,0.012564928165354122
0.00913738646376209,0.013820380615736538,0.01611174035645211,0.00642623543612089
0.005975765705099865,0.014412490631399051,0.008019596587072709,0.012535265195437639
0.008876339877417335,0.013748778697260428,0.015983802891495192,0.006519233457535618
0.005991338647981466,0.014701929900829944,0.007746755306668976,0.012557431287346408
0.008941236821220453,0.01397522470979536,0.01563844509682447,0.006546457031269544
0.006246799281615922,0.015297310314316543,0.007475551965437595,0.012213785635142763
0.009107223489730145,0.014059462589002845,0.015411981115333193,0.006611986444921325
0.006509529794472315,0.015815819918019575,0.0073762390890480785,0.011775311557672185
0.009124709034850844,0.014019055424400009,0.015096040380279167,0.006717796198211966
0.006577008379195539,0.015963972051180185,0.007204699243055442,0.011715995223738507
0.008950860258639956,0.01385508183744871,0.014764416083147582,0.00678548454569382
0.006464853905340326,0.015816407362867508,0.007275441903150579,0.01174556836599069
0.008713253413670718,0.013505549881818273,0.014717145561073761,0.006874226022149865
0.006317603193745698,0.015671239525793926,0.00755521702240823,0.011679835649525433
0.008563146656008975,0.013335916971928086,0.014753573611750153,0.006940887170605013
0.006229900943764639,0.01573760884973558,0.007562053754806957,0.011717558393329454
0.008528180506667095,0.013496040863323695,0.014713832435121784,0.006963940799111215
0.006176282118103684,0.015929286955345782,0.007445927361931786,0.011804162500237183
0.008522431015997709,0.013647146430649175,0.014800521050398462,0.007000146815452949
0.006056236633750145,0.01596964293124052,0.00754544672313211,0.01178972428610021
0.008441672614668914,0.013615049697883713,0.014997979782197775,0.00704438366613587
0.005864578013346299,0.015828888357826275,0.007722244603941804,0.011901842693133042
0.008270891437824725,0.013512778093456839,0.015113292941152899,0.007067141465688753
0.005670519597157653,0.015622085824029786,0.00787456025210011,0.012129072390807651
0.008107988486706923,0.013354862246695163,0.015202209186384697,0.007096904592963327
0.005542425109987652,0.015446504538249705,0.008053422092534998,0.012192058358489665
0.008055100479015274,0.013217996936836314,0.015288616230157172,0.00713307212295484
0.0055332109787421665,0.015440584251105859,0.008125296789998574,0.012187189209726581
0.008109133821551194,0.013212002612330515,0.015261221379450532,0.007180214598041204
0.005591575680420957,0.015504662433518121,0.00801354653450219,0.012188802047309912
0.00819512461362897,0.0132308850082205,0.015156720961578347,0.007235364097153296
0.005661977668049386,0.015529550810265438,0.007939231112525954,0.012157559891651288
0.008243890744414646,0.013121894004144213,0.015082272697174645,0.007275103488958036
0.005710988610338196,0.015467055044416934,0.007981110938145004,0.012091383289649668
0.008322575764625648,0.016643250620351643,0.006662403783341125,0.010008502236847818
0.01165432391516808,0.008472318014365049,0.014464393850570034,0.01858134037413081
0.01241747324015855,0.010678553597346353,0.011443957721050162,0.015258420187341599
0.016598934494925693,0.019548208395071022,0.00022710638727507294,0.025950204044845486
0.017127178800363664,0.017848380023048355,0.00021535445353648637,0.02947308708512398
0.019996978887242094,0.016701226939872263,0.00735187455700567,0.006150171038521545
0.01954790754678236,0.015817773728155106,0.00973880446405767,0.005287353103756973
0.011315328428297007,0.011506003968596724,0.0019011175941699814,0.023088393705384024
0.009222055203846913,0.010068736985285992,0.007344879044804265,0.014893102652006714
0.014549859586371408,0.012364094374198572,0.02248622789714375,0.009910025475827417
0.01400851352668282,0.012491997304328132,0.0228168996625972,0.009769045476742627
0.0081012645677287,0.009280716389876716,0.010706759098592455,0.015938965122484154
0.008811762994901308,0.009953295124156124,0.0042648149812998665,0.021668940425610354
0.014861051781245518,0.0161280229799397,0.010590117449217982,0.0049574223433280695
0.01840084020661103,0.019935245932801257,0.005494976080225838,0.00451782752496459
0.013202105784490749,0.014244244503856387,0.0012350499957890521,0.03302739607959223
0.017496683712147337,0.021459342277456626,0.0015382472716875834,0.009596706228265346
0.008326211528428556,0.012261074623235613,0.015831687146581865,0.0476773223565199
0.008586786750768969,0.011063075300709005,0.017197440790407,0.049471357480070206
0.009825747298579825,0.0174698765559598,0.0065131568462109555,0.006332107604364633
0.009354362343737549,0.01034024396030932,0.002366583319763154,0.04491452313184688
0.008319106841602834,0.0099456937701421,0.002566055521685468,0.056979751248900555
0.003572828498401922,0.007202526340983741,0.006712972979011419,0.04689274652312591
0.006479226404273802,0.008257739194784505,0.026524172695277494,0.018496404053564754
0.013964561845716997,0.013355156232253335,0.0356740340644487,0.010661429067775166
0.012385886170887444,0.01316417880706647,0.0358722029545012,0.006703394730516272
0.0013555776570136555,0.008511360708025736,0.018040080448121266,0.016907263152671975
0.0012602978917459087,0.010124680331196297,0.009148129144339675,0.03295334024346279
0.001393769616702523,0.015064120264894384,0.014671205548025638,0.01563963825777894
0.009857702217493929,0.009396248266162989,0.022734813790799842,0.054839304044288974
0.011150196147089267,0.009339760713452062,0.028749953839634336,0.0761506234986112
0.006646597755808773,0.010844313685184709,0.020084659650586433,0.05432341031626973
0.008423424663992702,0.02091605937497299,0.004814297682408664,0.012095574846457699
0.007924975484077399,0.014530496066943196,0.003350267057985767,0.03965092329535426
0.007635079146562356,0.01932817923812061,0.0040134991495683805,0.012307347150343267
0.009732337079292261,0.009988022821198097,0.01754527273804648,0.03802096190576644
0.01241181418768141,0.009869297323876697,0.021376008918660656,0.04558739783333636
0.010409593779708666,0.011005261113264253,0.018260325535529767,0.020263937378963953
0.005224204981871186,0.011466541971452115,0.0043936159896064645,0.023265951637129224
0.005924442236047572,0.010581893938011927,0.0030849112518219982,0.0323460420245555
0.004949072523083531,0.009431209678992775,0.009450399595449164,0.021912498390759955
0.011122404199458827,0.010730306488448728,0.022486293566665427,0.01647193040078134
0.012825992657183134,0.011625450502457772,0.023276552800710396,0.019938235407621747
0.009112374742239568,0.011192777024010604,0.01584592587793212,0.010114482177018757
0.008913585262202072,0.011465036904478981,0.001169171140528981,0.03678833197884161
0.011330490552640618,0.01246024136670741,0.0008424585699561341,0.04699539212579894
0.008572764633966348,0.011882060423052641,0.0012694333876920542,0.03452821970269145
0.009914407840494797,0.013819606964652082,0.015330199116473334,0.006576603225972646
0.01164315684121299,0.01338347989798345,0.020300428425627258,0.012568679293338294
0.008820449120820676,0.014552750789710824,0.01657709151169539,0.005693276090384256
0.005591678455273805,0.011207614585836558,0.0027950876456491356,0.032599742889722436
0.005630012290561454,0.010946606260972096,0.002608258094192629,0.03697869455038373
0.0031514269776781157,0.011229942020491282,0.008890622876459564,0.0197635945708647
0.012147983087118073,0.013944172267464212,0.02702287482304182,0.01061003209844644
0.014650916846728987,0.014150143112332269,0.028640720801978683,0.01697655538041127
0.011366711626319215,0.013818044567876515,0.02838917472276143,0.007966728503501547
0.00236167268609237,0.009748138272706163,0.01057423497198096,0.020093629177270558
0.0032370111086022432,0.009748554386946582,0.005505591650450232,0.030672013482611116
0.0027435249136667783,0.01036372546812139,0.008947773501795951,0.021312056086027178
0.010203430171733705,0.014363670910593762,0.024833031944130377,0.005602175465309561
0.01166785808845834,0.014278104023815989,0.024129492074180296,0.008203234812553589
0.006942327517077907,0.014474770280542629,0.014562490006592824,0.006644881849002399
0.006500637462385587,0.012901882107859535,0.002349342779317072,0.03542433150520484
0.007958755756733505,0.014502088598032594,0.0018789642243588224,0.03462937398674607
0.011841401062754072,0.020105716308353484,0.009566336221625534,0.0046852251533948145
0.0108275771338718,0.017513321615080152,0.012162955286782675,0.005609685745306425
0.006393152793439554,0.01514142749128553,0.005022864223342224,0.017481559767339054
0.006066948814962167,0.01459192786006838,0.010055805978510308,0.00957710752758497
0.010837970056071811,0.01067559653520105,0.019730246171784736,0.013990221579166875
0.010928038166311244,0.01054126333068356,0.020212900650955608,0.013738819671706776
0.006302042832577656,0.013449449577549403,0.012044415811367537,0.00797257589898884
0.005682853196056921,0.013906468717970778,0.004306760043579163,0.021317421897558923
0.006699131949512334,0.015144101345987617,0.007736858403677115,0.01105894357370779
0.010968824307592545,0.010145546150314131,0.017992290421195618,0.01810347718857402
0.011461172849564986,0.009818776113394458,0.018346520100408378,0.021969487319532806
0.009974778273637207,0.014950738167814007,0.011903123741948404,0.00607021187792397
0.00891593382708602,0.014810393022695685,0.0012673476566604466,0.037255187528262436
0.009781398413296461,0.014701814404812502,0.0013001616139787923,0.04406814817217164
0.006209896970173327,0.012622579295580987,0.002543600184997786,0.03216413083222569
0.006518144332049093,0.010400636615658748,0.017642564155014515,0.009797221616685637
0.009300708036289169,0.00981776045687584,0.023209517040908026,0.01007405787717949
0.006683131715876641,0.0104797312749581,0.02101743552428324,0.00718957372152165
0.0026017174053339772,0.012028610286923844,0.007009854312582662,0.023429744700563082
0.0026754896853601203,0.012726455654918466,0.0056993019326937195,0.027725276286030255
0.002596245472396152,0.012906058992221962,0.01429536466167457,0.011053754692800982
0.011283366860894982,0.009073060837831978,0.022832879566147164,0.02160175918255092
0.013121631612002324,0.008957193986297997,0.024144008944634907,0.03206101527915038
0.009751030636014776,0.009346709184741052,0.020959824251923737,0.017918241643564585
0.0023297650681886697,0.014808999249625816,0.009892611721281263,0.017641657055033726
0.002579407890516709,0.013993819309741232,0.00589773511113779,0.028770420226245756
0.0024494966112214647,0.013825433066467087,0.011990031499645086,0.014206018996032072
0.010154782133384534,0.010138192823326167,0.02369922870886157,0.013018965368525093
0.01164788730196912,0.009943465664689958,0.024884508855887166,0.017063857403432768
0.007295620892319603,0.011083189040787596,0.020939474362769758,0.00655071889115284
0.003815421183592526,0.012697780976931214,0.004542616024692305,0.027504992945634806
0.005419937992944625,0.013371797371595658,0.002825745883472712,0.035907823243548256
0.003676465582326795,0.012108532600577284,0.005421200431841695,0.025603493981951997
0.007030204203969715,0.010103020617410249,0.020347863920327645,0.007855832583321532
0.009641910890712488,0.009789874807757065,0.023623176193228006,0.010358208839105584
0.006477527674955873,0.011129233250496914,0.01938246412727654,0.006898829345952938
0.0037292250450299325,0.013204389363074935,0.004662167892113354,0.026585283929675473
0.004413516325700358,0.01407687728204145,0.0035066884768580834,0.03220495468226084
0.0030685097492496663,0.014154788539744424,0.008833889122749685,0.01657955764156321
0.010311112955923704,0.00925684766835752,0.022376599024085345,0.014685728056260536
0.012641774141157844,0.008732512710694453,0.024246617001261135,0.02320571100315578
0.009917370045645588,0.009442243587068733,0.022920335416022543,0.012041959749554106
0.002502204865545896,0.01345989311117434,0.010134264191291948,0.01657805822349195
0.00270801395220883,0.013283498253810175,0.006106491833156971,0.02501093388343409
0.0026778995216711083,0.012250009787826787,0.011651731128758672,0.014134362214475376
0.009988474407976863,0.009717219707693951,0.02441890354822358,0.009365607340136868
0.011281650437025328,0.009588531995980313,0.024835629485202564,0.012108156038028357
0.007052484796323644,0.011571861795498246,0.019328405426011375,0.0060999696368036465
0.004707315234740384,0.01347823633470606,0.0034752932282125578,0.029843061649529073
0.006269490668869026,0.014387779206620991,0.0023135513920111653,0.03761423551924301
0.004238295315402296,0.0131358495289715,0.0044379749926322445,0.026094145084755483
0.00804672902234674,0.010807024533423113,0.020635252417235177,0.005891154752307039
0.010807380320905516,0.009711400239876098,0.0242845078171168,0.00955540176894434
0.0076257194425667285,0.010786563922043966,0.02107109516334786,0.005793838308688163
0.00324466457860226,0.012863329986260587,0.0061420666371988,0.023525615692200373
0.0035702715136048577,0.01332345614941622,0.004662741732598327,0.02821882068192195
0.0028734328498571135,0.012321258030182433,0.011019595669275194,0.014894153690249611
0.011100879649369635,0.009080105380881357,0.024977960349289625,0.010243645657255298
0.012954314406097364,0.008654361468565103,0.02561842405296927,0.015488066058508457
0.009653942483399508,0.009670481292821985,0.023923531717852074,0.007088539511285495
0.0029753904734348504,0.012960991980065409,0.007577476589865685,0.02116569795148871
0.0038322734968984,0.013350933667450262,0.004403965271277911,0.028799239602144266
0.0031467288187153244,0.012420303014883633,0.008419315716636237,0.019291509145117423
0.009461494988285026,0.009645835398592314,0.023609252556626537,0.006210159113190252
0.011454563758252406,0.00914424914754644,0.02509587542354466,0.008773217388333468
0.007608549613532008,0.010795837265526015,0.020345082877870513,0.0059137135180511195
0.004157446177454692,0.01313318763488586,0.004571586803622865,0.026495617045001196
0.005009276977161356,0.014006104408764675,0.003239789574093161,0.03203962087220574
0.0036209236045763103,0.013067686808853056,0.007343172772392052,0.020477545073900698
0.010404932156532612,0.009248502510084636,0.023598604445433637,0.006910503452051887
0.012540127429505754,0.008322398940950392,0.024938107718790434,0.01139584960993365
0.009573048491341189,0.00959513003356181,0.02341704909113896,0.005890276907967313
0.0034295329188520295,0.01277705789889027,0.0073155593555035755,0.020856844211520845
0.00398907578078896,0.013344515795085114,0.004683816205116477,0.026881716144264146
0.0034560406706354864,0.012034676168021789,0.009506255406942853,0.01663985677497625
0.010717038421815333,0.008787596818499062,0.024297508301684204,0.006733452542666716
0.012465118755746673,0.008265318090774123,0.024982453536054997,0.009655046563597268
0.008955848021655529,0.010148743401652323,0.02160355127618404,0.0054735054274206146
0.0042922456881343265,0.013199186025063368,0.005075921463943261,0.024352771555737722
0.005161393158262565,0.014058571205848016,0.0033704111441598206,0.030228645050713036
0.004026166678040329,0.01283651447178458,0.0072630343120009344,0.019955489688009802
0.010594239342288538,0.008951005403633626,0.023438855053081374,0.006044517988437852
0.012583416918964458,0.00795192002731492,0.02474013191118314,0.009279232509123955
0.009496807456062926,0.00942790742975019,0.022604654917235043,0.0054804603037694535
0.003954908708694007,0.012785167601470002,0.006600637806836819,0.0213371918002485
0.004486680522962157,0.013567132614525891,0.004403179096847849,0.026714672609093736
0.0038540883264908325,0.012128892033145528,0.009233394956383333,0.016561809928597477
0.01121973126362833,0.008301693218363968,0.024094597319555617,0.006633954800560543
0.012768169705207244,0.007533263619245693,0.024300941682804753,0.00956789340833862
0.009915435655043965,0.00960773991652131,0.022623438786760756,0.00564680140867666
0.004320512870149892,0.013128311399211298,0.005852587191480218,0.022288445595262652
0.005058558620349825,0.013961189879308727,0.0038091115452818206,0.027930980317282743
0.004180399151612448,0.012466032184899315,0.007933361035190998,0.01824232017383235
0.011015245995380006,0.00844877883468881,0.023629397376620908,0.0059823150947519955
0.012723366339810754,0.007469598836418744,0.024405204058644624,0.008512097129581708
0.009742850459360021,0.009223318626136385,0.022338119946339177,0.005523632990444712
0.004385406322465898,0.012822996435087637,0.006255858468013856,0.021254052841631486
0.0049738886222460135,0.013751340048030296,0.004171264072394856,0.026516846559353
0.004257393396328671,0.012212727389102816,0.008685680544811863,0.016807004898749905
0.011315522966700534,0.007975824371206388,0.023453749900830857,0.006355579836426438
0.012839002447440075,0.007070037373783144,0.023662617831344098,0.009074202552485233
0.010133386396740766,0.00900988287589029,0.022150248588654185,0.005753108355963743
0.004558091609721906,0.013054957979763984,0.006287251556873624,0.02088350550287792
0.005144957996644581,0.013888269678373524,0.004152548731262161,0.02606361768766194
0.004437941978601302,0.012192159466440455,0.00861066844390518,0.01660237805636268
0.011389867116994417,0.007854273695581893,0.023451737323452272,0.006228401063780564
0.012900531951115873,0.006958236072240645,0.023850447698232705,0.008565683554332989
0.010161964432769122,0.008827852481255366,0.02225647867043451,0.005645274745050216
0.004718999166428016,0.012736452254958449,0.006300897976145078,0.020292412849673563
0.00531770437833837,0.013750808355284838,0.004215232881780608,0.02551516450186967
0.004644091836585226,0.012175283619012931,0.00822726756624542,0.01672811100192703
0.011091483003649247,0.00812800689872949,0.022821534873625315,0.0060652473160996475
0.012419120564102043,0.0068837464223256845,0.022885994574827588,0.007928219006273657
0.00975193724149078,0.008681332986658196,0.020806356987993484,0.005918718260684632
0.004766599062046278,0.012859073412813438,0.006787990337515191,0.019092784958948415
0.005150303260471753,0.013760627378220433,0.004781273924277613,0.023529229511095512
0.004776388630949662,0.01201375014972048,0.009634754656143753,0.014751691357153554
0.0113508947300828,0.007324338439212195,0.022699152288115122,0.006511143438679331
0.012771151940461375,0.006510928444669208,0.023080633129262326,0.008608260859574574
0.010344942409690269,0.008367283943714885,0.021814107224813382,0.005845562933215749
0.004996554285451998,0.01253525498017935,0.006886052909960189,0.018163855783969722
0.005601129390820327,0.013732424264801481,0.004480605060119138,0.023716324523835236
0.0051410470070026625,0.012093343431308336,0.00839037597490521,0.015561266396815926
0.011258171711468022,0.007752143828553371,0.02189356973123125,0.006260641589548062
0.012439119739117198,0.006603616902738301,0.021930461810760905,0.007926877260809961
0.009842533492737697,0.00848602149512098,0.019545821866068663,0.006113850143087106
0.00539706662614643,0.012925922048627674,0.006327349904450729,0.01875685256606096
0.005757648314282064,0.013832509037350347,0.0045369249506781,0.02300102803374345
0.005262020495782445,0.011942966192268653,0.00931389487229311,0.014257413283482647
0.011417760006462848,0.007049577615731234,0.02202586261874035,0.006667695314917293
0.012795905859540144,0.006241608051609408,0.02247358889863723,0.008815167690880999
0.010589826541071316,0.00801485502199882,0.02156285199367102,0.006050821203982609
0.005268749472918662,0.012316875903295405,0.007192346658253181,0.016937287648199233
0.005828480621467807,0.013599524409140413,0.004715490279754008,0.022494873765029955
0.005423031264366202,0.011927757781256182,0.008640430191940433,0.014732793490692744
0.011142726827646054,0.007437542617928378,0.02116933090473962,0.006556749784747402
0.012332299885362767,0.006438492739688868,0.021337974814659044,0.008147878455141736
0.009695740600419766,0.008206820825988613,0.018848086335622367,0.006374407648376214
0.0056381490588290105,0.012702562211682105,0.006360648548224073,0.018127102794914474
0.0060128672335473,0.013630763890253703,0.0046165902079174275,0.022409568868526443
0.005445859562551544,0.011686197459855854,0.00928977983172517,0.013838138588861479
0.011283968590896547,0.006982551795589156,0.02172198926289519,0.006768143068010303
0.012598781612102839,0.006176734792493117,0.022057772148773573,0.008753037826871455
0.010263586526441887,0.007761244252542514,0.020752373102391686,0.006175022864328454
0.005446883486214699,0.012133833863568614,0.007280587821810653,0.016393179704147824
0.0060070017404263406,0.013434723052068205,0.004877070037570395,0.021744116502961916
0.005580560449747254,0.011755614235025224,0.008872883331442327,0.014158242708974672
0.010857563453509843,0.007139020701672114,0.020518003488678056,0.006851237330527257
0.012196531501215474,0.006305424892216367,0.02099436563035396,0.008489170379718598
0.009563223491769225,0.007878552180482258,0.0185863089096652,0.00652383702620077
0.005774010749023728,0.012395713503977782,0.006618330182496567,0.01718781831261266
0.006207429163156823,0.013415335313884318,0.0047856944907872165,0.02167575359920965
0.005641064625673827,0.011499201587366364,0.009295317179189154,0.013414609463293722
0.011113931494391376,0.006943562193175877,0.02124372270095385,0.006966984892738887
0.012344153959783602,0.006132603379971142,0.021428558073068347,0.008811563221341736
0.009898069517290609,0.007600008749683432,0.019629968300383917,0.006391719573197433
0.005741088052834026,0.012109022455341692,0.007127382876244544,0.016120602530399493
0.006297250875523939,0.01335245566361832,0.004892903980073974,0.021148767975263355
0.005805298065710119,0.011628699949672052,0.008990116585695093,0.013612144267689483
0.010730190412764231,0.006934711352420544,0.020148227936425518,0.00710643464257064
0.012094922646247563,0.006178343314463547,0.020735760055840075,0.008791891045482425
0.009574698908428398,0.007636475015306576,0.018571020498999995,0.0065941113738301315
0.005953456206083069,0.012144868876773986,0.00685304292413042,0.016275959908028756
0.0064356072131689914,0.013241140939976206,0.0048878857476051946,0.020921100896848673
0.005880476226409516,0.011428471924797493,0.009208721558095472,0.013100936243201175
0.010817797666308316,0.006857064567460236,0.020425787594863763,0.007194442865267688
0.012076776760258099,0.006097884748393595,0.020738175890232455,0.00900309469374855
0.009572664294964756,0.007468766666799827,0.018615548263254768,0.006672819002474522
0.0060187599779612565,0.012076757570610693,0.0070286998725623715,0.015792158785380678
0.006538165645410273,0.013212274279390156,0.0049385429770329855,0.02048081615343246
0.005994032815972428,0.011468621016194698,0.009146418804280028,0.013050397779629278
0.01060491524455001,0.006804261748579914,0.019927284924200615,0.007307222806846608
0.011943902501015013,0.006105385499774279,0.02050392767173819,0.009025522160585771
0.009498720951763354,0.007475949259553451,0.01844150355297336,0.006706784722978759
0.006130268797605848,0.011966783040789838,0.0069957301052638214,0.015627532145741058
0.006653260368491805,0.01309096474502096,0.004944485115119479,0.02029139938426535
0.006079904858152056,0.011382852095738246,0.009119484243922438,0.01288005842451343
0.01045634554048848,0.006765364588700265,0.01964531918107744,0.00739500731655251
0.01181194050451174,0.006089288886756265,0.020227311410659112,0.009203013186975723
0.009319837828363313,0.007372407885978243,0.018008211614812634,0.00690666861433491
0.006219404483097813,0.011964739885330209,0.007055807803657908,0.015359472039787566
0.006720053089191502,0.013029730497532024,0.005031205369805068,0.019825132061258226
0.006143673955153832,0.011318851854772643,0.009282320465948775,0.012593460186057743
0.01040050661469892,0.0067200184551921205,0.019619653704010954,0.007497121332048348
0.01172924281960965,0.00607669126462247,0.020187186547027954,0.00925065935587229
0.009308085139080094,0.007361006779044424,0.01806571674100909,0.006899825510770678
0.006315862092616443,0.011866304286722622,0.007057350808218274,0.015165390389762112
0.006866269778630758,0.012970667579928808,0.0049940105049058724,0.019716450386261613
0.006251390677378081,0.01131813552096633,0.009104958469459822,0.012620022710624165
0.010189143580388733,0.006708271066216811,0.0191730577276575,0.007570483204192628
0.011577113168551348,0.006088618078746856,0.019897533388761074,0.009352971120501834
0.009157659098566688,0.00731479510539855,0.017710470849242616,0.0070516130903275935
0.0064032958444165495,0.011833654331702376,0.007104700548001575,0.014926767684363204
0.00692202022101666,0.012880255423871927,0.005089903270242901,0.019280009524488616
0.006305644787121065,0.011233118205906544,0.009292934363629404,0.012307853885135998
0.010142837174676452,0.006667894643656062,0.01917553305673889,0.007680578605036599
0.011485024689071782,0.006071517420927043,0.019806538712728868,0.009462849164379398
0.009092982977426212,0.007278407552240884,0.017619090398818277,0.007119253073996172
0.006505236508785523,0.011793122123253461,0.007103584007522116,0.014755965019215122
0.0070635194151715845,0.012850264432587497,0.005065345727884993,0.01911917180137872
0.0064050987767488255,0.011230014135773464,0.009171355526770248,0.012297743888947978
0.009987048882348375,0.006669531831787046,0.0188921380630737,0.007726462811275295
0.011355579777625371,0.006090243146648909,0.01964108942527957,0.009486199352331725
0.009014727190553722,0.0072744030427743306,0.017482685541389466,0.007178525009039756
0.006591974686758512,0.011729724402897553,0.007132515628340397,0.014555424793355507
0.007147895608372107,0.012771616064127023,0.00511645070837933,0.018817778630732744
0.006473465130347594,0.011181749703756625,0.00923733726794535,0.012122684650312004
0.009881731294802316,0.0066424677372431944,0.018746614520731855,0.007836399380079028
0.011237882311667134,0.006083968928591957,0.019476771636740494,0.009616771772238516
0.008907612500566526,0.007230958823647597,0.017289712216296133,0.007295621224073198
0.006683032991042352,0.011703963499108605,0.007160219569839472,0.014369036298863774
0.00725161288958382,0.012724203079804337,0.005144997754771964,0.018553409265506474
0.006548377168087683,0.0111441984722691,0.009242986755405616,0.012006690412813704
0.00977951877176348,0.006641774178255365,0.01862934554016597,0.007881931495348264
0.011123506601171701,0.006098435788031299,0.01938083975029984,0.00963163309537985
0.008846251080527954,0.007235481802992589,0.017215837010675573,0.007333214777689161
0.006778897635204718,0.011650819551581228,0.007159776968546739,0.01422146797880194
0.007368806577609195,0.012674428785651802,0.005152641392378872,0.018355878753321488
0.0066310617824789945,0.01112350176727709,0.009212911778946797,0.011935461643258018
0.009652010124755795,0.006632115080163205,0.018434035573968378,0.007963280877573326
0.011000063279689125,0.006104199014062342,0.019227790942965693,0.009718356359146243
0.00875301206136003,0.007208137340043292,0.01707055322417943,0.007426561378198314
0.006861329881176836,0.011611238211285454,0.007206112904165587,0.014025100624451397
0.007456194095457974,0.012614813000730798,0.005204519539662448,0.01806203266675317
0.0066980148994145,0.011079934094144532,0.009264477078728793,0.01179369044025282
0.009558887925018484,0.0066247006828846,0.01834348830913033,0.008027799533087628
0.010886103739990736,0.0061122186608051484,0.019124099846446516,0.009765934692818157
0.008678486657341798,0.00720215178947916,0.016963998969212652,0.0074882918517998635
0.006962177215489664,0.01157723589007636,0.007202468426634962,0.013894361270184721
0.007579640275499907,0.01257731123030886,0.005208926341138698,0.01787398323691471
0.006782019453391799,0.011057836733104537,0.009230594432015585,0.011730221455303003
0.009447900615067674,0.00662475304567995,0.01819809639875843,0.008080918359461158
0.01076939157819274,0.006122764584738712,0.01901328709464014,0.009807525259197798
0.008608094842468194,0.007191937462387358,0.016877123377294745,0.007548676594452378
0.007049116098046817,0.011534589070559468,0.007236623115228621,0.013723083107021167
0.007678338932358117,0.012527157337927019,0.005248413370175367,0.017618534969038646
0.006855098389523196,0.011027229548352807,0.009258800844116361,0.011624057384733039
0.009349281554661559,0.00661686654858576,0.018088498137230416,0.00814991391158985
0.010654973793801611,0.006128153543008343,0.018904487395578602,0.009864930670895444
0.008532845987302787,0.007180203547919654,0.01677398489000211,0.007616842435789482
0.007145137492310562,0.011503828916181732,0.0072508540637813475,0.013582497557377704
0.007792124618858536,0.012488680614652546,0.0052689716934353654,0.017407125353833056
0.006934180043429554,0.010999616360374803,0.009253184430353601,0.011544340150482208
0.009252230617370847,0.006617153674078868,0.017983975812557722,0.008196342882834943
0.010542419520639812,0.006137544937297186,0.01881217368573208,0.00989524069061525
0.00846754027943665,0.007175339905358989,0.01669624790487867,0.007670391261342137
0.007238928517420601,0.011470178246239195,0.007269319298687697,0.013442037644102345
0.0079022052369412,0.012451133742234177,0.005295436221280199,0.017188995662379084
0.00701134855935097,0.010975470673913934,0.009261078198015193,0.011464205245376296
0.009157659598562991,0.006612758056082113,0.01788477474402689,0.008253036663583558
0.010431854555947912,0.0061423799233673955,0.018720765624230556,0.009937995366139304
0.008402266121189585,0.0071656729795569665,0.016623292137647357,0.007727323665400884
0.007330668156206251,0.011439318402774502,0.007293423889798109,0.013301553450342998
0.008011153903569995,0.012415990101741858,0.005323439696567734,0.016974325781407968
0.007088124893859025,0.010950809748742895,0.009267185474759791,0.011387680134412105
0.009066724892334115,0.006610896986371174,0.017795131230932362,0.008300155164902203
0.010322661967482077,0.006148464475934845,0.01863651642373177,0.009967822553484638
0.008340183967538896,0.0071607705395890855,0.01655230646233721,0.007779045809887937
0.0074251724073487735,0.011412391391812587,0.00730922744458745,0.013176505552100726
0.0081227657137461,0.01238593030991575,0.005347538434914548,0.016773368433254145
0.00716485597443063,0.010928456800122383,0.009271685194869293,0.011317363856770884
0.008980095727617361,0.006608321801980408,0.017714847694430536,0.008345822773222678
0.010216766005124443,0.006151791020910593,0.018559649484757565,0.009997780267066391
0.008281938880787211,0.007153646474643538,0.016494435207881533,0.007828355642263696
0.007515900957714015,0.011386905255428787,0.007332070601430668,0.013049880405337836
0.008230852495098475,0.0123585910003619,0.005375318650123008,0.016570858947125473
0.007239822116921548,0.010907701544619699,0.009279992274208393,0.011249855093657227
0.008897298206336493,0.0066056653385342425,0.01764228164013494,0.00838843932073073
0.010113410181107391,0.00615433159951443,0.018488505617632843,0.01002168233735553
0.008227429528324642,0.007148984767838483,0.01644143613405629,0.00787330136977288
0.007607190872263644,0.01136431376455304,0.00734965787938899,0.01293499086966221
0.008340036525507716,0.012335492198937113,0.005399379801352428,0.016382725637316485
0.007314421930489187,0.01088888502472094,0.009283711924332309,0.011189618906504759
0.008817853933188334,0.0066032236049220145,0.0175748001517418,0.008427427163064407
0.01001280348271606,0.00615521038757147,0.018421533822566862,0.010043224548201623
0.008175201478470109,0.0071434768447832895,0.016393520034902867,0.007916980443166282
0.007695264861938078,0.011344454149761474,0.0073702009162627535,0.012823761523553337
0.008444994653350827,0.012315207940252886,0.005426150178103295,0.016195837978790498
0.007385699848300945,0.010870734774816624,0.009293094524958655,0.011130288995495046
0.008743899251629392,0.006600262063436759,0.017519057164046812,0.00846379603786383
0.009916014870164127,0.006154424139889589,0.01836182372721595,0.010060523519909822
0.008127164097938084,0.007139053509461676,0.01635326199385073,0.007956502041283047
0.007781798785665774,0.011327072211676354,0.00738791962322108,0.012721793362188986
0.008549410174315512,0.012299096081046044,0.005449775854067211,0.016021950970178094
0.007455890027661786,0.010854953733434947,0.00929732585786816,0.011079242066551899
0.00867315688860196,0.006597760026825031,0.01746634808221848,0.008496244273126816
0.009822461171085315,0.006152587628862365,0.018306037565731823,0.010073633551976418
0.00808224911319745,0.007135029549444542,0.01631797932984905,0.007993394545424365
0.007864725552433144,0.011311583989417806,0.007406358916795027,0.012625614379653035
0.008649231101993992,0.012285249707961902,0.005474524971611978,0.01585327186377442
0.007522326883297553,0.0108398468436786,0.009305059617647889,0.011030465954688139
0.008607336316736913,0.006594646955908529,0.017422175796035305,0.008526817130716142
0.00973284015663763,0.0061489523075596315,0.018254841502954727,0.010084684923965253
0.008040293580613684,0.007131016607170867,0.016286998192171984,0.008028137220648055
0.007944590134231813,0.011298531246514962,0.007423353222946799,0.012537481710897405
0.008746141025620295,0.012274534612389513,0.005497539332673456,0.015694894488020566
0.007586078688211588,0.010825985736032417,0.009310534947987661,0.010987365448937565
0.00854588569079466,0.006591965124896316,0.0173833002460261,0.00855346166720344
0.009647286974435515,0.006144442909870445,0.018208150012111898,0.010091057855993091
0.008002017921217222,0.007127890473970367,0.01626075558669782,0.008059699781156542
0.008020765443971942,0.011287009205496456,0.007439015732965605,0.012456849297925579
0.008838892189983774,0.012266055422227256,0.005519602245505031,0.015545435233202282
0.007646297336178003,0.010813138277100209,0.00931599957980346,0.010948871775192399
0.008488830019956444,0.006589009506375792,0.01734957346135162,0.008578099243840004
0.009565958443011204,0.006138542672243057,0.01816480513336121,0.010095380462135383
0.007966773432618614,0.007124702543599379,0.016238349423487373,0.00808921291566575
0.008092613607117953,0.011276819065569144,0.007454067271005976,0.012382959641420607
0.008926963060385977,0.012259310117280153,0.005540728283402313,0.015404769045594032
0.007702841064453978,0.010800863363653481,0.009320768650989035,0.010914834189051844
0.00843620107093123,0.006586208980617121,0.017320389940903128,0.008599915769757086
0.009488949936433334,0.0061318426120598925,0.018124578087824576,0.01009640844410736
0.00793472564425751,0.007122133165776562,0.01621852184881979,0.008116394301604091
0.008160511803937856,0.011267750769919423,0.007467013543928734,0.012316909702825011
0.00901059377145136,0.012254033882225776,0.005560116394136407,0.015274087315323032
0.007755718308504147,0.010789070408121127,0.009324274453713179,0.010885517633902032
0.00838790977440478,0.006583455191486772,0.017295059673011037,0.008619437140909828
0.009416404633767389,0.006124263560905013,0.018087067196114037,0.010095101400643522
0.00790574258770914,0.0071196768422746946,0.016201601382310315,0.008141573924613513
0.008223752686687088,0.011259186079719447,0.007478958301231689,0.012257330765398543
0.009089039945219915,0.012249500698077467,0.005578334377546062,0.015152126876357072
0.007804693995647972,0.01077743572941691,0.009327013062399655,0.010860478597553394
0.008343832677181402,0.006580762304441223,0.017272933706056995,0.008636876897794741
0.009348324014641694,0.0061160848180491665,0.01805175722048166,0.010091418218084245
0.007879808827816016,0.0071175943154993425,0.016186566267505254,0.008164794482726643
0.008282705921238013,0.011250844204665277,0.007488923796957256,0.012204686009723284
0.009162683779844657,0.012245354691448022,0.005594666055655179,0.015039788067237252
0.007850052562744072,0.010765788122667893,0.009328023275373399,0.010839940179788014
0.008303749738267701,0.006578199998162134,0.017252970398174534,0.008652342646271015
0.009284660220034309,0.00610744392553797,0.018018053062483802,0.010085777736824333
0.007856700013237024,0.007115652232169112,0.016172899891822426,0.008186397670082871
0.008337165358656305,0.011242305871430226,0.007497398639976015,0.012158160764906095
0.0092311363293075,0.012240972112480847,0.005609527229666024,0.014935955331557666
0.007891664600499221,0.010753758567612173,0.009328012855618918,0.010823232081321969
0.008267624485151405,0.0065756894038217165,0.017235084369261005,0.008666164513982262
0.0092254075843217,0.006098456639141724,0.01798573726034189,0.010078441862191364
0.00783641226073354,0.007113874891618856,0.016160259109872364,0.008206438122382939
0.008387429263603806,0.01123325117962232,0.007503982456256816,0.012117625041415737
0.009294816313938532,0.012236033371170598,0.005622467516675342,0.01484091983237822
0.007925502221955863,0.01073522553963743,0.009320913255629915,0.01080450090762439
0.0082350769252303,0.0065734625033527,0.017217655238463428,0.00867811525461561
0.009170358171670081,0.006089585547481617,0.017953990657055448,0.010068912519041712
0.007818893048335745,0.007112686913897155,0.016147055115123383,0.008225000202544052
0.00843418298063838,0.01122359782040055,0.007507644799273386,0.012083493922581
0.009354137745948685,0.012230256711475266,0.005633099854910188,0.014754815053674594
0.007946617791575935,0.010703148050145439,0.009300809405601834,0.010776452391010112
0.00820596640292757,0.00657157538009949,0.01720004838827871,0.008688272456624086
0.009119352695808382,0.006081015774482922,0.017922161575453843,0.01005728364530079
0.007803974711022634,0.007112201371764955,0.0161320771787987,0.008242342829929519
0.008477938855341339,0.011213413123382062,0.007507787808283621,0.01205591728460161
0.009409487013887675,0.012223549859135456,0.005641137364900609,0.014677576246818116
0.007965540725806231,0.010671448953924521,0.009279741472634289,0.010752902728534188
0.00818047040738051,0.006569717833606309,0.01718352808161972,0.008697350072132157
0.009072475831325184,0.006072162229655499,0.017890986428427416,0.010045232521487566
0.007791435100050502,0.0071112348075176735,0.016118184562849393,0.00825869976281918
0.008517331163838751,0.011201848283537963,0.007507499788046192,0.012031936169788357
0.009459847054038203,0.012215219702144661,0.005648124374865086,0.014606424859362472
0.00798188332679736,0.010639627841804233,0.009258402801903057,0.010733149540499535
0.00815808442702879,0.006567944924886534,0.0171671951593135,0.008705444057340563
0.009029418071769236,0.006063541107273938,0.01786019821711762,0.01003198769578344
0.007781427149355494,0.007110609670155518,0.01610417206798393,0.00827378971855866
0.00855363318603066,0.011188876217645914,0.00750478577348899,0.012012669407616217
0.00950657720034477,0.012205283114243782,0.005652760006221821,0.014543039465209254
0.007996717593798252,0.01060802782618645,0.009235399099579874,0.010717975594363825
0.008138339849875926,0.006566305920971663,0.017149845388893997,0.008712629221283772
0.00898981920267392,0.006055105417734342,0.017829105915217025,0.01001838194687263
0.007773298185875732,0.007109683443285416,0.016089683107852637,0.00828826131404286
0.008586431670397595,0.011174221781176379,0.007501238857702174,0.011996643199056488
0.009548916699158609,0.012193131837260642,0.0056564334091824195,0.014484849221275058
0.008009379900550506,0.01057574943448208,0.009212559623289636,0.010705449089398997
0.008121360763432216,0.006564605765008103,0.01713266115614203,0.008719241359306955
0.00895361133839027,0.006046866723521704,0.017798022699480658,0.01000442674596659
0.007767222423893441,0.0071086863380978435,0.016074598527828204,0.00830196357572754
0.008616680160625124,0.011157978100938803,0.0074957839365188605,0.011984268378758949
0.009588212083539611,0.0121790693380102,0.005658084026019801,0.014432952131557287
0.00802104885183777,0.010543320492348825,0.009188239971288991,0.010696547323230911
0.008106829269835957,0.006563040668379405,0.01711432485389547,0.00872501449866901
0.008920585158771557,0.006038964109702662,0.0177666025009224,0.009990010488932756
0.007763137212275804,0.007107532723646762,0.016058922095666228,0.008314977992220174
0.008644389742556562,0.011139943387069164,0.007489136474557437,0.011974580523435795
0.009624213139413184,0.01216278439674669,0.005658485831165573,0.01438574626094053
0.00803137232336921,0.010510232802136914,0.009163520276838696,0.010690067182707062
0.008094670449972944,0.006561351817261264,0.017095273413143996,0.008730481041974329
0.008890555163633308,0.006031241878488077,0.01773468392705203,0.009975684404328014
0.007760919910102081,0.0071061192415892965,0.016042524505596248,0.008327436768237401
0.008670023838704728,0.011120183139280784,0.007481088458543995,0.011967447583029542
0.009657594642668972,0.012144394614373702,0.005657296693645599,0.01434336859850478
0.008041008710010272,0.010476712664622167,0.009137713564115356,0.010686256503555168
0.008084661512740836,0.0065597035296134625,0.017074919683818076,0.008735386768076524
0.008863287416679093,0.0060238632804470995,0.017702094682507573,0.009961212070381155
0.007760427797150859,0.007104522890312748,0.016025028458439984,0.008339429764026511
0.008693841593949867,0.011098746662505113,0.007471719380791502,0.011962633874995441
0.009688451527781892,0.012123859924534486,0.005654818418921077,0.014305096693313743
0.00804982548621884,0.010442526842833913,0.009111389781323297,0.0106844492617372
0.008076718974823954,0.006557966575143683,0.01705376233856824,0.00874000325671024
0.008838621972759156,0.006016715172064655,0.01766901731192136,0.009946896970813381
0.00776158128374999,0.00710264554399824,0.01600687557172046,0.008350973839563977
0.008715980653680414,0.011075626361655273,0.007461241736052577,0.011959748022169741
0.00971710543748766,0.012101271547384124,0.00565103992555762,0.014270713028700352
0.008058140800351532,0.010407822759289245,0.009084237109743223,0.010684750590927602
0.008070593791392239,0.0065562232349533605,0.017031366225173462,0.008744253708629598
0.008816325796306321,0.006009901461990389,0.017635304195603302,0.009932607707584907
0.007764256680004004,0.007100590078537918,0.015987786211851842,0.008362130381366616
0.008736690065584606,0.011050932664743123,0.007449609191806349,0.011958690077429049
0.009743725564732504,0.012076699678195295,0.005646083582553007,0.014239837425804458
0.008065949876811914,0.010372544778725406,0.009056517428283081,0.010686786225800503
0.008066181878320753,0.006554417320773052,0.0170079980095663,0.008748285236724536
0.008796222546562985,0.006003339067743887,0.01760100089740311,0.009918559486101122
0.007768318977996572,0.007098280298663869,0.015967957740901265,0.008372966385623522
0.008756048342966324,0.011024746897628546,0.007437037419906766,0.011959177719460055
0.009768473253369372,0.012050262789783361,0.005640052888203575,0.014212151827709426
0.00807336895487351,0.010336767652188565,0.009028210351666531,0.01069045298820771
0.008063335183940232,0.006552590296881668,0.01698360229452814,0.008752079143643208
0.00877813469467638,0.0059970677757360405,0.01756610550606231,0.009904671778883985
0.007773690229148454,0.007095805154123357,0.01594732834135863,0.008383504110122413
0.008774251229272372,0.010997208559955302,0.007423474720858437,0.011961151948390956
0.009791548057272425,0.012022112658210002,0.00563297669145474,0.01418747175785611
0.008080455930016344,0.010300550499032538,0.00899936564785675,0.010695609906872334
0.008061930722595803,0.006550734664988232,0.016958280543550627,0.008755704630790048
0.008761897260923265,0.005991045947242984,0.01753066248144309,0.009891040872796991
0.007780260481435347,0.007093142441227445,0.015926083229636134,0.0083937831739717
0.008791334781530666,0.010968404961616782,0.00740912129476682,0.011964376556922892
0.009813027856512734,0.011992364173952762,0.005624994996350315,0.014165489185739
0.008087231948475783,0.01026394631450179,0.008970065166181485,0.010702122019172632
0.008061828921178389,0.006548863520011795,0.01693206195600627,0.008759196084505686
0.008747341509369412,0.005985279280879692,0.017494679072797746,0.009877666771792769
0.007787927714989193,0.007090344836741688,0.015904210679348267,0.008403841494837713
0.008807427423807518,0.01093847236274678,0.0073939787346774186,0.0119687944239306
0.009833063079813393,0.011961167598910062,0.005616145838528372,0.014146057474368335
0.008093746298975257,0.010227030022035502,0.00894034072344349,0.010709892527149626
0.008062914608695822,0.006546991928427047,0.016905033243355475,0.008762579141558195
0.008734316896471112,0.005979752127258045,0.017458207850353902,0.009864581396043681
0.0077965874636310864,0.007087420964548823,0.01588182216767954,0.008413715415080522
0.008822571084520817,0.01090751724382753,0.007378181501868173,0.011974259733068957
0.009851719731908069,0.011928648052795091,0.005606546632921872,0.014128939079872857
0.008099993632362697,0.010189851763294771,0.008910290806548274,0.010718794578028374
0.00806507868446962,0.00654512701363224,0.016877288893752326,0.008765893126863843
0.008722685651703546,0.005974454908567506,0.01742130067768877,0.009851797090029668
0.007806162509994503,0.007084408144885172,0.015858999468711055,0.008423427665037106
0.008836846857460367,0.01087565742573627,0.007361775015915619,0.01198068883255694
0.009869115100371187,0.011894950539138352,0.005596241777060394,0.01411400232161553
0.008106016351066869,0.010152495036763893,0.008879925984618767,0.010728771423817517
0.008068215301586185,0.006543286849516489,0.016848865229539024,0.008769158404403562
0.008712316248124066,0.005969379467622214,0.017383983614004252,0.0098393281695701
0.007816567010506504,0.007081328617761055,0.015835807627878777,0.00843301063169026
0.00885030196021778,0.010843001593326166,0.007344850912861296,0.011987979083492098
0.009885310267811436,0.01186019755488211,0.005585325170764658,0.0141010588636688
0.008111807442885784,0.010115009640599752,0.008849335421186232,0.01073970957466738
0.008072236878231156,0.006541477290312464,0.016819860160427892,0.008772412241735477
0.008703091271871915,0.005964510902203037,0.017346301069393635,0.009827197211969224
0.007827729765112633,0.007078208026973551,0.015812324863049485,0.008442488939495644
0.00886299366614666,0.010809657470621676,0.007327467470667443,0.011996053143753021
0.00990039342043167,0.011824519410734608,0.005573848172134832,0.014089986241228947
0.008117394056928394,0.01007746779768204,0.008818541784264998,0.010751553440500841
0.008077056094840052,0.006539716951854976,0.016790319790905638,0.008775669269210726
0.008694900592011062,0.005959845898211064,0.017308287663816764,0.009815405767240205
0.007839580557230597,0.007075073824310488,0.015788607408428697,0.00845188843708227
0.008874966082715605,0.010775725750357418,0.007309692383722344,0.012004836929179646
0.009914422027700273,0.011788030685384572,0.00556188439567077,0.014080641543789862
0.008122771755832299,0.010039919272303577,0.008787614556250954,0.010764216310886188
0.008082598476452645,0.006538014178179735,0.016760331361866707,0.008778958794803192
0.00868764574375953,0.005955372972858425,0.017269991752284934,0.009803970092450298
0.007852059558493628,0.007071948653718942,0.01576473806617249,0.008461229237274102
0.008886258241713177,0.010741298738070032,0.0072915893977730725,0.012014256925877521
0.009927460831771776,0.011750844344706315,0.005549487835298892,0.014072913592601164
0.00812795553650692,0.010002425507423885,0.008756582652073148,0.010777647874155452
0.008088789966125097,0.006536385594830205,0.01672993791269597,0.008782295367688209
0.008681234036494609,0.005951090448990826,0.01723144412399711,0.009792890866288725
0.007865107473429384,0.007068859274057168,0.01574076110113693,0.008470534262107298
0.008896908422236298,0.010706467525580323,0.007273211845808386,0.012024256979247985
0.009939559701666871,0.01171306389281268,0.0055367182287102724,0.014066689531340219
0.008132942712345737,0.00996503304209812,0.008725501643524066,0.01079177718502113
0.00809557001250238,0.006534841843160204,0.01669921558627161,0.008785700677881012
0.008675584152006267,0.005946990512163579,0.01719268876936013,0.009782178180085943
0.007878673996385123,0.007065827003088191,0.015716745658172424,0.008479821463442281
0.008906946603987623,0.010671314564405857,0.007254616443295002,0.012034777002827865
0.009950768254027345,0.011674788935288798,0.005523625365546534,0.014061874414342906
0.00813774030509847,0.009927793920065263,0.008694402528191677,0.010806557441172728
0.008102879317510577,0.006533398313801408,0.01666821003947028,0.008789187566868313
0.008670620778193363,0.005943072537942475,0.017153758607536384,0.0097718306744222
0.007892711642692585,0.007062877058401753,0.015692735031019943,0.008489109407614933
0.008916403254219744,0.01063591995878375,0.007235848541321078,0.012045771005996419
0.009961127878251276,0.011636111757628723,0.0055102585444465205,0.014058378525525902
0.008142346141467062,0.009890751220235807,0.008663328297116614,0.010821933030573515
0.008110667359879005,0.006532067018508307,0.016636983195928375,0.00879277225056925
0.00866627692949249,0.005939332651687976,0.017114693233844014,0.009761853035099998
0.007907177994482666,0.007060030056603752,0.015668785782362967,0.008498413971837785
0.008925301038810717,0.01060035620175203,0.007216957518535338,0.01205719022099563
0.009970675623743238,0.011597118902070354,0.005496662951578132,0.014056121552839482
0.008146761396825694,0.009853948607144671,0.008632310386364004,0.010837860740666175
0.008118885725532208,0.006530862268478373,0.016605580000940454,0.008796465764593534
0.008662491051077068,0.005935771642787148,0.017075525751731463,0.009752243014096733
0.007922032852917139,0.007057308693549708,0.015644935916399347,0.008507751349585157
0.008933663186694725,0.010564693475301676,0.007197982919393456,0.01206899761875963
0.009979443910591223,0.011557891402981406,0.005482880858083015,0.014055030571002932
0.008150982770700444,0.009817424107013452,0.008601384825202254,0.010854293893118257
0.008127492747544252,0.0065297966733356,0.016574053945626294,0.00880027989280559
0.008659208685326842,0.005932388919617515,0.017036294088061073,0.009743000646840208
0.007937240373195504,0.00705473261801046,0.01562123113124959,0.008517135604338612
0.008941507205982692,0.010528995920468073,0.007178966525796998,0.012081154741294356
0.009987460880130332,0.01151850522577199,0.00546895191113414,0.014055038943411521
0.008155008053174161,0.009781214924719197,0.008570581057320146,0.010871193284329762
0.008136449222857453,0.006528883537083926,0.016542447540813916,0.00880422384507128
0.008656380351774245,0.005929186436839973,0.016997031707559906,0.009734122371584825
0.007952767212596317,0.007052322177682447,0.015597705421679462,0.008526580654231591
0.008948850615229991,0.010493325128532339,0.007159943181563665,0.012093630671077394
0.009994751645794843,0.011479031942910039,0.005454912572268669,0.01405608639911341
0.008158833138043681,0.009745354700712066,0.008539929326040797,0.01088851895550486
0.008145720652055531,0.006528135073300743,0.016510805554723465,0.008808306802567901
0.008653961964982844,0.0059261656218479696,0.01695777342772299,0.009725605776933452
0.0079685827377652,0.00705009544202798,0.015574394112708487,0.008536099344132988
0.00895570723830244,0.010457738302409925,0.007140948072020462,0.012106395006754613
0.010001337618603674,0.011439538718367176,0.0054407975210955814,0.014058117042008069
0.008162453844299996,0.009709875340351304,0.008509456897692023,0.010906234403036721
0.008155274963625845,0.0065275633962072095,0.016479166973910123,0.008812536536566926
0.008651913639575898,0.00592332928282308,0.016918551877239937,0.00971744659302488
0.007984658113395314,0.0070480702151719445,0.015551325046306526,0.008545704293878569
0.008962090424445542,0.010422290175481203,0.007122011731070947,0.012119422575592377
0.010007238004093989,0.011400089136345708,0.005426638736835038,0.014061080219855132
0.00816586511493072,0.00967480624518857,0.008479190583620663,0.010924303441700077
0.008165083303925496,0.00652717980578932,0.01644757078308427,0.008816920459076732
0.008650199687672475,0.00592068015100132,0.016879400399873158,0.009709640793274377
0.008000966380000155,0.007046262621670971,0.015528525423145426,0.008555407405606383
0.008968011102913362,0.010387032152193198,0.007103164125728598,0.012132689398348483
0.010012469229488822,0.011360743267159114,0.005412466694276117,0.01406492874126306
0.0081690615526394,0.009640175127586961,0.008449155510940819,0.01094269181899068
0.00817511878622853,0.006526995040652406,0.016416052189819046,0.008821465392245964
0.00864878777346049,0.005918221515232497,0.01684035081713818,0.009702183675966727
0.008016522508455854,0.007043845020246349,0.01550416195741288,0.008564195379663759
0.008973413613667236,0.010351987380793723,0.0070845457668456645,0.01214609705410087
0.010016909927518261,0.011321504918511886,0.005398452577323523,0.014069446838457308
0.008171893563305194,0.009605923428777585,0.008419599815657996,0.010961214367768713
0.008185357811496327,0.006526968039239625,0.016384798246274125,0.008826260618032754
0.008647644191565726,0.005915917495750199,0.016801472757071775,0.009695149564816303
0.00802404195735256,0.007034449498306809,0.015464369002360971,0.00856429701762131
0.00897781821977584,0.01031698654207198,0.007067020185791289,0.01215900605134742
0.010019619317862613,0.01128203966130914,0.0053856155523072605,0.014073397837407145
0.008173383529688496,0.00957151146275616,0.00839204332482552,0.010978856938485652
0.008195734214501276,0.006526768301700901,0.016354777184639766,0.008831862519308545
0.008646675518979241,0.005913525867810695,0.016762980811785677,0.00968906933245833
0.00803176585523751,0.007025265220231124,0.015425762508240858,0.008564399934488862
0.008981857763737272,0.010282168483770284,0.00704949398095938,0.012171874321588859
0.010022248093573763,0.011242926505425136,0.005372215753277438,0.014078837533917008
0.008175480037698116,0.00953811818072766,0.008363401943758795,0.010997849757705366
0.008205891970474567,0.006527131292895579,0.016323331120502462,0.008837083105303411
0.008645675862859817,0.005911712006112929,0.01672385367992912,0.009682909042664055
0.00803912507634377,0.007016538023583098,0.015385947467729677,0.008565158504537238
0.008985447415619501,0.01024794207197002,0.007031995096291122,0.012185839590882508
0.010023617917391052,0.011203896514497979,0.0053595259128411754,0.01408446252181631
0.008176421053350449,0.009504573540721003,0.008336773456002453,0.011015469357612134
0.008216643535425274,0.006527519552709236,0.016294486354826134,0.008842764418511983
0.008645203529277114,0.0059098699649701,0.016686432286283772,0.009677188752391134
0.008046954435694456,0.0070079655555395325,0.01534828347152149,0.00856560772589617
0.008988507599408776,0.010213960070945997,0.007014865605233572,0.01219937765248758
0.010024857465926679,0.01116548657765214,0.005346369095830154,0.014091507834218281
0.008177828822406101,0.009472196043171207,0.008308963431153936,0.011034743685077692
0.008227294917891937,0.0065283668188033895,0.01626404959051568,0.00884833426660701
0.008644873766474609,0.005908459621777164,0.01664844528227947,0.009671443014946357
0.008054840835830248,0.006999858433407907,0.015310034119910915,0.008566319276873608
0.008991256596373587,0.010180559946389075,0.006997744612404293,0.012213360082332921
0.010025200585474302,0.011127409164196994,0.005333612884799609,0.014098840638246807
0.008178522425042398,0.009440069250349738,0.008282341712813843,0.011053337923085198
0.008238264015400964,0.006529269742744672,0.016234828968183797,0.008854403711776064
0.008644783214364673,0.005907012410178375,0.016611031278926134,0.009666404184306938
0.008062935450553891,0.006991948680265609,0.015273092243026053,0.008567081021500412
0.008993492178947656,0.010147518456443261,0.006981059748017651,0.012227058556775416
0.010025142204821202,0.011089822194385398,0.005320783383929214,0.014107034137851809
0.008179369807621012,0.009408809679131712,0.008255358398228383,0.01107270857926808
0.008249091671273124,0.006530588922035287,0.01620485711647508,0.008860401196060377
0.008644701065340795,0.005906001285773619,0.016573377222532437,0.009661425443083457
0.008070826637247244,0.006984502082084322,0.015235580191123962,0.00856828158199724
0.008995420364822837,0.010115144457387069,0.006964373121969604,0.012241515998338096
0.010024270355017,0.011052622984591542,0.005308355446787275,0.014115675064117456
0.008179543488530496,0.009377813612777949,0.008229600325398474,0.011091333978340216
0.008260200573486162,0.00653207039339513,0.016176470643863978,0.00886672318114241
0.008644902498006042,0.005905096790113506,0.01653692412300481,0.009656815737061805
0.008078895384730911,0.0069772973926503085,0.015199555976013635,0.008569479221003217
0.008996827748198532,0.010083201082063033,0.006948187803414168,0.01225569912543431
0.010022990741683691,0.011016038727651629,0.005295925923668065,0.014125161740162945
0.008179755139507831,0.009347709231850247,0.008203594141688855,0.011110708893521965
0.008271228072054963,0.00653391379773204,0.016147532894158392,0.008873114714588359
0.00864518556835438,0.00590452909019282,0.01650042609167726,0.009652332593464593
0.008086953940825653,0.006970530175602832,0.01516344784606102,0.008570941273474027
0.008997958577730029,0.010051947966213726,0.006932093422999518,0.01227023075180683
0.01002107954545154,0.010980031375588598,0.005283769222041604,0.014135106565954111
0.008179517813529923,0.009318114601910843,0.00817836554503554,0.011129714709872942
0.00828241503347448,0.006535936398000871,0.016119417918980822,0.008879872196393473
0.00864561195448805,0.005904045154614462,0.016464474098112747,0.009648346388813848
0.008095104193288419,0.006964049969156273,0.015128327428076786,0.008572542511443888
0.008998654279952513,0.010021256012675173,0.006916428510787554,0.012284586834028534
0.01001871641786399,0.0109446745175804,0.005271728624672807,0.014145674160444002
0.008179209964979388,0.009289329451246537,0.00815319857280515,0.011149076069605681
0.008293488104665932,0.006538295486683422,0.01609107902546476,0.008886751421040989
0.008646019190430381,0.005903867734111015,0.01642853996181718,0.00964459217249022
0.008103095518794652,0.006957997823533069,0.015093160100302247,0.008574507609325165
0.008999039172311684,0.009991307624434034,0.006900916181904076,0.012299391315444115
0.010015721369965548,0.010909928873957048,0.005260019130256733,0.014156701915805476
0.008178438348162273,0.009261054968299577,0.008128885688563712,0.011167983702024875
0.00830464135769085,0.00654088579294048,0.01606374097293624,0.008893921693471848
0.008646531245162962,0.005903857134295922,0.01639342374364146,0.009641188437074363
0.008111075676280832,0.006952268453304387,0.015058963300795536,0.008576645919407964
0.008998986815146515,0.009961994929457995,0.006885836031686857,0.012314147982632969
0.010012260185209931,0.010875906509895939,0.005248482388514919,0.014168367045737077
0.008177501769393131,0.009233579194234742,0.008104772827625582,0.011187141941656254
0.008315699876259271,0.006543799374034142,0.016036449421613995,0.008901269462645637
0.0086470533278286,0.005904119349842185,0.01635857548463927,0.009638015224270227
0.00811896221211502,0.006946956298887987,0.015025032554318371,0.008579064102719176
0.008998620445666392,0.009933454398012005,0.0068709778640933545,0.012329163224636824
0.010008257748793522,0.01084262195647248,0.005237220559292965,0.014180525338047418
0.008176192442650968,0.009206749795851846,0.008081293226846371,0.011206056627238609
0.00832677247613667,0.0065469545359127905,0.016009809408046555,0.008908943457130678
0.008647610284411163,0.005904530323557934,0.016324258282351664,0.009635250769377166
0.008126813269720035,0.006941993518842164,0.014991887315167369,0.008581694245038548
0.008997868850953604,0.00990562768837239,0.006856512079504495,0.012344143031138542
0.010003803589653857,0.010810121156438764,0.005226163743826494,0.014193230769819837
0.00817468804627732,0.009180716482307796,0.00805810108274913,0.011225084494732388
0.008337708070412972,0.006550420240230142,0.01598327928180999,0.008916841005022654
0.00864809415210869,0.0059051855403313,0.016290140090421627,0.00963280636579863
0.008134482507452771,0.006937446905734475,0.014958993308138914,0.008584660862765957
0.00899679148482807,0.009878611928233156,0.006842298781854987,0.012359426230186162
0.00999881019400651,0.010778384117478172,0.005215424182421752,0.014206398966000438
0.008172797144526248,0.009155324736507672,0.00803560233101764,0.011243786129138985
0.008348590283380294,0.0065541527085662575,0.015957489711354828,0.008925037049886052
0.008648553889965077,0.005906028621005139,0.016256638448714316,0.009630726842264816
0.008142017341901004,0.006933270398882679,0.014926819862576409,0.008587886925606258
0.008995330852896546,0.009852364167979324,0.006828464430793553,0.012374807548951868
0.009993358082599811,0.010747468471006117,0.00520493029803589,0.014220127019408885
0.008170648895193712,0.009130703033644992,0.008013506487214888,0.011262482802628192
0.008359338695615844,0.006558197433075121,0.015932038575333665,0.008933477415186056
0.008648946716362994,0.005907109646951289,0.016223531065927402,0.009628949819823202
0.008149380895942058,0.006929507249335126,0.014895067429438559,0.008591411920595819
0.008993545001290055,0.009826951673161012,0.006814909707978857,0.012390435842652503
0.009987424452969485,0.010717394093469907,0.005194721302127373,0.01423436561361401
0.008168151756609744,0.009106787848967872,0.007991998566569646,0.011280956139760472
0.008370004341996144,0.0065625173336976966,0.015907197421991925,0.008942240713751593
0.008649283808073937,0.0059083670779001285,0.01619093764205898,0.009627561778585758
0.008156610842280471,0.006926127723331678,0.014863992842885641,0.00859519412910563
0.008991409640169507,0.009802346161391967,0.006801710442990459,0.012406148881117978
0.009981067477936074,0.010688190799983692,0.005184753997458621,0.014249141054198087
0.008165399001779376,0.009083657759440256,0.007970892650988182,0.01129939750858293
0.008380502596739784,0.006567144567867831,0.015882669930977537,0.008951282886894646
0.008649494269492564,0.005909841222092609,0.01615864453483838,0.00962654146508808
0.00816362277534498,0.006923163592665041,0.01483331712395379,0.008599299242381498
0.00898681958735671,0.00977627400783055,0.006787185055480767,0.012419181571527547
0.009974462521114507,0.010659930612069187,0.005174856862814277,0.014264681994965191
0.00816261181547292,0.009061417711617819,0.007949882123708363,0.011317938727115803
0.008390852332981539,0.006572206809544895,0.01585831671511818,0.008960403016288648
0.008649604595210117,0.005911661087001387,0.016126656795752564,0.009625641171471922
0.008170341873237405,0.006920676120655384,0.014802584720883106,0.008603790752958284
0.008979895074803472,0.00974898150655611,0.006771206856016893,0.012430085437114352
0.009967511418530492,0.010632682132482628,0.00516510055648067,0.014281075859864847
0.008159526260117069,0.009039932493065108,0.007929371940037844,0.011336190558802108
0.008401280115333688,0.0065776311845544945,0.015834925945246683,0.00896979661506697
0.0086498013462982,0.005913701486066581,0.01609561123976326,0.009624927971469651
0.008177047059206567,0.0069186050817987895,0.014772720182219987,0.008608416856345374
0.008972661411952902,0.009722618226729318,0.006755524370844298,0.012441088195091213
0.009960214765897688,0.010606496050410249,0.005155479386565157,0.014298265144798294
0.008156134124677429,0.009019342781588302,0.007909121288823864,0.011354669973893425
0.008411566828595654,0.00658334343717276,0.015811792575887156,0.008979645759850921
0.00864986751427182,0.005915862715162515,0.01606484589915673,0.009624733333641559
0.00818367237224016,0.006916948162292037,0.014743727131060423,0.008613217627757441
0.008965110329899637,0.009697096919588328,0.0067402942960491045,0.0124519207812669
0.009952542646732655,0.010581228066964973,0.005146088086326944,0.014315944333680681
0.008152504880969096,0.008999622165929163,0.007889127957171128,0.01137334442499454
0.008421428722774424,0.006589388626372151,0.015788564431844107,0.00898982164635124
0.0086495008229192,0.0059182417078564855,0.01603383198906151,0.00962511713520189
0.00818979940092073,0.006915751838681877,0.01471483527674841,0.008618475321235455
0.00895720657758332,0.009672483298104424,0.006725375065916762,0.012463283337380051
0.009944296578286231,0.010556720099546162,0.005137152771361149,0.014333990365632345
0.008148377460458218,0.008980451214879148,0.00787008157351534,0.01139136656619
0.008431024647464681,0.006595778373708238,0.01576641717470456,0.009000268437853415
0.008648863198186038,0.005920890556135149,0.016003500310073547,0.009625878453184267
0.0081954655247211,0.006914984258454307,0.014686457583371513,0.008624108134474754
0.00894891300969411,0.009648778721101876,0.006710737458289578,0.012475259847354064
0.009935593132997293,0.01053309909153756,0.005128509795247136,0.014352773203904212
0.0081438461520052,0.008961947060137527,0.007851693638324208,0.011409050005256839
0.008440518560622603,0.006602543688935683,0.01574526434186905,0.009010995465797627
0.00864816113940582,0.005923799235401527,0.015974022310998648,0.009626893521294977
0.008200960633071368,0.006914650765191465,0.014658807549037723,0.008629946725314714
0.008940328636044487,0.009625998220381429,0.006696329622017352,0.012487556405725386
0.009926571776756701,0.010510503741124517,0.005120001075179881,0.014372388538655176
0.008139017219599585,0.008944257863943782,0.007833640228316164,0.011426760376122934
0.008449933405343434,0.00660963585678469,0.015724580658690875,0.009022145622113144
0.00864735947465568,0.005926851246764676,0.015944893416193345,0.009628387522575199
0.008206398258269361,0.006914739612908566,0.014631935266238419,0.008635948684355842
0.008931506250701821,0.00960408695099933,0.006682225113319093,0.012499846266961203
0.009917280103198518,0.01048888048124994,0.005111621203083213,0.014392638946978653
0.008133990986768603,0.00892741773053058,0.007815783761261609,0.011444632532288121
0.008459050573007094,0.006617070118172905,0.015703913892039192,0.009033647440345332
0.008646218488129269,0.0059300970906021756,0.015915601582926577,0.009630446972936444
0.008211474779779779,0.0069152778901054625,0.0146053232545044,0.008642298390654203
0.008922394221411062,0.00958304534051479,0.006668393216062819,0.012512550892923918
0.009907533619955928,0.010468046253730314,0.005103588816762581,0.014413327145673588
0.008128569247868247,0.008911163824511344,0.007798664753613569,0.011462030769191106
0.00846788587995049,0.006624858981478569,0.015684074255503458,0.009045414382272417
0.008644782778874696,0.005933619253692224,0.01588678848730818,0.009632908430574409
0.008216081486541961,0.006916248622032736,0.014579108048616424,0.008649010481416948
0.008912923367817363,0.00956287621911252,0.006654802871279998,0.012525934739337875
0.009897332552916369,0.01044803437571031,0.005095864933929237,0.0144346977748001
0.0081227343592607,0.008895484245865773,0.007782283624572079,0.01147893915817768
0.00847660655553974,0.0066330263481946755,0.0156653489738204,0.009057435733961634
0.008643266498162726,0.005937429655332335,0.015858878063550196,0.00963561128456997
0.008220445540479028,0.006917645219512552,0.014553539346579526,0.008655952003045446
0.008903160492032417,0.00954360798882665,0.0066413846839935824,0.012539830290436472
0.009886814848021931,0.010429006656677156,0.0050882709965862786,0.01445696385649301
0.008116587574262665,0.008880531772207576,0.007766314260498875,0.011495721221170178
0.008485304167910372,0.006641536900916893,0.015647331329364623,0.009069844269063047
0.008641721193333552,0.005941418191686633,0.015831550304792195,0.009638703849584103
0.008224771510657512,0.006919456176834541,0.014528766863837275,0.00866303324430667
0.00889318554206576,0.00952520607376427,0.006628185541883411,0.012553832568538977
0.009876080711524671,0.010410984274347019,0.005080732983804143,0.014480005486521775
0.00811025732377554,0.008866410456331695,0.0077504930093380215,0.011512676048602339
0.00849378926570773,0.006650384929498171,0.01562941252101498,0.00908262479499212
0.008639922332412621,0.005945581555594714,0.015804177950623433,0.009642334785016735
0.008228842810505912,0.0069216996863656205,0.01450439047002189,0.008670381687053832
0.00888296564812174,0.009507651027561162,0.00661522453892172,0.012568155236488363
0.009864983008150674,0.010393792339097731,0.005073447473183541,0.014503548925591771
0.00810360565272044,0.008852913569983311,0.007735234324336606,0.011529315782580603
0.008501979550364818,0.006659578342312985,0.015612110695994339,0.009095678797577186
0.008637810340709451,0.005950003030033589,0.015777116136222624,0.009646400228574502
0.008232444986401967,0.0069243669233628275,0.014480339136260753,0.00867807430921108
0.008872415005717666,0.009490950064605742,0.006602473715969069,0.012583184888629214
0.009853447346123012,0.010377393487504235,0.005066470490553477,0.014527721075645419
0.00809654462615146,0.008839934562002804,0.007720747748100537,0.01154537494198608
0.008510024584902149,0.0066691361770639,0.015595977292914544,0.009108972523321998
0.008635587596555154,0.005954718555739459,0.01575096687282749,0.0096507086007314
0.008235730304950057,0.006927442702903829,0.014456856758925704,0.008686019198220702
0.00886157102582518,0.00947514038978957,0.006589853303889057,0.012598889188324797
0.0098415957116093,0.01036195112316774,0.005059631341385526,0.014552815420720283
0.008089154158820453,0.008827604716744347,0.00770676035577342,0.011561155576665663
0.008515647833076867,0.006677126439636007,0.01557632967467699,0.009120039121986405
0.00863334290391675,0.005959508723138262,0.015725718295983765,0.009655562911159737
0.008238973246684635,0.006930752011033596,0.01443503157275815,0.008694071268714836
0.008850048205711872,0.009459799666702459,0.00657814863171116,0.012613722783969144
0.00982918774724996,0.010347290425620208,0.005053269788271702,0.014578034324432911
0.008081457851729075,0.008816001636464394,0.007693118874897484,0.01157706049124282
0.00851696114460403,0.006682313974496009,0.015549190653497039,0.009127281818902998
0.00863063084013486,0.005964307742979219,0.015699972643864028,0.009661334919497335
0.008241858247197155,0.006934326734325178,0.014414086862319795,0.008702417896184225
0.008837911086187903,0.009444910946751865,0.006567331980525873,0.012627969175916628
0.009816099547594059,0.01033311466459187,0.005047635835128144,0.014602783836096988
0.008073376789515177,0.008804813590779557,0.007680358263529093,0.011592277195702095
0.008517885835669725,0.00668789779633957,0.015522623707451215,0.0091347801941274
0.00862738365134191,0.005969453652930014,0.01567384551478763,0.009667492734681666
0.008243969662043651,0.0069384163646879085,0.014392162664560084,0.008711273631910165
0.008825841034409346,0.009431185695553432,0.006556010594253388,0.012644331138900802
0.009802797764498578,0.01031973914008167,0.005042105609008339,0.014628474589044854
0.00806491981054139,0.0087938696944818,0.007668722615811788,0.011606046363896125
0.008518875899572512,0.006693686198424474,0.015498294080126457,0.009142173133768377
0.008624442832456952,0.005974905561589544,0.015650023358876837,0.009673597755115466
0.008245955161160222,0.0069427464648876775,0.01437161945506083,0.008720248581317506
0.008813246998752806,0.009418165458460406,0.0065450695863676625,0.012660979132767545
0.009789146363401387,0.010307393362014989,0.0050367263189714006,0.01465526986704672
0.008056149687912142,0.008783618108978576,0.007657439470629255,0.011619804191546259
0.008520150346539813,0.006699757616509895,0.015474802755293903,0.009150155104379953
0.008621797637194275,0.005980454940592642,0.015627028732338472,0.009679985981216178
0.008248355519932013,0.00694747436548352,0.014351992639035565,0.008729187553210225
0.008800895491010872,0.009406107944668913,0.006533979747380232,0.012677542139459189
0.009775826251541298,0.010296316017241947,0.0050308835119446185,0.014683222430881387
0.008047589511838876,0.008774452067925587,0.007645537428106222,0.011634450988396373
0.008521396298264332,0.006706236629101641,0.015450925574840308,0.009158782827165684
0.008618820132233225,0.005986019163965382,0.015603317316942106,0.009687133116682197
0.008250582840589283,0.006952555375542598,0.014332793437824693,0.008738353887956343
0.00878835319518513,0.009394730792055305,0.006523295762832147,0.012693935515061294
0.009762168919386414,0.010285890295992913,0.0050254351224209145,0.01471109035117794
0.008038738527491261,0.008765772695189526,0.007634302093598662,0.0116486679576622
0.008522190648036039,0.006713074082648779,0.015427779206698751,0.009167708886303675
0.008615248551983153,0.005991863658687417,0.015579610380015456,0.009694720790093288
0.008251954304577001,0.0069580263723416965,0.014313401761189063,0.008747965297619982
0.008775534994283343,0.009384218063589437,0.0065126847070894126,0.01271173808846314
0.009748061049902959,0.010276065900435845,0.0050204227566669896,0.014739428862075998
0.008029394935928299,0.008757273118573905,0.007624335180815418,0.01166155737256846
0.008522779487693833,0.006720114300668712,0.015406707428950887,0.009176545216728182
0.008611740955236718,0.0059980646515206395,0.015557905606578814,0.009702234107839823
0.008252925311613368,0.006963776317331801,0.014294796550222788,0.008757810816859054
0.008762358010659999,0.009374577456307877,0.006502153158477051,0.012730544202757457
0.009733697474362202,0.010267300416229927,0.005015500860838373,0.014769036772447494
0.0080197090330163,0.008749346133522523,0.007614939414128953,0.011674026251642723
0.00852372179640354,0.006727348274899301,0.015386990525981515,0.009185980516016535
0.008608629410696893,0.006004278292064149,0.015537537966723502,0.009710048357387115
0.008254403901757334,0.00696982900279438,0.014277547705687484,0.008767604915509614
0.008749382494067887,0.009365839683480174,0.006491575998981038,0.012748951330019801
0.009719761260663264,0.010259910629124095,0.005010042574843443,0.014799921634521951
0.00801030309982676,0.008742619260132182,0.007604680362203395,0.011687739585648959
0.008524697092836046,0.006734989768088376,0.015366547502323476,0.009196298019697478
0.008605136873841847,0.006010389486442917,0.015516031100966571,0.009718766443350912
0.008255866629941004,0.006976240825453778,0.014260702733841852,0.008777579405255722
0.008736468766819515,0.009357805187474902,0.006481283783414376,0.012766964574455756
0.009705756912914915,0.010253212212330125,0.0050047945713557205,0.014830657928917917
0.008000778649062845,0.008736469424636819,0.007594768758351857,0.011701372176239391
0.008525097164699682,0.006743008213544461,0.015346474604067732,0.009206952718042394
0.00860081619746962,0.006016729182456728,0.015494053762566296,0.009728059513238685
0.008256298585574631,0.006983002926719816,0.014243573826239277,0.008788013880233522
0.008723222681250899,0.009350506362717882,0.00647121482850207,0.012786359749267968
0.009691206725383312,0.010246878344107662,0.005000196833045903,0.014861457486865454
0.007990675194755222,0.0087302773869996,0.007586444570043124,0.011713349171451674
0.008525146493204305,0.006751178333589658,0.015328815395259994,0.009217377860111533
0.008596481589878637,0.006023488621093932,0.015474331268866886,0.009737164683630659
0.008256125646264463,0.006990007898723276,0.014227051356447942,0.00879871800487422
0.008709627647144093,0.00934408134864144,0.006461113591734684,0.012807274777043423
0.00967642144231646,0.010241545191496249,0.004995685531005151,0.01489374035949495
0.007980198217758675,0.008724503453613057,0.007578876325423529,0.011724625047585955
0.008525704206721007,0.0067594647827387555,0.015312940834686026,0.00922842092183933
0.008592777379647849,0.006030221945120447,0.015456500523856914,0.009746492924711234
0.008256710676916232,0.006997252279951446,0.014212227812621419,0.008809310541492876
0.008696361678050261,0.00933852058380514,0.006450885339916401,0.012827545099380075
0.00966230737318242,0.010237726951817528,0.004990377539606511,0.014927633801954648
0.007970177063607144,0.008720094802169617,0.007569980957618028,0.011737692597216591
0.008526130721904059,0.0067679245812270784,0.015295209274288516,0.009240295454150952
0.008588685347006544,0.006036685965701213,0.015436952069002224,0.00975697781431469
0.008257557426551782,0.00700482889742453,0.014198030767909264,0.008820000471300358
0.008683335805012743,0.009333510767515756,0.00644102059407482,0.012846704376470803
0.009648324855653369,0.010234495917769797,0.004985178616349929,0.014960991321548735
0.007960223518353052,0.00871633430799568,0.007561051031349896,0.011751151405098473
0.008517150556440657,0.006769989096986405,0.015261782598099159,0.00924310966286384
0.008583268162757875,0.006042969891142372,0.015416465903810926,0.00976893680223285
0.008257086662671652,0.0070121866078836255,0.014186051685007979,0.008831071013725062
0.008668331606257745,0.0093275954894592,0.006434184746826942,0.01286328396639599
0.009632346004384087,0.010230223850431642,0.004982618386012441,0.014990656485278734
0.007949194702363162,0.008711851091846634,0.007554939925172841,0.011762103704736715
0.008507898717881952,0.0067729706197498405,0.015231581757113075,0.009246199250962626
0.008576946941910956,0.006050153590952695,0.015395909010391595,0.009780262397187312
0.008254779658341795,0.007020246325901553,0.014169993685543975,0.008842824415886824
0.008654213972239545,0.009323883001867735,0.0064246813002912465,0.01288717893080383
0.009616735645594274,0.010227120980024049,0.0049793619579713445,0.015023657535374402
0.007937706815060952,0.008706904154157896,0.007550888394661176,0.01176953332195751
0.008499163600580197,0.006774781744877469,0.015205690106696031,0.009247992750390413
0.00857300052371145,0.006057259655848233,0.01538297320821581,0.009791006570297078
0.008254212685420972,0.007027838415031589,0.014159725197693774,0.008854094812820738
0.008639215509858267,0.009320047322854484,0.006416701970489576,0.012907300181989472
0.00960142985737558,0.01022586964896936,0.004975519491886408,0.015058771734790394
0.007926775394739207,0.008703978933583984,0.007544411681745047,0.011780805982046658
0.008490028552888761,0.006776048939867182,0.015173544368176787,0.009251045861573406
0.008568871193756347,0.006063553030243729,0.015365450837245056,0.009803661258073342
0.008255382037435612,0.007036046116788259,0.01414939031723993,0.008865219867911797
0.008626236557319252,0.009317231274529636,0.006407837792682648,0.012925085961241414
0.009587948344406945,0.01022575451308631,0.004970223436794521,0.015093334524191463
0.00791716487343658,0.008702630217802454,0.007535400507996854,0.011794809844697338
0.008480488082778606,0.006778789138299046,0.015140100143644456,0.009255216616289785
0.00856235831334729,0.006070000680690045,0.015343443517954337,0.009817592999406259
0.008254036244226073,0.00704451962693748,0.014137074042966461,0.008877047818761346
0.008612106442277773,0.00931440001531042,0.006400268312547934,0.012944703848995816
0.009572428319900779,0.01022412106345331,0.004967655303710746,0.015124518180527655
0.007905808356600765,0.008699324660194878,0.007531399010550908,0.011803424366233274
0.008470897154526627,0.0067822794445176506,0.015115350416380523,0.009258691073570503
0.008555798626795078,0.006077788937522776,0.015327456980845844,0.009829564755440959
0.008250322364981851,0.007053108027980583,0.014123766376241945,0.00888937084298099
0.008597173141154215,0.009312987274647985,0.006391619450054813,0.012971129430343498
0.009556245302721587,0.010223594922710737,0.004965207539309364,0.015160012234026455
0.007893410160912329,0.008695474546139455,0.007530013508063865,0.011808792308802541
0.008461771617512862,0.006783825623673027,0.015093660392185789,0.009261008422031827
0.008552546998634537,0.00608519769896496,0.015319619156266564,0.009840996469653038
0.00824998633152007,0.007061346543047908,0.014116682417219605,0.008901040935678353
0.008582845110198271,0.009312074938488965,0.006383202812302223,0.012992681072595724
0.00954217166419205,0.010226317842778228,0.004960168103107122,0.015199495357859777
0.007882879730975545,0.008695240612964367,0.007522926543372722,0.011821370686537873
0.008451879471026314,0.0067845771140230375,0.015060244742348157,0.009265436928703987
0.008548275562408777,0.006090874805538681,0.015302445809769123,0.00985629139399322
0.008252070233371496,0.00707019399573482,0.014110224065478414,0.008912583692783749
0.008570712921479812,0.009311337316752348,0.006375120508072159,0.013007818704828557
0.009529899575876268,0.010229153506732003,0.004954359660689276,0.01523450327527237
0.007873908226514546,0.008696507162117154,0.007512966776248568,0.011837327022021036
0.008441291489246452,0.006788491852460845,0.015026669233593581,0.009271393797326137
0.008539387933809157,0.0060974831792112855,0.015277600278233537,0.009872375391954338
0.008248512506548886,0.007079605979659346,0.014097219080111897,0.008925274064235284
0.00855594854483905,0.009309729025457838,0.006369252532595217,0.013028133036638726
0.009512582664815012,0.010227285752059924,0.004954993959966249,0.015261678993587064
0.007860982836243872,0.008691408617676165,0.007515643310108348,0.011838583756136976
0.008432600234078824,0.006791644470809509,0.015009969254758145,0.009274624950143228
0.008534754691866693,0.00610645985584317,0.015268002525170073,0.009883981548703454
0.008245431147317404,0.007088789236747325,0.014085282070691728,0.008937041964049078
0.008538212597298303,0.009303295040357321,0.006367223394758125,0.013044257491700129
0.009491103834113297,0.010219528600423359,0.004960901585130069,0.015281734641216682
0.007848517150172015,0.008678341319655166,0.007527801314023026,0.011824389865434297
0.008434747169204797,0.0067890310350047405,0.01498853988472359,0.009273596877449657
0.008548810791025967,0.006117097260473383,0.01526438975509632,0.009892705966416733
0.008263598704949108,0.007099219305962865,0.014073525191716682,0.008941825219348824
0.008537941709952078,0.009296824725799818,0.00634894864406215,0.013060951619629033
0.009489718935599386,0.010213246623154421,0.004944773499843168,0.015314989803104074
0.007857214537162215,0.00867052368491406,0.007509463784108176,0.011825770890657061
0.00845890053116496,0.006801703079145956,0.01497346975512204,0.009262013929665448
0.008576494318970998,0.006138536790777872,0.015262518404484934,0.009883375180897925
0.008280740763152696,0.007110700527297883,0.01403383894071114,0.008944580305242564
0.00853131300929577,0.009291529036713625,0.006324757706204529,0.013108813201174893
0.009473390921115071,0.010202626510194003,0.004939750555609254,0.01535203406731692
0.007852260821772027,0.008646842699806985,0.0075270723589506245,0.011784253816309447
0.008489482049328307,0.0067987379338739305,0.014987972901315797,0.00924212836308361
0.008629484496870031,0.0061603190247145065,0.015320922088007602,0.009867425689136716
0.008316314720551393,0.007120813533381823,0.014031502608031888,0.008942074872775176
0.00853491842979049,0.009300651496355191,0.00628298108602599,0.013166922794555582
0.009481861379476857,0.010223489313432987,0.0048957629383225044,0.015453795405934112
0.007863686351232312,0.008660531552431457,0.0074792839759976375,0.01181859045147138
0.008513216877842887,0.006816080001404904,0.014986251611707392,0.009226078901578444
0.008661375432944264,0.006182787888260253,0.015365745147575775,0.009847677257079576
0.008321607835737906,0.007130859201899032,0.014020429757508158,0.008951952482524181
0.008500747088934116,0.009316671111080801,0.00627084763152714,0.013218019897066082
0.009441833195795616,0.010253599961826268,0.004898928874430511,0.01553338217206536
0.007823682112846517,0.008668033328013447,0.007503221170725461,0.011815883870685393
0.008485604862268663,0.0067883441809631125,0.014945227992453142,0.00924143041336999
0.00866447748308981,0.006172444346171715,0.015393996140140611,0.009885661357469721
0.008338923267818085,0.007140257275921474,0.014095153054424325,0.008967032109115826
0.008482076347917304,0.009332599700163048,0.006277264722347358,0.013166409846235428
0.009440402243590338,0.0102989671801453,0.004870687943397273,0.015582638195743546
0.007821889858573938,0.008724807683343827,0.007423057981680381,0.011931231603092
0.008449734609679311,0.006827801137044942,0.014879091720744909,0.009270147713129773
0.008594948320556014,0.006180035483777206,0.015286846466682297,0.009908865740910211
0.008267319319805318,0.007156449703678,0.014021015405609946,0.008998519542184353
0.00841156031616855,0.009327371206537184,0.00632799330296329,0.013172888593841896
0.009337040943468197,0.010263990068072154,0.004977868638229441,0.015475741386938968
0.007740547475270116,0.008657402123532457,0.007601046147616325,0.011761429621910034
0.008422604911539771,0.0067964868839822945,0.0149151961092637,0.009285381277546056
0.008587301446893483,0.0061915118510078165,0.015297223678929042,0.009916325818275137
0.008256279032429757,0.007188212542515806,0.013933954382365808,0.009016940897155172
0.008426776860586821,0.009343571347096786,0.006287634749284192,0.013233356121124893
0.009329799505072898,0.010252529722030765,0.004980397349605092,0.015484083368546947
0.007747309633074686,0.008612526547228022,0.007657550968589154,0.011662941596013771
0.008476098642590362,0.0068034254043923955,0.014863323388698817,0.009267476380942986
0.00864007255169238,0.006235374836320127,0.015242649063735727,0.009870772028394065
0.008283161306379998,0.007242665284596856,0.013698450699581964,0.00903112484178448
0.008451870376356183,0.009357839621643152,0.006214559163751597,0.013334593213078224
0.00927961766048195,0.010216846706782506,0.005030034329073169,0.01546594175716173
0.007725952241691626,0.008506200528092953,0.007867306560328633,0.01141354809246615
0.008523935705871849,0.006777221110782698,0.01466853505549429,0.009270777511056554
0.008669727966245185,0.006293905848716819,0.015034937422325995,0.009792060563946072
0.008264081059222767,0.007367122762992617,0.013144670926658903,0.00908154965361124
0.00845648922180201,0.009383206162526013,0.006136356105973262,0.013405145622897602
0.009085618102225137,0.010109175982845449,0.005241696644921211,0.015228488525843317
0.007677683295555414,0.00831822053250851,0.008472667869805179,0.010905553993473338
0.008459978528419603,0.00665215180937984,0.013852500745681286,0.009536749991687545
0.008637899324182314,0.006431670644897424,0.01435508666486281,0.00968018208567545
0.00808928427513732,0.007580443016116939,0.011660981912037616,0.009187128410838985
0.008450705778934454,0.009273454404055876,0.006162807196063915,0.013056492338766495
0.00852592759775321,0.009409737009222532,0.005914669913176763,0.013598744765995185
0.007997226709519219,0.007942183780884139,0.010212545122571196,0.00979997107185267
0.008548655409684374,0.006808977039199917,0.012795424906484037,0.009612835114150462
0.00874492678930892,0.0074833636242419704,0.012654086648168444,0.009253529098421602
0.007952040376650224,0.008882666082807626,0.007197007909231919,0.012311779584518446
0.008366851478335555,0.009800173558613604,0.006062167127082791,0.01359461175375272
0.007286630035438762,0.007628542538338379,0.005303710246505073,0.01652178081054558
0.008923188869892299,0.010533944361729452,0.006649400828147555,0.00958132261945414
0.008678793283477823,0.010038354955656545,0.004665920315044832,0.016103611559668593
0.0076323196475783185,0.008375424860860107,0.006366108665877216,0.01477470623260262
0.007197579494493799,0.007020746979070759,0.011414206973927133,0.012682003206110366
0.008481929175667187,0.00808537412318615,0.016196727832165955,0.008313592573998767
0.00651153713857652,0.007344847388851199,0.008764036380903707,0.014494398869454838
0.006509711102951264,0.011850960168388543,0.005221238787862794,0.010923362381091057
0.009108667410990486,0.010993456737225332,0.0026588080123157273,0.033105699124645414
0.008003621459087958,0.00982175554338345,0.0035710141319984902,0.023640396985294576
0.0051064560564208295,0.0068425446944718315,0.008020118179491775,0.01951283683325416
0.006071853654561015,0.006205818008156429,0.017125377130449718,0.013711494952896992
0.009368973844609057,0.010173030780804938,0.02462299628944953,0.00752659599886928
0.006603292302131986,0.010284820369777148,0.01638183287150066,0.009664845818727811
0.004286842880407497,0.010783663856808571,0.004980871221245375,0.018068293477303373
0.010176567409238649,0.01824306188218966,0.00583761145825412,0.009682437398688687
0.012184128896976404,0.02079331884007155,0.008296936921640467,0.009260767380350884
0.009806818647161349,0.019530113000458274,0.005454810599930356,0.013132070855164773
0.004349284190335318,0.011304863773514744,0.005771333843505269,0.028701714472550082
0.004836398405150512,0.009991918360559893,0.016172270686629374,0.0098144253475341
0.007593730184393643,0.009688941518964465,0.017045728288667652,0.012687499416281525
0.006970153302839841,0.009882384835295244,0.01792322124058788,0.009953809378734147
0.00384433960624917,0.009294455162987398,0.01323025691600784,0.013497002101569192
0.004843646127876969,0.008910142808966431,0.007114039470344402,0.01836842442751748
0.005210566941549724,0.008325961569311847,0.006970091609488443,0.016473116067806
0.005088743488512827,0.00754939276663722,0.010572486687814115,0.01305690237240865
0.006919501430115719,0.008287055200762108,0.016924374786855028,0.00842139475197796
0.007236021737643612,0.008712632974850832,0.01388557932758898,0.008849973483911013
0.006630638871000345,0.010535845179634469,0.007310055948586305,0.010687882484954666
0.009172228722161313,0.014300935216046697,0.0029914376396283837,0.015093801929893827
0.013128433452406885,0.020213237854724293,0.0035560193702992467,0.007927629072361794
0.008828643014893353,0.013927319876281357,0.002430402418498218,0.02011644933026093
0.008383858946770977,0.015037878770003446,0.005377919316845536,0.009449832863310977
0.006474886686512647,0.010937303800686384,0.008883170235591167,0.009037154544767508
0.005628316222452801,0.009636244498400172,0.010714746440857553,0.010073513501204643
0.0057827082613592816,0.010407914096717864,0.010892485778227875,0.008835119028118968
0.0058751334922299515,0.013379968677327263,0.00849215033965627,0.009275747588224673
0.005965977992194125,0.012204240866774952,0.003512083520641595,0.02529725985248015
0.008899529577896529,0.01736664102107363,0.004797211855198046,0.009166441890877255
0.007543176139465924,0.010600867533927583,0.0035381120507843207,0.028239433269543424
0.0048216835080799525,0.007760206748013768,0.008711140472582285,0.015263122600612352
0.005657221532468341,0.005834242850310471,0.01706146946768474,0.014680335408000247
0.00785028668742359,0.0067569678286755475,0.02195788378492069,0.010848155454189939
0.007891091704409764,0.007948909325245437,0.021981785592764487,0.008593430022314358
0.004182411880248124,0.00876717227415962,0.013146013069701267,0.010940067663427833
0.005209361665961224,0.014051007685991867,0.004806190367909787,0.013820650334079814
0.011718013689131848,0.022946085877485544,0.006623988304268474,0.00860735187928328
0.012284821274671847,0.023613537071108116,0.007176151727343125,0.008702019864079726
0.007164206437024492,0.018466968734832105,0.005102405016723479,0.013144629444896435
0.0035623823774120476,0.01184217305894431,0.007883060881718982,0.01789490015022688
0.005049922935872864,0.0076510245183569435,0.017054311843821064,0.010036805601670704
0.00686021657093865,0.0067633684839869595,0.020715671449886414,0.010094233974603333
0.005756533734809291,0.0069520955331249645,0.020767647220626864,0.0094478262769667
0.003995873503668338,0.008768017050919376,0.01270474696786932,0.01170624582547317
0.004702118777624654,0.010897548911760632,0.008263392852899228,0.015106905967435686
0.004137651927527474,0.011071717005208122,0.008336711391656594,0.01646181852019301
0.003808504095311633,0.00929674678724371,0.012912534794231458,0.010802945220950082
0.003690338597242413,0.006612110832720591,0.008999005821294963,0.017085373200958168
0.004212646828460532,0.011820003918359124,0.010688565267727778,0.011091095095037662
0.0059723595927523255,0.013210332456602683,0.006275344704140291,0.019008048704890843
0.006057527826131243,0.01569909846157647,0.007526414482778523,0.010817610478467543
0.004680266297244749,0.006740316096245634,0.0042163769278941296,0.04132919872864046
0.004331435543474374,0.007292998047540055,0.004434354928169548,0.03578479023951744
0.006466247781979228,0.013371820352919532,0.006510086480154021,0.015141964349342823
0.0057256739130324115,0.01141203905595048,0.006661304098927337,0.017725766565117426
0.00431526750129634,0.009650869613620178,0.010767753190461082,0.010330610258247832
0.004581416213962301,0.009257535910329504,0.012869696722554374,0.009947935466954798
0.004294022128268375,0.009287231406122011,0.009827169752100674,0.012703074890301666
0.00431213168567066,0.010109150818587574,0.010473215167952464,0.01033712309525535
0.004366253804049412,0.006566374363056125,0.005449316043780297,0.03605119038376853
0.004613724278389043,0.00792823202521677,0.0041675582416129744,0.036825681515051376
0.007819537146724216,0.015254099825789109,0.004996869503148154,0.010547663330715872
0.007726890485415177,0.013429163584465224,0.004025743984360831,0.014778045568893255
0.005620185954874031,0.014235065585231039,0.005064285089557931,0.014372238723972313
0.005599191155008891,0.015552827480465919,0.008348966293835898,0.009692977446826196
0.004249580168552204,0.01206608756693363,0.009687346249401154,0.009921595790026997
0.0041212577843358624,0.00946403582058845,0.008192094567743492,0.017310941036801124
0.004090268702424957,0.012066179190647397,0.008837460955113188,0.010548635643475624
0.004516398362341972,0.01019420311581461,0.005437925459893252,0.022576970501501457
0.004300963803275327,0.009220170875000228,0.00607555842411718,0.020478038234432824
0.003989278703611782,0.00884949609867797,0.011949874746614983,0.012313278867432954
0.006366851535937038,0.009960370655370736,0.01906483580927527,0.008375855975878295
0.006751161440209601,0.010482372682906768,0.018886826799549228,0.00785900224808396
0.0046533742903108475,0.01072678472579598,0.013012262811027329,0.008922508457821117
0.0057967958463328645,0.016161759827273955,0.006110176013923663,0.009056812089793073
0.009826221814547759,0.014843120998840349,0.0017719756915050076,0.033432434673836706
0.01472601265816035,0.019593146029419584,0.000960255606666392,0.03112220170343368
0.01631315051123305,0.020596646350208383,0.007563545622497244,0.011289985305630176
0.013528985422552974,0.01636878409254469,0.004901130895796588,0.020910008560435824
0.011473949568333105,0.019548514368221474,0.0030636295366572165,0.008483403686889308
0.006563094885638286,0.011596555393558963,0.004862028766723643,0.026417948212873653
0.006782757209378809,0.009652886368357452,0.01038589616101003,0.023559027335101325
0.006482956586712794,0.010172621858058301,0.013879855855453288,0.009495406089937179
0.004899725356085647,0.00894569074572867,0.009839829020400237,0.015367275886117337
0.004715523172692783,0.008544978239582682,0.006263222255752932,0.019566156972415975
0.004680513919261387,0.009170873706535979,0.006201116556736707,0.018214127319809557
0.0053617134370882655,0.011641741608235709,0.0100394927597033,0.01085465878810987
0.00723079175477707,0.012139255188199562,0.01056729303109274,0.015096177562409798
0.007657804511702491,0.012743581079512366,0.0073317781526488915,0.02384948254614075
0.009950448416289418,0.020528987998703514,0.0028370355774079373,0.00721180398017615
0.007475131667423998,0.012561743311957613,0.001471233514303814,0.03794863589492608
0.005957757181564383,0.0108318982786873,0.001882092341690265,0.03610320791818349
0.004071635952476582,0.00997535890441455,0.008126540708007933,0.01736900449515088
0.008232979099174075,0.011784449662019992,0.020206252086605467,0.01104210651798895
0.009989626869547954,0.012157740794490389,0.02216813658002642,0.012682331371919065
0.009197450924873103,0.012212218963642978,0.021496227341603336,0.010693912244257798
0.005594406001121262,0.011994445776578589,0.015064300304350995,0.010663229650550715
0.0043583017229714485,0.011477663602513028,0.0034748668018015753,0.02804204557895517
0.006194135876742915,0.013976417958954601,0.001987767948679862,0.029325428771876196
0.009183582040890046,0.02101380341630775,0.00368271012681438,0.007031799529785145
0.007250635568264844,0.015956340886537877,0.006037944307797218,0.012253360539025947
0.006631367109541834,0.018495062451834174,0.008195193145302546,0.0072226766058647845
0.004110761038907732,0.013145799002297183,0.005294781210047106,0.01958196886728932
0.0036355666110315476,0.012214250413496212,0.007970096218506247,0.016449423834742898
0.0054196506524839564,0.012460893524835858,0.015417689975823845,0.0076033767669379205
0.005779072861689762,0.012177193488485182,0.015478206992135642,0.007568789437877939
0.004378345973624702,0.013468179511921127,0.011212591989619745,0.008215316053741591
0.005590956378531455,0.01799492229619797,0.00540170127428699,0.009019613764591206
0.008182478789805625,0.018098246697766045,0.002804928674752581,0.01651926883174875
0.010233023146997706,0.02184946519886769,0.00330620832322166,0.011037094489936776
0.00687547522824982,0.014572560921887235,0.003143025769538679,0.022074554474346704
0.004126656570017442,0.012475278260880403,0.004397615263006088,0.02266180375365054
0.003300851129079539,0.012192694725668373,0.013409524985548774,0.008947515403603732
0.00438861628943276,0.00890908839703512,0.014280422075082153,0.013497891138518181
0.003890757488502802,0.0092660049811994,0.015066204877427564,0.010744483089569394
0.002492507944908216,0.010027880435391165,0.011267375219649786,0.012020080353616364
0.0027834499562078233,0.010809330581281876,0.008699232681749755,0.014854841086339637
0.0029625914557574033,0.013947100770848101,0.010956761509689618,0.009970439593382514
0.0028112885890326663,0.011687150854220861,0.0072197617931248235,0.018360981873005992
0.004286002071945645,0.01658337284382232,0.007314564441812947,0.010058678959947933
0.005081426588120463,0.010860476091122891,0.005199040245923533,0.022623993563963135
0.004163575751939783,0.009189707978945753,0.007535521673346096,0.01741846374170567
0.0037616321264788296,0.007864645720634488,0.014704588080437776,0.01265164081864444
0.005430215916719811,0.007706452955092376,0.020574883027406857,0.009352618853741277
0.005941440360624274,0.008266953636339728,0.02060707408737265,0.009483726067822652
0.004345707388050509,0.009523470826454461,0.0178861166898787,0.00893545755861844
0.003999975657538442,0.01150098918759403,0.008938522264728906,0.01259224974355273
0.005100990920684647,0.014750259298173123,0.005661732279802464,0.015157831316538934
0.008999090985182963,0.01647446460640215,0.005584645636473694,0.009283915210659114
0.008978152419622467,0.01613105176330991,0.005626173618666011,0.009313253051884695
0.0038398471726037386,0.013697097718792104,0.006809184738531897,0.01648674829328729
0.0034730254700814345,0.011641312948995244,0.0109161519695976,0.009876656032085662
0.0031122615666477707,0.008898403907690543,0.012999619100178087,0.010520553991480608
0.0035646681462665106,0.009231297032388936,0.01542843500531969,0.009352543448519433
0.003174411841736002,0.010568335008879479,0.012068428942033905,0.009752706538862916
0.0031472025583098224,0.009716343906077791,0.00533347517960185,0.027221855095990975
0.005599311819952094,0.015148592346172905,0.004973565176901488,0.021592606567192446
0.011181086357018347,0.012781398754689227,0.003654472396648513,0.022789394740797757
0.011749975073373359,0.011977716617265762,0.003275882818720108,0.03128351933588889
0.00947496964150668,0.015616910840841054,0.004511211766408474,0.0099477458643096
0.0048590892704668655,0.00949548666572721,0.0034082762451766056,0.04233418940459706
0.004617215382715064,0.0075589015999011355,0.004859296790154447,0.04509176970364946
0.0033182031598916104,0.010155030398302112,0.008721108095507307,0.013939795873885451
0.0038254780838913364,0.008532525965302625,0.0075309735753794895,0.017401811298216656
0.004084144395517368,0.007235934002892706,0.008237494706327663,0.018934386932168056
0.003956368860508854,0.006506290134805793,0.01125931624960693,0.020004007444583704
0.004732528439735714,0.007102893000037443,0.01683899075193754,0.014593366628246748
0.005806576945212342,0.009818500087209879,0.019765398936466016,0.008393240714951237
0.004439122464056205,0.011686004178133955,0.013341132260205214,0.0085478628811925
0.004938867137927579,0.016219138232790368,0.005303158892660127,0.011215737010079387
0.009379230577997269,0.015352184897227632,0.004116026910836708,0.01142440373061199
0.011977925976908723,0.01745562165498324,0.006143458530346134,0.010340711567355108
0.010138272520872817,0.018292483838065077,0.0034757572868473682,0.0164012375882737
0.007005516473973552,0.018354832233084224,0.004902112649242206,0.008679379800336243
0.0020942577214706185,0.010459058570855068,0.008444288587122007,0.022180780470413698
0.0052422264106682945,0.010270778728498188,0.021564009048918427,0.008092258492337145
0.007601900219063888,0.009381898102920864,0.025446015145132846,0.008822207798464644
0.006557614626068766,0.007883037369375408,0.02398775134152944,0.01105516749365058
0.0038697087506893084,0.007110299809498135,0.018511894880374927,0.014205240755924706
0.0022683607629829586,0.007625018852721146,0.010041125086088261,0.01760047380871802
0.0022449327073137274,0.009377128212682532,0.007198635005884916,0.024347941161370595
0.0022943217221831702,0.014166744354917445,0.010520334161056452,0.010224788929081265
0.006030647012209018,0.007690268734876089,0.006768070886296249,0.045522237503077156
0.007075607720943423,0.007786181941976495,0.008282519283259206,0.06549817616433724
0.007542716405227651,0.010264440387473638,0.005137518407206651,0.048708584243108866
0.009314522452731415,0.022652974892884335,0.004065761865282028,0.008620893413831427
0.005719897838439507,0.011728647507559975,0.002544979286605309,0.038167245931361685
0.003735645900688863,0.009521052643041834,0.004272658959474563,0.028994440778937147
0.0027288315855087454,0.006855011665691606,0.009546308761810717,0.026819385920978833
0.004251956208795747,0.005084985067131193,0.01641035698497896,0.023693638094326366
0.007365652045159912,0.006145874994327602,0.022620875880062084,0.019772705354793474
0.008728996953293313,0.007405574488637669,0.02483655373840348,0.015000935389689884
0.007075029114809398,0.008133771596550078,0.023498641217291137,0.009553757148157557
0.002146215549899262,0.00918961233382945,0.013661670217633596,0.0134318325598106
0.0020051119259536605,0.01276365565851104,0.005858229380471806,0.025011465950735674
0.00692863654443161,0.02218573847970789,0.005300482495702805,0.007898905196927205
0.007017475748747279,0.01555861217481953,0.005394384479883072,0.015034126607457763
0.006860150387637303,0.01679387894929022,0.00534672004585424,0.011279713724030947
0.004419751970313948,0.017722863506332495,0.004804339858753939,0.013882794299805688
0.0027618947106650207,0.014263042116908438,0.006674879715911245,0.01491955955736288
0.00484358404202844,0.012335784441777157,0.01396887960204186,0.008201379019176575
0.005316447615937632,0.010944432378478551,0.015343685078939833,0.00816917379320891
0.0032074528502670867,0.010997916256114435,0.011761228168808197,0.010035427219488349
0.003133285543189385,0.012427031081502742,0.00888536377857467,0.011964803752368924
0.005469346383275672,0.014260088765058056,0.008744719002289889,0.008436222937422636
0.006367896212682407,0.01683680473291092,0.006006182352990108,0.008065940839029877
0.005106734778308517,0.015408546752736443,0.0035043190538017145,0.01728623317191037
0.004636252867083173,0.014667069804741858,0.004661327271982647,0.013913414487753828
0.005667827574069406,0.011428289119500598,0.008790032967757103,0.010637620344217787
0.005594622003855046,0.009979636030860243,0.009858528751851212,0.0111897159226817
0.004189073662042296,0.011656350757092461,0.008879506408042172,0.009736238293202375
0.004573214066689946,0.01311186119012498,0.007420362062634071,0.00980108098167286
0.005837700462024716,0.01189286944874011,0.0055791701383664976,0.013201731566424749
0.006679845535976874,0.014788298692905908,0.0039871151944433645,0.010918829423126292
0.006329244778500825,0.014057172021906966,0.002949648097147514,0.016611465463685363
0.0056385903266587675,0.013146223484586557,0.0033301847274917725,0.01725130339500351
0.005133881686457673,0.01356608757319307,0.00641346968103728,0.009420768929786025
0.004434851652813539,0.011682035221363596,0.008846556718374856,0.009318386958003142
0.003274637252114971,0.010322386458793926,0.008834339590417122,0.013592397604876641
0.0034057196594583397,0.010506757563385333,0.010687864008899126,0.010536528515710984
0.004139221127904379,0.008817633989514694,0.008399186072114068,0.017380021241595114
0.0040459367409521624,0.009880348543859913,0.006640808867594501,0.019044474312056622
0.005431870233358039,0.01349110989917215,0.005433351784974058,0.010040282580603032
0.006389362761726229,0.01323736651628326,0.004354702517581615,0.010739789740834919
0.005375404018641175,0.014119764494290093,0.004676069186525542,0.015105000174058308
0.0053115330597775885,0.015228622378923735,0.00620861036427267,0.009994884237402189
0.004026033999254585,0.008675836741253343,0.005590866956003583,0.023660454879838637
0.003235398691878591,0.007838704764952636,0.009663447773597164,0.017538814830125465
0.005852336152447834,0.008742277770796857,0.018875788213720594,0.008005575271451397
0.007371056618829238,0.008848139718392493,0.020947785546745888,0.007959078191355424
0.005738509844287583,0.008130604626176818,0.017735495102760866,0.008156318572439338
0.0036002397850271703,0.008070111227453899,0.00890093165797224,0.014666060360410533
0.005144843125175657,0.012168083396019554,0.006354942959589742,0.011086294809128238
0.005689821728167324,0.010505550313938808,0.0032612174489467403,0.02700007351278187
0.007277032059637498,0.012407194371172443,0.002082237326401615,0.031143483810056032
0.010093358849891989,0.017950501383526246,0.00324445122018054,0.009145542528414978
0.0075717680915472355,0.012809133245365792,0.002391403649398252,0.020099554891270015
0.0048215500162121444,0.011382419588726728,0.004342044374953086,0.01650199607606847
0.004565843869170289,0.0076599587450337315,0.011262790285588825,0.011104327007449611
0.005694516502576627,0.0062469256847486705,0.014558624851340102,0.013721075275843264
0.0050208621927446,0.006608788566796182,0.015759229044670683,0.009487518428608042
0.0030822828940783565,0.007509556111624436,0.010983707750220124,0.014079885650463081
0.0028781081297840246,0.007943300314721896,0.00837958262306657,0.01714442454817366
0.0028718420584090388,0.008048272292277846,0.009809982287421222,0.014593908413086651
0.004468910058047574,0.007851878532700784,0.013639296250215592,0.009168034142398123
0.004550614269180872,0.00785561974232972,0.011410568883151454,0.011840441864960628
0.004275676656604022,0.012329366050207603,0.009137594403600739,0.009463050613029569
0.004995803321781351,0.012815897016302712,0.0038549469080436517,0.01587376487845175
0.00662442460236358,0.016392811016381327,0.004045834274276257,0.009643710101905126
0.00561507580635772,0.01251373800115957,0.0035294937436403644,0.0229179265076871
0.004973304696825963,0.012409894888210631,0.0041030714566472615,0.020711443188461465
0.004429516606612238,0.013976018690710018,0.005453285132693918,0.011282589386544884
0.0030003521554648298,0.011946550522740549,0.006999666050483091,0.014080335375409644
0.0029743538602074876,0.010665731690295352,0.010676590469600653,0.010229713687436774
0.003054562489895472,0.010403106182875415,0.012486980928271458,0.009227703318850972
0.0019894417374603014,0.009915902023830046,0.01076446910023118,0.015232456283945534
0.002205089423393636,0.011467616932209025,0.01112563438192181,0.011714407314381309
0.003273732079187642,0.009697548140594835,0.007248796426307578,0.019645974233313733
0.003671094610537804,0.010953205032374111,0.0053955888367136755,0.02079656745094239
0.0054495113006035245,0.014033837303754727,0.004957966496160057,0.010064897260426506
0.005771999196568928,0.012874553222310445,0.004258093874698054,0.012091476877949703
0.005717946698133368,0.015562612313157177,0.004870675351579422,0.011276322880733871
0.005523671563997075,0.015690207038344648,0.007347896296766329,0.008901575167153763
0.003928468951169903,0.009899616506796365,0.007907158248404964,0.015484986515645515
0.005100773827633712,0.00949544475080919,0.012197624132503474,0.008237532701501992
0.005481550605046951,0.008453079526530826,0.00876678701396907,0.01264006669360489
0.005913347768855419,0.011063050264320005,0.006399602906209299,0.010590843593661182
0.007104024110255687,0.010759049044715294,0.002968474052297354,0.018246023983507085
0.008341215157137129,0.011349579616949816,0.002517708660203354,0.016799858341297984
0.008724697142923085,0.014827499732243187,0.0033477425599242098,0.012054192253143888
0.007287481194040356,0.013067320651043948,0.004828639746875796,0.010351446130278196
0.005248952628459269,0.008561744146319406,0.0059491554374947065,0.018895266757301153
0.004722153302332328,0.007150363240517444,0.010543456870821831,0.013500037003072372
0.006706246113814689,0.006274907651421553,0.014464581327651802,0.010157283203889714
0.006955098179363778,0.005773275241709871,0.014375593498514746,0.011670197048102677
0.005952871804834711,0.0066094564964499294,0.013775913376134999,0.00867168245490429
0.0054824270827069635,0.00853126345035989,0.006181435378261477,0.017446230136471497
0.008165241572126421,0.013906088403489855,0.005011235168586422,0.009932722062179569
0.0060372238084840995,0.009243723412335706,0.002675814926503299,0.03277243318639805
0.006693604947606728,0.010857953508732235,0.002382123862186178,0.03432771959689933
0.010181285564844184,0.016975029844012897,0.0038052158147855197,0.009258152307465945
0.007750401987918237,0.01225973956179532,0.003288362903951842,0.015911853706117696
0.005438643386514481,0.013335744226826405,0.007515144400036949,0.010283575897210158
0.004300772999763676,0.005825678353636088,0.008359012324964405,0.024356133929704548
0.0050629881042070475,0.005510813787369591,0.010651723103036598,0.024335219663172154
0.004362621508362574,0.007367155913799077,0.014511349660895477,0.009269206194060376
0.0028158449695987603,0.0070007255426391395,0.0093943973428051,0.01840394698782053
0.003165423293708019,0.006512325794924144,0.008255902613944509,0.019000181737788432
0.0032042177518854143,0.005917974483900341,0.010823816287373712,0.016171460422713464
0.004703062666668639,0.006352728074391089,0.017355768731519325,0.011715565083757724
0.006247247317161401,0.007330142747115428,0.020054687254047722,0.008560596026055849
0.0053590708073592876,0.007912560391505275,0.016727173853372558,0.008256944022107093
0.004188384667036375,0.010761721639884106,0.009574504970359644,0.009026995511121686
0.007647935846946258,0.013625124671082576,0.002362697723896427,0.021651445498824144
0.01340027049240592,0.018580940783985003,0.0009657025104107433,0.02619029194162545
0.016713906832639527,0.021736384350386485,0.005313798524227935,0.012095161735762586
0.01553182176607218,0.019089733775228594,0.007435618784037734,0.01379160865302353
0.012125692532746158,0.019231155649487814,0.004699442100575435,0.009679224222773411
0.005611369393150122,0.014613013711213173,0.003950098994127803,0.014309607722048137
0.003878422123466509,0.010554509891216528,0.011536885891344002,0.011842654301935946
0.003846752707400164,0.009703323576595379,0.017740392299873377,0.0082332553309942
0.002112068215379775,0.007892018623595422,0.0145882051865408,0.014361767045684615
0.0017546125440414874,0.007444428699048387,0.013407715491509074,0.016585408169500694
0.0021217729153814127,0.007848843124700468,0.01521198285046476,0.014109455830903872
0.0032438623586554757,0.009030929946057956,0.0177415384825145,0.00927710700050684
0.0029735709931821494,0.010610913945465655,0.014250107145744144,0.008781376431131383
0.003040937135091033,0.01514013393941286,0.007645296642261306,0.009032453158491969
0.005191217818913406,0.015768296377299863,0.0037054621623312275,0.014217663309798253
0.006979530127615906,0.0181075182593119,0.004009238193083632,0.010722172638386972
0.006271695424851178,0.01749533728150265,0.0037913990213779957,0.014672990063605285
0.00389485438334544,0.014975358358546017,0.005440173691385333,0.013131211490122727
0.001584765981975762,0.013479532264658145,0.008261047624765809,0.012598225835545476
0.0011237857555319007,0.010315132903485943,0.0121022220524077,0.011627308458018324
0.0032509805015269494,0.008748207451256453,0.015916440933333435,0.010048867674735824
0.0032405349663507076,0.008712179100312134,0.015979962759356783,0.009809293860516342
0.001275175386615199,0.009732548645155544,0.012314688779633777,0.01152285624470573
0.0015972045880756867,0.01275624110098922,0.009869646164643763,0.011155424566345462
0.0032273304026287837,0.01226424705619225,0.006150604493421714,0.016356981099487872
0.004651335643439808,0.014886964543020655,0.0044928121821627975,0.015614889033545845
0.005605093886212994,0.014267524942817876,0.004073864382924205,0.012078467447890331
0.00475939477285359,0.013148604938866808,0.004129706830969462,0.013723893105282445
0.0031854329422313543,0.013763533608786778,0.007015462871590162,0.01041140097709654
0.0026020020203093856,0.01148212908313526,0.011136152536261372,0.009174493856389274
0.001818632452848656,0.008624276033129298,0.010715824148934986,0.014695223185161994
0.002297219010643456,0.008147307181761019,0.013036497423820025,0.0111180865798183
0.0037470894289148918,0.007690845221014906,0.012086034587619332,0.012946807793723194
0.0034007715557797537,0.008269633489153104,0.009394799091674146,0.014926838822579225
0.0037802258079482516,0.012289677073707182,0.007014035117695477,0.010140900763006966
0.005429509324103721,0.013243574698843272,0.00475504546057175,0.009767227694019833
0.005471581224814209,0.01288611777911403,0.004079230216728804,0.015512596830646059
0.005777011312027551,0.013876247842098708,0.0048380004937716575,0.010115570187928075
0.003895615682295466,0.007828286591285932,0.004851347457753411,0.024141642470818882
0.003302901655562672,0.006406964830764991,0.008972161951616589,0.01953623719256341
0.006922831543356533,0.006951477859011015,0.018505313008620117,0.007829442672530534
0.008167116984390441,0.0065591822061308955,0.018782675271348276,0.008307214180508577
0.007123152653358441,0.006490784718111306,0.01672785281707954,0.008003227644668771
0.0046766297584642765,0.0069562776687257825,0.007241196553111025,0.01616290655994892
0.006968560834702255,0.010789834733251503,0.004206616841437299,0.01146320739444008
0.0076469883003501575,0.010106577524139496,0.0023601935749569835,0.02296806882318716
0.008695046133878557,0.011721966715289897,0.0016730804963050064,0.025963144986706183
0.010720357059287705,0.01613252089198948,0.002686920991561723,0.00940586952979507
0.007345634921096984,0.011828688155230157,0.0026831117907459012,0.014122471468118847
0.005717858745111712,0.011339124645126767,0.00794917288126574,0.010010319319106089
0.004815488644521614,0.005940472540754561,0.009977306576666959,0.01431909542726463
0.004736420817115561,0.006229407076780312,0.012823609544680831,0.010063592200702437
0.0028921218929008423,0.0064309167331832616,0.011219657084453834,0.014903221639057773
0.0026529036736068078,0.006743686550283791,0.010214155114750817,0.016401211678621515
0.003569810752643832,0.008207929273207275,0.011661244983867544,0.008975719446720317
0.0033974127451256234,0.009595444733672364,0.008674833266872899,0.010869637261471669
0.0043404240417898214,0.01042666602865463,0.005281025371313408,0.012433566471874923
0.005289011473433441,0.01267190210452152,0.005315443205707274,0.010067650989733907
0.004000279491759424,0.00991390241448089,0.004907371800164777,0.02093083535544851
0.0037265511397319554,0.010505034205490395,0.006186849054735504,0.014875602710613934
0.003483231667496389,0.00816966182947931,0.005798259152518696,0.018730704194972966
0.0027449068457267058,0.007046128960424961,0.007560753190849841,0.019551985401720564
0.004075145019009491,0.0073373467259853515,0.013087086809013672,0.008705237204752112
0.004317580321334836,0.00650087517814504,0.012101623471306035,0.01044409575062982
0.003573230929991086,0.00801930720572418,0.011038320072653549,0.010037788371827252
0.004773401976157052,0.011560990767677857,0.007218444025290662,0.010397073494194404
0.005564431403432293,0.009891111768971507,0.004326721557518008,0.013242179887097283
0.006152350110916232,0.012464489406020268,0.0056880232774604396,0.010422989723157652
0.0044395365326419575,0.0066406997163737155,0.006097836420228794,0.018229467857049233
0.0046805862206576575,0.006376012351660887,0.00872286616907371,0.011006132707631256
0.004038495033762676,0.005691643341154696,0.007999996394336246,0.01955946815552955
0.0042383768696919255,0.005109167168270996,0.008950504524636776,0.01944789125593553
0.006632420018703813,0.005312595600873908,0.012995812072884468,0.008543683055299001
0.00619708817340828,0.004951987218024917,0.009451683174543389,0.010331462993045607
0.007298692701816409,0.008500662576538334,0.007205075632856613,0.01020778537385372
0.008633746089849724,0.010977169124750661,0.0035940116211100426,0.01106263618732147
0.008548358302779271,0.009822962903967645,0.002925344920456518,0.012734831987700118
0.008550094216348818,0.010543263762482654,0.004862882282165617,0.010219970430544338
0.005790023206388482,0.004759933712225252,0.005815221385289285,0.01865192759573751
0.005819168110224674,0.004621240519729206,0.008233402631794002,0.012865019735524124
0.005231041129160511,0.00511661138246652,0.00943173319621484,0.015350817685036013
0.005214617092474823,0.005214248607032887,0.009090932582640036,0.016094433089518773
0.005954512632751427,0.005508325914330832,0.008404494691897314,0.010227020588527312
0.006120358843173221,0.006456680528987997,0.00627085393478992,0.011621296375611684
0.007235490372239461,0.007961381691096794,0.003949262559356148,0.013669875583791537
0.008131887375795581,0.00940019299545085,0.003582313387230797,0.010778961742370769
0.006602547329687187,0.007475836086804358,0.0033552144974388436,0.020546454264532738
0.006356149360153556,0.007963819496875992,0.004048903907512292,0.016369249358932386
0.005849551404921282,0.007328430035073833,0.00443354323285278,0.01671968684643752
0.004796389984810409,0.006626738382259106,0.00592831142083828,0.017409220176442884
0.0051404294606523975,0.0063844505422478255,0.008601374694859758,0.010242417674963335
0.005079192218118305,0.0060698580357764825,0.00876037973342448,0.011000618796413888
0.004514973319739307,0.007275425336836572,0.008575060890820902,0.011983112194322649
0.005427550247088215,0.00945962194168859,0.0070585267631452075,0.010061526729100413
0.005742514395691913,0.007748229447638741,0.003749401640112187,0.022812146906321197
0.006636751467938046,0.010137448780035007,0.0028983136698922125,0.0198520787745687
0.0072080422387883385,0.009737904698119252,0.0028279152554585682,0.01408483382863844
0.006190138545486774,0.008682732020065496,0.0028801363911623973,0.018212332379781284
0.005396126145751782,0.011635380615792612,0.006083725343235366,0.009365337249315157
0.004757913618648336,0.008890406589572311,0.01134773131703937,0.008405301215269069
0.0036788179908236805,0.008090450207966737,0.010485235027852747,0.010612912547240599
0.004107848240185524,0.009362181223344309,0.007650956517743641,0.011367361910884713
0.004720255927480534,0.011537691636296924,0.005758197777586318,0.01011408023518369
0.003943585014305951,0.007178594612679204,0.0048396314471902905,0.019196208056176556
0.003582065711993599,0.007565188420004462,0.008251358780986262,0.012652970089384768
0.005088961898983597,0.005492847921294171,0.00850526331048176,0.017037737366745003
0.005604310300896441,0.005014924198257715,0.008371585789312566,0.019453087266860927
0.005546045285974727,0.007490992207674222,0.009582917291756036,0.008829604518013831
0.00502548296458422,0.005843574970394352,0.00308701393373945,0.03395933453574164
0.006187021955352858,0.0061293906776527865,0.0022624270425806725,0.039888370538231924
0.0058979561116810145,0.007111629829614002,0.003412183892465515,0.018652686848610784
0.006069126356347131,0.004939307801914974,0.005415413755220337,0.0222839121843973
0.0066446612908840205,0.003698298726897783,0.00640475696793516,0.031702359429411034
0.006122231840039301,0.004432745450332806,0.006901230862744589,0.01702568952230967
0.005088935394548848,0.005286486760945093,0.005105298229100622,0.019949506904479147
0.004761262724686267,0.004750531676751105,0.004460421341771218,0.027940417002560308
0.005179355098271092,0.0044521487169554026,0.00855000264103139,0.015704014248719648
0.007236536892820223,0.0032333318494400273,0.011061330930455665,0.015329474532351759
0.007568604991789271,0.0029556355669247956,0.010417268889617744,0.02215640476562043
0.006836986267324092,0.0037788416376995414,0.009617034288053024,0.011752597031670439
0.005324136529695447,0.005617898245827158,0.004438810064610265,0.021352789049779518
0.005709003893082602,0.006211623243716904,0.0029071152202056715,0.029160464250702994
0.006201156635505902,0.006997872520185921,0.0045458358957669465,0.014546647366459808
0.006583442357037578,0.0041432759243700875,0.006494186618734795,0.021425046220309323
0.006781871275020839,0.0035915100673302447,0.006964284344905262,0.029258919111841176
0.0060197511909679535,0.005198907269633606,0.006780119070086922,0.014529167156646502
0.004720501228682496,0.006350677858167152,0.0038991153480386334,0.023165442370404462
0.0044006883836907205,0.005833716225800765,0.0035142171281838347,0.03203336086324611
0.003928093956941952,0.005215239251555671,0.005626425758980743,0.022693699761089748
0.006329579510961172,0.004152108335789238,0.01233377556450612,0.009080723000896705
0.006732889222452177,0.003405728207021913,0.011785154365381714,0.014007385768634162
0.006199051690789964,0.004433058901192057,0.011133339421100605,0.009320592941660629
0.0046294309081172215,0.006242014780728861,0.005070224231950954,0.019745078301245632
0.005271329782807972,0.007377460062983603,0.003685115637413506,0.021491794557119238
0.007047835021253709,0.010377320726837672,0.006222779835294076,0.010964920569176083
0.005196942196264133,0.005830578704729174,0.0063065600011305446,0.015586024782870762
0.0052860994209106595,0.006904519647978608,0.00873641713854091,0.01004089278308419
0.004180431389802984,0.005386434784159229,0.005517818972143436,0.02443149376701681
0.003851783436901675,0.0046336811849544335,0.006740763003384331,0.024669069763448917
0.004399313542524693,0.004109248925959647,0.013788686717287764,0.010371800299938661
0.004864751243484378,0.0025965653926966945,0.008384658652916526,0.03258351446991152
0.005417529993892697,0.002546895170188237,0.007241343284664208,0.048022695849745264
0.008865714723115203,0.002402579195085568,0.011619137432307159,0.09507344811510426
0.009187420363217602,0.002416398372787472,0.012923579647479852,0.1103305662005026
0.00530975130978862,0.002449422026438313,0.009568640027736375,0.09228610419315378
0.00402461634939756,0.0024076092036630094,0.012031603310264434,0.019130118730146216
0.008823737879782132,0.002374544057368252,0.010894397435628768,0.022511504800147054
0.006221295707121366,0.0028949950208111493,0.011098289863072958,0.036820154651338304
0.005456448901117035,0.0026049467240596715,0.013519879491920602,0.04611733582809907
0.006231785535795128,0.0014211408805453968,0.019134567972064878,0.03606945690242251
0.009980947990134242,0.00043310967436760656,0.029331388930789036,0.021277254080933138
0.01570302708658095,0.0012069991800551033,0.03917572900072609,0.009842917472568168
0.017837544408359395,0.001821163923362814,0.040021052567423984,0.006883075719199316
0.014771663871510977,0.0006838799774809629,0.031596338802401626,0.006887939920681954
0.009399581033464872,0.0018316048500642938,0.01622551278070794,0.008794726099727774
0.013395847845121699,0.015716453285774087,0.0030749191035182146,0.008809403010453408
0.014441427809085644,0.019546522136640414,0.002113144659990633,0.012863688200774534
0.012822824635022914,0.01945033424610978,0.0022312110460766346,0.015935303517969904
0.012690782471018498,0.019692799201303852,0.001969065234175048,0.008185847574353327
0.010403230062739665,0.009138093919353147,0.01286000081363537,0.0043720509931877444
0.011400911046841227,0.001549417170007536,0.022791341172518333,0.00553860893703752
0.012689072890997547,0.0008233626867898828,0.030745108729911257,0.004583672888912171
0.00754304023725721,0.00174307368122611,0.02440475502527134,0.010051767375020892
0.005462429667192633,0.0032490150790289167,0.02137031526688377,0.008790956096885825
0.0038700554262133834,0.0044404893289009765,0.011108180109664103,0.024171776495357802
0.0034320883745804324,0.006860012047075468,0.0063385456312647186,0.03371660717213848
0.0050225258021251926,0.010108009434875555,0.005798633744673851,0.016161460858029705
0.007889023002317785,0.00837338517355373,0.005348456995295428,0.021084936744124674
0.005605114866552269,0.008436164473277137,0.007575729714927558,0.013063732012532931
0.004654893621312429,0.005465358702887344,0.011206546612234565,0.01795865479790394
0.005854108870476153,0.003229381802200973,0.014082607807851885,0.01371931846544234
0.006137515217535143,0.003566129200305546,0.021550691954534185,0.003943387875564334
0.0050231533503766,0.005899191902505218,0.015571158074558972,0.005318198946958851
0.006853130369957549,0.008625643203936911,0.00759007677454395,0.01214446362724205
0.008173267508501643,0.012558248608855892,0.004809061508587792,0.008128071075421805
0.006957447058940823,0.008438569373159264,0.004074358236821035,0.022344127377009713
0.00550239106755946,0.007152485628677326,0.005008588325518414,0.024540033515863986
0.006949630104223941,0.009847090603500757,0.012231046130785746,0.003333018648000187
0.008044469043447492,0.005205345037419125,0.010177374139911646,0.024940090446793073
0.008210458052709575,0.0050731641697115415,0.010960402434431195,0.026987067979240748
0.006587873144449135,0.007443723218791608,0.013441234142941863,0.005354282860619269
0.003219153452702317,0.004434651523968179,0.0075973367009317455,0.03807641981939045
0.0034455727597777243,0.003892396327906223,0.00673934614659108,0.04825507438831615
0.003132937358639322,0.0029931313377548376,0.012956412424602808,0.03207023391280658
0.009233380603789733,0.0032358451172487357,0.028975023008118113,0.009086031344371198
0.014653451382946547,0.0040939572549466945,0.037465669605894814,0.004581453786390114
0.014762733320900126,0.0034249117300372226,0.0368674236984317,0.005273490094464848
0.010781194156955923,0.0021497853180541173,0.029177797671917388,0.007799541180425038
0.005836666798287725,0.002769846985346434,0.015544781059854837,0.017854652311695703
0.0060474121508169365,0.005153420355789969,0.009129444951641658,0.02302301698207819
0.013216951077370566,0.010462184211146431,0.009746050392777525,0.004202710442849762
0.013387804202138072,0.010047278769915412,0.00564992916794004,0.018802122622605506
0.014530541815390735,0.013142126602196418,0.003627000037334538,0.021834705187660976
0.015901919020052977,0.0201998047228475,0.0015213811055730514,0.0071581803286684485
0.007153337516334938,0.011689434510553617,0.002540747532613314,0.02946286708423874
0.00367929668334217,0.008145819094177553,0.004889685284603633,0.03951738397679829
0.0024756152455604457,0.005540714816239373,0.01288922713794459,0.02079878569154759
0.008141096039885852,0.00351223575312749,0.028270331987645347,0.004123435358218341
0.010201813797735744,0.003193698883732327,0.029245177833711757,0.009492436792277235
0.00922321423382555,0.0032595233631609755,0.02938061752819173,0.007122404761358211
0.0045748095371465,0.004162631407393934,0.02524286391412938,0.005426689783337948
0.0015911067193568192,0.008952639067980203,0.013125059022405948,0.011950890954010036
0.0050831180999209085,0.016116529560055912,0.007434713123632666,0.007365121020229891
0.0057675180420482764,0.01636965302274865,0.006448471159962054,0.008611679999624365
0.0035713821251420036,0.012624194277031374,0.008181220001786466,0.01015471430206118
0.0017184059210130318,0.010999807315553051,0.016151005900463963,0.005729846040976772
0.00412331976068873,0.005159125636594384,0.017468393542899696,0.012760347822950675
0.005163079055537993,0.003933197839119373,0.019932907066845217,0.011705855123428952
0.004186383540657788,0.004800599658212851,0.026539005340369685,0.003483708448362005
0.0018119744034194498,0.007307763509310434,0.015101986662522302,0.009939958297083286
0.0032811047087655857,0.012397071463643855,0.011192438848999483,0.005770937942757096
0.004037045262480281,0.012496909209942328,0.011901377513475427,0.0052718257852416165
0.0037740037070528865,0.009298804320782898,0.014281268574312448,0.006411250241701384
0.0038461555961467804,0.0062514156110963295,0.01693516816292361,0.006140565732092347
0.005727897989589844,0.0051656231000204895,0.020147564646548217,0.0030776830851011296
0.00581084248063925,0.006787712427059448,0.014265454225641568,0.0042582677315494595
0.007035944886400548,0.007540526605761124,0.008147153357307533,0.010332520401588222
0.008913657777581515,0.01086458715908317,0.008063815391340275,0.0060331438329395025
0.006756791450015901,0.006325096207484299,0.005426531799023258,0.027895230384174186
0.010908093397376264,0.003140684437946661,0.008601245534567623,0.07894473523589274
0.012080317664991439,0.0029227414949290517,0.009468075356095841,0.08183313792366334
0.009872311667796299,0.0027464011282446895,0.005317317040566712,0.08167700197764767
0.011164738327235505,0.0029044123234809017,0.0036414485257286328,0.018396997723640014
0.01219972923041692,0.001279771025197899,0.006043186536108771,0.031800029715728026
0.008287200719449925,0.0007266671966429389,0.012735067410439373,0.029385593431821178
0.009057590328515839,0.0002917503999650335,0.02071192553045341,0.03321498242740374
0.011723109880638351,0.00041822994964458356,0.02814879972345554,0.024682568141960858
0.01613624284536595,0.0019878993645659013,0.03488926415801154,0.015281770114417923
0.01952316559655731,0.0035510972508501337,0.03755923932937677,0.009869851401828089
0.02065062560151373,0.0033850454750401866,0.03545901292245019,0.005941983646589227
0.021785614644879294,0.0015215870922120833,0.03100386373280297,0.0033020119780977895
0.019347908198476056,0.0005303602517967678,0.013187339461388243,0.01190490000771252
0.027358774527640115,0.00525597014147858,0.001312860437326411,0.008289653770706912
0.02278910177199187,0.008867330756421187,0.0004957124014422826,0.015693981678626442
0.023049348359126438,0.011264592945684403,0.0007817123620168765,0.0133419336570741
0.019513481129120155,0.010734492223623373,0.0014891973243707243,0.010364314339770739
0.012397154500675842,0.00502398886385966,0.0065200846640769755,0.013010669911532047
0.010378209548978374,0.002377103406082323,0.017937653071020097,0.004903772322188112
0.0068703167104653224,0.002088532259385059,0.02038674969659842,0.011551620051077047
0.007084335683057004,0.0014731268444698625,0.025933275035915405,0.010240663143259792
0.009283009870505846,0.0009848628703836505,0.032414986080029504,0.003296368469596467
0.005992309236141295,0.0018067719347814848,0.02582886322379391,0.006324811541551449
0.0035430291068090612,0.005546560186252904,0.01722421221940214,0.006025019548017491
0.0032074314170883553,0.008306406940136662,0.009773191808559088,0.011527052739754323
0.004254901041563096,0.009002103947913238,0.010932941702248872,0.009584013953416473
0.002454090783872142,0.006482603764472285,0.013908225860395258,0.009606921383086832
0.003505664884885226,0.005306162323182123,0.020322450683671393,0.00469447125005435
0.004852699294440944,0.0037105123904286196,0.022489083375176952,0.004071570539518547
0.004200939605914862,0.004932332618941271,0.019684918952083907,0.004359732830264715
0.004355677767025722,0.006076503392501787,0.013238903475568702,0.006405669477741826
0.005308849028833047,0.008592016095887632,0.009318071772912242,0.006981973518371376
0.005688989405250543,0.008752066874452338,0.0076623668563690316,0.007925090100331217
0.0052560832645960785,0.006419318463373168,0.00967521206007561,0.00717353342817382
0.006407014145583739,0.0045699654895123955,0.015474664823704026,0.003112441811621078
0.005930181119732742,0.0037034709810551923,0.017481202955410387,0.0034079832122155354
0.006930748304092046,0.003903095842751389,0.014261701610551928,0.006006854197710355
0.0064256242813229905,0.00556018075648777,0.012333422342216582,0.003984407251529042
0.006954465756228837,0.006151890661626317,0.007442133747901953,0.007944247195001107
0.006859565634491711,0.006090478407268058,0.006586886345604338,0.008637510209360997
0.007387016189310094,0.006596484973476903,0.007201289095483844,0.0056863679150322985
0.005716093349953928,0.0035520618757330603,0.010778727242264183,0.008232328993662597
0.008269099451362737,0.003090482544096938,0.01566468586137479,0.0030492375924807335
0.008122896193890996,0.002795981281743327,0.01823210137926984,0.002094351094815306
0.007591827108007353,0.005357467106368636,0.009463132285317307,0.0037438109206011177
0.006502565347557589,0.005530831247544012,0.004603696498067858,0.01688850282133404
0.00697804696182833,0.009096615010804112,0.004766242388347959,0.011374424928623436
0.008699479615890677,0.006157583303069801,0.00644143165363731,0.026302554752062578
0.007329406453942047,0.006149520509905615,0.006483217925276799,0.01818925612613696
0.005088026915445503,0.0040137332549527675,0.005815833223935114,0.024138824501334966
0.0047736964313049995,0.0026796735976207624,0.007193354037208346,0.03026859876772271
0.004622765671463432,0.004241000854571501,0.015556213409691171,0.003086331382046362
0.01045153811000294,0.002864085221015128,0.014303057559545316,0.035075465791515444
0.011620246479333955,0.0031060194763604357,0.015191606021328236,0.041340034875080964
0.007912549328745138,0.004212414638858748,0.010984926200412793,0.01895851958230272
0.003861687702751858,0.0033483616632141856,0.0061975586615336435,0.031654031756440534
0.005022764300942977,0.002485083948230576,0.005223542027395634,0.057510107636836436
0.003133430271460368,0.002976166263637501,0.006799881424853128,0.03470250570960674
0.008259728740651697,0.004904877676142164,0.013462496422561306,0.0051493334033735185
0.009760674010338198,0.003930702882667562,0.014593416750843587,0.011115492404282829
0.008274708348928591,0.0051382454146424806,0.015992563267795655,0.0016942350239240872
0.0026779898023220152,0.003104811327561397,0.009457180783416477,0.02626681123706793
0.002816812519307817,0.0038959741453321022,0.010450949298859261,0.019182441398097848
0.008070132631064245,0.00412824937377859,0.013236013748352139,0.008409734739928659
0.008067477241890874,0.004163990216502977,0.012769343295500803,0.01094451948156538
0.003369641821918477,0.006786569609255981,0.011828476250857728,0.007411765027418231
0.0037897202278970536,0.00808179078372577,0.012067129328885168,0.004612121300796565
0.0077708367547020644,0.004863121484022741,0.011128762099551822,0.01667286061880368
0.0068818542909751925,0.005823522260854192,0.01043443778681488,0.012776967950391155
0.0027977690013658543,0.007053711161507341,0.008432868781668703,0.016424186323216423
0.002842488380143987,0.006207451179445322,0.008378329265193978,0.019720816840500723
0.005002220512587842,0.006906647358843294,0.012498814272697419,0.004542094106521611
0.004291612818872696,0.006889059586907372,0.015824784527380585,0.003056146183820216
0.002839086190777615,0.0061235833295279875,0.013669016053933466,0.006586440249469215
0.005497087589582168,0.004519758567965018,0.011108611600763756,0.010687514759040503
0.004009991592402157,0.006030604611008554,0.012701180800036259,0.00391255586783913
0.004963016443948615,0.002823988963084552,0.007770564256295403,0.040202755823336773
0.0049552905308907075,0.0022144178579312783,0.00838612473896802,0.04654225917899684
0.00355708965394525,0.002141401712574439,0.014871142289910443,0.010196017005032941
0.010737534438851677,0.001056398728436762,0.01464664697227085,0.03590297123043455
0.013924379706499042,0.0009314715657925918,0.018225984554086996,0.05310402906468596
0.012303000755298282,0.0007213336689458257,0.01577170806096526,0.04055419714762356
0.008379236623690337,0.0007243389035599675,0.014746040943208642,0.006322346936074297
0.005019355106833736,0.002211091306210568,0.010471454225892997,0.03883147210521046
0.005027770366036488,0.0034369901400370948,0.01307767909976925,0.025027878603636748
0.005603617231085066,0.003409912256062171,0.015844487868928343,0.027667573168217087
0.008052080617369449,0.002215808499495142,0.021979848173438496,0.023876047119155447
0.013708918358688699,0.0005371051684566908,0.03248473011125438,0.01441068318530773
0.022185893463694744,0.00026663039606396056,0.04363864628539683,0.004866302726439298
0.023458872110932127,0.0005413424259271368,0.040124343870793555,0.0024378713138747113
0.020089676487284564,3.129016007264339e-05,0.029210343923074287,0.005444667072357771
0.016339883090871133,0.0031547011411008187,0.011334780454303833,0.009296487349336632
0.021974127718908446,0.011736364968642509,0.003913920365928136,0.012500819512730832
0.021824257613983027,0.018121780751981873,0.002557645929378751,0.025549662755950137
0.02118771448014954,0.0253213216767578,4.0902256616935217e-05,0.022955468377849828
0.015129855813772538,0.016912754016318355,0.0056078243857852995,0.03361757103689796
0.014595899382145916,0.013493444904465149,0.003870386813123754,0.04743015136798035
0.009937143444889107,0.013149697043196644,0.004536731932200328,0.03048369838750293
0.0055427592966779205,0.015227224193732037,0.0038405240475926994,0.01824485666476482
0.002890040447159419,0.008555279992288401,0.01080280447574843,0.01849022696027696
0.0020423527770849323,0.005450639175831107,0.02637581758108458,0.0032192472552582236
0.00279530480737859,0.0019178099784125594,0.022557187467743565,0.02446490888265601
0.005272133809839319,0.0011758366682388692,0.02815972650510441,0.021665531263464086
0.010691398920367473,0.0014826726268872396,0.03878971380768558,0.004643086280011194
0.01015465483002277,0.002077085902607988,0.028628320214928796,0.012290322050933913
0.007911105186886931,0.0023278260876560004,0.02320799644981053,0.02204754338810204
0.003692269174360959,0.0049175910301908895,0.022047321256171492,0.012328492138580949
0.0016983908349528674,0.008329849647746718,0.012115748782467638,0.020168932978503074
0.004540661334720068,0.00957923146250848,0.0075136454774899835,0.03250569319644818
0.0032131846953039303,0.013249513358452711,0.008042752843611226,0.017052467319524835
0.003788775418762064,0.01346749085071952,0.007739357031073356,0.022370617510970664
0.004652908072804593,0.011925169515920748,0.009000339476558206,0.026888793209044047
0.0016093581796473007,0.014866906951851213,0.009867199951217334,0.008940567471680434
0.0009863184155719663,0.007861939081051329,0.009589554885411702,0.03249839187361696
0.0011947339842408877,0.005088912905095225,0.014310648057931162,0.034228499058500214
0.005920647058813194,0.0019706748020902214,0.028032465594946307,0.012742568343712683
0.015868185462381324,0.00016951946873612514,0.040834103529370676,0.00498182106837859
0.017027994197765985,0.0001616335529325588,0.03857487692691608,0.009944659047778113
0.015523636214304243,0.00017893087420283832,0.03801534582708245,0.0059626493582321735
0.00698196350062915,0.0030273892028841705,0.024939465759275675,0.007417943008688999
0.002829339747953307,0.007483139044418439,0.011615428920626067,0.017144855821893207
0.005024392495161389,0.013741360562237251,0.007007654179448801,0.00689697813458513
0.010181875069293819,0.011615192290159504,0.006458470012018821,0.018896553824453464
0.012120423431108146,0.012686380846798897,0.005727728828352185,0.027318015019088503
0.011274766009123471,0.016908331495927804,0.0017546783707612888,0.014262641694127661
0.007389965301403862,0.01254498196891924,0.002194644402824122,0.023106093542044938
0.006331435304381012,0.009162885397377975,0.0021989321239113077,0.03998157876469714
0.004103119269319291,0.008073391463158375,0.003494474591498137,0.027866549252568047
0.004319813904283789,0.007952933762856622,0.011022622578546578,0.004489526727702689
0.005086724134953209,0.004131609616334046,0.017125234053935595,0.006462142048780787
0.003807166334365421,0.0036188890742638894,0.023090777857164457,0.002964861861687226
0.0016743343155618655,0.005639962046248827,0.016854556568196254,0.003947414510638006
0.003352876466661435,0.007582198111453105,0.008160471109701712,0.014113153004698948
0.0039725025801805635,0.009579350680814717,0.005070785135110644,0.013951468506121617
0.006352442147860886,0.006763393572925198,0.0048105954100326805,0.01975094659202448
0.006735048370359534,0.0062257952879552735,0.004751651325875748,0.021520827586552806
0.003375149177218814,0.008660258866839719,0.006054952273586836,0.011360670946595033
0.0016697450191452082,0.008335816788111704,0.011524349865964258,0.006700630312285334
0.002321553365107439,0.004788888215956296,0.020151058918559547,0.008808768873238098
0.006325752029360873,0.0051333398627987515,0.028417297035607914,0.002357470419772486
0.006026389586355041,0.00406509512075754,0.01734040938575799,0.007998300365419347
0.005427090255824185,0.0044489826148522565,0.013854229212336156,0.004714973526627387
0.006130908124674549,0.004020129613364115,0.005507910079676777,0.01867060794246978
0.009262566970621123,0.005917887268790505,0.0028364147961428476,0.019028162518058195
0.01185043952374553,0.010593759159896628,0.0021110494820308374,0.008957426270160242
0.012126463661959646,0.010246848777333565,0.002456442410140696,0.0084004388996704
0.008422468633393526,0.005556477187021109,0.004855489724740914,0.013664899748305944
0.0067019225813862915,0.003505375418264631,0.011182496111257424,0.007560404127921243
0.007443971994642892,0.0012899470104064852,0.011503676181031073,0.013780453987789765
0.008142979467533588,0.0009354573964539274,0.013622985644111917,0.016490969986009598
0.007979321608070793,0.0007827796910470933,0.02120938065608583,0.004620233204669545
0.004484830473251042,0.0012904767255458637,0.015568376698556607,0.032598129941727956
0.004312852582436872,0.00212282526767409,0.01170160732686228,0.03925055252728872
0.004512860086047345,0.00310693954308365,0.01388018752730041,0.009917248094182728
0.0074419261130934215,0.001762073846424038,0.00855452549462897,0.030754321446490974
0.009884406092102675,0.0018124040629710493,0.010153555019103089,0.04846786883891465
0.008128807175191696,0.002892691835980575,0.007799093166526927,0.03609472097499796
0.006539276546628112,0.011600449860427,0.010734408663779038,0.002848312379410782
0.006011464842709482,0.00758451666501362,0.006079636042942791,0.023280791789736383
0.005770044355384749,0.007382479970158231,0.006710242284519356,0.018831574494124738
0.005864635067389095,0.007052596025305336,0.009098380459905252,0.005682726751995372
0.005541148933585888,0.0060093332700462965,0.01027992106523484,0.00523833166876044
0.004626070584861998,0.004928257380644311,0.009519173083586123,0.016703986787430295
0.004177461840217149,0.00422218513701344,0.011112130352102713,0.013868595863684044
0.00480667905327601,0.0029623985620047025,0.011802096300537496,0.007921083941213526
0.004701696229329674,0.0028062367598400205,0.01192331453222515,0.008201341616090641
0.0037838153123469563,0.003706956279487573,0.013270342604381497,0.009617950804408186
0.003940457971067399,0.004394361819703301,0.013969606277362708,0.0058841678128016064
0.005561797330637114,0.003104363499554821,0.008848551506499455,0.01798909993297628
0.005717314675510507,0.003456265971638813,0.008192471237071073,0.018683155995473894
0.005007170642743842,0.00678380345122578,0.011761713029962128,0.003779773105483645
0.00528723937623849,0.006970929981483561,0.010586089266160162,0.004313958430490882
0.005936400869691236,0.004460464340902304,0.007231821109850944,0.014851039036062361
0.005896604961364941,0.005236270073228482,0.008022035201929047,0.009256809321046139
0.004950852008317284,0.0038287908473206836,0.007109095736579107,0.018415661525141718
0.004689554180963108,0.003140169744070374,0.007247571614059667,0.022041207930763244
0.006115914754338831,0.005035070346276884,0.013406139823791872,0.002256770819405523
0.007108768766972945,0.0034184643184037703,0.008292233469241767,0.020470506975703122
0.006852775081910625,0.004020571006790242,0.007336891681234647,0.018396487093765228
0.005600543558371612,0.006069919071802381,0.007338469546642669,0.005452615144383489
0.0051103172506276875,0.005312012814025881,0.007009086925668937,0.006862891855892121
0.006410055847146795,0.004982779219035059,0.007829988663250203,0.009962971666386168
0.0061406715083177354,0.00536715576399046,0.009373269255985677,0.005058432900128023
0.003650398103763277,0.002620792006455391,0.007489756877032317,0.01999601969690129
0.003427946392233846,0.0023631268096021897,0.008266306574803896,0.021632323025665937
0.006748096875331594,0.005276358844387709,0.01511567106825817,0.0015851700940332856
0.006843446931695953,0.0053013017874005775,0.008798966574415925,0.007181775149800451
0.00612596025366394,0.0064588399014188155,0.00567250323173247,0.005995027866150991
0.006592985724545335,0.006586641516870292,0.005794495865847346,0.005172715700196519
0.004639042012310975,0.0030844383832324953,0.010860648756042608,0.008470314098958966
0.008969708769685667,0.003346494177966237,0.019133762961086757,0.0016639314808452696
0.009446357869553215,0.0029161964202215574,0.019772579031341296,0.0014332145661622305
0.006171594281255248,0.0026069388385757436,0.008458890600862957,0.008492634332133174
0.009159519848924371,0.0056575911260866515,0.003962720305890537,0.005825520996454541
0.00924355004575038,0.006685274181179523,0.003562543000754145,0.007680357889864715
0.008382325669259883,0.005082736428655834,0.005698089849197439,0.005062853353583394
0.005409980473596594,0.0014165253553451785,0.011478567309293197,0.010985603020209189
0.0075519064660581605,0.0011227304362114512,0.020294548777098236,0.0027549432889475605
0.007342765166763261,0.0011413975534023198,0.011416660511495407,0.015277274903697069
0.006687749279535425,0.0014087820892599537,0.009745756383282567,0.015385611478415486
0.00550902625355027,0.002806809634844841,0.010510410505615523,0.005883006612922877
0.005898380743812802,0.0045951699096243555,0.008266606047312735,0.005932529670154864
0.00611971170746792,0.003762038508619832,0.005760356557715283,0.021238827691459107
0.0058195064344119295,0.004651327343004875,0.005447323988913688,0.018460778947871993
0.005761399530389903,0.0047604874026119254,0.005520022625217016,0.012861659363238447
0.005637466485770348,0.004088911944232484,0.005761379770344134,0.015445269961247055
0.004399482823382438,0.004919642790368694,0.008424021056036795,0.0075749212723409485
0.004096990692558428,0.003751046865130877,0.012538088609987175,0.003912187699195555
0.0039053103227100795,0.0015851163122117876,0.012761352460231301,0.012228001121847248
0.004937873547078881,0.001090809504879145,0.01845447508670269,0.003257988968223377
0.007323306895422499,0.0013578688372178278,0.010651820439660504,0.024290002049840893
0.007804053283075918,0.0021517352379293317,0.009651343580263077,0.027199377931565894
0.0059584912274371115,0.0056972947202568545,0.006958711827258926,0.006341711818592094
0.0071441061714846875,0.0034665692765269047,0.003536129555353782,0.048916027006961925
0.007441746239113295,0.003444629103083326,0.003257334237375552,0.06301500659547023
0.004122151832915061,0.002103902802810488,0.008245610992884324,0.04361619284528161
0.006986429456490215,0.0004089803342771075,0.02334253873113151,0.02105875549178575
0.01598949474187959,0.0003533523816593339,0.0402985145984341,0.007700603093433217
0.02191841652278048,0.0011017698538718676,0.048769836487935814,0.004501291518068713
0.021969928562305483,0.0008324201622200549,0.04840244238027021,0.004689431636401601
0.015580818172125718,0.00038262303554839817,0.03709225164720368,0.007430719118599864
0.008128470296775018,0.0019242593550894936,0.021347115875123952,0.016592788782889882
0.005279415698803506,0.00436814088025416,0.011011837993895317,0.03126918615384466
0.006138785471061795,0.005523516007336181,0.007918867757698018,0.03078025748404457
0.015534280562725628,0.007005432978017748,0.012398144849145167,0.0023054833243687264
0.01423513443110651,0.006483008293581707,0.01000936107876404,0.014375040485196371
0.012546432222494177,0.009934411902994933,0.006284854615916995,0.010039789967591674
0.007177155118673231,0.013087237442783253,0.0020418475379080357,0.009841412819213234
0.00493929548391535,0.01022744413763387,0.0027590583091880215,0.016994874101850247
0.0038721819565608203,0.01145844085768341,0.006020601599231774,0.006334004522840569
0.005111416572031044,0.004697989980459915,0.011578808459650126,0.02064480630010056
0.005216080218967449,0.003433869452024521,0.01552323609025879,0.023308753480876916
0.0029777546578150563,0.0041159990352465665,0.0231596902382673,0.005235155525325384
0.0015384861911464712,0.0018195233694082496,0.015712838861473608,0.02768059814951902
0.002088461926225284,0.0013991110822009429,0.014340555426726267,0.041002856379770615
0.0019734923722561156,0.0019228979203701068,0.018954077873041292,0.02419089585581804
0.00485230080362208,0.004677642639449824,0.028960561657676222,0.0034353003862245277
0.00469540450740103,0.004217539279544293,0.021058703456627973,0.0143363555796135
0.0022168565140777315,0.004853623408818449,0.019130683012817905,0.008041659374003996
0.0014193849692379695,0.0038379635230532424,0.010113031210177799,0.01649747499489466
0.0032150410354079093,0.00457608165634158,0.006464503083684672,0.022236987730106562
0.0032461769650487826,0.008579552775108155,0.006799940797213513,0.008635568679736689
0.006002181371567228,0.005138033952858445,0.008016662209649306,0.02602862628818877
0.0073792595102310996,0.003910080607736963,0.009769742472840896,0.029813247835311855
0.006546007547217118,0.004078438119600251,0.010061625961837897,0.011447838282659452
0.0034571567338868812,0.0029086274910993773,0.007636884543472054,0.01998538576663058
0.003281218979234788,0.0020757938720081227,0.007642315824139361,0.033217937497062644
0.004663402838506121,0.0014632855685617254,0.0122358256505285,0.01783857362036538
0.011056382542998297,0.0007853896852501631,0.020433627768647118,0.004465000010269361
0.011460335142309057,0.0007665297128307254,0.01825550029179216,0.010808224728097674
0.010990943311703777,0.0014451111116868174,0.016776066594815668,0.003332445055413387
0.005298134103472425,0.0029951335841455528,0.006008348189992177,0.021148629983813002
0.0057543220785216355,0.0039005100928115404,0.00320317986372984,0.030029645146269508
0.007386574291805473,0.005853406608549041,0.0029005301694059985,0.011549565794803688
0.009223172593460857,0.005256972381821714,0.005433737411454161,0.020220758982372716
0.008959146816597192,0.0044397333771822554,0.0070421680208273395,0.029982744421167683
0.006808564263235919,0.005227948804887377,0.00563320686186509,0.01578234580414537
0.004370659990339345,0.0036769288713278474,0.005032632688296651,0.017837837360589488
0.003713830424348932,0.002323283417933876,0.005834119309047234,0.03076672524814806
0.0022187915027604005,0.0024536084343504887,0.009706785742745942,0.014346077072941998
0.004585544340890453,0.0035532078118446775,0.014794909412253279,0.011409035110569
0.005726740887475277,0.0033139130935060006,0.01528112238596363,0.019254756254942558
0.004375556630044196,0.003690354934042278,0.017591650815592087,0.006844774251515593
0.0018877262881830574,0.0019100984558242684,0.011887186547506057,0.017906393261164933
0.0023045866978141974,0.0016790381277285566,0.00906896324211253,0.026899274872779173
0.002334731939556955,0.002843269259017356,0.010815323271203606,0.00901037413845435
0.006110047406432444,0.0033840012990474476,0.010832926257359918,0.02102477005042959
0.007781587667183426,0.0031186684739302013,0.010795081053807993,0.031669122082583184
0.007027288319011566,0.0036552491394681768,0.00873628585575456,0.019360788080293106
0.005034375961805663,0.004191503935365804,0.005881988203577707,0.009077682438140111
0.004612297071819219,0.0032744980372305106,0.004985708635188748,0.017672555874424956
0.006056837987720995,0.004130704585115023,0.007833131646499701,0.005613235749260285
0.008452412271567414,0.0029861964920371814,0.010307380531316666,0.019479107483488526
0.008903966197930694,0.002745131022842972,0.011457195072344351,0.024782893501074505
0.007491705596667353,0.003201945229832025,0.0109708665668226,0.008936874357755167
0.0035210672035944136,0.0020235896538054665,0.006806812597909117,0.020816351869814564
0.0032728899011632267,0.0015760803132803729,0.006090564368115838,0.035232649442549155
0.0031464583109145077,0.0017862963916017612,0.008152115650195522,0.019825628754576188
0.006763530944403032,0.003052835090660814,0.013965032035545524,0.005271025936643977
0.007258965094641935,0.003055587075563782,0.012914281016747525,0.011774520503318878
0.0059214397326906336,0.0037777034952931315,0.011653960332813185,0.003421959888379837
0.003654539614452212,0.002176950323940598,0.0052441972367133285,0.02651628267516192
0.004456545142737445,0.0021609931669756863,0.004200866168128914,0.036014842041734725
0.004194158692255235,0.0031550724305708885,0.004850299108608169,0.016315198338121277
0.006160165477294063,0.00428275216017494,0.007770239374162991,0.014822363830766617
0.006976378711800187,0.003652918932305051,0.00939258555446691,0.023860481519034863
0.005586093389609584,0.0039533356674271896,0.009246448133370198,0.01116258846305826
0.0030887595056626835,0.0021930423724794233,0.007201150883299131,0.016709746560876416
0.002951969417964147,0.0015467783762271555,0.007231835386336961,0.02658510688408832
0.0030968154707209164,0.0020481827438031917,0.010966703667250855,0.010098470543525254
0.006969279164788363,0.002635331213774425,0.013565060786450424,0.01470611471077014
0.008140151860058292,0.0023977818542265184,0.013737896985693339,0.023962955773030165
0.007178833848800318,0.002525067756580763,0.01280101083369674,0.011915513723611087
0.003873796136417279,0.002005456104470859,0.008713277112274011,0.011730376535570203
0.0038219525944479214,0.0019005304815980619,0.006379511050943474,0.020478824379247435
0.005393097144611054,0.0030868394113091253,0.007945615342513162,0.006687461794649956
0.008281731131694363,0.0030532357640415974,0.009578683160463473,0.01985606975091541
0.008909660372524766,0.0030181267487947618,0.010201241496953648,0.027403155275264712
0.007548704964699331,0.003614539220720282,0.008402839657090013,0.01358860428460654
0.004221444697323106,0.0027366020178563486,0.005444371204808196,0.015319576172452203
0.003679107836949913,0.001967699870633452,0.005301146335757704,0.02738085483203816
0.0033598957108454865,0.0022949790951763433,0.007754554120782433,0.013066525719364841
0.006621956973865711,0.0030169811462532545,0.012548743338311795,0.010669759892521329
0.00733588751955538,0.0028275539571926403,0.01349774516005096,0.017470564590754002
0.005843127535644893,0.0031787817655700027,0.013805884143827166,0.005638875867129921
0.0026212751813404008,0.0017433627650202026,0.00771091577108466,0.021421401481832983
0.0029254186386397873,0.0015551226440222922,0.006238561747027144,0.03278567121950438
0.0029081374606880223,0.0022025330674930064,0.007392274055088628,0.016061600095476726
0.006306771256854121,0.00345702052967623,0.01115230436078588,0.010115360438944964
0.007216956541988974,0.0031502499289573424,0.011305838484430012,0.017841340295787204
0.0060662444710152036,0.0036057650762693224,0.010395263132854726,0.006857478922581245
0.0032718477202866316,0.002117288520943132,0.0060513521985095554,0.021059431145577144
0.0033780276163488457,0.0017447822792358235,0.005418098628790838,0.032238505666762764
0.003286536942394117,0.0021681097868566195,0.007094214711058611,0.015801096306731023
0.006865222223855726,0.0030657624767542165,0.011843378464778924,0.009475764463472433
0.007633372947956672,0.002735518040150782,0.012391725741780362,0.016795358814738585
0.0064727857426033686,0.0030460374482072154,0.012152311075405233,0.0059296331170563595
0.003162235272996797,0.001806193868337319,0.006843722523687177,0.020792451937807165
0.003293279982759028,0.001587048389062032,0.00581462528592754,0.03160958529858637
0.0033654214814102085,0.0020887584535219457,0.007258368142793887,0.015185491247247693
0.0067694969681737,0.003044310856059513,0.01129102564584553,0.010356998064402125
0.00744713946865995,0.0027759395327132674,0.011632862801093555,0.0181386265217067
0.006254113187861103,0.003156613321332513,0.01114991481919091,0.007067054229539437
0.00324774799881758,0.00187417025876635,0.006692256091290542,0.019684591645504637
0.0033358216284035485,0.0015771444199819814,0.005901522854646878,0.03038631652753101
0.0032715575740193833,0.0020371509168791925,0.007576179762493239,0.014349561497162322
0.006466670669588322,0.0029346182552114895,0.011511760591051818,0.010974242235114515
0.007221051495644781,0.0026644410113426816,0.011918732668536968,0.018816342847321012
0.006031724650742168,0.0029572045008549553,0.011627597193511557,0.0073821055717203776
0.003173021570850837,0.00175386446143189,0.007194921121583802,0.018705761704073176
0.003306783304451643,0.0015008470845508945,0.00620989248928633,0.029101477831707655
0.0033738677571673956,0.00199068047115698,0.007831972883261337,0.013316583725089351
0.0066037982697362005,0.002796186888183282,0.011295147896600844,0.011961524247721246
0.007390306878596114,0.0025485919434586226,0.011666344602960612,0.020012906859454782
0.006315412433312691,0.002850159436486129,0.011293075293515134,0.008343302658341862
0.0033545361435871855,0.0017740390276632365,0.007209299992061205,0.01745621451664996
0.0033900050846747327,0.0015061494272066783,0.006280524330730883,0.027716565118038338
0.003522409610376835,0.0019691149559020863,0.008049728852247466,0.012391091885763013
0.006739623110486481,0.0026389033227978104,0.011365138715998086,0.012521557867710021
0.007449528118801921,0.0024150835520834316,0.011754385418460042,0.020470222325320427
0.006375149686331741,0.0027295103195422213,0.011534072283447029,0.008716796962018146
0.003302576271397819,0.0017414334579402345,0.007503666612816838,0.016824240247082792
0.0033119422834149794,0.0014868865504236413,0.006505300057418931,0.027047246094287873
0.00344162959626814,0.001962445056289274,0.00830507610932781,0.011964726777067607
0.006634267844311458,0.002609407063388581,0.011428233234489152,0.012881345370862263
0.007310100051645015,0.0023843143996927166,0.0117050490289443,0.020695002693542037
0.006250196974879341,0.002731202657202627,0.011571254907446493,0.008994799800541707
0.0032096734694782706,0.0017565877133275962,0.007632040387961529,0.016588575296551382
0.003233760190698265,0.001492005593974177,0.006636032116844794,0.02683512212277161
0.0033420960344656904,0.0019580473655793538,0.008478253750283965,0.011862379862289432
0.006581066072453078,0.0025666490381745653,0.011571056527113977,0.012853457897956768
0.007252790598605047,0.0023227559316395603,0.01176741156476489,0.020465599570056205
0.006236118825117417,0.002675869759251026,0.01174376783328315,0.008865950008924168
0.003158509853216664,0.0017386777732091472,0.007754818139702864,0.016668695881928375
0.0031929234632446786,0.001484941618764865,0.006727212102003626,0.02696282862256103
0.003321648947042201,0.0019348395563326486,0.008559172831780228,0.01197579357331715
0.006635251882930404,0.0025118328853684186,0.011663353356396764,0.012632064463020213
0.007262398269656731,0.0022588972038328067,0.011760013936219437,0.020094165132695425
0.00628576823519776,0.0026343148394343163,0.011815548947435087,0.008661878282683996
0.0031497770601001326,0.0017246155555546822,0.007765905282230862,0.016927723249750566
0.003187126359268952,0.0014769489687772024,0.006751349530087903,0.02729516177345221
0.003291967260045841,0.0019036558421806817,0.008567331620082868,0.01224374952640295
0.006595920409245265,0.002467925700730264,0.011693151108825564,0.012326625857018159
0.007189602867113725,0.0022087255918452862,0.011735261721657377,0.01969627487961876
0.006228038131155004,0.0025934672182885876,0.011905296397345267,0.008401384391740754
0.0031165104690811323,0.0016796351481617455,0.007810467786390658,0.017282683736534417
0.003180649999686763,0.0014419849854876991,0.006802167100925261,0.02768670796899725
0.0032521831095980863,0.0018484622578955007,0.008585461269453852,0.012527005947622103
0.0065026949330602496,0.0024153385237806156,0.011645461751598151,0.012068149350054815
0.007109348878312961,0.002159820069510588,0.011657226898920575,0.019455359072748122
0.00617330296279195,0.0025378972561090818,0.011869980410038755,0.008244100250214867
0.0031391146123078335,0.0016337404806022872,0.007812308112797581,0.017466436348960883
0.0032223225341429453,0.001407835238812785,0.006811942483884222,0.02783739546620369
0.003287089786417081,0.001796895114572276,0.00856123359528097,0.012624217253874675
0.006474656817906748,0.0023533173846849143,0.011524739046035643,0.012007331796590772
0.0070782474733086485,0.0021044534347972386,0.01153558728018501,0.01943251598420597
0.006169137060139476,0.0024687568401517766,0.011777767554829401,0.008236026721106779
0.0031909301500066428,0.0015868066934788094,0.007822654387852096,0.017430548285471203
0.003271138864165279,0.0013705995942160285,0.006834934688686791,0.027735772066600523
0.0033336442002558525,0.0017453001395290656,0.00857419855638076,0.0125503067698674
0.006438034353203575,0.00229249499390374,0.01140497360966193,0.012090185010197166
0.007032996077776722,0.002057566968198506,0.011416404840868002,0.019570059796668128
0.006135172823937659,0.0024103955655511234,0.011676632043001487,0.008351439985118479
0.0032259674568821876,0.0015503992813174123,0.007852412344956004,0.01723595211390925
0.0033029424387651246,0.0013419595407749285,0.006867984105253652,0.027455666112356114
0.003360460168103314,0.001712300835707464,0.008602285345789584,0.012362217803587941
0.006380994361592725,0.0022526779385875217,0.011286226638884927,0.012281657021470918
0.0069739956729797424,0.0020276560289184207,0.011301385987471532,0.01978732104567634
0.006087962998811714,0.0023718689450463746,0.011585866794035764,0.008529636950001878
0.0032405272360810284,0.0015283743674142276,0.007895288809423601,0.01697681786831396
0.0033101600548986958,0.001322924900341422,0.0069106688067491675,0.02710973428804611
0.003370699204270895,0.0016910347382484382,0.008656989457170921,0.012151085627039131
0.006336182588977291,0.002219107963076867,0.01121200490632223,0.012438212160742049
0.006931170728841518,0.00200340340227895,0.01122463898702062,0.019944577974476258
0.006060466213631898,0.002345934479462808,0.011534801473953065,0.00867694345068144
0.0032422658308982385,0.0015209923706837212,0.007929732332124947,0.016749868735951138
0.0033025024549484037,0.0013171636481332436,0.006934379214144189,0.026802128929193113
0.003368820897289217,0.0016866652333630127,0.008689183275255636,0.011991734069736987
0.006211303643976082,0.0022571657544433305,0.011219519531120957,0.011213294026364081
0.006717629943361606,0.002043526729137151,0.01102921117989098,0.018261515982557434
0.005841847157808763,0.002392758422572145,0.011275210271067924,0.00773583182667265
0.003267840795888917,0.0015675841986042304,0.0077955151283467285,0.016383149343243343
0.003350435872064709,0.0013629298705224032,0.006833425293621746,0.02585835338032086
0.003369275068451754,0.001737515162576904,0.008418648761055702,0.011972526378319092
0.006056402459774706,0.002331585500278408,0.010915089240466705,0.011484485878452928
0.006535056931173258,0.002071873366258133,0.010798289000745498,0.018349873940473986
0.005642656276650538,0.0023751098043456437,0.011192575377770821,0.007661400787153212
0.003224183030924955,0.0014785742419085783,0.007898483504202952,0.016618826589542786
0.003323341946462983,0.0012646796139686384,0.006998608465273079,0.026179725288517704
0.003332568411307987,0.0015960101364956623,0.008628344841489687,0.01219903069236665
0.006027518103265957,0.0022066125172833764,0.011036266902885172,0.011085500568493768
0.006570533316257727,0.0019888538964271487,0.010814020298732923,0.018110264678657072
0.0057649337308994285,0.002290327804124178,0.011120525459167346,0.0075406427905490795
0.0033671209305761534,0.0014522471023490431,0.007745085632476149,0.016595066827210903
0.0034739457859341606,0.0012687684755693283,0.0067812267132753516,0.026012032578355916
0.0035264105075941514,0.001622529430451689,0.008279417765658924,0.012090528763673895
0.006147788972928298,0.002232580744553162,0.010617047840431534,0.011396895291902054
0.006594278368343536,0.0019928878694927014,0.01049485495906,0.018330286923610925
0.005769799612960705,0.0022746452197771015,0.01089531766245576,0.007634289966565726
0.0033801508241202744,0.0013971978868028909,0.00777913315383221,0.016581709162824608
0.0034479660267825916,0.0011964033061956734,0.006929272735614939,0.02606938491619456
0.003446110596309253,0.0015148035006804135,0.008527268989694236,0.012126574894918401
0.006002007448687954,0.002145937797945589,0.01078433502406853,0.01118411744834223
0.00649655474625561,0.00194778942171109,0.010578319597394381,0.018254164512874864
0.005692806773693737,0.0022325562552291166,0.01095272065494984,0.007648354808083261
0.00338921929747581,0.0013849766648600956,0.007768890427799379,0.0163920753524446
0.003495840835749731,0.0012107552375238174,0.006831116706877449,0.025731907175471875
0.003522167592462895,0.001568570639368777,0.00830846064347517,0.011867660299217302
0.006039285319739209,0.0022050422247263625,0.01044628368893272,0.011623409304067342
0.006496806151642162,0.001978516198105242,0.010314322519993261,0.018577461990318466
0.005712003465561766,0.0022557355314534702,0.010765476088058959,0.00787475904489256
0.003379913337274842,0.00137452510181362,0.007807262275679374,0.016193687922600484
0.0034377992082888927,0.0011755936961868427,0.006959878323848283,0.02555567927254248
0.0034557442070901182,0.0015038637646053827,0.008562459548611703,0.011778431916644702
0.005985612080484439,0.0021257774312480964,0.010645909586036787,0.011405637846734196
0.006477834360703884,0.001935582276511658,0.010447973448391091,0.018439911611245113
0.00571256116664938,0.002229285090579217,0.010884561796057478,0.00787421624775439
0.003366875683894929,0.001386754279029449,0.007802489503105848,0.01601254535491928
0.0034477946200597766,0.001208011102428362,0.006864751258034746,0.025262514530183588
0.0034859535842183278,0.0015751553400245053,0.008363173725859756,0.011592259000501216
0.005982329763640199,0.0022035349739133255,0.010378780346265108,0.011736932195635522
0.006429727620043492,0.0019826593520669675,0.010237627422034754,0.01861797217626008
0.0056538886462477326,0.0022752684761621145,0.010762678725161134,0.008005931781886563
0.0033049971673060475,0.001380352596112419,0.007851584140639583,0.0159846118504409
0.003363138888158675,0.001174923511992932,0.007001463415574434,0.025305890440823025
0.0033745670567018105,0.001511207102796575,0.008605023559090777,0.01165793630301149
0.00589103280581752,0.0021369613910319826,0.010593255118578213,0.01141166990172975
0.006390194714968464,0.0019437369272577794,0.010370239569206383,0.018351458317544613
0.0056490189064625955,0.0022478206912723724,0.010880822447135945,0.007899269840410316
0.00330388445394387,0.0013837235351905368,0.007816661010292252,0.015962361429964107
0.0033907247265847497,0.0011984328047659665,0.00687785431384446,0.025177198990376664
0.0034331855086535217,0.0015653687768433049,0.00836981265359834,0.011590919182865035
0.005931989596313532,0.0021951377869157715,0.01032267940235643,0.011625706142323392
0.006380243694858491,0.001972897948151151,0.010155985893838038,0.01843429696047985
0.005634281954257077,0.002269563718681275,0.010742664277010101,0.007949713760863706
0.003277437040928218,0.0013601237480374473,0.007836020210904428,0.016015834693870586
0.003339433077211009,0.0011530338595932576,0.006987669039999653,0.02529665754871598
0.00335228832407837,0.0014861808907552117,0.008568755704904504,0.011699067943505077
0.005844537364750134,0.0021207126098378368,0.010490708394686552,0.011322636462905824
0.0063326395345010235,0.001928460142726686,0.010247615793682998,0.018215084453076173
0.005604012390605353,0.002226184482551334,0.010794662847882917,0.007848500717573854
0.0032916408126595566,0.001347704402053027,0.0077947682496722175,0.01598827748083068
0.003384529611633056,0.0011619513690636918,0.006871652283776158,0.025162008672667536
0.003420121529180036,0.0015226100438449637,0.008340762623782907,0.011605321430771837
0.005875507711865795,0.002166589433311675,0.010206187193480425,0.011589235312909316
0.006319457781856265,0.001949417422777917,0.010023395748881404,0.018381260680756177
0.005586984607342408,0.002231953343466346,0.010628536276033617,0.007946781205667714
0.0032820595465457587,0.0013166007049222911,0.007818514344049851,0.015955487219717825
0.0033484668893705625,0.0011130197595574421,0.0069814240014309525,0.02517155498958216
0.003362962764592124,0.0014433873934189259,0.008535344995462431,0.011622924722734369
0.005808905401170408,0.0020884999547757252,0.010343002677816869,0.01138462325089476
0.006289720251312939,0.001903602272883119,0.010094508939007108,0.01826995408476121
0.005578619008918918,0.0021886527413642384,0.010655298433141783,0.007929220098592035
0.0033036348513066833,0.001308393877458824,0.007779557037008656,0.01582775655084692
0.0033906865358963195,0.001124319167169423,0.006873068435277608,0.0249307134978749
0.0034278276720034993,0.0014827750617312026,0.008330035187830001,0.011459948956384412
0.005835053508947411,0.0021336972121440414,0.010077315286592238,0.011694582765279297
0.006271407284846081,0.0019266815182115505,0.009893329006195294,0.018474445936980406
0.005548326204997876,0.002199700238252779,0.01051527138956662,0.00806200794533347
0.0032755236998092403,0.001284769369787143,0.007821557433429344,0.0157498788630526
0.003337777598861126,0.001083137067426439,0.00699314226753079,0.024895317130558186
0.00335282529175965,0.0014160512652495096,0.008535074445573318,0.011451578950360957
0.005758964600034087,0.002067560119685831,0.010222860218527505,0.011510391612924886
0.006236279975283626,0.001889745733926692,0.00997195497974423,0.01836303608935775
0.005534195765961457,0.00216911408392807,0.010550930057032566,0.008050459803736889
0.0032829313503512487,0.0012861029154298687,0.007783286156732058,0.015633253447418234
0.0033643937661943265,0.0011006622193489367,0.006886465760373444,0.02467569982829223
0.003402687480579028,0.0014601674959073135,0.008341243524678823,0.011317968690294937
0.00578313305106673,0.002112946619924642,0.009989988766618949,0.011759332259306267
0.006220223012255807,0.0019130487086647554,0.009802098819341997,0.018497256204244725
0.005502750248710077,0.00218212371836738,0.010442964939310372,0.008135437661400905
0.0032447358597153075,0.0012660820841184548,0.007824955964621752,0.015607834838495229
0.0033053417391170088,0.0010638915744090672,0.006998432857848732,0.024696363496683048
0.0033214750112661932,0.00139893645242914,0.008530566047039908,0.011354428578996162
0.005707466872101527,0.00205435726052209,0.010135426012348011,0.011550064971154532
0.006181688206085609,0.0018797944481404147,0.009875717198239141,0.018346318276573244
0.005483243796481188,0.0021552525207420544,0.01047436362476288,0.008092436482899139
0.003249543853509184,0.0012664182659513266,0.0077786409880589305,0.015548932775948491
0.0033396293171445318,0.001076590504560952,0.006901067150159267,0.024394905717047895
0.0033343429903408585,0.0014081708569052575,0.008258349786953398,0.011840096301879875
0.0055765492995545575,0.002171987137517192,0.010183978513215765,0.009819475276246476
0.005916556027045959,0.00196799404266354,0.00969481228423118,0.016000251737382724
0.005270477466598373,0.002241953730872032,0.010328629806829564,0.006810577962820409
0.003312270874371899,0.0012798362789376407,0.007543129348964676,0.015641168189649952
0.0034299297275233766,0.0010861716527900678,0.00675230926109305,0.024050892467078002
0.0033766285724522276,0.0014209604982247485,0.00806283349267537,0.011603483089460173
0.005455103444559318,0.002195288198747395,0.009886295375344595,0.010262802642124357
0.0057857758005392,0.001957743863480504,0.009505625399575115,0.016362920981612832
0.00514022757762644,0.0021655640829304212,0.010260883282152668,0.0069269505616657845
0.003327347772489941,0.001173839511070151,0.007685532363714248,0.015513962375615786
0.003456520908164111,0.0009828780800711296,0.006908015687542718,0.023921350761060875
0.0034438012085117697,0.0012956431898463504,0.008225654006427776,0.011465266413598615
0.0055434112085068305,0.0020617017197912587,0.009835511539438228,0.010273797358125955
0.005917642128356039,0.0018745896082151784,0.009394201145468987,0.016565974631146993
0.005363702855512142,0.0020850781566295958,0.010011825842908606,0.007121921916537139
0.0035078071894289165,0.0011524017483486402,0.007532611907923703,0.015146463492390955
0.0036053732451115975,0.0009771496848439696,0.006748537866959696,0.02345108366286766
0.0036166558445595615,0.0013057173445993149,0.008012838202193851,0.011109159940269241
0.005626807118161838,0.002065257049235437,0.009509233726955273,0.010731625485635412
0.005916440217981691,0.0018735196865806347,0.009194770538561482,0.016980041869948163
0.005309537923732929,0.0020683460914754127,0.00990445607825226,0.007375148381889805
0.003460658724261418,0.0011136374791192482,0.007665726387981039,0.014854111533177849
0.003527511489811938,0.000928016795088988,0.006925499937080323,0.023130964224545768
0.0035119953270586935,0.0012545734186979892,0.008272351847686817,0.0108815859612763
0.005496993952859154,0.0020241629359454972,0.009608195334629168,0.010817897801444997
0.005856196121434953,0.00186258212082286,0.009229780036875308,0.01715314937748184
0.005284601834616931,0.0020747966592550545,0.009875106472307646,0.007597846202010603
0.0034546300055137372,0.0011403814605419431,0.007645070365469915,0.014492280958894021
0.003530354736330543,0.0009609346860183428,0.00685345530799699,0.022676880873717668
0.003555056749181969,0.001315475544440765,0.008155330159254157,0.010563261582528462
0.005560382174388815,0.002064835672181407,0.009419079261704079,0.011133644369120246
0.005892734174089501,0.0018858023720155805,0.009131231489713652,0.017351985137399023
0.0053041582811400615,0.0020990447111544313,0.009839815584548264,0.007764654085639337
0.0033871051860333034,0.0011479295838934364,0.00773437299419792,0.01429612549405238
0.0034276675193528876,0.0009509896933860295,0.006983252117649544,0.022496651121324894
0.0034433208886859496,0.001297942665466044,0.008372587934109188,0.010465245578856905
0.005476593440086316,0.002041678576311632,0.009572554807236238,0.011033227639399085
0.0058428184749427835,0.0018821332823134613,0.009220942321786628,0.01726836171416539
0.005251465244370813,0.0021152262382110537,0.009891751464616731,0.007802894977347305
0.003334036745884493,0.001174070019534808,0.007725635781198668,0.014193507679325038
0.0033981809893717054,0.0009798913348647712,0.006926759505902902,0.022364502059624043
0.0034238496888897084,0.0013479666351744381,0.008262143162277982,0.010388204228954206
0.0054400398798262065,0.0020793329949074946,0.00940132793369552,0.011110780974146703
0.00581786511494969,0.0019057114143035936,0.009139451842255541,0.017275497879070876
0.005212220914939995,0.0021298173812758165,0.009864971947992938,0.007810468901312738
0.00327740203020262,0.0011606552066573594,0.007781356047200238,0.014235413056585955
0.003334720032933173,0.0009529250052456268,0.007020235162609386,0.022447049544931312
0.003355971520693838,0.0013032385123230245,0.008405612832588056,0.010460773516474783
0.005409283357360392,0.0020339282511880608,0.009514021821666562,0.010920856631554333
0.005809571194810498,0.0018752598729856026,0.009181863230304472,0.017104515798956534
0.005222749198994805,0.002104460890142711,0.009861554459277447,0.007746705161540884
0.0032909827986528357,0.0011547556971505963,0.007729742119155543,0.014255171017200127
0.0033639537143716584,0.0009561299656383383,0.006938165325285997,0.02243979188075233
0.0033935613148080687,0.0013168811448238255,0.008260146913491053,0.01044973632821869
0.00540626924227981,0.0020427495426628096,0.00932209621198058,0.010997229755710646
0.005791542079416551,0.001875889807850612,0.00906619461393423,0.017148174676857603
0.00518498436720066,0.0020887506660953814,0.009789692757504886,0.0077664902364384765
0.003267388651511193,0.00111934514101979,0.0077760886496651815,0.014279942405288598
0.003334094062231667,0.000913731644808686,0.007023995892477198,0.022474546024395296
0.003351139606637051,0.0012588366199943186,0.008384150966898532,0.010470335191377796
0.005366978006641379,0.001991012513717226,0.009379394580522383,0.010934919278039044
0.005774580165286101,0.001840935272286442,0.009063949480272327,0.017127694243135237
0.005193649812618397,0.002054229490980435,0.009740502081783621,0.007804070252550815
0.003299010998210235,0.0011067913948335445,0.007733361915392435,0.014184659739901156
0.00337386496022507,0.0009108171830030722,0.006956413545714645,0.02232248408254264
0.0034064935680359633,0.0012666176307134513,0.008267565558520217,0.010350676411131712
0.005382111603268155,0.001989016715508115,0.009190226957020235,0.01110492278374976
0.00577555231696314,0.0018364638212409671,0.008952087528983335,0.017282846724283915
0.005180081458817335,0.0020377362209500027,0.009663301808881208,0.00792077255670837
0.00328125262250171,0.0010815356242420977,0.007787012160213389,0.014070070003827918
0.003340290569763713,0.0008795083610656599,0.007042296503251628,0.022191717127592263
0.0033645640934280405,0.0012266914358056112,0.0083982022542773,0.010260625813457463
0.005336509272386873,0.0019498108052045978,0.009230396536907513,0.011137424805451324
0.005752437184934517,0.0018142953042650893,0.008952760428015008,0.01735081680675818
0.005172384207764054,0.002021325870334676,0.00962720073654658,0.00803516687656485
0.0032856634426996927,0.0010827353906612083,0.0077689360797639105,0.013897924950873549
0.0033490657173793938,0.0008857144333824906,0.0070002123815403865,0.021964211317726044
0.0033866287214187156,0.0012454713154780813,0.00832626568065265,0.01010471065639017
0.005330411906423586,0.0019556469220777207,0.009087924450518587,0.011302886363331193
0.005743910909405992,0.0018179325987969443,0.008877575972916845,0.01748958946195529
0.005149580009692703,0.0020186199370161692,0.009584400181089203,0.008155327620187013
0.0032498176752415037,0.0010714846229263866,0.00782376716987409,0.013780778286498294
0.003301749069267125,0.0008674072039504196,0.0070769027939865115,0.021838478903808307
0.0033347449401031717,0.0012211823314296389,0.008442672409150904,0.010031210896946047
0.005286192889630017,0.0019285824078435197,0.009128759040567914,0.011304295877087889
0.005722045061102496,0.0018037559677325386,0.008886999287101401,0.017503943477948473
0.005138394337468797,0.0020111911850419573,0.009566300889302156,0.00822786316981167
0.0032405625830801907,0.0010763925920107375,0.007805861250156788,0.013676468485116559
0.0032975062801932735,0.0008746560267647754,0.007039610043610128,0.021699539592103086
0.0033386035765973795,0.0012370633834940011,0.00838169542248491,0.009948844306784905
0.0052702404630751605,0.0019336697835426963,0.009024620493952402,0.011386772656942015
0.005704406071655095,0.0018057722796283432,0.00883202079265636,0.01755326690491618
0.0051058615731675696,0.0020065847223669593,0.009540119663622655,0.008279518749494962
0.003204405546200779,0.0010630006088013456,0.007846441512874967,0.013642924673187373
0.0032585413527981316,0.0008563138108996644,0.007097008511625116,0.021668316201264394
0.003293306229329898,0.0012117352490020488,0.00846190518102138,0.009940167063893854
0.00523060916519356,0.0019084232696092345,0.009047286229634579,0.011351379189974423
0.005682922603558544,0.0017899999680359101,0.008826238444389324,0.01752405016412663
0.0050956399139956855,0.0019932892348485886,0.009510883367754994,0.008305016501589688
0.003203689771272094,0.001059159693222951,0.007819728980374563,0.013605530144642266
0.003261140009281713,0.0008546394346740436,0.007054263231767349,0.02158967093726181
0.0033029579364406256,0.001214269465979112,0.008400827147907856,0.009906902307964732
0.005218933787570265,0.0019040199427920925,0.008954329332325891,0.011398077008560556
0.0056663018578379035,0.0017839487209982282,0.00876915651211456,0.01754760070070911
0.005067675349253792,0.0019788442357660543,0.009474977452126797,0.008333697314979327
0.003182316683042658,0.0010398169476758539,0.007845877487491663,0.013592345513748858
0.00323909667173782,0.0008335614580070021,0.007094769937900033,0.021571625972433523
0.0032742200009509884,0.0011869275796358787,0.008452406023711802,0.009900729136425392
0.005185179595004501,0.001878752565313876,0.008948122781407232,0.011389292713567714
0.005645786562323233,0.0017672885265697155,0.008742790719982659,0.017548579230700617
0.005057767498039974,0.001962183806776844,0.009428600473484733,0.00837438966051302
0.003187388137153886,0.001031353337459729,0.007820997533998553,0.013543202965670558
0.003245540143821802,0.0008274028734186481,0.007061575929493931,0.021481636916283926
0.0032856969523852968,0.0011833221691089997,0.008405572998871909,0.00985323063015842
0.005173879320472575,0.0018697327786130562,0.00886275931377706,0.011451039651565529
0.005630708799334407,0.0017588744705031882,0.008686563183054023,0.01759640498362648
0.005035043157906531,0.0019468098275823116,0.00938747718768583,0.00842652648016417
0.0031718933500650866,0.0010144538266539168,0.00784150031219066,0.013495896008937336
0.003228209391579459,0.0008098591615388372,0.0070925522769456325,0.021419114795471046
0.0032638681021026944,0.0011622797657339316,0.008444532008205193,0.009816369334685066
0.005143206192192073,0.0018494885010062593,0.008840717323762853,0.011476541337914904
0.005611275231560566,0.001746425707477817,0.008654083871806707,0.0176287775391101
0.005023323777032586,0.0019349220835010777,0.00934067405119491,0.008490940711583867
0.003170922202327512,0.0010086241216620457,0.007824248906245763,0.013424272455346784
0.0032266468494114146,0.0008049609674411759,0.007070619021162204,0.02130972019670412
0.003265796502887261,0.0011597986487476535,0.00841620100951134,0.009757358859896835
0.005126617546445954,0.0018417302773173203,0.008771804316224393,0.011537060476573399
0.005594321092369017,0.0017401935119216831,0.008608104628282941,0.017675379343693905
0.005000228154579993,0.0019242859240897335,0.009306741690390245,0.008548710917696925
0.003152388900591755,0.000997109383822766,0.007840313956991366,0.013369025281454314
0.0032069257252757646,0.0007925910512419297,0.007092519633689045,0.02123675198021499
0.0032431903089911417,0.001145729206827294,0.008443987458702083,0.009718896692171403
0.005096877985969373,0.001827194299246209,0.008745524578447591,0.011561213900664839
0.005574717709844284,0.0017316550141225399,0.008576776129850349,0.01769852169341158
0.004981440616019574,0.0019147907522919251,0.0092589059459756,0.008597083552756086
0.003145109594286989,0.0009926459541069103,0.007826225530923808,0.013312726560178767
0.0031993961508275087,0.000788036253026638,0.007075967876908141,0.02114970185793839
0.0032373825830470334,0.001142409352444957,0.008424064631913634,0.009677898347926327
0.005076839835312542,0.0018195548290868449,0.008690451673564544,0.011598239878340764
0.005555919068753752,0.0017256090747048113,0.008537533323487391,0.017721059423072262
0.004952064507249644,0.0019029037903213043,0.009217804675248527,0.008628077974374228
0.0031275318665266116,0.0009823237212235785,0.007834392308105453,0.013276061146567297
0.003182473412700951,0.0007772378506661411,0.0070875615798797805,0.021095268945240112
0.0032179954069672407,0.0011301073541999816,0.00843702406714765,0.009653893637923369
0.005049505202977826,0.0018068798284456638,0.008657690900618891,0.011614429346677833
0.005536499640713122,0.001717490819360921,0.008502595678722295,0.017733225239058393
0.004928122603915608,0.001890947042316745,0.009161792047017253,0.00865621915623507
0.003120697811365673,0.0009755723785911421,0.007820200526919476,0.013237022469649307
0.0031760945652216793,0.0007704729753305131,0.007073643777892843,0.021029536274145007
0.003211917840505532,0.0011231826306872228,0.008419561873062302,0.009625432407190045
0.005029487436944125,0.0017971170351311816,0.008606503110474143,0.011642663228891252
0.005517926158323256,0.0017098190301830483,0.008462386038214618,0.0177506621956117
0.0049000879612374456,0.001877060297828264,0.009114104270437446,0.008681535438316939
0.0031082920303503723,0.000964536726724973,0.007821171766189721,0.013203568117363448
0.003164789185429676,0.0007596596272318915,0.0070776591903238695,0.020976079734258395
0.0031984529230401483,0.0011110748181712103,0.008421627720920801,0.009600811395490873
0.005005140241591348,0.001784839634545054,0.008565443099179105,0.011666702436165945
0.005499417768169927,0.001701590574535751,0.008422354895313084,0.01777090114200474
0.004877142043929454,0.001864516714314681,0.00905642268647884,0.00871430004108736
0.0031025931881845463,0.0009563718095032739,0.007808143231593555,0.013161843601131692
0.0031592690499665285,0.0007516443666032277,0.007066974680026596,0.020908906350275223
0.0031924057481857817,0.0011025271187123178,0.008407968367330512,0.009569352113190906
0.0049851285497343025,0.0017743220713176517,0.008515982033568079,0.011699025026936163
0.005481500628870778,0.0016938009199533746,0.008381579049836267,0.017794945739546614
0.004851222616497512,0.001851213429022501,0.00900562029837093,0.008745962883683471
0.0030923777135042838,0.0009464831245746717,0.007805003320316254,0.013120650927113332
0.0031497034782020706,0.0007421029184964356,0.007066572903824439,0.020845760422692552
0.003181081381812859,0.0010923062348817299,0.008405051352641505,0.00953868131580984
0.004962219102277124,0.0017635978826754026,0.00847197865974712,0.011729643431582996
0.005463480381808796,0.001686742061017951,0.008341166584293083,0.01782021505436733
0.004827469277197803,0.0018398709300086848,0.008949210372564239,0.008781378876554054
0.003084701701639669,0.0009389779665204955,0.007793850315614605,0.013076067692708549
0.0031420699011490854,0.0007345493271838779,0.0070583508846404994,0.020777159714677532
0.003172404208018646,0.0010843155360279882,0.008394876347451658,0.009506633530145048
0.004941282365433868,0.0017539729279698799,0.00842630426116242,0.011760389605840086
0.00544558649656305,0.001679974929787161,0.008302505677595495,0.01784244915168947
0.004801955854327869,0.0018283033263112804,0.008898904294383562,0.008812587524927414
0.0030740525732086935,0.0009307785264067244,0.007787754766870197,0.013035347148861417
0.003132105592518372,0.0007264945005253747,0.0070545699342012495,0.020714500388964295
0.003160843211411161,0.0010758543230313825,0.008388508111708394,0.009477988134240469
0.00491895954379152,0.0017447048059718747,0.0083829169546582,0.01178807505083417
0.005427612930295663,0.0016738335635806314,0.008263665852452539,0.01786266521004067
0.0047776132526019385,0.0018179726934645284,0.008845924047073378,0.00884365584340746
0.0030646950074689453,0.000923630905119885,0.007777008206755937,0.012996607336502042
0.0031232537327414984,0.0007192101243254254,0.0070468413648753165,0.020653628474487505
0.003150484619332844,0.0010679851112886955,0.0083786553339928,0.009451710430451518
0.0048976579059726655,0.0017355804064803364,0.008339718386852314,0.011813138669523809
0.005409720994554668,0.0016674376587192895,0.008226032854735622,0.01787894149253775
0.00475298114403392,0.0018071647983994178,0.00879651010861942,0.008871073135701483
0.0030545990267720376,0.0009158530275810887,0.007767896543265489,0.012961831114705938
0.003114171394943449,0.0007115670076747291,0.007040179123619328,0.02059758701288756
0.003139678378350507,0.0010597811912591336,0.0083687457547714,0.009428137263427654
0.00487621424878209,0.0017266130567002145,0.008296299783563856,0.01183723146976317
0.0053919862256794045,0.0016612512854165967,0.008187367063955737,0.017894905960623476
0.004729229323334449,0.0017967909895794788,0.008745340017016979,0.008898796569009524
0.0030455302278721043,0.0009082650851137383,0.007756407554916082,0.01292844533490796
0.0031060022588735043,0.0007040098709798771,0.007031966897779902,0.02054310491203464
0.00312963827648082,0.0010514482985091475,0.00835760176418545,0.009405785633991215
0.004855371164499978,0.0017174312817820653,0.008253218692647439,0.011860499039414512
0.005374469092018701,0.001654763083174555,0.008149175509666956,0.017909882433124354
0.004705851037463168,0.0017860987183337177,0.00869546251602429,0.008925671193263176
0.003036658019994339,0.0009004291802368054,0.0077450358420353155,0.012895953576575492
0.003098197579358739,0.0006964013425263697,0.007023525760569964,0.020489539135320384
0.003119931053306446,0.0010431698422627693,0.008345512340956159,0.009383745056116295
0.004834803461640585,0.0017084946338234972,0.008209426364986335,0.011884716841502954
0.005357174255733133,0.0016485035775745112,0.008110331718346884,0.017926018686359988
0.004682829765249605,0.0017757442567321476,0.008644812983557935,0.008953534628032481
0.0030280431795000184,0.0008927624139684615,0.007732868444335412,0.012863294093702701
0.0030905535975283937,0.000688890828163853,0.0070148135784673495,0.0204360188374545
0.0031102281799530035,0.0010349128182259376,0.008333508459764844,0.009361807522901265
0.004814447190698561,0.00169957262240837,0.008166366464879862,0.011908791386261205
0.005340094051246848,0.001642256755450508,0.008072064167588044,0.01794194926366821
0.00466016447970185,0.0017655206003887043,0.008594765823228994,0.008981347952150323
0.0030194922115162055,0.0008853028757143328,0.007720297866281512,0.012830627429283894
0.003082994956997071,0.0006816370042840665,0.0070054730580010926,0.020382397592459238
0.0031006406045407994,0.0010270242229644306,0.008320648300463739,0.009339968012020248
0.004794343465560499,0.0016910166389045448,0.008123220667081524,0.011933143896549803
0.005323150000554641,0.0016362891790061148,0.008033925167057254,0.01795791275647663
0.004637511177917507,0.0017556572661434912,0.008545032193690157,0.00900917396212079
0.0030106766041944157,0.0008780564644952386,0.0077075579883222525,0.012798478016709882
0.003075207038446305,0.0006745408851951651,0.0069961509044045335,0.020329638526877403
0.0030906935595206206,0.0010192672739670512,0.008307982433745151,0.009318887263016455
0.004774289951846874,0.001682611966821098,0.008080894375737594,0.011956693685995768
0.005306364514833836,0.001630441206482691,0.007996337773215217,0.01797293749275354
0.004615194825441079,0.0017460435053283665,0.008495773527101382,0.00903644937021093
0.0030019222478856744,0.0008710524604769941,0.007694166323020398,0.012767219023940993
0.003067517045579303,0.0006676827492734904,0.006986102320464088,0.02027783787475376
0.00308084620850004,0.0010117696267820057,0.008294496504088075,0.009298719002380237
0.004754501593585266,0.001674431102291532,0.008038770567569296,0.011979641908772525
0.005289693247185621,0.0016247163006236369,0.007959052544216003,0.017987107357487216
0.0045929611610213235,0.001736606150367223,0.008447140245377075,0.009063085362196325
0.002993037997187845,0.0008641195190039737,0.00768060770477658,0.012737195098472699
0.0030598058308208553,0.0006608981172229481,0.006975940788722806,0.020227589880021695
0.0030708665289818173,0.0010043153017100267,0.008280817218976638,0.009279669320826557
0.004734833783930148,0.0016663428916754923,0.007997058370531645,0.012001892274217272
0.00527318485098826,0.0016190437571175181,0.00792197818383642,0.018000549146809246
0.004571113054783219,0.0017273145667377019,0.008398717436224471,0.009089306080192254
0.002984381546501269,0.0008572962210406399,0.007666389161270876,0.012708170834821569
0.0030523508352967425,0.00065422830072855,0.006965188233335644,0.020178446861268885
0.0030611074734956576,0.0009969470378192841,0.008266483853006323,0.009261492107040508
0.004715465551814923,0.0016583264925962597,0.007955517633141023,0.012023737129612575
0.005256840056089152,0.0016133817402257064,0.007885101916317116,0.01801349697879321
0.004549493246834847,0.0017180874333568882,0.008350729732686486,0.009115194776700277
0.0029757982166138345,0.0008505003472142254,0.007651920634244436,0.01267998064127516
0.0030450379500006042,0.0006476160592600756,0.006954210032132533,0.020130297882874557
0.0030514089602630043,0.0009896304629957628,0.008251798479679141,0.009243999622526311
0.004696281804066972,0.0016503983476782323,0.007914135001867576,0.012045446008227281
0.0052406679601201414,0.0016077745858353158,0.007848316121777577,0.01802630701640452
0.004528190754579056,0.0017089950470719636,0.008302860152884466,0.009141066646516188
0.0029673868870100767,0.0008438091374892358,0.007636982494369159,0.012652318560066744
0.0030379017894977905,0.0006411089657462484,0.006942858672869411,0.020082762976375748
0.003041840517985249,0.0009824038623210043,0.008236752458578335,0.009227018107004928
0.004677350970549668,0.0016425463297729476,0.007873010082913618,0.012066997762571365
0.005224680974362753,0.0016022059617938512,0.0078117773353223886,0.018038895228649814
0.00450713911787295,0.0017000159204927775,0.008255340446183443,0.009166832441551167
0.002959033011634801,0.0008372258282554029,0.007621766714893613,0.01262512971252698
0.003030850274271023,0.0006347229273252373,0.006931229913165892,0.02003578000872921
0.00303230401311036,0.0009753146570817304,0.008221381105509011,0.009210503326433047
0.004658598807884606,0.0016348311321610041,0.007832103102966148,0.012088466086772878
0.005208845300952984,0.00159673162336866,0.007775446487466718,0.01805132076675356
0.004486296583984351,0.0016912092984377684,0.00820808765501982,0.009192537430248674
0.0029507052252107494,0.0008307837323149052,0.007606244124665946,0.012598432461264391
0.0030238448439270887,0.0006284682604443943,0.006919345128436951,0.019989395607246028
0.003022767349136358,0.0009683547289920852,0.008205787672411669,0.009194525984206618
0.004640041018378831,0.0016272261260192507,0.0077915466319005144,0.012109657477017848
0.005193182327231415,0.0015913263621991714,0.007739419567645299,0.01806337483507329
0.004465697125831315,0.0016825520627290853,0.008161194932518805,0.009218034637001089
0.0029424125750469048,0.0008244820332221624,0.007590414214236882,0.012572317175265454
0.0030168990589382453,0.0006223527856518282,0.006907151798425197,0.01994367536666315
0.0030132497218088496,0.0009615418259936184,0.008189873717117397,0.009179137922002107
0.004621662815355601,0.0016197489621038422,0.00775126686791004,0.012130585126197356
0.005177657660603977,0.0015859987808328764,0.007703654016848388,0.018075064189684478
0.0044452840527800675,0.0016740431371097223,0.008114657131508283,0.009243316878777101
0.002934132440370716,0.0008183008394843758,0.0075743243483016275,0.012546852328846458
0.003010006431861976,0.0006163539914823564,0.006894719641625958,0.01989872184338219
0.003003738676433032,0.0009548416296345413,0.00817371452412962,0.00916438703576786
0.004603468320601961,0.0016123694409148329,0.007711288519796217,0.012151204781178078
0.005162297536905731,0.001580725506983685,0.007668138032928439,0.01808637053091156
0.0044251249890761395,0.0016656608939837048,0.008068426965389763,0.009268381849415785
0.002925930719375658,0.0008122344352270899,0.007557915423007558,0.012522027137852953
0.003003216348649595,0.0006104697393095083,0.006881988900176342,0.019854491493367866
0.0029942907166950077,0.0009482516277286087,0.008157247467887846,0.00915024477750695
0.004585470339046442,0.0016050798419870557,0.007671563818207411,0.01217157514063084
0.00514708579195215,0.001575498097995453,0.007632853007669076,0.018097358365297397
0.004405178334957797,0.00165739100921027,0.008022517438501079,0.009293268870935503
0.0029177869384217135,0.0008062669127497167,0.007541249522451417,0.012497803766693679
0.002996519308838068,0.0006046879436017952,0.0068690169455060054,0.019810952874720147
0.0029848908563456134,0.0009417629304601358,0.008140516534969448,0.009136668449110824
0.004567659483322148,0.0015978771131867468,0.007632076636868988,0.012191754976419776
0.005132034598402918,0.0015703178099887214,0.007597773448724528,0.018108098398785306
0.004385474977027675,0.001649236391347953,0.007976871709636648,0.009318032021702772
0.0029097282965027844,0.000800406212896683,0.007524297764307988,0.012474118281141418
0.002989925089239754,0.0005990126202243602,0.006855787890627595,0.0197680239102156
0.0029755558072961327,0.0009353779994478075,0.008123533611209235,0.009123614507968976
0.004550044979633474,0.0015907561932586118,0.00759284204218428,0.012211754342354452
0.005117141070597111,0.0015651816546173175,0.0075629218232499094,0.018118598040706736
0.004365993796040496,0.001641194555668292,0.007931519452015808,0.009342676239273377
0.002901731328713891,0.000794654985198801,0.007507096920795901,0.012450937489894889
0.002983414828450865,0.0005934478194479845,0.006842321272749377,0.019725665781877746
0.0029662646162414955,0.0009291083344305065,0.008106309060856229,0.009111057025596898
0.0045326098408873935,0.0015837292611419645,0.007553849795051248,0.012231600104151086
0.005102398621488191,0.001560100218398132,0.007528292042496989,0.018128877198855427
0.004346727193057005,0.0016332750419830225,0.007886448044952518,0.009367212166740519
0.0028937888784465837,0.0007890194857543125,0.0074896524858866515,0.012428251151362377
0.002976977783755875,0.0005879952002581295,0.006828629315965227,0.019683868926829
0.00295701184755321,0.0009229527958594981,0.008088874118303448,0.009098998504220393
0.004515359174704884,0.0015767906980509818,0.007515126637448759,0.012251256774793027
0.005087812801106081,0.001555069465480427,0.007493902750301026,0.01813889979097031
0.004327679878340296,0.0016254749658960155,0.007841670553702097,0.009391616784122116
0.00288589970497524,0.0007835020365039401,0.0074719670589538855,0.012406064761746055
0.0029706121816706955,0.0005826575010379425,0.006814705204768224,0.019642631354084106
0.0029477949174158535,0.0009169169609336391,0.008071217066380166,0.009087441104148063
0.0044982820174428615,0.001569944967924393,0.007476660619586494,0.012270730258420884
0.0050733708658307125,0.0015500916006481907,0.0074597486960882795,0.018148668408084722
0.004308833872299478,0.0016177934637964964,0.007797189816492798,0.009415888096929134
0.0028780562401215515,0.0007780985812388794,0.00745405850311193,0.012384386639223111
0.0029643148348008235,0.0005774299722161718,0.006800567145545796,0.01960196545388206
0.002938613541730268,0.0009109942378141305,0.008053356262015234,0.009076390234579715
0.004480817918621088,0.0015639236612935241,0.007437362851485718,0.012284203476389578
0.005057455092633374,0.001546259932773467,0.007423118412341842,0.018145673152547344
0.0042889963149944895,0.0016122361244114277,0.007751960091912586,0.00942608616655969
0.002870003512251297,0.0007724336415715805,0.007428190324116459,0.012389153661837866
0.0029586978741484387,0.0005714827059271439,0.006782661147119107,0.019599753376858563
0.002926778421605722,0.0009024427679095056,0.008030580783996263,0.009095165957266947
0.004461843682483741,0.0015560812822200455,0.0074073880850811565,0.012265845327142318
0.0050402692114588634,0.0015397689667210825,0.00739260903037934,0.018112603343287105
0.00427207108005974,0.001603737101946342,0.007717980582436995,0.00941679653162888
0.0028645066576674246,0.0007651150615776815,0.00740164476368615,0.012402653406897389
0.002956511376567414,0.0005655813675779444,0.006759402575973406,0.019598795952375132
0.0029204317207785786,0.0008952339707323873,0.007996397473545183,0.009110007197841111
0.0044454650498948495,0.0015499368043611135,0.007368097828530887,0.012260235554925869
0.00502342248952136,0.0015344699521392291,0.007356540523183972,0.018097488462769047
0.004253009216895622,0.0015956578680104987,0.007679444205122104,0.009423072105157856
0.0028578222614164916,0.0007573952040809149,0.007380387675349787,0.012396477173553837
0.0029531062816932317,0.0005589309962638166,0.006743610145038417,0.01957507244324244
0.00291293985823471,0.0008875041928058282,0.007971876067567,0.009105663850272666
0.0044287468097796,0.0015439332038221516,0.007327021259260243,0.012269370794702616
0.005008066001007307,0.0015304532318834545,0.007316292123374051,0.018094444628051865
0.004237252318371367,0.0015899868700808145,0.007632048413644838,0.00943521799402219
0.0028542030331177165,0.0007512043216896597,0.007349661235209489,0.012391383811773637
0.002951197659214375,0.0005528380868023642,0.0067225899900619345,0.01955965608630645
0.002905225515171177,0.0008790958030513982,0.007944544679977225,0.009112394932266728
0.004411310196511929,0.0015371321920273568,0.007293217522029247,0.0122596714219237
0.004990445059270249,0.0015252197748818975,0.007282071290187294,0.0180692451046014
0.0042199272277208015,0.0015832519540114553,0.007596121493820381,0.009429837153238474
0.0028488730109932432,0.000744155380172363,0.00731983159777842,0.012400137598249619
0.002949375319632922,0.0005469913656061101,0.006698731382463118,0.019559006661327052
0.0028977200067219905,0.0008717211351664813,0.007908574993034337,0.009128294523413813
0.004394234213691857,0.0015319921621890077,0.007257067427429399,0.012245198432172168
0.004972914486694048,0.001520773073422766,0.0072469303884239765,0.0180421273251723
0.004202765127180995,0.0015766813020666511,0.007561231570546539,0.009425278918762598
0.0028430895202286315,0.0007369428605812189,0.007292884933698623,0.01240225844194571
0.002946893092265191,0.0005409812961442026,0.006678134952253474,0.01954724201035701
0.002890526047566387,0.0008644579589525526,0.007877072621633624,0.009133403078103942
0.004377967438559633,0.0015271080824516465,0.007219604474997513,0.012240327191396987
0.004956530499363807,0.0015171766294499556,0.007209697140204634,0.018025157420863868
0.004186537712526749,0.0015714506039320143,0.007521269610120915,0.009427979418860574
0.002838141322317933,0.0007306726137048838,0.007262876134326284,0.012399410428305422
0.002944613846236836,0.0005353000858579958,0.006656619464217695,0.01953288206842595
0.0028825621093970023,0.0008571283768394341,0.007846330032059869,0.009138625293927212
0.004360648796120694,0.0015220428736034313,0.007184655518525196,0.01223197262782722
0.004939043458699054,0.0015132810381896494,0.0071744029708334075,0.018002310210050033
0.004169817342927745,0.0015659817390411878,0.007484854193410006,0.009424796403449658
0.002833054607818545,0.0007240684635197662,0.007232371871709602,0.012403281146913688
0.0029428326900995607,0.0005295874010725415,0.006633558883813915,0.01952739718330621
0.0028752322986697475,0.0008497193988997342,0.0078120149874271825,0.009150605052835147
0.004344224771605955,0.0015170308655781677,0.00715027480749395,0.012217543043322078
0.004921982019613426,0.0015090993003210595,0.007139915449010362,0.01797431144011117
0.004153736725115588,0.001560017721737451,0.007450655599328253,0.009418748181687473
0.0028279960224379605,0.0007171251710372535,0.007203102242237048,0.01240734466335157
0.002941126064586566,0.000523783926004602,0.006611253104848883,0.01952019970406626
0.002868132701782823,0.0008424916117813694,0.0077780024516263145,0.009159764828236825
0.004327778329997691,0.001512342025407429,0.007114647674388285,0.012207645155448664
0.004905029112715452,0.0015053130724610286,0.007104443218326158,0.017951934981122172
0.004137470254055322,0.001554428083798233,0.00741463875286898,0.00941722368815428
0.002823042510570721,0.0007104125076542178,0.00717414084106098,0.012407132384724342
0.0029393632891062268,0.000518000549825613,0.006589902572845571,0.019508478672572153
0.0028610677491880776,0.0008352251140781084,0.007745885310209029,0.009165760490979445
0.0043116327947819765,0.001507502450013198,0.007079481369915037,0.012199584878892295
0.004888537542924989,0.0015015409381633324,0.0070691690281545465,0.017930483555569986
0.004121795419531186,0.001549011518075953,0.0073783591784531855,0.009415563235950684
0.002818391706037676,0.0007038525441797416,0.007144358435947914,0.0124084888894199
0.0029377381804107975,0.0005122945971793872,0.006568043945713786,0.019499872164910212
0.002853791648407751,0.000827886838891118,0.007713388446885518,0.009174755956871537
0.004295305797598774,0.0015025795401624493,0.00704575325170943,0.012188014289659824
0.004871736758224758,0.001497581900491918,0.00703517249369943,0.017905300223910008
0.0041059009538286255,0.0015434011513125014,0.007344164539565186,0.009411214470836288
0.002813480299759221,0.0006971992170619049,0.0071151652464985175,0.012411978112492162
0.002936132803278934,0.0005066607770360436,0.006546074500620727,0.019493113510250133
0.0028466917691490293,0.0008207721803633218,0.007680077935164403,0.009184576480279313
0.004279280205460766,0.001497878411229806,0.007011735423923316,0.012176727462259514
0.004855228588053403,0.0014937312950812668,0.00700124974103706,0.017881066314189082
0.004090128732294507,0.0015377837956818269,0.007310113825132239,0.009407950635244685
0.0028084876059407313,0.0006905777426172723,0.007086968848624388,0.012413608535539515
0.0029343698928311437,0.0005010352563186044,0.00652509420973839,0.01948368412258113
0.0028396234627418855,0.0008137440560456929,0.007648122824130677,0.009191989082818488
0.00426346953047219,0.0014932352254108977,0.006977598270354296,0.012167811173859313
0.00483907661136344,0.0014900686627781089,0.006967121364830348,0.01785922935128923
0.0040745883145253264,0.0015324527763946117,0.007275180799151794,0.009406248053857789
0.002803634082834308,0.0006841788032505855,0.007058507689302371,0.012414568612866179
0.0029326007374218094,0.0004954915092245799,0.006504278581151059,0.019474259405463133
0.0028323598904679936,0.0008067059694822679,0.007616827992440687,0.00919976926850483
0.004247578996411112,0.0014885134482331233,0.0069443667254393965,0.012157910948075742
0.004822905010223062,0.0014863234799739277,0.006933715990447571,0.017836032548954224
0.004059141115600938,0.0015270805120515707,0.007241163690532305,0.009403283244649074
0.002798812804328045,0.0006777963246704169,0.0070301303424774916,0.012416990384632709
0.0029309571983537424,0.000490018968636732,0.006483250319283597,0.019466645294913706
0.002825251576153803,0.0007997696539012605,0.007584999538649051,0.009208814858942024
0.004231896005226793,0.0014838720517319664,0.006911356935135813,0.012147143747890245
0.004806850847624577,0.0014825724645046467,0.006900691286989997,0.01781226622472252
0.004043719668239275,0.0015216466227932748,0.007207824860456648,0.00940007622169506
0.00279389914552846,0.000671404437082727,0.007002493996426558,0.012419093481107474
0.0029292754123505828,0.0004845765935908754,0.006462750641853345,0.019458286396977414
0.002818223977634546,0.0007929592149619553,0.007553627000955075,0.009216861518000722
0.004216408779951316,0.0014793558539278474,0.0068781353518408235,0.012137732982111887
0.004791081865257779,0.0014789745420607987,0.0068675212336238205,0.017790109816810198
0.0040284931188097305,0.0015163830287453794,0.007174024262302582,0.009398033948533991
0.0027890764400951905,0.0006651509355179307,0.006975043580085026,0.012420200116947958
0.0029275765296235996,0.0004791906751358669,0.0064426753394886075,0.01944904439266838
0.002811158085489299,0.000786188493069167,0.007523050620406055,0.009224259162417179
0.004201012960700418,0.0014748375761602294,0.006845329623151736,0.012128555005326695
0.00477546715166662,0.0014754185351727284,0.006834635765355813,0.017768021479979416
0.004013433977461313,0.0015112290724557417,0.0071403898732228304,0.009395822080904382
0.0027843260030633124,0.000659008696790301,0.006947549627166104,0.012421793220407987
0.002925941174276929,0.00047389340405849307,0.006422563951069866,0.01944072705789827
0.0028040886794500623,0.0007795060124124926,0.007492439169727104,0.009232384143457987
0.004185678123048032,0.0014703817165121439,0.0068129446015228485,0.012118583294389012
0.004759896732354957,0.001471873158617549,0.006802185177228172,0.017745166792248003
0.003998414056659121,0.0015060793392041739,0.007107422638757109,0.009393028867330915
0.0027795343133538235,0.0006529014506518799,0.00692046947044058,0.012423674400608377
0.0029243289673097756,0.00046866190205024097,0.006402658287020821,0.019432626546696856
0.0027971274385050608,0.00077295623315919,0.007461883671022245,0.009240391671795715
0.00417055488714868,0.0014660504714891485,0.006780544221929705,0.012108940127279573
0.004744544477125901,0.0014684316423517392,0.006769804240234492,0.017722867644869085
0.003983529951820511,0.0015010304067308137,0.007074485359038066,0.00939067270864902
0.0027747533056525684,0.0006468866193605275,0.00689375308999417,0.01242492652899686
0.002922692486471062,0.0004634907393029991,0.006383168107049094,0.019423846971889553
0.002790166775003988,0.0007665002009100934,0.007431890968259345,0.009247717569754234
0.004155552533348805,0.001461797137759795,0.0067482917032872045,0.012099828133292663
0.004729379633735257,0.0014650929581074652,0.006737519597930052,0.017701111537804456
0.0039688143790154555,0.0014961286661033483,0.007041490772333192,0.009388583649690621
0.0027700455640342694,0.0006409948128997406,0.006867091646059507,0.012426066668470511
0.002921090720903801,0.0004583987677778503,0.0063638286485136536,0.01941524379787623
0.0027832036730667284,0.0007601221994978134,0.007402172900422907,0.009255163466782344
0.004140640964893004,0.001457595283167844,0.006716409446061192,0.012090358078876299
0.004714318925631053,0.001461791547557702,0.006705557867711474,0.01767896729101667
0.003954210424460088,0.001491289845497571,0.00700889858371837,0.009386116359043743
0.002765359851359456,0.0006351766447908356,0.006840628623743112,0.012427489738305769
0.0029195394923525984,0.0004533850384935575,0.006344592277939714,0.019407062051451502
0.0027763078128131904,0.000753861916231264,0.007372476734811957,0.00926276723693153
0.004125871323741472,0.001453499570087468,0.006684669525220767,0.012080777224063458
0.00469939549112778,0.0014585631751445967,0.006673789294019665,0.017656843519800444
0.003939698792862539,0.0014865225857200696,0.006976574503765404,0.009383657590385277
0.0027606718730191645,0.000629430624958503,0.006814521541032436,0.012428659661145616
0.002917996197933597,0.0004484362978884877,0.0063256632089431645,0.019398600111907516
0.0027694683860421117,0.0007477122318623288,0.0073430952917680585,0.00926995100581426
0.004111270848395868,0.0014495043622193126,0.006653001725598021,0.012071571979499896
0.00468467601306122,0.0014554381576540037,0.006642099067627027,0.017635185402752197
0.003925350697786815,0.0014818833378807703,0.006944243207611419,0.009381469311068041
0.002756032361128495,0.000623792463546242,0.006788594011828755,0.012429530507276222
0.002915684538923292,0.0004434407681968815,0.006305300638477999,0.019384794998824634
0.0027626048752595663,0.0007416520044011235,0.007314058071250873,0.009277088813810844
0.00409673756869264,0.0014455873708748613,0.006621636841558972,0.012062118653221248
0.004670052041398683,0.0014523880289410633,0.006610665576452123,0.017613144402618377
0.003911086532315985,0.001477358001332725,0.006912208510337147,0.009378843149872959
0.0027513817323928033,0.00061825052254008,0.006762795134682874,0.01243102266617287
0.0029133097992631064,0.0004385190415409094,0.006284923684297143,0.019371478034296858
0.002755708053592319,0.0007356815115439127,0.007285161482512512,0.009284838447996876
0.004082297170749941,0.0014417256637824886,0.006590653606281392,0.01205206275267712
0.004655553484101378,0.0014493551148919849,0.0065796217010903185,0.017590621019820576
0.0038969259079602667,0.00147284809234387,0.006880642496555256,0.009375918047091846
0.0027467142660053106,0.0006127803041887165,0.006737401525523459,0.012432529675802793
0.0029109452733916325,0.0004336864807952467,0.006264795156873027,0.019358031990612
0.002748890408187202,0.0007298649891398269,0.0072564584318979735,0.009292236634540459
0.004068011377894791,0.0014379827254510792,0.006559628613862473,0.01204261650977494
0.004641227517915645,0.0014464244282900067,0.006548666202893244,0.017568887397897817
0.003882793104542539,0.0014684304122334923,0.006849088639295253,0.009373563536464031
0.002741999574502022,0.0006074039668384274,0.006712483785986415,0.012433426084302947
0.002908520035761277,0.00042891583901968693,0.006245150194711399,0.019343934695989575
0.0027420665828506766,0.0007241358641513138,0.0072283828724595215,0.009299048769642177
0.0040538940485836785,0.0014342895012353345,0.006528741045833468,0.012033650414352389
0.004627156517732068,0.0014435720632564937,0.006517811517069736,0.017547627699347333
0.0038688826681622206,0.0014641322177203356,0.006817434956367878,0.009371433209549985
0.002737362468252109,0.0006021449666374131,0.006687658330772745,0.01243433629032886
0.002906113153658773,0.00042422284839814176,0.006225721019400599,0.01933012730677284
0.002735195984727821,0.0007184757416106297,0.007200689379976321,0.009306054914048395
0.004039809215957352,0.0014306283821914154,0.006498234400125363,0.012024367230556141
0.004613159465793313,0.0014407445822738087,0.006487287043329541,0.017526058544298298
0.0038550390402293353,0.001459885128358711,0.0067861303610979706,0.009369027913387612
0.002732743461831996,0.0005969662959449912,0.006663062779281621,0.012435480707243167
0.002903762337242481,0.0004196166433864232,0.006206413551352043,0.019316631268507002
0.0027284157206202927,0.0007129404114497843,0.007173043452552877,0.009313135814716302
0.004025886997280595,0.0014270607673605034,0.00646780881832156,0.012015130763576156
0.004599320174788299,0.0014379790947654097,0.0064569377788696,0.017504664058407077
0.0038412724774048654,0.0014556924285891641,0.00675504911081652,0.009366742168771383
0.002728107658693995,0.0005918584675741892,0.006638893095568566,0.012436294368285705
0.002901397058865156,0.0004150757719324399,0.006187463775776953,0.01930270871009452
0.0027216825606130777,0.0007075147901581176,0.0071457776306087396,0.009319741947583645
0.00401213781835131,0.001423588307127788,0.00643741681934085,0.012006344212048206
0.004585701489743863,0.0014353201015725266,0.006426630280611981,0.01748379280612229
0.0038276740106920628,0.001451636269774522,0.0067238809708413845,0.009364763362659033
0.0027235176407601554,0.0005868661122553038,0.006614889089187415,0.012436843442701259
0.0028990257245164546,0.0004106109278163518,0.0061687825667160155,0.01928864755082093
0.002714918650797094,0.0007021719743798888,0.0071189401011137856,0.00932621146714833
0.00399847130780613,0.0014201754564411512,0.006407318243188544,0.011997458563529536
0.004572217987574662,0.0014327252450922227,0.006396546795254052,0.017462802769104366
0.0038142203222903234,0.0014476851249997657,0.00669289736180184,0.009362609893097035
0.00271897900991178,0.0005819785178416707,0.006590985733286118,0.012437548117055327
0.002896701390764619,0.00040623764633027353,0.00615019165264639,0.019274894962507536
0.00270819390371633,0.000696942955065838,0.007092200772289741,0.009332832545947368
0.003984913077857927,0.0014168546941380961,0.00637743312328387,0.011988338892065692
0.004558841139582344,0.0014301931674301385,0.006366700352708137,0.017441638091214632
0.0038008388091298473,0.0014438068287552796,0.0066622324488827545,0.009360300836567956
0.00271443613659292,0.0005771709497658818,0.0065673848715913944,0.012438171650855121
0.0028943948488108235,0.0004019444868502861,0.006131809063504405,0.019261022610053635
0.00270154207486439,0.0006918394194359279,0.007065624921496922,0.009339220909538447
0.003971531015113155,0.001413648223133176,0.006347594066312127,0.01197941524858704
0.004545654048039507,0.0014277616715186574,0.0063369393791440735,0.017420757564928443
0.0037875948767399,0.0014400438677368433,0.006631632129933451,0.009358151290466875
0.002709915310676018,0.0005724612933078329,0.006544030827895772,0.012438492833664426
0.002892082140703023,0.00039772453754770206,0.006113703809159079,0.019246864650265483
0.002694898792651095,0.0006868334325788449,0.007039412143061951,0.009345321920122957
0.003958275997919283,0.001410527705836791,0.006317930796575772,0.011970573980854913
0.004532638334253125,0.0014254203603402203,0.006307309298780662,0.0173999720501519
0.0037745180014640187,0.0014364087552170876,0.006601102135814644,0.009355987178300098
0.002705451731420523,0.0005678606789363325,0.006520773376855745,0.012438791869347338
0.002889800071311696,0.0003935891845911904,0.006095741770775806,0.019232822391171685
0.002688267834415897,0.0006819270367942514,0.00701341000151107,0.00935146014262642
0.003945116897476832,0.0014074896124128067,0.00628851875950248,0.01196150404735769
0.00451973704369566,0.001423144408859351,0.006277906165962381,0.017378976381926932
0.003761551914714781,0.0014328633181366001,0.006570841853092646,0.009353617233549976
0.002701016324017162,0.0005633494962209639,0.006497706965996431,0.012439120593307259
0.002887557489363208,0.00038953888936639106,0.00607791322326973,0.019218849299260737
0.002681703529927073,0.0006771409373500424,0.00698750881063247,0.009357539796429459
0.003932106488148358,0.0014045592682024788,0.006259221616585114,0.011952413963284907
0.004506984909319104,0.0014209530452486952,0.006248653486429492,0.017358032391130842
0.003748691905255617,0.0014294138782531387,0.006540771340669483,0.009351247325899092
0.0026965905345009192,0.0005589259381890484,0.006474912040216416,0.012439234502623494
0.002885321333206198,0.00038556425661441144,0.006060326543990831,0.01920464428506304
0.0026751811475532934,0.0006724649320584116,0.006961865379674331,0.009363345215963315
0.003919251636568228,0.0014017301582262681,0.0062300331066380745,0.011943451381792099
0.004494416830815319,0.0014188586102887482,0.0062195050267195035,0.017337256928770493
0.003735989325709624,0.001426088060639734,0.006510766699729066,0.009348931970373118
0.002692204157612267,0.0005546051196828655,0.006452280950270443,0.01243919652368101
0.0028830956827047335,0.0003816680524507723,0.006042949472727857,0.01919036973009619
0.0026686628419635918,0.0006678855601015697,0.006936508887773092,0.009369042998628166
0.003906504290961187,0.0013989846957819497,0.006201068899669208,0.01193437880142485
0.004481990252698042,0.0014168413995504388,0.006190541461961397,0.01731638136974162
0.0037234279820132486,0.0014228708640359059,0.006480939550921265,0.009346479465545315
0.0026878602967130984,0.000550382961963439,0.006429787819904579,0.012439177267275062
0.0028809053944612146,0.00037785708940545374,0.006025706316909551,0.019176199500064196
0.002662182108851639,0.0006634161177364152,0.006911301733721142,0.009374738527603515
0.0038938761125474858,0.0013963347547462283,0.006172290347959002,0.011925167425826607
0.0044696921455051495,0.001414898708071741,0.006161771243093933,0.01729541139198683
0.003710969933902578,0.0014197447949438659,0.0064513500179015784,0.009343917791749905
0.00268353211243959,0.0005462483191086385,0.006407532992754571,0.012439055251426155
0.0028787375784044542,0.0003741265314823329,0.006008653482029327,0.01916192884578341
0.0026557578916643117,0.0006590621229990021,0.006886270275262138,0.009380253463317273
0.0038814040010066025,0.001393790043031491,0.006143615303457344,0.011916018793358001
0.004457563498825752,0.0014130475926263759,0.006133124624049964,0.01727455785902482
0.003698641764376702,0.0014167280499563304,0.006421885168541129,0.009341387778571505
0.002679224916443495,0.0005422076545094246,0.0063855041756073596,0.012438738642094887
0.0028765750634145103,0.00037047208667287705,0.0059918371398368095,0.01914749466687383
0.0026493530896485903,0.0006548096206348013,0.006861521118718152,0.009385571028103746
0.0038690641993356736,0.0013913367788680932,0.0061151061239432015,0.011906873235702295
0.00444560163573438,0.0014112839923243136,0.006104618912927301,0.017253728206771665
0.0036864678154373658,0.0014138282500905934,0.006392533936203013,0.009338808844799882
0.002674959740794849,0.0005382673041712598,0.006363622172265261,0.01243836302245955
0.002874434662547446,0.0003668990701817045,0.005975196388660549,0.019133088675740033
0.0026429637389818687,0.0006506583553934528,0.006836997952634515,0.009390843641876903
0.003856832291081065,0.0013889715627665553,0.00608680896439427,0.011897582260532943
0.004433772439164753,0.0014095953409454121,0.006076305103074003,0.01723277783077045
0.0036744163742412684,0.001411027706776295,0.006363391935306224,0.009336092575636966
0.0026707250811239896,0.0005344197934082811,0.006341925301057467,0.012437950864181768
0.0028723254886846954,0.00036340946937207737,0.005958714689048852,0.019118687196697293
0.0026366230964760813,0.0006466199937287299,0.006812631138500351,0.009396026037486732
0.0038447372753081487,0.001386707321782027,0.0060586531286412615,0.011888247480811303
0.004422090067792866,0.0014079897672753558,0.0060481496972920115,0.017211832128241494
0.0036624764356782817,0.0014083261976177985,0.006334435381528575,0.009333334306504102
0.002666506035602784,0.0005306621827796755,0.006320469764519384,0.012437378220891245
0.002870229781715283,0.0003599983043595395,0.005942451659079026,0.019104135252299346
0.0026303226983164815,0.000642690584733612,0.00678849214572513,0.009401005828141809
0.0038327907961581286,0.00138454294348005,0.006030622324076961,0.01187895137955024
0.004410579901090786,0.0014064757659599469,0.00602011913010418,0.017190960112611134
0.003650679673960671,0.0014057392696693722,0.006305590657788941,0.009330568534759819
0.002662316788451337,0.0005270015708729135,0.006299205259021751,0.01243667053084072
0.0028681449180485725,0.0003566657044424819,0.005926404494807424,0.019089507007936796
0.002624035053505248,0.0006388614253618025,0.0067646192325212,0.00940586053103043
0.0038209627351949945,0.0013824683618454084,0.0060027821723693635,0.011869572119756831
0.004399221695561831,0.0014050444294835093,0.005992251208151194,0.017170023858225462
0.0036390264438669676,0.0014032628782871112,0.006276899725537025,0.009327698005130383
0.0026581663124417994,0.0005234384390644962,0.00627809922847386,0.012435922670055563
0.002866087331617992,0.00035341629336946685,0.005910524078426719,0.019074905244839287
0.002617776144832308,0.0006351388561903136,0.006740940368468601,0.009410656712679743
0.0038092518345618567,0.0013804884236655042,0.005975124302851876,0.011860076154095591
0.00438799945331617,0.001403692167591688,0.0059645609197178364,0.017149005605302126
0.0036274884038142176,0.0014008857674849577,0.006248411091709225,0.009324722147432064
0.002654039681126438,0.0005199669309064583,0.006257205827625805,0.01243507757483181
0.0028640546561050986,0.00035024904337411605,0.005894828969964783,0.01906022752344432
0.002611565538528931,0.0006315285972421193,0.006717444137149271,0.00941530351454675
0.00379768545851952,0.001378611022416167,0.005947592587987002,0.01185057413615666
0.004376936115037922,0.001402428561937633,0.0059370090973509485,0.01712802277804074
0.003616073720894795,0.0013986154772112971,0.006220073733848473,0.009321718739369291
0.002649933145099342,0.0005165883960729329,0.0062365384213982555,0.012434070916379665
0.002862033153568861,0.0003471606346983095,0.005879358404679229,0.019045416583955067
0.002605382870068612,0.0006280235166786822,0.00669419694729953,0.009419772199354718
0.0037862565090737515,0.0013768303304465249,0.005920210189641913,0.011841052799379888
0.004366039639066458,0.0014012547453072903,0.005909592282566576,0.01710704530561512
0.003604806246434784,0.0013964603445134548,0.006191859421931363,0.009318657866179227
0.0026458612490377217,0.0005133075773412531,0.0062160460433968515,0.012432971789550353
0.0028600289058789232,0.0003441533013932611,0.005864086816565584,0.01903057712573396
0.0025992161163007036,0.000624620857741506,0.006671191669936068,0.009424148940324107
0.003774941819852773,0.001375141911886001,0.0058930188055656635,0.011831414275906692
0.004355287542363476,0.0014001629933383464,0.005882343657633097,0.017085974011553057
0.0035936727238821825,0.0013944123620133937,0.006163818680424659,0.009315477017860271
0.0026418241174512823,0.0005101223664169766,0.006195730959705582,0.012431812506052452
0.002858052954208377,0.00034122986324347206,0.00584898780454869,0.019015723187206044
0.0025930870966409383,0.0006213278615541854,0.006648372717599951,0.009428430197565302
0.003763753960266241,0.0013735528207636707,0.005865985156825967,0.01182169462671703
0.00434467878176279,0.0013991553083471046,0.005855255475298814,0.017064858671811314
0.0035826551104807067,0.0013924671558341196,0.006135962063263562,0.009312216008507844
0.0026378089535868967,0.0005070294830292178,0.006175638469720085,0.012430520609887964
0.0028560973900909584,0.00033838817098510006,0.005834092256834988,0.019000755751794322
0.0025870010958471915,0.0006181452192629543,0.006625760781665606,0.009432540080531186
0.0037527107440452085,0.0013720657932214115,0.00583908009492458,0.011811963605409944
0.004334234146566997,0.0013982387579264492,0.005828298968914761,0.017043764814749184
0.0035717703244986907,0.0013906335166626814,0.006108242569288467,0.009308912460844514
0.0026338188346941432,0.0005040316554022418,0.006155756267481744,0.012429087291292221
0.002854154409300532,0.0003356267422992307,0.005819418001976728,0.018985688451245368
0.0025809368253051405,0.0006150665334891786,0.00660340116584042,0.009436501834912379
0.0037417959889173083,0.0013706746189077305,0.005812340005722792,0.01180216418371165
0.0043239499179837165,0.001397410677613562,0.005801486469612683,0.017022623787456382
0.003561031610660245,0.0013889138834110156,0.006080661319571185,0.00930551637896105
0.00262986512231908,0.0005011312856297856,0.006136047388782076,0.012427577473615375
0.0028522332605764762,0.00033294831100437905,0.005804935192732069,0.018970602200560967
0.0025748944936274235,0.0006120929214359802,0.006581266769779374,0.009440374143945917
0.003730996786639638,0.001369379014761672,0.0057857815068932455,0.011792244815278236
0.004313808321043697,0.0013966663117116014,0.005774839007427795,0.01700139008593818
0.0035504210599700257,0.0013873006635108389,0.006053258433117333,0.009302003690798104
0.0026259432447345546,0.000498325771108121,0.006116531634489706,0.012425979663831226
0.002850339502778144,0.00033035413755415024,0.005790635970748368,0.018955460622476304
0.002568893771302406,0.0006092299640409521,0.0065593240822811654,0.009444119418001235
0.003720330720610444,0.0013681851162431584,0.005759367542858387,0.011782264263770607
0.004303816719708911,0.0013960098279781747,0.00574833970219675,0.016980129976709262
0.0035399305099481655,0.0013857939146265318,0.006026024272458601,0.009298419804528387
0.0026220441680914757,0.000495613741293358,0.006097239041384586,0.012424237264106039
0.0028484640684687743,0.00032784208007307296,0.005776550478687682,0.018940198283532016
0.0025629305144879593,0.0006064756051445398,0.006537604901081009,0.00944769349421697
0.0037098058656094075,0.001367092411968478,0.005733090690221396,0.011772248981992622
0.004293990105035148,0.001395445280223761,0.00572197218712844,0.016958861684134803
0.0035295785625765624,0.001384400853015064,0.005998925312357234,0.009294770384402757
0.0026181741279805368,0.0004929978238161902,0.006078147001578946,0.012422372680313803
0.0028466039950697645,0.0003254119385324933,0.0057626820932335145,0.01892486059012401
0.0025569875289852893,0.0006038254371037222,0.006516134890264253,0.009451138471436431
0.0036994040660058253,0.0013660960884409948,0.005706985493457855,0.011762135645035197
0.0042843192724180195,0.0013949689352619917,0.005695753437733286,0.016937516465648915
0.0035193701199587777,0.001383120634880285,0.005971975624709136,0.009291009940742508
0.0026143409803341803,0.0004904789397898459,0.0060592333200323225,0.012420429723923107
0.002844768533597728,0.0003230661795376761,0.005749005043485373,0.018909493047650165
0.002551071932341286,0.0006012822522650205,0.006494882973703752,0.009454482519405777
0.0036891207714606737,0.0013651979686389176,0.005681051964250661,0.011751909677080447
0.004274792320991701,0.0013945785952668701,0.005669693897357349,0.016916087423969075
0.003509287720291602,0.0013819475397078493,0.0059452020400860076,0.009287139185349664
0.0026105385072107876,0.00048805488980367077,0.006040522884077384,0.012418377211842049
0.0028429595007345536,0.00032080514364373836,0.005735522215578015,0.01889404292495752
0.0025451986833571476,0.0005988495945844018,0.006473832337534752,0.009457680763840884
0.0036789732740316727,0.0013644024298151828,0.005655258853025085,0.011741625921495242
0.004265419687893621,0.0013942785706106602,0.0056437758759017645,0.016894631601226565
0.0034993298637318922,0.0013808836311232746,0.005918588214287701,0.009283193967854078
0.0026067609632441993,0.0004857253400630586,0.006022033039522277,0.01241618055300132
0.0028411687782981423,0.0003186271529222748,0.005722258310837253,0.018878477458897196
0.002539359237242181,0.0005965245202694804,0.006453014591567323,0.00946071532775345
0.003668962852529025,0.0013637075602599476,0.00562961109740505,0.01173128255073148
0.004256210974925761,0.00139407077057984,0.005617991944072642,0.016873139095420413
0.0034895134837724558,0.001379934049300884,0.005892112851493974,0.009279162944541071
0.002603015400164601,0.0004834923476933936,0.006003740058995899,0.01241387256401219
0.0028393963177149976,0.00031653267471526636,0.005709209565313889,0.018862847226879448
0.0025335412559563757,0.0005943044197344346,0.006432442735692248,0.009463627667776035
0.003659072908943939,0.0013631101213737859,0.005604136249694035,0.011720826623899595
0.004247155654894374,0.001393951757152134,0.005592358022797398,0.01685155585128291
0.003479838628631226,0.0013790967087456197,0.005865792717321173,0.009275012749400322
0.0025993071234107295,0.00048135613458136163,0.005985632062219932,0.012411476981483077
0.0028376501538119165,0.00031452369589400484,0.005696356152898147,0.01884717051168489
0.0025277544541694977,0.0005921923309864229,0.006412088959027409,0.009466425163403595
0.0036493038464045467,0.0013626125271143904,0.005578826560802501,0.011710263979526438
0.004238246280238908,0.001393920850691569,0.005566878123200496,0.016829894326572746
0.003470290220475301,0.0013783676554256369,0.005839644759640353,0.009270755030704975
0.002595630030267256,0.0004793150859851768,0.005967732572145513,0.012408959136066672
0.0028359302668762806,0.00031260017817807435,0.00568370527039587,0.018831397045764604
0.0025220095666695073,0.0005901902734363755,0.006391945843926909,0.009469068409223812
0.003639670526976986,0.0013622176195216304,0.005553658492446533,0.011699636770026731
0.00422949322563783,0.0013939816645840196,0.005541537245840534,0.016808195824248372
0.0034608700432335934,0.0013777493579755031,0.005813653159830318,0.009266413796424408
0.002591980548171223,0.000477369259182313,0.005950051225622952,0.012406301189729461
0.002834230102995324,0.0003107609552933075,0.005671276004602738,0.01881551512786491
0.0025162971543000036,0.0005882954326548732,0.006372040498936078,0.009471554684762564
0.003630170755398117,0.0013619232269672151,0.0055286416948485675,0.011688930427983192
0.004220902519840735,0.0013941349671884294,0.005516332751277051,0.016786439374362198
0.0034515924442629297,0.0013772453048607398,0.0057878045624682045,0.009261972247823377
0.0025883653212898697,0.0004755201236156892,0.005932567265411598,0.012403534746171403
0.0028325508486689403,0.00030900671266380835,0.005659062619528857,0.01879956842786175
0.0025106085522841634,0.0005865063427985867,0.006352379929027552,0.00947391747415725
0.0036207904950190813,0.0013617272298080967,0.005503796917968544,0.01167810550914852
0.004212464468924311,0.0013943780410430333,0.005491277605657267,0.01676458654715377
0.003442455639970854,0.0013768533328132192,0.005762113584129602,0.009257408076940189
0.002584788265446381,0.0004737676861365195,0.005915274171210968,0.01240067061663223
0.002830899149066781,0.0003073389995442023,0.0056470502997707445,0.018783560305013276
0.0025049533735111667,0.0005848256053904667,0.00633294179135192,0.009476154050355765
0.003611532011243261,0.001361631797337725,0.005479114834845864,0.011667175065191302
0.004204174106864325,0.0013947108203266707,0.005466373079708168,0.016742655319144907
0.0034334471644030455,0.0013765706738213435,0.005736591509909808,0.009252734990713836
0.0025812442565620445,0.00047211082842860813,0.0058981915865569355,0.012397678281440509
0.0028292745799164657,0.00030575773745301254,0.005635246457615248,0.018767449730208753
0.002499339636601844,0.0005832543648396242,0.006313722339800074,0.00947823382050696
0.0036024073990565107,0.0013616387390597716,0.005454578241784792,0.011656169131440968
0.00419604024282185,0.0013951360361869666,0.005441607668796256,0.01672067373009346
0.0034245694773020695,0.0013763993689574847,0.005711226021884683,0.009247968083591853
0.00257773084475418,0.0004705496361341174,0.005881325762775555,0.012394549130923627
0.0028276720981953904,0.0003042621688598756,0.005623665868683776,0.01875123463806288
0.0024937590290168444,0.0005817903377690296,0.006294743215917362,0.009480159925916774
0.0035934135995751722,0.0013617461613137933,0.005430196739885251,0.011645070927746278
0.004188067109360454,0.001395654027886896,0.0054169804665013185,0.01669862034139414
0.003415834457179712,0.001376341814959231,0.005686007961653786,0.009243091551040823
0.002574253687963069,0.0004690850955307931,0.005864660232768002,0.012391308992815219
0.002826092986305094,0.00030285293432783113,0.005612303824625176,0.01873494872953837
0.0024882050233116402,0.000580432601342935,0.00627600997791166,0.00948195713730762
0.0035845389900367257,0.001361952546650119,0.00540598613681881,0.011633851992167288
0.00418024678085703,0.0013962627962976243,0.005392501329119021,0.016676468313254394
0.0034072406191334253,0.001376396298584954,0.005660948037193568,0.009238090569772268
0.0025708162192612342,0.00046771722207659917,0.00584819018263032,0.012387962688684624
0.002824542668316797,0.0003015312425437469,0.005601149096117923,0.018718590140151228
0.0024826856422558367,0.0005791830853813661,0.006257506007724347,0.009483620122564406
0.003575785475363941,0.0013622594508668443,0.005381939034885495,0.01162252474791909
0.004172575208269233,0.0013969623206996496,0.005368171140749195,0.016654233574373716
0.0033987778555503527,0.0013765607227545803,0.005636054777305312,0.009232976585674119
0.0025674147214231925,0.00046644526314465305,0.0058319306138260515,0.012384486238887786
0.0028230211990210286,0.00030029713789385783,0.0055902070807005814,0.01870212777803472
0.0024772075490777745,0.0005780425296128047,0.006239227805160124,0.009485126341346427
0.003567162620503909,0.0013626680585906257,0.005358042705308344,0.011611110454488014
0.004165058966094078,0.0013977544988687883,0.005343981703549542,0.016631935413374977
0.003390447609151546,0.0013768363517525244,0.005611320213988956,0.00922775936819879
0.00256404718734464,0.0004652691788786483,0.005815887082088975,0.012380874419420216
0.0028215248887046816,0.00029915016150265417,0.005579489357257331,0.01868556153230445
0.002471764645023107,0.0005770092690886891,0.006221191510726179,0.009486479112850709
0.003558668188209643,0.001363176938723888,0.005334304232869432,0.011599595719150192
0.0041577016309423155,0.0013986396109456885,0.005319932151060836,0.01660955711550318
0.0033822594686790403,0.0013772248607811651,0.005586737272583524,0.009222426870513724
0.00256071798351289,0.0004641895614504717,0.00580004772687538,0.012377146277617742
0.00282005449557729,0.0002980907882108332,0.005568993675619392,0.018668915706472285
0.002466351480706373,0.0005760825518780911,0.006203403501980944,0.00948769592003454
0.003550292681379395,0.0013637848312872299,0.0053107360221281465,0.011587959830338468
0.00415049744156307,0.00139961626651441,0.0052960295218186515,0.01658707936965312
0.003374213476020112,0.001377725151508072,0.005562312392129227,0.009216968698265854
0.00255743052091002,0.00046320648457474635,0.005784407524459606,0.012373305180444763
0.002818614326776013,0.000297119949428017,0.005558711559272171,0.018652188857922178
0.0024609736888727587,0.0005752636009576449,0.006185852854575029,0.009488772829995506
0.0035420363377826904,0.0013644925610894441,0.00528733420471672,0.01157621093641865
0.004143442459335358,0.0014006842354940489,0.005272275371243427,0.016564512857027164
0.0033663018601756173,0.0013783355276427772,0.005538052542816141,0.00921139251911013
0.0025541827375941115,0.00046231946114845725,0.005768976555221421,0.01236933391470574
0.0028172052986211067,0.0002962378494846265,0.005548645488542243,0.01863535874950649
0.0024556372323133353,0.0005745529737550107,0.006168535080287918,0.009489693811084415
0.003533906251845565,0.0013653008857897019,0.00526408946485288,0.011564364257151719
0.004136540699821378,0.0014018446576555452,0.005248664493044206,0.01654187142779236
0.0033585242748646045,0.0013790564034108362,0.005513953977837517,0.009205705197708382
0.0025509728756839575,0.00046152830310548353,0.005753760598968118,0.012365227476575393
0.0028158250605848215,0.0002954442579141141,0.005538804172103831,0.018618423487655265
0.002450338760325729,0.0005739495803418133,0.006151460777989929,0.009490459830269832
0.003525901764034958,0.0013662088364938855,0.005241005504802691,0.01155241193561089
0.004129795408909311,0.0014030978426930883,0.005225195531614081,0.016519144868329907
0.0033508878329761792,0.001379888850662106,0.005490011163072864,0.009199899153514362
0.002547803855760041,0.00046083325970252447,0.005738752451115152,0.012360998320383997
0.0028144737089248295,0.00029473946165445433,0.005529188050337501,0.01860139913431548
0.002445073654641776,0.0005734526993691333,0.006134637344492175,0.009491082446437392
0.0035180155479761226,0.0013672152739152767,0.005218091859232535,0.011540339092564167
0.0041232031146714474,0.0014044429042977678,0.005201872968621097,0.016496319141569033
0.003343394380395291,0.001380832326662975,0.005466226663064211,0.009193966798899549
0.002544679031489255,0.0004602344060161218,0.005723946651231493,0.012356650240900392
0.0028131543794030363,0.00029412413232346863,0.005519791341743899,0.018584286710138537
0.0024398448631026697,0.0005730628976746098,0.006118059515038047,0.009491560401904058
0.003510245814390705,0.0013683203165187714,0.005195348371190315,0.011528148783867567
0.004116759988869509,0.001405879388693468,0.005178699051695438,0.016473399157960363
0.003336038827775191,0.001381885487786605,0.005442605754292822,0.009187912007256487
0.002541598055514531,0.0004597314386823138,0.0057093483363785495,0.01235217241419719
0.002811868749592933,0.00029359858135712607,0.005510613847776913,0.018567071810341756
0.0024346574672755687,0.0005727805677433441,0.006101722478525272,0.00949188310205933
0.0035025968925906105,0.00136952430832109,0.0051727690428838985,0.011515851382917629
0.004110467468374161,0.001407407749284608,0.005155671263933704,0.016450394697476743
0.0033288192864369456,0.001383048026195688,0.005419148040265265,0.009181739729872332
0.0025385596809644924,0.00045932406974250696,0.00569496287940656,0.012347559374813246
0.002810615880648826,0.00029316276135824763,0.005501661149520546,0.018549750226771883
0.002429510818674524,0.0005726050772984098,0.006085631534035695,0.00949204895661375
0.0034950694659283536,0.0013708266172863294,0.005150354650411616,0.011503444330450061
0.0041043280748863575,0.0014090282191933643,0.005132788088908397,0.01642730163981164
0.0033217400260835053,0.0013843203726002843,0.005395849907951656,0.009175446414289159
0.002535565497671081,0.000459012251718054,0.005680787311704932,0.01234281758400988
0.00280939552221951,0.000292816815783516,0.005492935505094677,0.018532330750998017
0.0024244015931395566,0.000572535752070006,0.006069793710225578,0.009492064458780359
0.0034876586263794633,0.00137222622499115,0.005128111675114798,0.011490918016612292
0.004098340344037963,0.0014107402901159464,0.00511005179395848,0.016404110660142617
0.003314803962067831,0.0013857022975277767,0.005372711191464428,0.009169026872136126
0.002532618409954001,0.00045879595744699225,0.005666816752249286,0.012337951003960759
0.002808209611446267,0.00029256116265438106,0.005484434010490562,0.018514816205568115
0.0024193304403548506,0.0005725726245560914,0.006054208685162146,0.00949193038782859
0.0034803611781499618,0.0013737226844772721,0.005106042600561442,0.011478271619135996
0.004092501102641963,0.0014125434104060258,0.005087464677116304,0.016380822218048974
0.0033080089287133986,0.0013871928344387618,0.005349734882360735,0.00916248208747264
0.0025297194761843733,0.0004586749660426695,0.005653052117974407,0.012332954357067315
0.0028070600859309417,0.0002923961137305456,0.005476155044857198,0.018497198977448646
0.0024143009006697756,0.0005727158385924867,0.006038873108140153,0.009491640809537532
0.0034731784551133072,0.0013753158657729635,0.005084144941323865,0.011465510964741913
0.004086809729606914,0.0014144374762977625,0.005065026353302718,0.016357442209339917
0.00330135267727936,0.0013887912462472074,0.005326922299041937,0.009155815216420494
0.0025268684033051656,0.0004586489462670815,0.005639496952569285,0.012327822723139936
0.0028059472986922377,0.00029232174239139137,0.005468101022576627,0.018479474136244754
0.0024093141825988194,0.0005729650287046667,0.0060237883464847475,0.009491192858937424
0.003466111362435388,0.0013770052444121335,0.005062418112515661,0.011452636838474242
0.004081267377253721,0.0014164224700480641,0.005042735843718207,0.016333970617902364
0.0032948367786087575,0.0013904973188609184,0.005304272000201475,0.00914902551937025
0.002524065992277726,0.00045871762526960224,0.005626151089175506,0.01232255787639602
0.0028048712287559695,0.0002923381164618922,0.005460274381678369,0.018461644629749818
0.0024043688042602695,0.0005733196200193849,0.006008959302373594,0.00949058889673747
0.0034591572358183193,0.0013787899261710128,0.005040865596060146,0.011439644543661413
0.004075873709973996,0.001418498056404479,0.005020593911053309,0.016310402721402804
0.0032884638580454053,0.0013923107876294687,0.005281782800731316,0.009142110220377173
0.0025213143570469968,0.00045888079098476065,0.005613011380067359,0.012317162658628618
0.0028038329067869654,0.0002924454351629776,0.005452674630903454,0.018443713079597447
0.0023994642717979817,0.000573779297385865,0.005994388564797948,0.009489830143659768
0.0034523127072189643,0.00138066911747954,0.005019490651378698,0.011426531826296486
0.004070626660412354,0.0014206637051535382,0.004998602203804211,0.016286737033229963
0.0032822340964328693,0.0013942309725596905,0.005259455431314262,0.00913506890026985
0.0025186152517058954,0.0004591381774211803,0.005600076302894841,0.01231163561534284
0.00280283395887171,0.0002926439056316739,0.005445300332411985,0.018425676787623847
0.002394602259809307,0.0005743439014046883,0.005980075558960929,0.009488914128135224
0.0034455766155242727,0.0013826422202027448,0.0049982937743984455,0.011413300710810089
0.004065524619344942,0.0014229189684175356,0.004976761492621114,0.016262976008720988
0.003276146256762227,0.0013962570320301534,0.005237291063303994,0.009127903048337344
0.002515969477864779,0.00045948941347753584,0.005587346715988036,0.012305973659870541
0.002801875512642226,0.0002929336226175331,0.0054381516583453665,0.018407532140027914
0.0023897843965208754,0.0005750131083492388,0.005966020295292881,0.00948783834369189
0.0034389487816773845,0.0013847085650073767,0.004977274867332141,0.01139995275517627
0.004060567201927114,0.0014252634943551497,0.004955071727825693,0.016239121081274753
0.0032702003785131904,0.001398388284656913,0.005215289687772866,0.009120613185132527
0.0025133778402881106,0.00045993407795262553,0.005574823005363108,0.012300176100072164
0.002800958161007507,0.0002933146122502624,0.005431229858242855,0.01838927870428115
0.0023850108330125343,0.000575786421581078,0.005952225158051562,0.009486602589492712
0.003432427716192853,0.0013868672801663315,0.004956435498393584,0.011386486832733477
0.00405575403665698,0.0014276968768668556,0.004933533154715181,0.01621517113606277
0.0032643978952486617,0.0014006241751410473,0.005193450452739534,0.009113198557999202
0.0025108418136692433,0.00046047175848070197,0.00556250370694944,0.012294243912000881
0.002800082645244723,0.0002937869157056867,0.005424535450912846,0.018370917450509703
0.002380281241648666,0.0005766633590710849,0.005938693076479374,0.00948520725412294
0.0034260107395701245,0.0013891174036453156,0.004935778232758634,0.011372901458012242
0.004051083904247101,0.0014302185901833467,0.004912146629786703,0.016191125120298893
0.0032587399351077487,0.0014029640619202235,0.005171772822415668,0.009105658772804212
0.0025083631493833373,0.0004611020377384772,0.00555038684162673,0.012288177160292301
0.00279925011204151,0.0002943505861582022,0.005418067939642162,0.018352447922273134
0.0023755960366859566,0.0005776435048891841,0.005925425729618393,0.00948365156611581
0.0034196954561748634,0.0013914579901162364,0.004915305043449716,0.011359196663223242
0.004046555201531822,0.001432828037559892,0.004890913066060878,0.01616698356598792
0.003253226696456404,0.0014054071424412927,0.00515025684317251,0.009097994335121883
0.0025059433446148363,0.00046182444348672646,0.005538471210223731,0.012281974745571966
0.0027984617991801907,0.00029500563778184013,0.0054118267993947715,0.018333868526455917
0.002370956182377987,0.0005787264190841121,0.005912423997138598,0.009481934128605075
0.003413480161478296,0.001393888089221263,0.004895017148661564,0.01134537322493045
0.004042166615150527,0.0014355246095029217,0.00486983304211951,0.01614274756873201
0.003247858265545464,0.0014079525481975877,0.005128902532336043,0.009090205904901533
0.002503583688882915,0.0004626384340688495,0.005526756076064074,0.012275635744237536
0.002797718760392124,0.00029575202904423515,0.005405812024641974,0.01831517812591956
0.0023663623992689095,0.0005799115847044452,0.0058996892328733955,0.009480053978343549
0.0034073631188238224,0.001396406683090039,0.004874915854071148,0.011331431447084695
0.004037917106948447,0.001438307693744262,0.004848906951097443,0.01611841770368857
0.003242635288782664,0.0014105994427061268,0.005107709422713713,0.009082293828993693
0.0025012855758792777,0.00046354342510385155,0.005515240295174418,0.012269159946931788
0.0027970219194870475,0.00029658968369074436,0.00540002380050832,0.0182963763594169
0.0023618149529091863,0.0005811984375950166,0.005887223561791949,0.009478010613210526
0.0034013420535266765,0.0013990126693942616,0.004855002989180718,0.01131737114220766
0.004033805540408767,0.0014411766496463187,0.004828135273745397,0.01609399417099945
0.0032375587919482693,0.0014133470182750524,0.0050866767000221705,0.009074258355715197
0.002499050600475667,0.0004645388093036031,0.005503922116875405,0.012262547397527973
0.002796372241069252,0.0002975185065745143,0.005394462061764472,0.01827746300552203
0.0023573139897981633,0.0005825864022960437,0.005875029303292357,0.009475803520429987
0.0033954143299398097,0.0014017048817560455,0.004835280656899721,0.011303192174135952
0.004029830532248725,0.0014441307824804455,0.0048075186216809795,0.01606947732167509
0.0032326297596295198,0.0014161944340984423,0.005065803528678409,0.009066099894253337
0.0024968804452638847,0.0004656239458349383,0.005492799546521462,0.012255797994383458
0.0027957707876730725,0.0002985383778548842,0.005389126459965242,0.018258437632249915
0.0023528597987717953,0.0005840748916768081,0.005863108535043295,0.009473432015024888
0.003389577283855178,0.001404482108633409,0.004815750887027747,0.011288894678135725
0.004025990576222542,0.0014471693419504678,0.004787057608274175,0.016044867801221514
0.0032278490485775743,0.001419140784266077,0.0050450891285599,0.009057819019267738
0.0024947767854392095,0.00046679814197890014,0.005481870618078049,0.012248911519904263
0.0027952186617340633,0.0002996491415025031,0.0053840165781488016,0.018239299708382666
0.002348452766541603,0.0005856632914934376,0.005851463189307556,0.009470895354663434
0.003383828291519571,0.0014073430952549633,0.004796415581057942,0.011274478944079755
0.004022284182799068,0.0014502915409230553,0.004766752749034087,0.016020166414192995
0.0032232175617366078,0.001422185121019188,0.005024532620578819,0.009049416385087241
0.0024927412917564403,0.000468060650848909,0.005471133350284192,0.012241887812771288
0.0027947169360605273,0.00030085060292975644,0.0053791320740262825,0.018220048785209823
0.002344093212778167,0.0005873509549533797,0.005840095356028408,0.009468192846136507
0.0033781646400007103,0.0014102865354301353,0.0047772766648438506,0.0112599452497687
0.0040187099021874164,0.0014534965711480476,0.004746604468893094,0.0159953739758397
0.0032187363995717817,0.0014253264923283534,0.005004132887416447,0.009040892669979834
0.0024907756738206566,0.00046941068012370596,0.005460585576338834,0.012234726874777162
0.0027942666340246675,0.0003021425339372546,0.005374472664203491,0.01820068458281928
0.002339781300613328,0.0005891372086786081,0.00582900743325279,0.00946532388171697
0.003372583406361542,0.0014133110649347037,0.004758336223562766,0.011245293773563186
0.0040152662743871866,0.0014567836028253076,0.004726613156766401,0.015970491239274725
0.0032144068873286003,0.0014285639545027853,0.004983888561588489,0.00903224855214843
0.0024888817103750557,0.00047084739620191637,0.005450224847473224,0.012227428887483462
0.0027938687529643707,0.0003035246764635519,0.005370038044248629,0.018181206989972335
0.0023355170563397866,0.0005910213605102728,0.005818202079796357,0.009462287928889132
0.003367081434097132,0.0014164152614707423,0.004739596514369192,0.011230524606032757
0.004011951786871208,0.0014601517761394026,0.004706779189385938,0.015945518914218658
0.003210230533594189,0.0014318965620460271,0.0049637980746830655,0.009023484721056591
0.0024870612550948203,0.00047236992081795405,0.005440048447231604,0.012219994163702967
0.00279352429270747,0.0003049967421751662,0.005365827846892246,0.018161616005120125
0.0023313004289297347,0.0005930027031382779,0.005807682118128056,0.009459084488259108
0.0033616553773811743,0.0014195976481967143,0.004721059901855338,0.01121563781380117
0.004008764876047216,0.0014636001979253781,0.004687102908973748,0.015920457731335862
0.003206208998958206,0.0014353233586399524,0.004943859680259735,0.009014601906933007
0.0024853162259446445,0.00047397732696662553,0.005430053447350564,0.01221242309914635
0.002793234260175682,0.00030655841109508773,0.005361841664601144,0.018141911689385188
0.0023271313150421973,0.0005950805147014784,0.005797450511445132,0.009455713065955825
0.0033563017425680126,0.0014228566965560096,0.004702728812170434,0.011200633464891458
0.004005703959736085,0.001467127946675982,0.004667584589617999,0.01589530846015535
0.0032023441137447755,0.0014388433820985206,0.004924071431240755,0.009005600883276638
0.0024836485935704317,0.00047566863832754225,0.005420236732604543,0.012204716183173248
0.0027929996512214526,0.0003082093324897255,0.005358079100415773,0.018122094186335622
0.00232300953068837,0.0005972540608144186,0.005787510426706608,0.009452173190757569
0.003351016883438708,0.0014261908276855906,0.004684605748325621,0.011185511584013359
0.0040027674679297765,0.001470734081042896,0.004648224421657265,0.015870071858066038
0.0031986379332108288,0.0014424556786921036,0.004904431136790847,0.008996482436362346
0.0024820603813047923,0.0004774428309659795,0.005410594976814568,0.012196874050221782
0.0027928214302909773,0.0003099491278936941,0.005354539804056695,0.01810216377477005
0.0023189347638794045,0.0005995225998943088,0.005777865323251608,0.00944846444524308
0.003345796962039495,0.0014295984132538242,0.004666693337770712,0.011170272090081503
0.003999953854635742,0.0014744176468242324,0.004629022512037668,0.01584474860968494
0.0031950927938617577,0.0014461593174300326,0.004884936322944586,0.008987247336230087
0.002480553676113118,0.00047929883499246224,0.00540112459921081,0.012188897518277512
0.0027927005226312234,0.0003117773944875015,0.005351223482635748,0.01808212089848046
0.002314906545237289,0.0006018853898748925,0.005768519014631312,0.009444586476337455
0.0033406379127767804,0.0014330777757174905,0.004648994369093563,0.011154914761158884
0.003997261598668713,0.0014781776807215364,0.004609978884728974,0.015819339297467934
0.003191711351630895,0.0014499533997570258,0.004865584205361963,0.008977896325589086
0.0024791306416942073,0.00048123553522480143,0.005391821732517116,0.012180787600874644
0.0027926378170665864,0.0003136937081267653,0.00534812990253513,0.018061966169959
0.002310924240708959,0.0006043416946339147,0.005759475699699544,0.009440538990393597
0.0033355354261924448,0.001436627188435471,0.004631511806040413,0.01113943921969032
0.003994689208299814,0.001482013212579525,0.004591093472894031,0.01579384438971881
0.0031884966110093103,0.0014538370663736608,0.004846371668901543,0.00896843011424749
0.002477793527998867,0.00048325177124136057,0.0053826822086411995,0.012172545513177258
0.0027926341692448772,0.00031569762657804464,0.00534525890016049,0.0180417003729124
0.002306987048491928,0.0006068907905988489,0.0057507399898443605,0.00943632175051416
0.0033304849424185307,0.0014402448766928067,0.004614248793489105,0.011123844914520339
0.003992235235222981,0.001485923269133101,0.004572366105081188,0.015768264222487605
0.0031854519606727013,0.0014578095056953446,0.004827295243889385,0.008958849367876125
0.002476544677288593,0.0004853463379550236,0.005373701549939991,0.012164172685772714
0.002792690398827335,0.000317788693835275,0.005342610405986355,0.01802132447311499
0.0023030939859252724,0.0006095319748503003,0.005742316955267898,0.009431934579276257
0.003325481639981047,0.0014439290200096754,0.004597208671140879,0.011108131091081403
0.0039898982944364305,0.001489906880755744,0.004553796490591929,0.015742598969201056
0.003182581222076276,0.0014618699666658346,0.0048083510729735055,0.008949154690831022
0.0024753865296908623,0.0004875179873342424,0.005364874954454209,0.012155670787013672
0.002792807281057165,0.00031996644581539787,0.0053401844770895246,0.018000839635897735
0.0022992438647940028,0.0006122645751635957,0.0057342121940347915,0.00942737736417692
0.0033205204147094443,0.0014476777549114303,0.0045803950000285806,0.011092296750409469
0.003987677086225278,0.0014939630902349858,0.004535384206421129,0.015716848599678222
0.00317988871018021,0.0014660177753342072,0.004789534869112785,0.008939346604731372
0.002474321631204796,0.0004897654309184117,0.0053561972712104396,0.012147041752569537
0.0027929855369248804,0.0003222304172704535,0.005337981332296139,0.01798024724939431
0.002295435260556361,0.0006150879617813555,0.005726431916010532,0.00942265006530024
0.0033155958502188113,0.0014514891772865496,0.004563811598463597,0.011076340600023915
0.003985570418425588,0.001498090961937368,0.004517128684818357,0.01569101283202261
0.003177379303639523,0.0014702523532242782,0.0047708418674253465,0.008929425524242526
0.0024733526461051905,0.0004920873424294161,0.005347662967651556,0.012138287819516305
0.0027932258253653744,0.00032458014966511465,0.005336001387613204,0.01795954895110527
0.0022916664807753387,0.0006180015607579502,0.005718983034213262,0.009417752723484935
0.0033107021836226726,0.0014553613442486852,0.004547462581898881,0.011060261001231966
0.003983577229321979,0.0015022895908968976,0.00449902919925083,0.015665091082144738
0.0031750585231321063,0.0014745732367293853,0.004752266771943299,0.008919391732207727
0.0024724823731036,0.0004944823603665919,0.00533926609298364,0.012129411561559073
0.0027935287375243784,0.00032701520011663344,0.0053342452937860385,0.017938746654139772
0.0022879355339732676,0.0006210048690886118,0.005711873262736984,0.009412685466693337
0.003305833268833408,0.0014592922759528166,0.00453135240471065,0.011044055914403324
0.003981696613136345,0.0015065581125623792,0.004481084847547407,0.015639082411773857
0.00317293261796925,0.0014789800984337403,0.004733803696659093,0.008909245354257026
0.002471713763698247,0.0004969490910006855,0.005331000239297572,0.012120415925638261
0.002793894790985875,0.00032953515181203326,0.005332713979331614,0.01791784257376019
0.002284240096170115,0.0006240974721634554,0.0057051112262094545,0.009407448515421104
0.003300982536821036,0.0014632799578239433,0.004515485906335444,0.01102772283849293
0.003979927849767843,0.0015108957141345902,0.004463294532545209,0.015612985470470676
0.0031710086642235367,0.001483472771717587,0.004715446099139499,0.008898986330204223
0.002471049941906753,0.0004994861121344037,0.005322858499247931,0.012111304273674833
0.002794324422119424,0.0003321396263408921,0.005331408701645683,0.01789683925799858
0.002280577471556126,0.00062727906417493,0.0056987065870248,0.009402042189553629
0.00329614294980011,0.0014673223433467832,0.004499868365632627,0.01101125874029104
0.003978270439678586,0.0015153016479685201,0.004445656940710331,0.015586798427317911
0.00316929467845388,0.0014880512795474982,0.004697186704163061,0.008888614380437695
0.0024704942262303567,0.0005020919776760512,0.00531483341744729,0.012102080432031665
0.0027948179761427636,0.0003348282982364522,0.00533033110718795,0.017875739624111917
0.002276944545547289,0.0006305494720513156,0.005692670195096882,0.0093964669169181
0.003291306946529545,0.0014714173572916262,0.0044845055658323165,0.010994659972091493
0.00397672414398787,0.0015197752471637843,0.004428170518297243,0.015560518891588687
0.0031677997504891493,0.001492715867969757,0.004679017414665735,0.008878128967409868
0.002470050155410248,0.0005047652229258064,0.0053069169331784296,0.012092748749226046
0.002795375695569414,0.00033760091194543173,0.005329483301344435,0.017854547000770028
0.002273337730002739,0.0006339086833340047,0.005687014263193898,0.00939072324291481
0.0032864663773699084,0.001475562899050962,0.004469403871244125,0.010977922177138449
0.003975289030382024,0.0015243159433303048,0.004410833444172094,0.015534143822151073
0.0031665341982362247,0.0014974670448096718,0.0046609292073910725,0.00886752925254691
0.0024697215190916614,0.0005075043705801091,0.005299100312909552,0.012083314162757043
0.0027959977074570133,0.0003404573015696971,0.0053288679291468525,0.01783326517664611
0.002269752900215513,0.0006373568786176436,0.0056817525711915645,0.009384811841364788
0.003281612427900557,0.001479756845972564,0.004454570317036611,0.010961040181262571
0.003973965525872969,0.001528923286730305,0.004393643598378416,0.01550766942404481
0.0031655097483349465,0.0015023056243211393,0.004642912010948137,0.008856814047699493
0.00246951239410712,0.0005103079375311097,0.005291374071382493,0.01207378227661622
0.0027966840091692875,0.00034339741391327166,0.005328488269003801,0.017811898456561826
0.0022661853223537136,0.0006408944695194489,0.005676900704167456,0.009378733526733454
0.0032767355291916504,0.0014839970568545828,0.004440012714270024,0.010944007868102113
0.003972754477973299,0.0015335969693914206,0.004376598525608186,0.015481091029625037
0.003164739747334213,0.0015072327790959146,0.004624954563082018,0.008845981760108718
0.002469427187020819,0.0005131744426551799,0.005283727879672279,0.01206415945145867
0.00279743445186603,0.0003464213355054774,0.005328348342556643,0.01779045172636078
0.0022626295690262328,0.0006445221433387526,0.005672476331556918,0.009372489268005109
0.003271825252293814,0.0014882813757521127,0.0044257397733948175,0.010926818034596716
0.003971657226095386,0.0015383368519649619,0.004359695392652604,0.015454402961124287
0.00316423940971009,0.0015122501008814177,0.0046070442429601965,0.00883503032954165
0.0024694706835693705,0.0005161024158644075,0.0052761504579146475,0.012054452910107056
0.0027982487208100867,0.00034952932444937075,0.005328453044300376,0.017768930528378607
0.002259079420221529,0.0006482409158956118,0.005668499536275585,0.009366080204569418
0.003266870183486198,0.0014926076362373887,0.004411761250310143,0.01090946222246721
0.003970675685513039,0.0015431429951575783,0.004342930938638577,0.015427598370484508
0.0031640261106636153,0.0015173596722462583,0.004589166873083862,0.008823957156000008
0.0024696481064328656,0.0005190904086205069,0.005268629449594536,0.01204467086185549
0.0027991263116084815,0.00035272184808898534,0.00532880829557209,0.017747341149869568
0.002255527746328582,0.000652052194331167,0.005664993204896238,0.00935950766471983
0.003261857776159991,0.0014969736661614849,0.004398088119764601,0.010891930520796438
0.003969812446723825,0.00154801569668419,0.004326301416272738,0.015400669051927312
0.0031641197336667,0.0015225641514027112,0.004571306483934657,0.008812759016298875
0.002469965182943915,0.0005221370061458035,0.005261151273654905,0.012034822649723984
0.002800066501488733,0.00035599962770633934,0.00532942122841967,0.017725690727225296
0.002251966369498738,0.0006559578520471379,0.0056619834923633955,0.009352773187307664
0.0032567741742939534,0.0015013772929618357,0.004384732781974617,0.010874211333711548
0.003969070893761909,0.001552955534895952,0.004309802521944405,0.015373605221622557
0.0031645430850745977,0.0015278668730732753,0.00455344503291121,0.008801431967506398
0.0024704282248341823,0.0005252408416619885,0.005253700949945072,0.012024918925584781
0.002801068314416724,0.0003593636918272384,0.005330300406439778,0.01770398736916499
0.0022483858985467026,0.0006599603186579498,0.005659500378067178,0.009345878547155923
0.0032516040013007494,0.001505816349682214,0.0043717093096957834,0.010856291105889568
0.003968455345948052,0.0015579634206025954,0.00429342931191836,0.015346395257677756
0.0031653223912059113,0.00153327196910289,0.004535562067016715,0.008789971234789086
0.0024710442223125203,0.0005284006130484654,0.005246261892659269,0.012014971859492848
0.0028021304783052057,0.000362815440111055,0.005331456091740617,0.017682240302994166
0.0022447755314686634,0.0006640626885220471,0.005657578334804765,0.009338825784965343
0.0032463301065530185,0.0015102886818989891,0.004359033745070352,0.010838153996493098
0.003967971228915973,0.0015630406590790556,0.004277176101256746,0.015319025391441348
0.0031664878974518675,0.0015387845135954926,0.004517634315996111,0.008778371080509837
0.0024718209552403755,0.0005316151025338485,0.005238815665315207,0.01200499539106814
0.0028032513720614685,0.0003663567204142426,0.005332900569809945,0.017660460049071743
0.002241122817701958,0.0006682688526060338,0.005656257137925118,0.009331617242763417
0.0032409332597432526,0.001514792155923537,0.004346724457974523,0.010819781489746523
0.00396762528240378,0.0015681890247917548,0.004261036341101228,0.01529147933903725
0.003168074594422895,0.0015444106986493668,0.0044996351990926695,0.008766624650642846
0.002472767124861851,0.0005348832001039887,0.005231341689174172,0.011995005533073214
0.0028044289594471327,0.0003699899223273581,0.0053346485476444515,0.017638658629843856
0.0022374133704201903,0.0006725836597180997,0.005655582849854741,0.009324255606044171
0.0032353917805301585,0.0015193246687356418,0.004334802581030991,0.010801151927270294
0.003967425814557588,0.0015734108521314092,0.004245002468705971,0.015263737859004829
0.003170123103370557,0.0015501580485914302,0.004481534223637421,0.008754723793845667
0.0024738925102296646,0.00053820393158032,0.005223816895237607,0.011985020739942034
0.00280566070584653,0.00037371809147284193,0.005336717645106281,0.017616849821391133
0.0022336305163037366,0.000677013115045945,0.0056556090253457,0.00931674395398734
0.0032296810876103967,0.0015238841602558395,0.004323292540443266,0.010782239943434722
0.003967383015305698,0.0015787091464021432,0.004229065722852867,0.015235778218378718
0.0031726807623749854,0.001556035682900607,0.004463296247416053,0.008742658847492228
0.0024752081546686767,0.0005415764925426363,0.005216215307483696,0.01197506235757424
0.0028069434727928297,0.0003775450701669818,0.005339129005800317,0.017595049457578373
0.0022297548667672587,0.0006815646264213605,0.00565639819638186,0.009309085819437294
0.003223773146556664,0.0015284686288413387,0.0043122227077156995,0.010763015779701261
0.003967509345535723,0.0015840877206103562,0.00421321591504231,0.015207573544402886
0.0031758029678500576,0.0015620546412278716,0.004444880568403516,0.008730418383505271
0.0024767265886055296,0.0005450002897102373,0.00520850754218573,0.011965155175518246
0.002808273383283605,0.00038147567185214595,0.005341908062449378,0.01757327579935864
0.0022257637898070674,0.0006862473121877282,0.0056580237140503396,0.009301285260653951
0.003217635789910689,0.0015330761512671511,0.004301626204688693,0.01074344444710768
0.003967820023945829,0.001589551365445354,0.00419744114375545,0.0151790920328785
0.003179554842501986,0.0015682282882387723,0.004426239794183369,0.008717988905431063
0.002478462096787112,0.0005484749918448974,0.005200660204371449,0.011955328108762412
0.002809645648499211,0.0003855158991293337,0.005345085503415114,0.01755154998529252
0.0022216307553175677,0.0006910723892232455,0.0056605720495903865,0.00929334694709284
0.003211231874550006,0.001537704908979777,0.004291541904723029,0.010723484697145087
0.003968333641157308,0.0015951060622538256,0.004181727434965386,0.015150295975392816
0.0031840133246044348,0.0015745728219648065,0.004407318428082914,0.008705354486101716
0.0024804310395006657,0.0005520005930211148,0.005192635158023307,0.011945615044720966
0.0028110543430866493,0.0003896732186386471,0.005348698503655958,0.017529896583389278
0.002217324518197099,0.0006960536663316763,0.005664145690879151,0.009285276261745438
0.003204518230612776,0.0015423532232599045,0.0042820156866527894,0.01070308774915267
0.003969072940347378,0.0016007592522785797,0.004166058286273922,0.015121140556644569
0.0031892698049755027,0.0015811079175891076,0.004388051088371521,0.008692496332981492
0.0024826522399105967,0.000555577492010515,0.005184388640711451,0.011936055902137031
0.0028124921113945153,0.00039395691070865735,0.0053527923061070445,0.017508344270117816
0.0022128080920893888,0.0007012081773812146,0.0056688668178241156,0.009277079422794843
0.003197444340656927,0.0015470196030552919,0.004273102017383182,0.010682195706478003
0.003970065818402403,0.0016065201801021103,0.004150414084042497,0.015091572357865402
0.003195433482938936,0.0015878575501508444,0.004368360248112807,0.008679392265522754
0.002485117417821412,0.0005590435449900078,0.005176627056758748,0.011921127574232936
0.0028133798343268177,0.0003981313405293347,0.0053577735063846214,0.0174745003510123
0.0022085520331795536,0.0007065415249132233,0.005675298288654064,0.009256821545168329
0.003191767246151741,0.0015519529829263593,0.004261313390450372,0.010674537230805173
0.003971732125312411,0.0016131093456533464,0.004133608816737715,0.015077606551607791
0.003199670430886427,0.00159501466389458,0.004345807967408131,0.00867634761566314
0.00248605012399994,0.0005627351173391713,0.005171472221773343,0.011896083174990215
0.0028128134742553073,0.00040204644867309334,0.005365204239805774,0.017431546826119856
0.0022039236412801522,0.0007112303212084732,0.0056840788247315725,0.00923231977661851
0.0031879348390265114,0.0015565287678423057,0.004249281155945795,0.010668484789333323
0.003974161241287162,0.0016202028715769116,0.0041166982457323305,0.015062836863583857
0.0032022999473003103,0.001602830671191539,0.004322798233389929,0.008671747915391456
0.002485396781270914,0.0005662123849731624,0.005167706424585661,0.011878057206884299
0.002811007218337097,0.0004057050913412093,0.005375899387645261,0.01739819088807904
0.002197126537076086,0.000715192763232468,0.005697507458229419,0.009215055651788361
0.003183244517547744,0.0015599988894419387,0.0042404980023579165,0.010655607888242697
0.0039784128465072755,0.0016267605663027266,0.0041008438717682035,0.01504151170526628
0.0032083516239489614,0.001610214272689931,0.0042985965222367625,0.008664418715750744
0.0024848613758385522,0.0005691043522711931,0.0051630882252465355,0.011863375171019026
0.0028085632521215077,0.0004093199852156174,0.0053884996362269875,0.017365595886538538
0.002187908020087052,0.0007196735172177662,0.005715076062051759,0.009196415404927686
0.0031751711949239594,0.0015635835330932459,0.004231188657409142,0.010647691564224158
0.003983199879794068,0.0016335125876737165,0.004083832233502619,0.01502648630822658
0.0032178711455370587,0.0016171655919023924,0.0042706472086046065,0.008661560669032623
0.002485232909393949,0.0005712581301125851,0.005158141611847575,0.011845064039164618
0.0028058074276929757,0.00041241649584715254,0.0054035258085643615,0.017329174288423007
0.002178146939670489,0.0007236374143417377,0.005737475812747375,0.00917520304075066
0.00316646982415174,0.0015665609642130395,0.004222390037412274,0.010640979560785963
0.003988107724657999,0.0016407793117359064,0.0040653591118764865,0.015012419910166497
0.003228079960347153,0.0016253824600535823,0.004238897661744912,0.008659514726895873
0.002485841956533452,0.000573440987281653,0.00515166756151467,0.011830047679628423
0.0028026417123862956,0.0004155222793049321,0.005420840479227199,0.017296496315232623
0.002167019530368625,0.0007273568822432083,0.0057655973515934236,0.009156231006873876
0.0031573181141485965,0.001568452778498988,0.0042168614576987,0.010629778316172235
0.003995135961544182,0.0016478604584868716,0.004047213744458921,0.014994141926463011
0.0032425524967512344,0.001634261954266822,0.004204574947730947,0.00865579632790418
0.0024870356987652677,0.0005756876408622507,0.005142759158623668,0.011816911380559476
0.0027988608466247046,0.00041911553991580007,0.005439611890168841,0.017263587006663
0.0021527371102755366,0.0007320018129088675,0.005797121221573314,0.009132941802031728
0.003144600458522938,0.001570793859040159,0.004212618323632868,0.010619243788108204
0.004002694327343024,0.0016556190629889564,0.004028159140054179,0.014975938187886942
0.0032616658844825514,0.0016440910408628026,0.004166923378716473,0.008651867223842095
0.0024894740649018744,0.0005776548160444125,0.005131560045337071,0.01180461261698948
0.002794643216453845,0.0004226810161712753,0.005460589230442331,0.0172305881292802
0.002136144198630034,0.0007364097193334324,0.005832462852007684,0.009103992896856806
0.0031299721305406716,0.0015727291316030851,0.0042113872788050715,0.010605211058247825
0.004010193086898619,0.0016641584929313277,0.004007977749573748,0.014953332699528149
0.003283416900337383,0.0016562488720143946,0.00412516227283141,0.008645532702115077
0.0024930263619833757,0.0005799226980838707,0.005116483884399168,0.011798056908177996
0.0027903161813040123,0.00042663455505040273,0.005483327419418678,0.017202177670603194
0.00211807616332863,0.0007412341677971435,0.005875237815102498,0.009076705019324737
0.0031140144193747966,0.0015734944757654274,0.004214807866811208,0.010586476765698388
0.004020156547327266,0.0016724182221389203,0.003988228029808777,0.014927403050105276
0.0033115930143198316,0.0016694324407829106,0.004079847632567424,0.008638763082610943
0.0024980577292719706,0.0005824484245982497,0.00509738599607972,0.011790692618520731
0.002785761331504979,0.00043136434176352975,0.005506798750123356,0.017169847242712546
0.0020978182233937228,0.0007478845212554506,0.0059235917684322265,0.009045279325558387
0.0030940208530393764,0.0015748562639742068,0.004219370835384357,0.010571114588804697
0.004030740929009301,0.0016813627669702265,0.003967428609529367,0.014904865503643231
0.003345485179640636,0.0016837131030303964,0.004030785189171692,0.00863392062094923
0.0025047060307938104,0.0005847346670340375,0.005075638311651134,0.011781437028843805
0.0027808453229446173,0.0004360982919131851,0.005532306042137404,0.017134932104787927
0.00207666843034583,0.0007548899728124824,0.005979039569132519,0.00901162060495644
0.0030723666366786924,0.0015757625677644443,0.004227229695722085,0.010553597211955186
0.004041480763354456,0.0016911000717428311,0.003945850050845531,0.014880099661992916
0.0033822357847184408,0.0017005627685477305,0.003977727171829597,0.008628567728133583
0.002512138364659972,0.0005874376139310485,0.005050223644297543,0.01177549123962571
0.0027754633296030117,0.0004412869322736712,0.005559586245175351,0.017101980278353766
0.002053868296103189,0.0007626707080408269,0.006042207864771441,0.008978122070484963
0.003048875533471449,0.0015758236846255662,0.00423967002664743,0.010532622588437282
0.00405420069738225,0.0017008433254326436,0.003924791079347687,0.014852478618323835
0.003425207820668135,0.0017188723424034508,0.003921538874627901,0.008622718187630088
0.0025207867493316307,0.0005902515246394022,0.005021172639972013,0.011769993027392211
0.0027696317015464245,0.0004470396914484221,0.005588215183405385,0.017066962086949414
0.0020289736791541777,0.0007720945179454201,0.006112154652415243,0.00894175430783722
0.003021327498403764,0.0015761684767704876,0.004254329290517205,0.010513293481450178
0.004067344733230451,0.0017111988285832438,0.0039029666423941864,0.014826622028209785
0.0034740371876316773,0.0017387437705710085,0.003861602898984692,0.008618333027785401
0.002531067011101532,0.0005927981699978963,0.00498903697033777,0.011764018844680929
0.0027634913895892206,0.0004527731179771681,0.005618898515971464,0.01703022952630682
0.0020031334806310214,0.0007821201161505418,0.006189870094555939,0.008903081549404052
0.002991497479519853,0.0015759746398998713,0.0042724342523651196,0.010492657300231852
0.004080580712517744,0.0017221630892363085,0.003880360476051871,0.014799671962834654
0.003526747932947987,0.0017611906967837363,0.003797516411388183,0.008614403516738266
0.00254254184761149,0.0005955571522555521,0.004953099858100693,0.011760670349696804
0.0027571140860074227,0.00045880056712977336,0.0056512983972254755,0.016994630257740184
0.0019760996206488637,0.0007930696862926986,0.006275614448347179,0.008863728995082
0.002959416532197044,0.0015749781060316872,0.004294919150183763,0.010469622020711803
0.00409506721959232,0.0017331879207397169,0.003857906039368382,0.014770813689901463
0.003585551400276815,0.0017855939766375664,0.0037300965665170733,0.008610607206755874
0.0025554997351499003,0.0005983923667959858,0.004913287257687379,0.011758357782900533
0.002750511174595067,0.0004652265650013493,0.005684890816720047,0.016957816482745164
0.0019476578574745777,0.0008056265564436672,0.006368612898842819,0.008821970127155904
0.002923619837973447,0.0015740189847166797,0.004320384776808422,0.01044731279758502
0.004109619246429624,0.001744662331031256,0.0038349757257816887,0.014742886285721004
0.0036501362473228154,0.0018120776762354908,0.0036593101941552147,0.008608125818120257
0.0025702259648812897,0.0006011181212806539,0.00486983206972692,0.011756227236211364
0.002743763909099689,0.000471661812896253,0.005719690394642801,0.01691968045967742
0.0019186718401648772,0.000819168188430397,0.0064690810259205676,0.008778007564029713
0.0028852855485912675,0.0015726799023717895,0.004349619700744137,0.010424069362619876
0.004123678141239872,0.0017565819119652966,0.0038117099095132017,0.014714282114432996
0.0037187217956205117,0.0018413167356519753,0.0035852722298539007,0.008606458839879313
0.0025864331830465436,0.0006041003694186698,0.004822307556201099,0.011756072488221343
0.002737023831633644,0.0004782620878070527,0.005754950462220019,0.016882002713727372
0.0018893276982617222,0.000833832554745288,0.00657644249792279,0.008733003857846105
0.0028447415786571006,0.0015707855685802834,0.004383248651334165,0.010399123796187699
0.004137672121937592,0.0017684579682894525,0.0037889478118099643,0.01468438868184184
0.003792060548144174,0.0018727910404311525,0.0035090773206749902,0.00860531723664336
0.0026043249422212766,0.0006073085868006137,0.004770697174041448,0.011756904594664948
0.002730496026933969,0.0004850516486450303,0.005789571623040939,0.016843530020766384
0.0018598503440294036,0.0008499821747844843,0.006688913958934823,0.008686207788936777
0.0028013268116734874,0.001568913930733932,0.004420132720446148,0.010374583354538208
0.004150433040052223,0.0017803096141107944,0.003766585585051514,0.014655110410490174
0.0038691254799055916,0.0019061736391212459,0.003431544172960973,0.008605379869172968
0.002624135651050552,0.0006106102292239389,0.004715345510277472,0.01175797209653014
0.0027244732713098125,0.0004916644224242683,0.005822614376440296,0.016804297191772295
0.0018312066408636828,0.0008670039538578824,0.0068047987134635685,0.008638053150850197
0.00275614488785748,0.0015668668517699953,0.004460288113770744,0.010349737194715354
0.004161000300405337,0.0017919201145571713,0.00374497559165084,0.014625729434144422
0.00394734284209318,0.0019413802685348705,0.003353688893302565,0.008606356217667397
0.0026456010592010425,0.0006142231972754385,0.004656444640461145,0.011760196559775844
0.0027193018874983686,0.000498047204366306,0.005852605510722831,0.01676567472182907
0.0018040130267843839,0.0008846056299387097,0.006921486426644372,0.008589728796741884
0.0027100748831190937,0.0015645307690552415,0.004503575845429117,0.010324239322794724
0.0041691226757803795,0.0018027126696323582,0.003725020725065419,0.014595953694830553
0.004025412979518529,0.0019774173547058168,0.0032773316343388836,0.008607903217253212
0.0026686445093380023,0.000618135559830541,0.004594585278263988,0.011762792171803862
0.0027153462970223355,0.0005040897447326569,0.005877768177053598,0.01672725720331308
0.001778811161576194,0.0009026026942509351,0.007035140983230862,0.008541383425627313
0.0026633929037614534,0.0015623147852343111,0.0045484757079920085,0.010299622851227663
0.004173605082571486,0.0018124040521555233,0.0037070652024740578,0.014567102818332811
0.004100802773611225,0.002013153878936951,0.003204283979726483,0.00861015587766748
0.0026931580328141184,0.0006222080936370745,0.004530806969275526,0.011764984460799002
0.0027130136553698294,0.0005094119631392428,0.005896490049372732,0.01668939510863817
0.0017565497163704125,0.0009200901601246021,0.007141696662416066,0.00849391631171749
0.002617517821991435,0.0015601491408160774,0.004593938715814398,0.010275752677036605
0.004173435943252603,0.0018206224899276206,0.0036916194372710346,0.014538948515032544
0.004169787712044791,0.0020475295330690136,0.0031363747181908704,0.008612663203845876
0.0027185939609610187,0.000626493812975333,0.004466291773769315,0.01176702636313501
0.0027127134208887074,0.0005138524269099958,0.005907115160293391,0.016653293465472993
0.0017379175799896304,0.000936299264528906,0.007236607642153881,0.00844870396002502
0.002573878768650757,0.0015579504921500562,0.0046387263275625605,0.010252590432395526
0.00416835663760132,0.0018268215870043988,0.003679451618833248,0.014511415331026923
0.004229625760053346,0.0020789281002089265,0.0030757575577167275,0.008614846137478845
0.0027444137611945586,0.0006308992589492983,0.004402560719110792,0.011768131308528886
0.0027147858673904827,0.0005173000831139525,0.005908211083028834,0.01661902713102533
0.0017233808698894862,0.0009506332228102013,0.007315001103544334,0.008406445439779428
0.0025334036193305084,0.0015559771648395084,0.004680649997703486,0.010231235232015624
0.004157857034158937,0.0018307466586093273,0.00367083996878097,0.01448537846779598
0.004277401596076609,0.0021057551843136992,0.003024316129535873,0.008616358466142232
0.002770014705058437,0.0006352083254178608,0.004341452885881531,0.01176749641602368
0.002719473305107016,0.0005195429125081957,0.005899048529324017,0.016586975893160546
0.0017134818739647133,0.0009621948645036759,0.0073728021030179695,0.00836811808970887
0.0024975054269431012,0.001554201204381044,0.004717895901980294,0.010211719330099551
0.0041418503348259255,0.0018322831671541628,0.0036659140405241914,0.014460739659024327
0.0043072411331145566,0.0021253788048927226,0.0029813764636469294,0.008610660401556142
0.0027948548520225825,0.0006392646190052779,0.004284372079574588,0.011763010867614693
0.002726736609797045,0.0005203564787969317,0.00587905663690097,0.01655336564639056
0.001708499287480808,0.0009700768315947408,0.007406568975274563,0.00833021457398173
0.0024684396412827858,0.0015526232997189727,0.004746790943827135,0.010198852100088997
0.004120769029756378,0.0018316969657519674,0.003664290278514302,0.014442905975147111
0.004319046438073453,0.0021385599369776716,0.0029503307660827035,0.008607653543873694
0.0028172204575008133,0.0006432457975015953,0.004233731374395724,0.011754196322279784
0.0027365818985888458,0.0005200601823423776,0.00584905087853874,0.01652305380976359
0.0017085185093968526,0.0009739744122648609,0.007414135959838164,0.008299578864549262
0.002446130283192958,0.0015510095473456882,0.0047686195881673915,0.01018508320335092
0.004095753908081707,0.0018286726360588403,0.003666643877257932,0.014422120709539724
0.00431506910069942,0.002144911590717772,0.002932812248484453,0.00860123297656033
0.0028158571243307087,0.0006983176905528322,0.004112107612444181,0.01093721797118222
0.002662925929199216,0.0005454664738170337,0.005669923121944583,0.015307964604815049
0.00167389452859063,0.0010039058665229183,0.007168454434658226,0.007820208039247843
0.0023119261566129064,0.0016183309947714196,0.0046582928000049074,0.009962755095933034
0.0038028898420422383,0.0018474536413746107,0.0035573825553292175,0.01378443888848356
0.00405477883694698,0.00212047733362736,0.0029104780455988326,0.008263441025568327
0.002866781754120475,0.0006393550755027617,0.004132216807839543,0.011437659718960283
0.002769161529846506,0.00048182864172034826,0.005651407977769463,0.015844169555424656
0.0018341695014980313,0.000868533531255053,0.007101472000000489,0.008058920840412242
0.00251586408824584,0.0014720722373987782,0.0047685470103775544,0.00970376140268328
0.0038655255344540174,0.0017512071327457223,0.0035880781388129158,0.01371406966262204
0.003961558767687885,0.00206612599894429,0.002870696099464285,0.00838823570268328
0.0028790497577806944,0.0006726450662246243,0.004050121474587256,0.011273973049895327
0.0028316282043186255,0.0005254567980125821,0.005463124965477427,0.015581583408134897
0.0018236526409551267,0.0009403862100835124,0.006760762091144165,0.007862612366843932
0.0024357760424017004,0.0015296832295764156,0.004490185701123937,0.010120057344346463
0.0038388115109755806,0.0017135139803299546,0.003588056213941119,0.014049829222438814
0.004027570685969929,0.0019310286045577268,0.0030408937677454512,0.008508599786526738
0.0029243914375245935,0.0006184140527081144,0.004135414730616521,0.01112298475203878
0.0028720440055397256,0.000479392560564947,0.0053926612582140074,0.015640071785732616
0.0018963513637844538,0.0008760701608423488,0.006520027737443226,0.008009924986163972
0.0024324393760278965,0.0015491405635669419,0.0044407543629770806,0.00994874212777023
0.003665341615592787,0.0017430000274776655,0.003580261318229732,0.013811854230931727
0.003699534655600821,0.001956987757232948,0.00310839126361894,0.008326989181591655
0.002851194014150999,0.0006269758849520555,0.004193929481060789,0.011346694689818353
0.0028715101705582735,0.0004659467752968669,0.005360455211549823,0.015854672470121626
0.0019447970106807406,0.0008171404420697653,0.00641730125295341,0.008100227223737159
0.002586678319604661,0.00150166798045516,0.004474176321652837,0.009824529654482503
0.003730503562544552,0.001718666013383835,0.0036503934705823444,0.013761574853052697
0.003623070674632838,0.0019435188200191032,0.0031890404677367323,0.00838077958816122
0.002789103769692806,0.0006603265681326064,0.004206140377111552,0.011180780513822812
0.0028594201363064593,0.0005011372228981636,0.005274157908397829,0.015675594226042817
0.0019140214520067644,0.0008726604459464516,0.006215278817273949,0.00801633433151774
0.00253620502738184,0.0015633725641914626,0.004319844027778881,0.010002652205705901
0.0037114840786668314,0.0017225289900024894,0.00364599740155994,0.013868570151384457
0.003625651010168572,0.0018765042230957222,0.003280331566250923,0.008347976033803134
0.002798169766252509,0.0006296603238552755,0.004272183507175363,0.011090180062516372
0.0028825363300680924,0.0004785800567103027,0.0052646397310255715,0.015691258553018405
0.0019762402655770198,0.0008385993216563894,0.006104771265818676,0.00806706695201809
0.0025783749216822,0.0015667443213408143,0.004268098754581096,0.009924799535603494
0.0036494934697179093,0.0017387622047258025,0.0036102553518872153,0.013786196937511628
0.003472108335351621,0.0019001175434737738,0.0032837017497195525,0.008317245029084734
0.0027697964923661215,0.0006418344965336707,0.004300588704741723,0.011163986160787726
0.0028962471569154227,0.0004831580764999093,0.005260055364889013,0.015756835352330342
0.0020119736337617183,0.000822289767374593,0.006051878010336939,0.008095265291751613
0.002667876169416743,0.001541946541565025,0.004258784011849617,0.009870023885427978
0.0037131426762233156,0.0017208257884530637,0.003623270671078002,0.013754193979610297
0.0034789285984814333,0.0018802749689900188,0.0033005996738838484,0.008315854320473146
0.00275131490399419,0.0006524749127939302,0.004316636610485073,0.011077674755704934
0.0028932440216130778,0.0005037183145477821,0.005248782168827133,0.015652238855291073
0.0019924473714814754,0.000857149894515834,0.0059844701568872016,0.008040450156728555
0.0026335372451835493,0.0015773757963904059,0.004174126543110595,0.009963231616942337
0.003712772929778655,0.0017341736344455851,0.0035987451452392004,0.013811408008797186
0.0035005187017877006,0.0018640303048858653,0.0033137631804695195,0.008311349689228698
0.002750769575460258,0.0006397439220369654,0.00435057928282147,0.011022715310002255
0.002889464064053783,0.0004953677611779494,0.00528433294073459,0.015628473237212715
0.002003727034576868,0.0008431816526186834,0.005997898502100806,0.008037686525195691
0.0026528096082465958,0.0015784967158639438,0.004167064104920674,0.009910548119829759
0.0036996462006920762,0.001755763064798977,0.0035718147870074197,0.01375291244063766
0.0034476645002508937,0.0019012169874115944,0.003281548986902221,0.008298251314731544
0.00272669942145563,0.0006516207647655294,0.0043588297106970115,0.011067164537208185
0.002875911984197162,0.0005037272971046805,0.005326447881780906,0.015645028399575135
0.00198984476538095,0.0008434448665974818,0.006055128425382321,0.008032793291245838
0.002680403379395096,0.0015659421881083892,0.004189168191586895,0.009863483052755067
0.0037541683821050165,0.0017576795506894405,0.0035688108202105973,0.013712914895806996
0.0035016641578882045,0.0019117048924053048,0.0032478343065719013,0.008296058741061802
0.0027188048142862964,0.0006576207790545741,0.0043520174407525505,0.01103209768388001
0.0028613543479337734,0.0005190037017469539,0.005366028720497319,0.015573314241037247
0.0019524204672135635,0.0008712369599527465,0.006110056115985496,0.007977910506019847
0.0026378945494143166,0.0015826859684692103,0.004165402800561665,0.009906086811775822
0.003772873748754134,0.0017741092276875494,0.0035355383586052154,0.013737854180958842
0.0035710432818332814,0.001923518456342507,0.0031974283856573355,0.0083053342507531
0.002729119118529326,0.0006498395123121135,0.004346430225265458,0.011007868915820758
0.002852541925340396,0.0005184986176926635,0.005429898180400938,0.015539737636985438
0.0019365067147311804,0.000872930624100264,0.006211638334205996,0.007945925840471242
0.002625571713877987,0.0015788310406800422,0.004181733446566195,0.009872052003225735
0.0037857015427147883,0.0017943039396268316,0.0034971541394934916,0.013701911683363058
0.0036038534781926354,0.001966217161209089,0.0031181447934879,0.008311598504715518
0.002728741424171176,0.0006557380454599933,0.004325567572375195,0.011040876011775358
0.0028388106549019736,0.0005281136032747523,0.005500464498535506,0.015530206320629517
0.001906794163814839,0.0008843756066288212,0.006346761772578434,0.007913242442909137
0.0026170063674391853,0.0015676961313409398,0.004219753764231893,0.009834255997602077
0.003838037245578471,0.001806388336410569,0.003473029519496791,0.013668810747129362
0.0037007795983227437,0.002001347663238111,0.0030365754625096696,0.008321000799127107
0.0027350102312805324,0.0006604852336828543,0.0042931557206119355,0.011032994903230744
0.0028204390353232162,0.0005434378478254048,0.005572663166607841,0.015468569544531251
0.0018602187930090172,0.0009154175202657472,0.006493767731383953,0.007848879991053225
0.0025662675617303976,0.0015746308827173793,0.004238487454910966,0.009844112876227024
0.0038725066202599024,0.001829132659352516,0.0034342184540261506,0.013669617980999046
0.003810353294261416,0.002040532807147563,0.002940297150175794,0.00832501125145077
0.0027517105536064043,0.0006586149125010804,0.004256340501103144,0.011026091588891498
0.002801911644157877,0.0005505679583943282,0.005660368147531961,0.015414289075741675
0.001822940603410093,0.0009352008599800895,0.006679642965985486,0.007784950331552032
0.002529117691183792,0.0015717259527905604,0.004280948671402215,0.009820436123279843
0.0039027339391000324,0.0018569218381872836,0.0033903603252626235,0.013646521225318684
0.0038967034445787706,0.0020998381378293514,0.0028192928229772048,0.008323659066684915
0.0027644597268426004,0.000664917492985779,0.004206497976824347,0.011045091924742506
0.0027809335441463384,0.0005630677504632399,0.005753209186508186,0.015362844531607942
0.0017809409792180983,0.0009612710325853592,0.006895635093429613,0.007711468613802524
0.002496813558593085,0.0015630329733302523,0.004337889732148357,0.009797990059149457
0.003955824404809012,0.0018811203285841469,0.003352910426402189,0.013628595797837473
0.004022210192057926,0.0021616666769908393,0.0026954701233298283,0.008332387043623747
0.0027825724625265085,0.000671944404281966,0.004144632600795733,0.011047725607942122
0.002759167366633642,0.000579596823577719,0.005845784213150419,0.01529060396937476
0.0017321881756736058,0.001001161325493521,0.007125479489767309,0.007626991887839309
0.0024391832874699534,0.0015628769278482743,0.004391177641314011,0.009793430814467863
0.00399927900578581,0.001909066645369505,0.003309968778744147,0.013619401234303932
0.004166369208035383,0.002228838032539926,0.002567932894699452,0.008338761000530392
0.002810355888468404,0.0006749362663963118,0.004074822583221126,0.011058981114150792
0.002739241513591912,0.000591422339218891,0.005943021067036606,0.01522860447543738
0.0016904114463072745,0.0010380477895965338,0.007380477706941443,0.007545691764897107
0.002383205735175149,0.0015582184850919736,0.0044607983488282295,0.009772208585488384
0.004035080637595184,0.001938918258171243,0.003265371997730134,0.0135996386537664
0.00430014177568941,0.0023090541523656236,0.002430339847266467,0.00834743995916542
0.00284009724665865,0.0006824506330449936,0.003992112764966197,0.011082848299026702
0.0027202874185759205,0.000604650677773261,0.006034450321555247,0.015165310335781279
0.001650777096665386,0.0010786735863079623,0.007649833851223456,0.00745706287452146
0.0023303156395151005,0.001550425217627543,0.0045401439204348784,0.009754894595947737
0.0040759049269948845,0.0019656182804123293,0.0032267629720001056,0.013585553418715543
0.004435722484994369,0.0023862847365647413,0.0022914407435375298,0.008343516372045534
0.002876763658572739,0.0006916214280854742,0.003895634788750387,0.01109423759470048
0.0027034071625189142,0.0006172988927236427,0.006108738889330862,0.015082781729513703
0.001613161063933372,0.001124003544257013,0.007911752269659511,0.007355426639434183
0.002269914624909602,0.0015470146102177966,0.004614116951806832,0.009758458288982957
0.004101748291381955,0.0019911516495322718,0.003190297704201339,0.013588504378557381
0.004561854789792749,0.002462697641083439,0.0021633562483995943,0.008347894464465289
0.0029197613506807174,0.0007006780003222438,0.0037920802562727627,0.011107383696548439
0.00268998582645969,0.0006242944707339461,0.006158608200576694,0.015005942972140127
0.0015850817863418878,0.0011625061665554949,0.008154952370007712,0.007268617976728174
0.0022137905442356585,0.0015406059772966388,0.004698947664156501,0.009744959110910131
0.004111321835704569,0.002010462147252544,0.003162783415720685,0.013572557006302157
0.00466070057683416,0.0025340720715085006,0.0020491822741417615,0.0083426154183792
0.0029645753864053106,0.0007115165236958171,0.0036859136444136573,0.0111352128194936
0.0026823334030619656,0.0006282471880125011,0.006179192581854157,0.014942554732784228
0.0015645985735340754,0.0011955299056805554,0.008359928772062467,0.007191502683265278
0.002164198656791273,0.0015327383889420572,0.00478243595115789,0.009735028025628215
0.00410978393285361,0.00201989653367981,0.003147298005901675,0.01356242047944703
0.004741577966270993,0.0025918660181442304,0.00195869026744968,0.008347098006520306
0.0030123633423855714,0.0007232500598508705,0.0035785842601472866,0.011152447928318716
0.002682900224523008,0.0006289021478658476,0.006162112169783525,0.014886322116106621
0.0015510030903673826,0.0012220400943171962,0.008499412719502122,0.00712635779384012
0.002115047173308724,0.001528048547347258,0.004855101038671851,0.009731037977545362
0.004085685328998117,0.002018941875374153,0.0031437270664328196,0.013552249057843316
0.004789822678762139,0.0026281910328951846,0.001897680128074997,0.00834737493750349
0.0030609369189390895,0.0007322858297568961,0.0034805687508585384,0.011170173660624231
0.0026931784688537935,0.0006232064623065971,0.006109567644238043,0.01485633552311443
0.0015481787499010656,0.0012329090485461674,0.00856193862680237,0.007085037844906929
0.002076682550066175,0.001522553922250273,0.004919175785136257,0.009718917408163125
0.004041314248230345,0.0020071896324033,0.0031537916656290696,0.01353447005506277
0.00479109987991661,0.0026411914049210665,0.0018664163508960835,0.008343882270976988
0.003103776300774786,0.0007405194103463188,0.003396498722479418,0.011183647725305553
0.0027124892503048274,0.0006143329501016102,0.006022161986060399,0.014843915740339933
0.0015536416288605183,0.0012296445686482095,0.00853711134927846,0.007061217901432484
0.0019403441366010797,0.0015285275456484763,0.0051433515522700535,0.009117192589991153
0.003842038082728016,0.0019797991277824166,0.003091595915005856,0.012734120083153711
0.00471165612646371,0.002632930819409391,0.001747320354875592,0.008006385029052588
0.0032044633518770647,0.0007815856309266589,0.003192646765873825,0.010684744567672762
0.0026986043378373387,0.0006020156605038697,0.005741764155391803,0.013739894481996088
0.0015723524828014496,0.0012049700131291454,0.008281446541395471,0.006530421439670078
0.0020138738316785323,0.0015397120313169889,0.004760280289013161,0.009802138652559925
0.0037077430983548064,0.0019512564721346688,0.0030566664307637,0.013434745653344257
0.004410297164428238,0.0025219209342217906,0.0018358707166343062,0.008413610271789709
0.0032210267452291983,0.000782638653542041,0.003143476588773333,0.010508122537483226
0.0028107413423780637,0.0005636717069468437,0.005438564352996414,0.013989711124700452
0.0016851573558006579,0.0010833826208679345,0.007732336177207913,0.006875786975511282
0.0020486394421660023,0.0014775696715003922,0.004919646177068124,0.00934502018370086
0.0035786106766003047,0.0018261018923447104,0.0032243500048413083,0.012821052718436077
0.004180659365977077,0.002342773119175992,0.0020384363262375685,0.007953241324816996
0.0031690677142021703,0.0007215029127624922,0.0032642460022970343,0.010840877043315428
0.0028798795890279667,0.0005393808037983366,0.005278904371692656,0.014353706047976051
0.0017463923492269141,0.001021006488757328,0.007238237509683327,0.0070424910575722765
0.0020870553152039294,0.0014765710315069501,0.004749429295674951,0.009440773164571403
0.003513679232403592,0.0017694485425062201,0.0032975519438996864,0.013031046893712797
0.004033566715390094,0.002226467965420269,0.0022592253769076007,0.008213668766565145
0.0031344754331024288,0.0007257909701691815,0.0032699293218177807,0.01049092073940808
0.0029209256159668223,0.000531474560621762,0.005010958897472578,0.014160152692780339
0.0017883104374692507,0.0009851092658368,0.006674444117988115,0.007042783131480407
0.0020863016017530923,0.001522584173004495,0.004509845014098726,0.009574669282077638
0.003365556083668137,0.0017505507313402206,0.003349282466362081,0.013046963906049713
0.003757872766664422,0.0021078234564329,0.0025199449263624196,0.008147818244398948
0.003063897308202099,0.0006817161382056181,0.003422789324820876,0.010556091011216188
0.002975049701346448,0.0004917202565032832,0.004900406399447382,0.014475068683857242
0.0019115330328603284,0.0008822217398837755,0.006266090885042097,0.007328848139222894
0.002210934837395155,0.0014938769044925185,0.0044609695192243445,0.009331482878642734
0.0033147834823138173,0.0017207545116257035,0.0034113174370741734,0.012820475614489985
0.0035067126172959877,0.0020470193029460616,0.002691557682753816,0.008051269121835417
0.002974243000915722,0.0006872258459935304,0.0035269852290065484,0.010556860020070084
0.0029926120342428433,0.000506133410159909,0.004805988991626502,0.014478528116922334
0.001956924461073128,0.0008795592398185923,0.005934028981340714,0.007335860218244476
0.0022895972371387865,0.0015130026315745364,0.004263341081213865,0.009470338005573585
0.003341395808494385,0.0016994214290664855,0.0034273405477870987,0.012971236397211774
0.0034411347577295508,0.0019564421762880823,0.002848042208717385,0.008128293218472086
0.0029366832728542104,0.0006746008995840602,0.003620296386676726,0.010346545239687078
0.0030124917298624443,0.0005058755401438622,0.004741599122759666,0.014392899743930019
0.002009513798824577,0.000873651510721436,0.0056692180777348535,0.007378190753733113
0.002314850674014456,0.0015495185983829757,0.004113020355304499,0.00948410845766993
0.0032867432173766874,0.0017122623570858535,0.003407261078400512,0.012921563065740738
0.003300771662175637,0.0019249096529690454,0.002950475808136456,0.00804122867972423
0.0028935713131364705,0.0006604903917233485,0.0037309387204970393,0.010393377792622147
0.0030243679932626076,0.0004947778275546371,0.004756422986724379,0.014500587159265785
0.002071388839104514,0.0008367557384348259,0.005559402225504483,0.007466495287333301
0.0024170042509040384,0.0015363581157740356,0.004069976581232294,0.009391131060940059
0.003313968032045701,0.0017148806640404641,0.003403276253246871,0.012857500003283052
0.0032174088632625944,0.001925860610184882,0.0029839457096956395,0.008031144182451077
0.00283862771221759,0.0006779249195810874,0.003789897499670955,0.010335835357537045
0.0030036469314997515,0.0005156166679861001,0.004774116128973287,0.014409988166882045
0.0020587573561206816,0.0008576123577495474,0.005501246028997323,0.00741642146788136
0.0024431240533157304,0.0015565052365438324,0.003985769373132165,0.009466082446924437
0.0033599273800234623,0.0017246490391342691,0.0033842377914912857,0.012915273121328258
0.003242271557413677,0.0019069005743148834,0.0030010630294378107,0.008035445868469798
0.002818620980079405,0.0006718773133346263,0.003842766296365263,0.010253441141189219
0.0029862905394141964,0.0005185065379513388,0.004824286386498547,0.01434588604569054
0.0020504756055904154,0.0008620349344096742,0.0055121590338113955,0.007407180450227202
0.002441736599633545,0.001572601573436366,0.0039472315953182,0.009451745448255283
0.003360606376766746,0.001750548266305731,0.0033438786810048903,0.012877773786602476
0.0032326316215604157,0.0019327058648839525,0.002973557751131536,0.008016712106077814
0.0027990261191863804,0.0006707336611623563,0.0038795322113126286,0.010289142770996344
0.002967227382512632,0.0005203580962200419,0.0049061720528409646,0.014355609768953295
0.002039708594133422,0.0008554083354723443,0.005605310387505902,0.007402780458051522
0.0024723361369327125,0.0015600385438953712,0.003960788170604878,0.009401474362913484
0.0034119752183414706,0.0017652041081227593,0.003312753391510641,0.012843896454127285
0.0032766224496689335,0.0019644410013064527,0.0029075511371982124,0.00803493516139065
0.0027832335258739876,0.0006789614833308936,0.003884214829687241,0.01027383338496415
0.002938803402193442,0.0005371621030669717,0.004988764298969681,0.014276356138538148
0.0019938538403168403,0.0008795017572909858,0.005725332111729479,0.007339032845226713
0.0024518964714618416,0.0015652041598450588,0.003953073454907132,0.009429638670328786
0.003465552284687415,0.0017854812146872979,0.0032693174331319776,0.012863236530519328
0.0033792175224690683,0.0019908589480375403,0.002828214947157625,0.008056671688479403
0.002787790027285096,0.0006737158354928062,0.003881212412425945,0.010256554544557385
0.0029129166012804436,0.0005442017283203083,0.005091623760769359,0.01421417169726515
0.001952796691025465,0.0008954026428699485,0.005894155409532387,0.007292165296179387
0.002420630575883042,0.0015658343980623332,0.0039734732053177315,0.00940981861714293
0.0034993541334456535,0.0018161939826131096,0.0032146003989204524,0.012837713885392043
0.00345176608910717,0.002039427561342948,0.002708918265000647,0.008039946394414774
0.00279068417712457,0.0006737275957685253,0.0038651895922090216,0.010280627064030578
0.0028813107454208372,0.0005531692430122679,0.0052135964764936414,0.014149683652150418
0.0019077716517537332,0.00091111918123962,0.006119850205629917,0.0072168529173463935
0.002408551646614299,0.0015546289060779745,0.004012062233000462,0.009399482016083243
0.0035648355703711324,0.0018480375179510803,0.0031601781521141126,0.0128416179098568
0.003550995819825362,0.0020988052077375655,0.0025639385882742995,0.008048673878752499
0.0027930821511430084,0.0006806912232620133,0.003828647991250154,0.010268849275527802
0.002841826799136102,0.0005709248519143638,0.005341415906091636,0.014033772307114074
0.0018454654909625032,0.0009457752561265957,0.00637883647285438,0.0071131161849424945
0.002370700379227472,0.0015518033224229135,0.004047399503641897,0.009414963239772546
0.0036344686986873125,0.0018865138345951174,0.003099196610210716,0.012852414882573767
0.0036878756729114433,0.002166364536557652,0.002410577255158253,0.008047325285362426
0.002806148116680634,0.0006815086544162234,0.003783801555952291,0.010277011357695865
0.0028025315393062217,0.0005852172738707629,0.005488427333750209,0.013939497241436057
0.0017859914189951465,0.0009818992905467252,0.006689571885161597,0.007021303187780591
0.0023242450640833462,0.001544878595647121,0.004105706527149671,0.009401430005402268
0.0036999460092197417,0.0019317407539826469,0.0030311237783532197,0.012840779988454534
0.0038272555596968252,0.0022542363508739065,0.0022341593748747635,0.008037766861823859
0.0028237402272260517,0.0006860182896469026,0.003720580399266013,0.01030272274896839
0.0027615738799817067,0.0006020773857367724,0.005645251795254063,0.013831038524945053
0.0017268798162664075,0.0010260427503119701,0.007050364926429492,0.006906611613806374
0.002281724024120657,0.0015333776933217436,0.004172105053134384,0.009403363681088147
0.0037808895966622946,0.001980656964299098,0.002959592347321389,0.012852156722509889
0.003993905919942355,0.0023590645069562297,0.0020473909373554893,0.008054174067050003
0.0028482377637013534,0.0006949082213564889,0.003635320972421548,0.010318736322450265
0.0027206250390412507,0.0006228978732736157,0.005800829756996701,0.013706601784429428
0.0016669733961127975,0.0010847117051202646,0.007445664037686586,0.006785774148828414
0.0022236255677915567,0.0015242891650982,0.004248797636896149,0.009405766973653515
0.0038594740979212786,0.002032277380031979,0.002887621264247224,0.012853129215077119
0.004182895676249025,0.0024762661068946233,0.0018609049648445463,0.00806033731324926
0.002884082533155929,0.0007028757429178891,0.003535519664362081,0.010356289184372178
0.0026830769783644085,0.0006415918946428131,0.00595511350199596,0.013596672226720907
0.0016157722986872246,0.0011496731175813888,0.007874763075376861,0.006670140277297322
0.002160444529352195,0.001513437604687385,0.00434224384730422,0.009399092844158078
0.003929775970390144,0.0020850048906460275,0.0028167145318181894,0.012850111620331572
0.004373353318062009,0.002608027566713529,0.0016754602540014051,0.008074556285785486
0.002929405246559283,0.0007162156852794493,0.0034148287061357167,0.010400330061391013
0.002649478992245943,0.0006595316256346581,0.006088746302228041,0.013481309990599882
0.0015729571593010923,0.0012213431011601796,0.008314497050640038,0.0065483657210149235
0.002097402283644061,0.001502310309095086,0.004442686262737458,0.009401226696256494
0.003991631645981994,0.0021335418096639874,0.0027523263497711567,0.012854036419309035
0.0045636629190328225,0.0027440066448124693,0.0015044021963516842,0.008098391233447398
0.002985757803718656,0.0007339276597059824,0.0032781564331891893,0.010449043196113056
0.0026235091642108133,0.0006742912259533911,0.006186742982961606,0.01337866606698151
0.0015406115425726172,0.0012954469666078825,0.008731790054879274,0.006438249526909056
0.0020300153877802355,0.001492538380420338,0.004553984044906038,0.009398151872883573
0.004030385501440352,0.0021706668264427995,0.002700953287108784,0.012846660078973133
0.004726492691937652,0.0028644182298759625,0.0013542652439698898,0.008097663334332914
0.0030554491306128534,0.0007538603984925109,0.003130691803234482,0.010505034189170866
0.002608011271335414,0.0006805117985566879,0.006231053172505541,0.01329143782722331
0.0015205858445402143,0.001359661903544847,0.009086363217960605,0.006336985733828246
0.0019688202477596765,0.0014840992876014908,0.0046626115093399475,0.009404174052439221
0.0040365522755085375,0.002191616045341799,0.0026657981523528877,0.012849171516164552
0.0048343118763521185,0.0029571198923009846,0.0012346108719332634,0.008092253909427052
0.0031338642540068365,0.0007785196333593056,0.002977851644299751,0.010554303591349038
0.002606180850018324,0.000677124950560739,0.006200088854725698,0.013226248760822018
0.0015107600685539972,0.0014033295870449101,0.009323337090751362,0.006255306390834804
0.0019177466437214697,0.001476487473627754,0.004766225757212461,0.009410214464448603
0.004004983089914152,0.0021874625679649366,0.0026574560621384817,0.012844357789928576
0.004889307753451855,0.003011985862910779,0.0011620359596365088,0.008091156306218391
0.0032106114925989546,0.000802794101066334,0.0028418609632908064,0.010604031493169774
0.0026216857392120656,0.0006657832707406095,0.006095807890904106,0.013213606305590504
0.0015094451534363484,0.0014203009870506981,0.00939706132024179,0.006214477748985383
0.0018743661751501044,0.0014707854780223668,0.004864510335471907,0.009400825881069386
0.0039351310908320265,0.0021536893964665205,0.0026831761485539107,0.012819035677753523
0.004889928705410637,0.0030161566238836803,0.0011433843178414616,0.008084815869954586
0.0032796484293983238,0.0008217157982677456,0.0027333405526438273,0.01064093768145061
0.0026553238630320796,0.0006476781821178695,0.005922392743777457,0.013243066659121333
0.001514977428845827,0.0014066895227220443,0.009279630347739104,0.006208633259950006
0.0018412328314839756,0.0014701530375529175,0.004932773472040406,0.009393105142244004
0.0038298203952840484,0.0020966261325520434,0.0027400314239274986,0.012795174839618553
0.004826573240556571,0.002967113105009383,0.0011830475921480975,0.008086234725610288
0.0033314825375287665,0.0008321128174910769,0.0026614765901536506,0.010651998600603639
0.0027065214039679957,0.0006248281629613209,0.005696091521704605,0.013312850050297564
0.001531121921196717,0.0013606788450135816,0.008975479586379403,0.006244546791555257
0.0018241014266371636,0.0014718516027788723,0.0049660597141265115,0.009374152021515774
0.0037025659604610866,0.0020244102363131994,0.002825351256977337,0.012759686144611709
0.0046982747565187345,0.0028697652260279627,0.0012817518179211625,0.008084639267382922
0.0033555974496206537,0.0008305186364438897,0.0026367037845625883,0.010643089589233688
0.00277069326264457,0.0006014661864030495,0.005448729684548456,0.013418699841831333
0.0015616463137446527,0.0012912868800636181,0.008527772189103824,0.006320751691309731
0.0017333310927947511,0.0014882602323407416,0.005133170236804546,0.00881072041053783
0.003446194813423104,0.0019431614949686428,0.0028562308132476406,0.012022866120751033
0.004464112169965013,0.0027249190665963323,0.0013342698894127296,0.007777384637935714
0.0034091114713099453,0.0008603691801995136,0.0025382400492763822,0.010136593862743997
0.0027980305793839557,0.0005826014524042968,0.005049306407359108,0.012517639288783633
0.0016170472828314797,0.001200271435426213,0.007860439372627023,0.005977692461463727
0.0018402485454719448,0.0015022931763442006,0.004656973084113007,0.00940887124383604
0.003280315577904456,0.0018874224662687351,0.002885125342514845,0.012614952592415869
0.004015904004951626,0.0025072326134535326,0.0015643529523854012,0.00806302428536446
0.003347681828258796,0.0008340649757759204,0.0026119348680401014,0.009974075445275225
0.0029337147860962684,0.0005463079081803882,0.004721810134951165,0.012881937319611958
0.0017670367464950856,0.001040954831359813,0.007030477890655758,0.006389629480466462
0.0019228085613762654,0.001445036846024516,0.004740411839261294,0.00895647057223185
0.0031669329890065593,0.0017480775349587889,0.0031005886106389244,0.012039682061555673
0.0037435728228422094,0.0022702032721706182,0.0018721457764378656,0.007653350178372978
0.003244620167226516,0.0007582183570338855,0.0028042404755849355,0.01017098201113763
0.0030031096398954633,0.0005300280130225608,0.00454855531714889,0.013184490326076334
0.0018439408012059528,0.0009779595646223045,0.00635678858695039,0.006561683492798946
0.0019748725131439712,0.0014652743659487712,0.004441606221602651,0.009115219264678221
0.0031060489882135567,0.0017000648569460946,0.0031716939437257726,0.012298914455719909
0.003550008455975799,0.0021208176344581814,0.0021744343780124974,0.00791083588690468
0.0031665616905501796,0.000744564942606195,0.0028916624292921076,0.009812356360889254
0.0030446230310701987,0.0005201791511812364,0.004326127457672194,0.013072548071482957
0.001922244835872202,0.000928071950493152,0.005756773063612725,0.006656479258263959
0.0020107202035401393,0.001502523872788918,0.004195687532077845,0.009156174515407272
0.0029869122216739943,0.001687219029064002,0.0032245308989951,0.012229649992413992
0.003265192289806918,0.0020091257747344425,0.002458258497419923,0.007797986157382522
0.0030599293049013705,0.0006967313842981132,0.0030931230810976856,0.009893735769446436
0.0030851517293426466,0.0004899768214368643,0.004273178011944078,0.013378903206946974
0.0020471723755222187,0.0008439168591044431,0.005382465058760361,0.006922207862870046
0.0021500067824210393,0.001480334619522609,0.004096889293822619,0.008972496130922736
0.0029855313315678158,0.0016657883614289409,0.0032641140974804584,0.012085246080981252
0.0030854648886817593,0.0019575361735593155,0.0026272373995753964,0.0077734723369170785
0.002958162017910519,0.0007010954196574044,0.0032180113436508086,0.00981570917071903
0.003076037400768885,0.0005092274432110465,0.004236706194278371,0.013311050590636411
0.002072287744316311,0.0008572925536103877,0.005124233507296345,0.006912464568414467
0.002209601222602623,0.001509550618073986,0.0038948509163262194,0.009115435146595192
0.003024197867277102,0.0016609458967915406,0.003249146301397061,0.012218067291135271
0.0030593906563187007,0.001890541556074233,0.0027462099042325095,0.007829050555151193
0.002918201405936622,0.0006821543541497342,0.0033241269389892238,0.0096647266971607
0.0030783767501916808,0.0005052340784597557,0.004245905122593212,0.0132717778846532
0.002110278863525838,0.0008482001346230637,0.004981724212000941,0.006971748205206668
0.002237254227995729,0.0015344744878750855,0.0037908447648329372,0.009077699043294842
0.0030005760678457664,0.0016827689654066332,0.0032126590863730217,0.012136826988339521
0.002970409552231624,0.0018884722663661876,0.002788019167221543,0.007749871358019947
0.0028728202294325614,0.0006741087418069542,0.0034208254764520885,0.009713472750234502
0.003065372785095331,0.0005021295047684455,0.004316135709897607,0.01332085240516297
0.0021331721564817347,0.0008282025479627384,0.004982167465627728,0.006998649043989236
0.0023162037177819534,0.0015241734716859945,0.0037573010309564694,0.009033110728973273
0.0030581209883891514,0.0016959294949826583,0.0031837491655009624,0.012125655760804281
0.002961031133736251,0.0019050601340905526,0.0027617804127024166,0.007775033302186962
0.002826556145282204,0.0006886747966473065,0.003465234584524966,0.009638718794336969
0.003022938773332793,0.0005231974347532182,0.0043905644550686655,0.01319407302101366
0.0020889167219144567,0.0008537655974044578,0.005038690750370997,0.006926094344232516
0.0023172283201697555,0.001541543551245108,0.003707264436207252,0.009090077131647422
0.003113030715818725,0.001719633473147327,0.003139254502700067,0.012158245399428122
0.003030348177861438,0.0019166769867284045,0.002714606113059905,0.007776956990500125
0.0028152756022201304,0.0006807446014194025,0.0034997683789263624,0.00961473043839033
0.002991226147404024,0.0005266188622415372,0.004500573678825604,0.01315162220952753
0.002054364559408179,0.0008595128722658062,0.005175580771582025,0.0069053372864134295
0.00230460264459876,0.0015449961988354324,0.003715533656345658,0.009050002593410619
0.0031421846684948616,0.0017528782263042991,0.003082446863535149,0.01211211967268851
0.003073582662452889,0.001962697585523343,0.0026128670443649298,0.007757085035558819
0.002804268078778989,0.0006812364780569319,0.003511207021260559,0.009644913822433984
0.0029536943550508466,0.0005350759987870712,0.00463280518474424,0.013091604858427355
0.0020104053339568676,0.0008682339968123893,0.005382591141557112,0.006833227941564306
0.0023118994212520676,0.0015329522556028303,0.0037379754000837545,0.009049396744443869
0.00321635171515206,0.001783398533428384,0.003021402166013115,0.012131516693313908
0.0031628640869826763,0.0020124650425971226,0.0024716038244003108,0.0077786776771171075
0.002798682769872298,0.0006872219384042313,0.003494778564721474,0.009616920564307376
0.0029074665161992475,0.0005529652258152605,0.004772421882493796,0.012960937290837407
0.0019425221392388413,0.0008984958493651973,0.005629384469846194,0.006728549472041106
0.0022810838458894992,0.0015318211911995246,0.003756669965680603,0.009077120013005122
0.003287424109178866,0.0018233391016563563,0.002949501161348037,0.012149832161473383
0.0032870240283492964,0.002071010359500672,0.0023156477936912387,0.007774675824989995
0.0028065603154262208,0.0006835211526598501,0.0034719356295392968,0.009629405999629305
0.0028624598463652556,0.0005644869669574515,0.004941732528019646,0.012870227118936003
0.0018789841425812203,0.0009248576320485685,0.005945377731587622,0.006641065229636263
0.0022472752077609378,0.0015222241794959242,0.003807149816835928,0.009063522506085206
0.003358028436377171,0.001873010135088908,0.0028695502926137737,0.012142541265859823
0.003410090906007028,0.002157364746653062,0.0021286031703024832,0.00777048789846838
0.002813309698793682,0.0006871027572658169,0.003428939631500527,0.00965424424741476
0.002810010436609866,0.00058234861061678,0.00512901838238747,0.01274690216529194
0.001808645101729254,0.0009636633010238436,0.006326844910310447,0.0065181319735980545
0.002218077720592551,0.0015089537818651242,0.0038613463739464683,0.009077797041464823
0.0034557345526910767,0.0019305851915532258,0.0027820694492895104,0.0121684359892999
0.003575414163150785,0.002265457138141757,0.0019258129100670684,0.007798188852142876
0.0028265623461141295,0.0006944568184138101,0.0033632188203604535,0.009668726321446174
0.0027548529676753044,0.0006063322777812105,0.005329122182953039,0.012607115616830783
0.001733449917238418,0.0010215607138186072,0.0067670253637324655,0.006392063960965005
0.0021677256989185586,0.0014983513532688868,0.003929156619856668,0.009084367445005018
0.0035564320767353884,0.0019964073519367223,0.00268864572738697,0.012173223571865623
0.003773993997602049,0.002394015873633421,0.0017140544322777045,0.007808666978723322
0.0028525223184267413,0.0006996523947000084,0.003282331455571729,0.009714173515765678
0.002702241570954013,0.0006304785149066106,0.005547197941372631,0.012478424728081066
0.00166760149055106,0.0010912781768918113,0.0072770296418409736,0.0062650339804816765
0.0021143352850669463,0.0014845206723663167,0.004012596659656868,0.00908537654970773
0.0036618356503296304,0.0020711764512529587,0.0025879952264676676,0.012183342133171637
0.003989826168872703,0.002551496124024397,0.0014928018216124668,0.007840164912414058
0.002887852245294739,0.0007125652984198757,0.003174203811266988,0.009762457161438235
0.002650702675338108,0.0006589869318446962,0.0057624169259847605,0.012328106236754134
0.0016093740637590087,0.0011793359170408438,0.007841499841652508,0.006124128587354433
0.0020591505120242863,0.0014707163202005071,0.004102698846897154,0.009098029221053256
0.0037739176838322615,0.002151047908549737,0.0024862044752214933,0.012200245455264788
0.004230328965236137,0.0027305348685858666,0.0012780817995250962,0.007883242976295857
0.0029362484044234576,0.0007305935657235591,0.003044939795444441,0.009824358195461888
0.0026044369111940893,0.0006885661583977755,0.0059650515993424445,0.012187019822786142
0.0015637590405643182,0.0012840102944703597,0.008442550755713684,0.005992887102800136
0.001994836988769044,0.0014577847610418746,0.004211132013859944,0.009100564342720944
0.0038757179794461903,0.002228924577963457,0.002390287679952618,0.012201286448290178
0.004464807367052272,0.002912174506400334,0.0010753677812629862,0.007895931500806388
0.0030036312984087384,0.0007536037803492115,0.002892992979161298,0.00990073504918667
0.0025659397390142362,0.0007123047357660906,0.006128888478233537,0.012047703104924963
0.0015344733525411904,0.001394414527534645,0.009043422876282809,0.005861140679533748
0.0019332401788979053,0.0014471968790348898,0.004319655389706464,0.00911956539861171
0.003954049379284123,0.002299273456485947,0.0023021248720362644,0.012220022847449006
0.004659733373077407,0.0030824709441282416,0.0008960709040962426,0.007900244457341114
0.0030904579668198325,0.0007870858380020108,0.0027172877608962628,0.009979291510445736
0.002539460426471215,0.0007255070171750949,0.00621477319390466,0.011924500262155722
0.001520093222386439,0.0014964796798915786,0.009577697181348991,0.005744317903706603
0.0018764539890872808,0.0014373528428258454,0.004437250444583053,0.009137393825470418
0.003992300696533222,0.00234338081931038,0.0022381239347778487,0.01222559662547589
0.004816147096125073,0.003226669418857271,0.0007598811084165017,0.007906052106726647
0.0031893865195030033,0.000826367482947354,0.002543130731874269,0.010073843538811852
0.0025311872325254944,0.0007267520692201806,0.006206609605910513,0.011861445664684502
0.0015157726183937464,0.0015769283334112543,0.009963703688475751,0.0056646522503414785
0.0018201506332640729,0.001429567951767955,0.0045724030857367745,0.009138363503406294
0.003975310773646625,0.0023428324417682964,0.002214709305553183,0.012203523387987726
0.004923061061626656,0.0033164893488903694,0.0006760790763812968,0.007899138802301852
0.003298413663110211,0.0008675646515772922,0.0023792223364037524,0.010161924001844624
0.0025457209808364477,0.0007129061121064059,0.006075377472159196,0.011852960086197517
0.001512062403749853,0.001617197632813993,0.010100550243018657,0.0056157660595416905
0.0017644844240621103,0.0014309157038598552,0.004697697467747609,0.009146485928823072
0.0038841125453098536,0.0022920775635175486,0.0022409919866441543,0.012180678724697146
0.004945510722992857,0.003326597848685318,0.0006549369477841672,0.007885917189993333
0.0034048749286768576,0.000904728249302762,0.0022415265930333357,0.010222793427144565
0.002589981629631185,0.0006826838670499036,0.005813555198065302,0.011915757109239252
0.0015094172308128147,0.0015933353403463984,0.009908891857182337,0.005612989889838971
0.0017190998642434847,0.0014379805668211314,0.004807670014443481,0.009141075601559462
0.003720402634693668,0.0021918741590342813,0.00233105645370071,0.012140247273357689
0.004853768730942488,0.0032394322242741535,0.0007104355149564765,0.007859015628547414
0.0034823482490448274,0.0009268537799348935,0.0021569621408095126,0.010248404452682257
0.002666732873186063,0.000643939060222898,0.0054528842641255165,0.012056398708141939
0.0015153258583291993,0.0015025975867814848,0.009367469672229612,0.005667229980598638
0.0016944512737183477,0.0014478073050280377,0.004870116582841927,0.009121262155061838
0.0035154320953181047,0.002060732703118017,0.0024831952911747095,0.012095796546561063
0.004653317084193891,0.0030613078202986507,0.000858396869572365,0.007837000283727732
0.003511583741169049,0.0009260668725462838,0.0021390465651949064,0.0102207740115649
0.0027716895911483394,0.0006064063382133544,0.00504470938061803,0.012256687882472018
0.0015452456455440483,0.0013670782994805245,0.008543335787686089,0.005787055215620517
0.0016922225296438862,0.0014590242706135645,0.004854524297537839,0.009084723978584237
0.003303848278625459,0.001925413495065079,0.0026767725050962886,0.012050018296057091
0.004343859622561266,0.002804111191134846,0.0011012450335439474,0.007781955278979363
0.003491091089794394,0.0008978031552248914,0.0021901146064238174,0.01014131802698467
0.002893634006228859,0.0005721345116108238,0.004648634139716308,0.0124785526328246
0.0016190185944968873,0.0012139156187602768,0.007586534958363522,0.005961182897765137
0.0016441131482509638,0.0014776115596297848,0.004870003576528349,0.008527170025015662
0.003010437317150479,0.0018134300332048193,0.0028084869565089946,0.011387333578640845
0.003937643577893586,0.0025250760003296363,0.0013414125448848247,0.007483991138889333
0.003452877966865561,0.0008946077514786768,0.002222846438028536,0.009583563942886498
0.0029612307011137075,0.000562220503923882,0.004209305265126542,0.011745443134582761
0.0017456761764357068,0.001085149158242984,0.00657268393244877,0.005777433668976971
0.0017922235862979387,0.0014930625429267833,0.0043361366493846615,0.009061197946113816
0.002858568258790164,0.0017500020649678127,0.0028907792836793946,0.011885455625367634
0.0034218299837326435,0.002255573882096986,0.0017287181902654752,0.007707134649111566
0.003299496971414856,0.000832310201434979,0.0024289419097559754,0.009393362480880737
0.0030949309798086167,0.0005320521161236787,0.003947599526058956,0.012165584433445696
0.0019513794236563926,0.0009305481370893609,0.0056488269191343945,0.0062547086017044505
0.0019207835144707947,0.0014489385307384763,0.004272874265518298,0.008625933757607136
0.002789114733668644,0.0016411890861670012,0.0030878210438655823,0.01136583526516707
0.003150065122844339,0.0020352100944557136,0.0021210567709897855,0.007360281862020812
0.0031548156127189624,0.0007537184380629087,0.0026777119257977017,0.00950941002915932
0.003137452035196553,0.0005234745965095988,0.0038394476127408205,0.012405552626341914
0.0020427695848647892,0.0008957408602135593,0.005037308387632552,0.006428308155623237
0.0019921671201586226,0.0014797671549363015,0.0039208114003577085,0.008806578914131568
0.0027707673403855604,0.0016155593050614131,0.003116080204462537,0.01164286496858317
0.0029898587212808018,0.0019129627507534581,0.00242725828390111,0.007630558480614093
0.0030471001446467846,0.0007294815941896079,0.0028250970522879617,0.009153987207595592
0.0031483679843924937,0.0005147412480386596,0.003735251274477475,0.012283752763182661
0.0021289575916406734,0.0008645721557337975,0.004610238885315012,0.006531685629308714
0.0020536965885592125,0.0015113536542937214,0.0036963749327056815,0.008808082343426537
0.0027058107688828323,0.0016238857799176802,0.0031216862857561672,0.011542734859978006
0.0027684878395094416,0.001852521799271786,0.0026376842289826544,0.00749684195389731
0.002936923762555719,0.0006929723166742357,0.003025087928237249,0.009246217982288436
0.003148768811265627,0.000493155414823908,0.0037764252604953015,0.012509749461603412
0.0022125561852513343,0.0008106689218891703,0.004427508321522581,0.0067184283150335585
0.002183675303046429,0.001493747863280726,0.003606909348478204,0.008680810141785034
0.0027539305186056965,0.0016190925375087956,0.0031138417138712295,0.011462456131139675
0.002684536729189087,0.0018327977606233435,0.0027064969466904397,0.007500335247515456
0.002846223715411595,0.0007015331789628513,0.0031279823302538265,0.009140736369646161
0.0030988676637276184,0.0005136671395251567,0.00382315308916017,0.012359868308795615
0.002185820020943228,0.0008364576566502541,0.0043554035199319715,0.006652013906754408
0.002212341732976681,0.0015207852727752147,0.0034645505421590553,0.008819267535927666
0.0028116517333402536,0.0016326956150161712,0.0030608340331639994,0.011578219461586266
0.0027211887871174977,0.0018065145816628493,0.0027145043391740512,0.007542984700818605
0.002819249499215323,0.000683536986326055,0.0032041162238814346,0.009051929308700263
0.0030733282260937736,0.0005079629879916588,0.00391163470985539,0.01231691548169921
0.002177782703315209,0.0008276457948490287,0.00439575181831302,0.006672935239990858
0.002220951362404484,0.0015305921460049528,0.003429698998929161,0.008760125726378892
0.002818974908678681,0.0016643810393617454,0.0030011407908822076,0.011490424493414282
0.002706798559291014,0.0018389621911596094,0.0026554696900780886,0.007488838465584971
0.002787319419610929,0.0006800646734491558,0.0032568578383624447,0.009114885857614247
0.003033898074362152,0.000509961991435783,0.0040398070836128105,0.012308659927977332
0.002147977231785291,0.0008196270024762213,0.004544098596757107,0.00663447194403866
0.0022621619448182826,0.0015151800519451033,0.003437263031086757,0.008742271769295425
0.0028986661541080504,0.001687793176828459,0.002946433647569886,0.01150623082691813
0.0027735417808118722,0.0018787876849496732,0.0025426390364509193,0.007539245604705228
0.0027610500521926054,0.0006906498165940194,0.0032613054571364567,0.009059403653641595
0.00297490573514768,0.000530163775829241,0.004166392635690314,0.012160124596007993
0.002068535235408867,0.0008479047341040749,0.004734963742536401,0.006532474316875277
0.0022334414941953076,0.0015224396465845324,0.00343648114965156,0.00878399125014594
0.0029634682042067703,0.0017232106354637575,0.002878952991799694,0.011524265842035862
0.002889994201789622,0.001921036033839915,0.002415844526927513,0.007545241041148879
0.0027651362498536843,0.0006812896777523336,0.0032602838375837143,0.009077379777985978
0.002931387431590446,0.0005352588241220184,0.004327006481255366,0.012104627704311727
0.0020069603644282566,0.0008588672542766679,0.005000422932298387,0.006474991299984034
0.0022043559659560524,0.0015137733775762699,0.0034848989430175128,0.008745657661487317
0.0030159549751093036,0.0017666012489106829,0.002803120277266122,0.01149213919642864
0.002974689007145084,0.001987190705998164,0.0022372870267004185,0.007519749255668574
0.0027652536187707847,0.0006830063419422938,0.0032375111438507362,0.009102269412247878
0.0028780266279597867,0.000549151152497599,0.0045034836510119865,0.01197763109620374
0.0019365923413616297,0.0008817779965364972,0.005324970122608392,0.006345540339889498
0.0021939810734552686,0.0014993513988445254,0.003520557872640898,0.008781420657071954
0.003109985884843583,0.0018164099146112042,0.002714716144509879,0.011547764680225683
0.003107718975006883,0.002071095013907421,0.0020392791535318823,0.007564550345034058
0.0027682080480915597,0.0006895018660798737,0.003192652247196866,0.009090548687546982
0.002818478264910299,0.0005708135227834868,0.004694915156732512,0.011829272822551641
0.0018522730243356112,0.0009233093863796452,0.005703834928745858,0.006225280763707803
0.0021520425212088507,0.0014895618600660645,0.003574773143465814,0.008788890174729665
0.0032023743549768075,0.001875390451689201,0.0026222609057309884,0.011544234161735351
0.0032726953915454635,0.002170959917045644,0.001832922109718907,0.007555905768980756
0.00278282763249885,0.000687698672309923,0.0031449536936172407,0.009139445083102672
0.0027607539345513095,0.0005904085087444163,0.004923136513468394,0.01171527690867259
0.0017753203091446848,0.0009712385129723534,0.006166280136544378,0.006108463730558787
0.002110893264788604,0.001473919577365178,0.0036450052141516775,0.00878916499148905
0.003306288447368731,0.0019481423289733565,0.0025165799115709746,0.011560254450829189
0.003455379970789474,0.0023066779887665413,0.0016039972604649233,0.007589477736820166
0.0028003736407180443,0.0006963267513833424,0.0030665023245941662,0.009171263932005567
0.0026975890274196514,0.0006188340681486252,0.005160599951203762,0.011547279440194964
0.0016977326815524045,0.0010412606602553005,0.006699201840403684,0.005961070875613246
0.0020693953427471405,0.0014591872139017238,0.0037115016124965538,0.008816574115590541
0.003431312132387907,0.002033572906990264,0.002401131738080121,0.011593373457635229
0.0036775157225098,0.002470459247486577,0.0013714754721676336,0.007636762701655192
0.0028280378637742525,0.0007070780668114976,0.0029709834362085085,0.00922158070440476
0.002637174916831022,0.0006521144035957012,0.005416298525802293,0.011393111396772211
0.0016299198462864407,0.0011330290292077465,0.0073102264518282774,0.005828646415975081
0.0020161174884571077,0.001442857105053061,0.0038011304328989,0.00881906741478979
0.003561949898471608,0.0021276488566507627,0.0022830298255993205,0.011597484271126076
0.003930157277999239,0.0026637927312624593,0.0011412782830573555,0.00768054426328148
0.0028683147623533045,0.0007214036925387806,0.0028569967585245085,0.009296718831885455
0.0025801569118110135,0.0006892547065348938,0.005678988836617915,0.0112340358259919
0.0015769907157783482,0.0012481113944978527,0.007992703858266462,0.005691853379117251
0.001962669703552245,0.0014278238227189142,0.0038926144017328882,0.00883577121546535
0.0036995375544435906,0.002231565217709227,0.002159545558087003,0.011621293031467004
0.004194872855902569,0.002880193225016246,0.0009184665609125095,0.0077348952076925406
0.0029257622500065673,0.0007459366162300158,0.002711708000918211,0.009373496040493152
0.0025283846635149503,0.0007272052919174294,0.005915161269034472,0.011062013149265783
0.0015410136697367877,0.0013842315726224222,0.00871584923810919,0.00555696805609982
0.0019066353988457631,0.0014154659249406261,0.003989911262260378,0.008858712340151627
0.0038274437592292297,0.0023347969856718723,0.002040693628617346,0.011640737655533003
0.004435418814405488,0.0030898123729185957,0.0007166314761848128,0.0077438626261482025
0.003006643778845764,0.0007777895195873611,0.0025437540846527354,0.00947088058914822
0.002487300473461006,0.0007557893766001697,0.006098218600843567,0.010908695345527334
0.0015270949180468596,0.0015245169737063277,0.009432522490637562,0.005437818134078757
0.0018553022979636352,0.0014043195852258103,0.004095337939910485,0.008882633754996533
0.0039246916325367835,0.002422791782959519,0.0019356748568147974,0.011657708012283488
0.004650643571411709,0.0032947887893053406,0.0005531036974972624,0.007771926172878868
0.0031051446726947005,0.0008227323733313106,0.002363298550105316,0.009585225813851845
0.002460341817594026,0.0007740525445605481,0.006189081976345701,0.01079804852594564
0.0015263569252181662,0.0016583080194839557,0.010055229447079003,0.005346809005362406
0.001803023285791043,0.0013951416795711367,0.0042236795931712146,0.008894266229185311
0.003973486162163996,0.0024668181061289498,0.0018663029905387652,0.0116426423889843
0.00483727818480825,0.003457702534930303,0.0004383013501273469,0.007781597474246782
0.003224924011344292,0.0008740898416095894,0.0021836088107140684,0.009707741870581672
0.0024543565767653117,0.0007736766044221498,0.0061468371405740616,0.010749874049842945
0.001526624961098241,0.0017604411851939452,0.010456268780293518,0.0052842517362018376
0.0017423174131925856,0.001396170765292852,0.004365199381505247,0.008907843853811166
0.00393306893744596,0.002446621432555045,0.0018486772218591822,0.011613254241919769
0.004950706002433661,0.0035418234398912293,0.00037915037455115547,0.007768737955839803
0.0033607664061085746,0.000929460683250394,0.0020135105678835683,0.0098146386499353
0.0024789101311076633,0.0007464638730997285,0.005925791778463202,0.010781704597094956
0.0015182499828336725,0.001788081306268546,0.01048674481381424,0.005253335350748336
0.0016825216582191979,0.0014074946557087165,0.004513408776322905,0.008918369647275203
0.0037813439950629604,0.0023490880076368317,0.0019079886160415073,0.011568021217069496
0.0049339634319803816,0.003506131509209844,0.00038843622370875435,0.007722598599553718
0.0034853697751935447,0.0009780551378823863,0.0018815800095591953,0.009886081922688233
0.0025460987325779606,0.0006974363039302674,0.005526133290334407,0.010918543636434415
0.0015016772451854254,0.0017113408113286716,0.010024206059952419,0.00526792461663386
0.00163411331602614,0.0014248446100921224,0.0046407801561979805,0.008908729787608758
0.003534557845641207,0.0021831547685865708,0.0020658449377026233,0.011515041171292768
0.004757690558548384,0.003326545230017379,0.0004912515308808211,0.007652345566327369
0.0035648753143857122,0.0010032377701633952,0.0018144817646538944,0.009889575014338656
0.002664009969739756,0.0006415829720853271,0.004995031894290026,0.011159364414773887
0.001498944730334699,0.0015373271170013828,0.00905221430481061,0.005351200650285442
0.0015143078261607504,0.0014501105979580814,0.004839210508598615,0.00836261896486878
0.0031164798363102347,0.001970510657857691,0.0022831912924622484,0.0109146740782459
0.004385464767366524,0.0029987621491802782,0.0006986126318513474,0.007440376015741493
0.003613792344975362,0.00103795132843142,0.0017508894503514734,0.009409370033249476
0.0027949537409208054,0.0006005914194142028,0.004262273324401023,0.010693972418132728
0.001574172944378333,0.0012902174380701832,0.00754741852060423,0.005275519473172188
0.0016070402415401938,0.0014847038775056835,0.0044215307470408475,0.008815876395105036
0.002802119659928127,0.0018194298740781673,0.0025168073345773296,0.01129263749112418
0.0036698196178245146,0.0025344212993744218,0.0011274825361938076,0.007467346624609582
0.0034677723422780267,0.0009479580222767507,0.0019379648410127659,0.009236413483281736
0.003023436406190646,0.0005540058380999626,0.0037571989837113552,0.011280106690275888
0.0018118356776940716,0.0010209935402727306,0.006020289848564628,0.005760863723220458
0.0017300404840666819,0.0014316207766129742,0.004345163722635527,0.00838986252499438
0.0026356462027384863,0.0016322451196187726,0.002874999068506313,0.010873834787033706
0.00320687012458892,0.0021365026366226302,0.0016947088618413434,0.007180681889748741
0.0032774688114121497,0.0008343956396982515,0.002221762092154314,0.009161831896598896
0.0031453183425428216,0.0005448985390751426,0.0034433996286315745,0.011575748463256786
0.001988219054321713,0.000933497473250316,0.0048442812149432895,0.006045080470847425
0.0018232601791648942,0.001479785527190306,0.0038339553525649395,0.008592833455722605
0.0025368685333712992,0.0015780139726845328,0.0029933697467393753,0.011139548571649628
0.0028490291277566506,0.0018944423032805472,0.0022513859068163554,0.007398197895061691
0.0031040015106530944,0.000763782350015209,0.0024923494867064872,0.008787494911552748
0.003218919433510867,0.0005222496524162715,0.0032625925489301946,0.011650174773434946
0.002200310528950699,0.0008602002803695537,0.004085214850811171,0.0063392613617089585
0.0019617764619694208,0.0015044321392793528,0.003496574206073908,0.008500446181571015
0.002457646953805652,0.0015694807222490824,0.0030391947034470257,0.010979830575919131
0.002505473085488286,0.0017848394564174462,0.0026340596043574124,0.007244754154558325
0.002920612513413901,0.000713681025829843,0.002795956091475659,0.008801987198875172
0.003219441924018157,0.000503650110761155,0.003279644786681109,0.011845359610214854
0.0023346587427969887,0.0008159436853225114,0.0037331533665477413,0.00654855928079791
0.002144547026311125,0.00150289217190786,0.003273275176053568,0.008455029898574471
0.0025251798304927672,0.0015588756551025893,0.00301903419596333,0.010983824247584198
0.0023935942947908634,0.0017322691899256206,0.002790782599545568,0.007288624207096922
0.002789541163379091,0.0007123220171728339,0.002978553206685149,0.008605423039379003
0.0031514884275701672,0.0005178176044506936,0.0033465804645642183,0.011669588246548965
0.002323052147462165,0.0008375151028737376,0.0036152133492731824,0.006524553045953995
0.0021947707537005785,0.0015388213540308865,0.003100880122337184,0.008560092750317437
0.0025772499229540224,0.001578653825724133,0.0029501053117028894,0.011036215191508228
0.0023987166424095283,0.0017082832724613414,0.0028128625546953875,0.0072838280264914705
0.0027397553104662738,0.0006900321556822348,0.0030971213552268527,0.008562587027809251
0.0031075301692359294,0.0005052070315794013,0.0034745868310907526,0.011658032829367802
0.0023070535038001213,0.000815228529473134,0.0036840307374322286,0.006552873299665874
0.0022287735074833126,0.0015407712543211434,0.0030735286288055483,0.008484147638619759
0.002609955596852143,0.0016103236022468185,0.002881514160335194,0.010947036797143771
0.002401235774889547,0.0017467899395442704,0.002727667855180753,0.007259987621536708
0.002695253442853353,0.000692050624882295,0.00314440113943815,0.008598377422068149
0.0030420896319718754,0.000510666204107456,0.0036214384409250927,0.011590218143253577
0.0022403753645149874,0.0008112723291951961,0.0038626249779252723,0.006475347570415899
0.0022515702906451018,0.0015270082293100747,0.0030878178872620673,0.00849432919843822
0.002697602660302065,0.0016332360348900827,0.0028187036213464895,0.010973816103182769
0.0024969801807258776,0.0017793957001664843,0.0025845686558867253,0.007308205142828016
0.002678038074535508,0.0006943955907676044,0.0031386805274919213,0.008558924879087552
0.0029759061926294614,0.0005233698336164156,0.0037654848270855506,0.011452553791071077
0.0021442535445480933,0.000827348531695328,0.004088628997132079,0.006376110464072772
0.002208483942379684,0.0015262596199398565,0.0031169219484333114,0.008512037617818224
0.00275166054343625,0.001668044532253412,0.002747938168281874,0.010966471613813207
0.0026092212299599345,0.0018246522255297372,0.0024278882480444682,0.007310493400754711
0.00268769779724995,0.0006830095513856947,0.0031216486275587995,0.008603579459945578
0.0029298170057836122,0.0005245294523371015,0.003930219024147368,0.011395589696972807
0.0020717312561665995,0.0008282099211281129,0.004372070292676056,0.006300419198795841
0.0021799061994442104,0.0015074467147233193,0.003181155549551907,0.008484352117174476
0.0028081843330997635,0.0017054833714187654,0.0026746576621865803,0.010952002687710401
0.0027063692843593647,0.001890205905562944,0.002238522864062709,0.007325667492341261
0.0026901779379930445,0.0006844128142892186,0.003084963465699032,0.008624850994558609
0.0028738941527237,0.0005374709882717794,0.004098706131126786,0.011265186258201974
0.001988395505198868,0.0008470719896902288,0.004688156376674003,0.006172538298892577
0.0021547310334867607,0.001490071259019498,0.003231095271854039,0.008516405745447198
0.0028920619063304304,0.0017477447508184682,0.0025937674162183587,0.010992043637281818
0.0028368800826142192,0.0019592674511390473,0.0020385594369196013,0.00735089757797856
0.0026988612895446295,0.0006842633684281845,0.0030386615832924072,0.008630481805929078
0.0028168096085407824,0.0005529340004991759,0.004281838020559883,0.01113218128715557
0.0019012201168619968,0.0008768654834243653,0.005045832126653889,0.006057099884222461
0.0021096106003363336,0.0014767195805622936,0.0032907685424660806,0.008527129839619485
0.0029694169900530685,0.001800991067312152,0.002506136143792169,0.010997458522078441
0.0029768035059947913,0.0020469906798310663,0.001833065513339842,0.007351073560961747
0.0027116946203415587,0.0006814738095517827,0.0029902840319204955,0.008672190224774081
0.002759937802991927,0.0005684133367711818,0.004491430077058486,0.011012527466340516
0.001821659156720417,0.0009118598609387847,0.0054652103462533245,0.005939056463878304
0.002074002886291164,0.0014582537343395719,0.003356471594392807,0.008537604175022005
0.0030633736533998463,0.0018657331067787372,0.002407228490041721,0.011020611664377568
0.0031331010416728988,0.0021634143737381682,0.0016135895543199228,0.00738553574025744
0.0027233049355598776,0.0006870599474256253,0.0029225688435766508,0.00870303758255608
0.0026974018837580445,0.0005929561720492921,0.004713761575679401,0.010858944971700165
0.0017398823138708459,0.0009670349094656829,0.005941986357978193,0.0058066959690199
0.002035456030699948,0.0014412620657659584,0.003419727227744168,0.008561596911799215
0.003176533537725608,0.0019414116684995093,0.0022992850512202657,0.011047224625889186
0.0033269976322139526,0.0023029172525682326,0.0013915038551189653,0.007425367023444743
0.002743650070371228,0.0006927244205989949,0.0028431081509916146,0.008751314542391548
0.0026370293665163185,0.0006221850775772423,0.004957085378897656,0.01071449426178812
0.0016656964582312638,0.0010414646214056233,0.006487897558809604,0.00568424985762756
0.0019883467361068202,0.0014240370543973488,0.0034947149922708396,0.008572573327108087
0.003297264999752648,0.002028205361501806,0.0021844218766417043,0.011061038034382426
0.0035473012542877763,0.002471333647007699,0.0011687706705654872,0.0074721684942744195
0.002772892612340766,0.0007022086618990368,0.0027469504085511805,0.008814572990340679
0.0025783388403141263,0.0006565895087900313,0.0052119829978890305,0.010559555356865365
0.0016034136924218782,0.0011375219391686633,0.00710255048340485,0.005558127952762411
0.001943239535563389,0.0014075938713327006,0.003569792427895029,0.0085934229906535
0.003430394348084405,0.0021273752675388382,0.002062376464389365,0.011087341243319815
0.003792185838783293,0.002670994031767872,0.0009523806886804384,0.007543785953683371
0.002811441428678609,0.000719653117906715,0.0026302348885084256,0.008885727026025515
0.0025224018276522636,0.0006965732698505293,0.005464373008719502,0.010399514451049382
0.0015547315357008738,0.0012583890839196837,0.007775970717996973,0.005439280086491918
0.0018951035026622371,0.0013923465289213818,0.0036541598478873117,0.008609945756168056
0.0035684595795668437,0.0022317635120416334,0.0019416859729371324,0.011100976175024656
0.004041933647899103,0.0028798680258432545,0.0007500132306525237,0.007584638528998326
0.00286666166361587,0.0007422655548696367,0.0024956588432191646,0.008973660746219584
0.0024729254222183995,0.0007354136392948011,0.005696986695742822,0.010242134090377128
0.0015249968600677913,0.001397152916337013,0.008484224814064972,0.005328919757165656
0.001848432023321189,0.0013804203213617532,0.0037379947310529115,0.00863530019394287
0.0036964345248641957,0.0023365405479630545,0.0018236729536177418,0.011122957689550853
0.004270326403722678,0.003088273004801844,0.0005713819905686323,0.007611486755862771
0.0029412782352875202,0.0007758968827611492,0.0023385797480789615,0.009071958116975993
0.0024324915295476693,0.0007670340750348637,0.005871101342338109,0.010096756713446281
0.0015136741052189668,0.0015420909401670847,0.009176022192876958,0.005234490598733517
0.0018055950434299457,0.0013704612185817837,0.0038292404856863633,0.00866027599352092
0.003797422419214188,0.002422634014186096,0.0017219576590817387,0.011132605333241808
0.004481162929821889,0.003285994345253561,0.0004310800389837121,0.007642663262513645
0.003032150394000835,0.0008185007147076318,0.0021775700714350026,0.009188917870570018
0.002405891708794365,0.0007877949229838386,0.005962058153167724,0.009999766583656935
0.0015142375156051325,0.001679887260216351,0.009772547047256941,0.0051679376470258245
0.0017596231425579326,0.001363337882696809,0.003943776807078562,0.00867142542003119
0.0038482543923215756,0.002463733976530873,0.0016550110318207694,0.011110966460989838
0.004663314302026108,0.003441643028937187,0.00033489426289325927,0.0076535853171534
0.003143222047954484,0.0008679503960100165,0.00201634691132,0.009309070737306111
0.002397792444116746,0.0007885358979063679,0.0059203671724241055,0.009957357250533818
0.001512732708236754,0.0017834574993646052,0.010147747900450473,0.005120946787230776
0.0017059919916018376,0.0013673216760166688,0.004067028564699774,0.008689691831652238
0.003811169216856735,0.0024417470882660097,0.0016377966342060145,0.011079518614567355
0.004772602440965433,0.0035200082422978383,0.0002878060772752027,0.007637141795461719
0.0032686727481948045,0.000921759234420024,0.0018641321641731283,0.009415216639084822
0.002418463301846359,0.0007607683102572791,0.005703860710373635,0.009996953746664232
0.0015012174275551256,0.0018097182957708003,0.01016016686235931,0.005097531743357192
0.0016507947780634886,0.0013806800456864768,0.004204980993985755,0.008700353259750557
0.003662887445924565,0.002340439755651904,0.0016979820356775863,0.011027493626357599
0.004756506477357075,0.0034794006250945717,0.0003005135585868464,0.007576637370498046
0.0033844919342294146,0.0009692908061372567,0.0017460668981027366,0.009488888392692733
0.0024806223187012126,0.0007088423659594473,0.005308472937631054,0.010141463363226317
0.0014799226492905918,0.0017279590184386604,0.009683499576286125,0.005105734331154025
0.001508745035244197,0.0014010668012090222,0.004490191189179371,0.008231033600926176
0.003281806607189914,0.002131361551558136,0.0018392374153929354,0.010479107477717102
0.0045317324681094446,0.003252085034768877,0.00039079541100556177,0.007371987866063007
0.003511726182897114,0.001048421842546346,0.0015921151977635233,0.009138441234471122
0.0025700005658021072,0.0006395324249579041,0.004550889901789666,0.009732392054220138
0.0014862286553639253,0.0014887870588418351,0.008406104526184496,0.005001037263810087
0.0015555556033539461,0.001447874630666053,0.004196133579567508,0.008633088369884714
0.0029232177951407155,0.0019604922032002104,0.0020396087743072065,0.0108056068087316
0.003939798001882852,0.0028579801225500786,0.0006604856000498947,0.007405866535679188
0.0034338218530189472,0.0010009293352005247,0.0016888939982796236,0.009061876092918678
0.0027857852219272984,0.0005811826347099054,0.0039708087182219465,0.010327519897907651
0.0016286092259849,0.0011827525244397414,0.006877462517114074,0.005335374453597866
0.0016133344088017105,0.0013891431540810069,0.004309286430766021,0.00819753777928636
0.002690575061379711,0.0016929249735877965,0.0024727380664514255,0.010411373975669339
0.0034852479289882274,0.002371704564456881,0.001121534307029545,0.007066672075890182
0.0033114582922615272,0.0009000203658977208,0.001877232120537425,0.008943129491882532
0.002949179706711965,0.0005623166357262624,0.0034790776838363137,0.010653877263591389
0.0017581977682693082,0.0010264339286004615,0.005381665424052019,0.005580319544237312
0.001653449147295335,0.0014573411342099834,0.0038434095909592797,0.008442960252547437
0.002482958452377524,0.0016058698729655811,0.0026844586953199026,0.010691628225541452
0.002991629643691169,0.0020261074326090515,0.001706903300246503,0.007214951061480096
0.0031466716910672475,0.0008122227968331542,0.0021240336703182462,0.008584358355850173
0.003093930108679674,0.0005279301439896967,0.003158036587359769,0.010897561162230257
0.0020202397519693744,0.0008812398018613827,0.004300839473623828,0.005958705520723881
0.0017988656751733543,0.0014631639071002352,0.00350248534433495,0.00827163535574766
0.0023566084160617177,0.0015610612589201293,0.002822770758253161,0.010502641926580084
0.002550420684673792,0.0018407275245600396,0.0022265330403853476,0.007104048472071278
0.002926314845370197,0.0007365697671405786,0.0024704766775469093,0.008549445667236649
0.003135316617114767,0.0005105463855079711,0.00309579631632622,0.011158580013504133
0.0022110269447677944,0.0008246828871339171,0.0037046978651279656,0.006240980365055939
0.001996444868174918,0.0014675745012067418,0.0031812766482801885,0.008238882652855209
0.00240679780872186,0.001533521151703165,0.0028298447517916166,0.010535775696441107
0.0023767135105663166,0.0017297617488470072,0.00250104681815037,0.007145614736558524
0.0027770213517492866,0.0007160581010747103,0.002705369233117286,0.008291105480746743
0.0030939042469501766,0.0005191018000301909,0.003122631574625184,0.011007655489234509
0.0022546592713676285,0.0008399171225971793,0.0034456649112687672,0.006279423491520636
0.002073934559217109,0.0015121027525825147,0.002938605920598041,0.008338535605238407
0.002438973346661723,0.0015516626706824582,0.0027626336715728538,0.01058187221917949
0.0023216057325802226,0.0016912108117137653,0.002595338434075432,0.007135849157533269
0.0027040459119138066,0.0006883982069662595,0.002873772250054579,0.008233324134530427
0.0030579495882107795,0.0005025024016971028,0.0032448569913204003,0.011018586523054512
0.0022713377838196216,0.0008099721122503912,0.003451782331423005,0.006338025810002168
0.002143941851552091,0.0015143857240174775,0.002882345954855681,0.008249381170175754
0.002480487600692918,0.001580947281640623,0.0026977537589544533,0.01048381618797772
0.0022999505839350564,0.0017226601303737769,0.0025409932112972137,0.007106082338265885
0.0026372642538639614,0.0006942391838257443,0.0029477722477592983,0.008239996212257942
0.0029793758075717276,0.0005121204770222466,0.0033941782291601365,0.010922286824972972
0.0021994097434235534,0.0008119623461081656,0.003606993621923951,0.006255170613567453
0.0021710626963866034,0.0015078028496208742,0.002879264808499578,0.008276043358269192
0.0025740080768353714,0.0016059393724987539,0.0026337882218617913,0.01051728026815973
0.0023980347590869216,0.0017518652915632766,0.0024083733357792353,0.00715219917673162
0.002616208484651031,0.0006947819670930797,0.0029487166480250413,0.008196053948341542
0.002909169677744941,0.0005230134881946765,0.003541678502507307,0.010788292625484721
0.002101196082960465,0.0008252106593403679,0.0038319667752914613,0.00616511794819864
0.0021253370226350095,0.0015071078891972847,0.0029138073215040803,0.008279617771839188
0.0026214244237002175,0.001642265901155146,0.00256390975302982,0.010490229106754902
0.002502909899771358,0.0017998571216292075,0.002251979488513838,0.0071470046381173265
0.0026261629421015734,0.0006824141911265711,0.0029297926908224857,0.008253060933142868
0.002864612499759728,0.0005225401844192812,0.003705450490715895,0.010732837990363803
0.002031042716084566,0.0008225910181840128,0.004114490895068156,0.006084816125106052
0.002101342387350001,0.001483642377414396,0.002979586026047622,0.008259606737647899
0.002680067583229548,0.0016765898580543453,0.0024921472400001874,0.010486903251345912
0.002593615978162263,0.0018592121232433943,0.0020584960330084427,0.007159235952300455
0.00262911689125239,0.0006842443454044534,0.002885675393344238,0.008262470651682891
0.0028088227604760874,0.0005355589985748254,0.0038628037122650826,0.010583857405009122
0.001947546894505562,0.0008418048788757977,0.00441648839752287,0.005951983139032721
0.002074400527587614,0.0014657626343360154,0.0030237309136999144,0.008307960106729866
0.0027587567425931708,0.0017164554680464323,0.0024134790975236776,0.010535313734908906
0.002717384376029374,0.0019235866473469232,0.0018686346173429084,0.007187401100456697
0.0026389207727298947,0.000681238364812094,0.0028384298795453783,0.008276410049708808
0.00275583405453195,0.0005475616460162387,0.004035970492299521,0.010468892440451174
0.0018654788483694184,0.000865940463588515,0.004756751409525042,0.005853599333031933
0.002029633712438431,0.0014488752529611044,0.0030884426991750133,0.008308846900996333
0.00282631705224062,0.0017649778337550897,0.002334491542623416,0.010527702969355564
0.0028411275641386153,0.0020055210090300945,0.0016794061185580857,0.0071852286043415465
0.002649189885499066,0.0006770228430997952,0.002792149749844638,0.008325166885530463
0.002701815702665205,0.0005607930948802343,0.0042302053827434054,0.010357034535393217
0.0017902332317593164,0.0008965157507226981,0.005144925605294025,0.005744669538290751
0.0019981262115999873,0.0014291149586722074,0.0031469345834851436,0.008330134167270773
0.0029135091888445558,0.0018244631570374333,0.002242890767812854,0.010560969864307029
0.0029821172808757886,0.002112785184794638,0.0014800264307429558,0.0072311624314588515
0.0026579631441738423,0.0006817156736278553,0.0027261319602328907,0.008351549819337088
0.002643145643987535,0.0005828470648372694,0.004429269137868832,0.010212462009556954
0.0017132392324369003,0.0009460657679630068,0.005574208678187902,0.005629489996797721
0.001961204243436778,0.0014116966537414694,0.003203214258418563,0.008356125628199092
0.003013525853829342,0.0018919558303796588,0.00214482158344671,0.010582056333222534
0.0031534439164963286,0.002236110068634126,0.0012826761862399514,0.007267038017328552
0.002675495818062227,0.0006835874746147017,0.0026572922090743797,0.008404295624731595
0.0025892003450223504,0.0006078369756112938,0.004650124623461609,0.010089333744924664
0.0016463452677187096,0.001010189519969702,0.006060169914062382,0.005527991996278505
0.0019207227440502662,0.0013932713688223715,0.003268717679289666,0.008368201285420682
0.0031205731438231654,0.001968983832976675,0.00204043473617056,0.010596051729793948
0.0033437492758602223,0.002385000446569713,0.00108523142106515,0.007316606176676057
0.002698461281345431,0.0006911952010197614,0.0025724007060583627,0.008461227610654147
0.002534906572317102,0.0006390505970366074,0.004875884825874364,0.009946392652080275
0.001587255156510855,0.0010945386415612552,0.006596956798541286,0.005420135248346706
0.0018834836129825528,0.0013774911534438627,0.0033279906677059668,0.00839551328610043
0.0032404431495256583,0.0020575168703213017,0.0019295957490077906,0.010623920028424978
0.0035561799410292467,0.002559489236189026,0.0008949705334821083,0.007385641248921564
0.002728147356845716,0.0007049202032940504,0.002473260939724907,0.008525850536633683
0.0024828213622002707,0.0006754058548737609,0.005102331571126233,0.009806008273990785
0.0015390879266461985,0.0011998232166765595,0.007182581631408991,0.0053239481551390095
0.0018428106978864683,0.0013624880156817014,0.0033987872060645525,0.008410598210065472
0.0033642590584948106,0.0021502342205607125,0.001821192986215231,0.010631991967417565
0.003784181375312582,0.0027496899780290584,0.0007189815420242563,0.007445782181183651
0.002768098786352279,0.0007223386137361065,0.002365342363923036,0.008607108838699086
0.0024354784371905997,0.0007136872544630311,0.005321441090931404,0.009671154252198557
0.0015055588585351834,0.0013233187816001808,0.007801718676684411,0.005237038868846181
0.001803262577344207,0.0013503304198573176,0.003469639762539609,0.008430530291879821
0.003485949000428668,0.0022447271055551794,0.001714362089115465,0.010645347486527542
0.0039901576826115925,0.002932240536842495,0.0005580712787677962,0.007465856644229024
0.0028258615832298193,0.0007482237053485289,0.0022347844050579937,0.008690824925683339
0.0023945863982571167,0.0007464122633731364,0.0054946969766876685,0.009531917414388916
0.0014872679923220156,0.0014544895335202365,0.00841460393687107,0.005157165265766025
0.001768392177626834,0.0013423637121382304,0.00353440861710388,0.00846301586803769
0.003587936301506771,0.0023312913800185996,0.0016150909482135574,0.010664231560523263
0.004179650159305679,0.0031129939756925147,0.0004272578915363968,0.007500008252011499
0.0028944693410009096,0.0007822410403037819,0.0021005660722198316,0.008790085683568413
0.002364305130541045,0.0007716914969328466,0.0056112687962202425,0.009432710174664833
0.0014825997933409728,0.0015829425511238089,0.008975718850169501,0.00510282334774651
0.001734122959974868,0.0013333701473384554,0.003624872210318422,0.008472395757417798
0.0036587160968050356,0.0023843450387325818,0.0015434658826024115,0.010644470862485551
0.004353485704831035,0.00326585619854398,0.00033212720621117627,0.0075143077499482906
0.0029770710965841495,0.0008209169185862393,0.001968674453465956,0.00889726060142909
0.0023465637801495516,0.0007837399762538917,0.0056370116122531734,0.009373485469752117
0.0014790136682665623,0.001693886343190524,0.009392448551895988,0.0050627250198531995
0.0016932557205530845,0.001333944696868373,0.003717082533872228,0.00849133918471057
0.003669257620814511,0.0023933057880639336,0.0015053135566944502,0.010623099963778086
0.004483914659198811,0.003368436002883268,0.00027477709275656017,0.007512317843095887
0.0030758169789842564,0.0008656491853524527,0.0018360037225948781,0.008995311609022855
0.0023484571182047,0.0007720145115522711,0.00552593748928962,0.009372118900852244
0.001470692696038396,0.0017538048946352204,0.009559717015630796,0.0050374846512959695
0.001646334207475805,0.001342621548005947,0.0038245730569667225,0.008504636120736432
0.0035895887678186154,0.0023384120677234594,0.0015229601926753991,0.010580968282832328
0.004526122388710091,0.003384883198257323,0.00026206570642904587,0.007471913025408433
0.0031751745910821687,0.0009077008200964524,0.0017251624093452714,0.009078903386309163
0.0023800028493468836,0.0007348078150234552,0.005266983229436896,0.009456657524879186
0.0014555634999285326,0.0017297789386139964,0.009367680297050776,0.005029794204939106
0.0015125556763655932,0.0013560511048828806,0.004101880285943965,0.008104317140256062
0.003283854695942658,0.002167880662296763,0.0016052235713131394,0.010081995047074762
0.004396509790514038,0.0032354915206527384,0.0003075384491810029,0.007298046090251628
0.00330317059308701,0.000987766921910178,0.0015581149899558276,0.00880117672999655
0.002422753261778537,0.0006624855322991636,0.004627401357695279,0.009059678996627385
0.0014492719829602256,0.0015453228365530888,0.008431451539551622,0.004927471820962974
0.0015474250457105127,0.0014043457289414777,0.003856926871442016,0.008466197741113242
0.0029743339025270713,0.0020336508866809163,0.0017296114330532279,0.010373268068527817
0.003952810531215686,0.0029634167171869634,0.00047544161723418933,0.00736423183562908
0.00325912281523187,0.0009711812341950705,0.0016088008144594552,0.008793142309574174
0.0025847608596455966,0.0006024765899088238,0.004128614031095386,0.00956374359752444
0.001534387978821528,0.001282691214461365,0.007242323193020244,0.005135975131403566
0.0015730304394200277,0.0013418310594223186,0.004064220290301143,0.008070760782495452
0.002753682065148623,0.0017521319555438872,0.0021137722134233995,0.010006828697153967
0.003607824654515961,0.002523739436321586,0.0007919299060208657,0.007018082998584953
0.003202132968727582,0.0009018118202109151,0.0017163947300770715,0.008709584351994587
0.0027253523933671885,0.0005705045807422969,0.003609543680937702,0.009864089555748143
0.0015883408999719986,0.0011092359308837428,0.0058282280445401255,0.005296742376521049
0.001563771794530837,0.0014160961175143042,0.003712455747232774,0.008303123445357264
0.0025005765195606883,0.0016469125987986326,0.0023360630461675904,0.010270100145548597
0.003121892661846773,0.0021622624928760077,0.0012479943517708177,0.007079268020820488
0.0030925075239527874,0.0008330393580195708,0.00187880735417697,0.00841436117892742
0.0028857487592386408,0.0005253979808059774,0.003210157521765871,0.010155187339010927
0.0018055507379772082,0.0009169862379407694,0.004677935971071402,0.0056182558985512655
0.001670467693424081,0.0014121449849116459,0.003462110405723065,0.008128554710419518
0.0023329962706799706,0.001569583502003708,0.002533071385333872,0.010108387750708717
0.0026469059249678603,0.0019141744810635994,0.0017372089256726046,0.006968886327954479
0.002888746595131364,0.0007490722707236108,0.002189924600666886,0.008345882472612882
0.002958579610795278,0.0005068582283864441,0.0030733370695740707,0.010439516047965678
0.001998590614434769,0.0008324075918655831,0.003931878589305491,0.005897823484797773
0.0018446740457766784,0.0014135516876160336,0.003134755536458757,0.008095989784611205
0.0023494815504564344,0.0015263749693118036,0.0025813257147504188,0.010157253796681134
0.0024479627085509377,0.001774299714422576,0.0020779824781749718,0.007071127924487072
0.0027438028303500184,0.0007151256309924677,0.0024216201589936375,0.008099598539916607
0.0029558311184605984,0.0005117474644654828,0.0030414882955794504,0.01040064628435985
0.002078955684969268,0.000830134873411984,0.0035411580134338243,0.006021488947267949
0.0019224660062918165,0.0014560432406453383,0.0028773254003826116,0.008133659823878125
0.0023557785207478908,0.0015313915713543644,0.0025478347704706193,0.010155202951153863
0.0023463618831671327,0.001702542849999969,0.0022390960532601145,0.0070254251586388886
0.0026683195121240274,0.0006778803697607143,0.002609790005480968,0.008029250511288999
0.0029461162926558947,0.0004948913124141948,0.0031246089058367997,0.010425369802866511
0.002133175348538451,0.000800489268828732,0.003447588639504712,0.0060938409074833885
0.0020090975145974923,0.0014642956257016884,0.0027721009201066974,0.008082357231158192
0.0023899263290789296,0.0015569816141326363,0.002490756309376399,0.010113786139017691
0.0022890685733946664,0.0017179598930681926,0.002237374751379226,0.007028290386928758
0.0025888247738102108,0.0006841705001875047,0.002708591256651348,0.007975512932066298
0.0028781455290753533,0.0005060075397258784,0.0032496396779219568,0.010313090057407855
0.0020905722150215637,0.0008038721442549967,0.0035340173093787028,0.006033912440845274
0.0020551638597087287,0.0014653800715809546,0.002737671292654627,0.0081003707991836
0.0024753056613312095,0.0015838972766551466,0.0024319519771542944,0.01012309625000236
0.0023563535388121193,0.0017446051318674267,0.0021491605861748047,0.00704771679775526
0.002556331614854891,0.0006848441086640456,0.0027369927118233296,0.007945951988355822
0.0028126697524025993,0.0005175581574912413,0.0033941247224306623,0.010215534686022558
0.002008516343623767,0.0008165113954630129,0.0037271658893782552,0.0059722209267201315
0.0020254654120396187,0.0014669292072827028,0.0027621650565890334,0.00808674610079757
0.002526571704022862,0.00161991275115001,0.0023680119894647985,0.010085554531526184
0.0024430418051009013,0.0017847436705946248,0.0020078376595504006,0.007017094223831477
0.00255863723178044,0.0006755891592078002,0.0027276147585540917,0.007975093710159524
0.0027658517631941643,0.0005209790481023603,0.00354938752211961,0.0101222103675847
0.0019421067311214014,0.0008211245337687526,0.003984611806842744,0.00587666719687479
0.002006906134783625,0.0014505550105968457,0.0028021117625652305,0.008102468460524334
0.0025862015100843287,0.0016582726438952322,0.0022919362812726524,0.010113371205695835
0.0025260463224884076,0.0018431769005066143,0.0018288691070048298,0.007039983313905674
0.002558739600964233,0.0006770340329936141,0.002688861245654277,0.007974949669240651
0.0027133056248751807,0.0005329285619676248,0.0037031819358513945,0.009982562333555788
0.001867970474155882,0.0008379343581029367,0.004274960268596745,0.005764095753916269
0.001984829606620174,0.0014313272277493552,0.0028459022369476585,0.00813082478861452
0.0026602687026524713,0.0016983081632860374,0.002216092137685854,0.010132987648979174
0.002637492143019688,0.0019081927640097669,0.0016532879919770429,0.007051274176343219
0.0025649098164598812,0.0006728442302132323,0.002649151054823603,0.008007051455917399
0.0026622076080188724,0.0005452664243996984,0.0038768359387623807,0.009880166911224642
0.0017913874876875286,0.0008622936005468208,0.0046079703273235835,0.005673577088201499
0.0019472847939922362,0.0014125399468867873,0.0029032266810674586,0.00814016958970482
0.0027326880685986806,0.0017463026143419505,0.002137919464432001,0.010138654863038662
0.0027617208355794915,0.001991197357082848,0.0014754673671099833,0.007068575628490938
0.0025734143935954097,0.0006697341152471581,0.002598951135792852,0.008043670930529255
0.002609111280515318,0.000560083694498456,0.004059872678300125,0.009758503045301124
0.0017182215944253163,0.0008966173017392203,0.004979355937763736,0.005571694812996372
0.0019138317945254935,0.0013945385250533943,0.0029521830869789936,0.008170758815855383
0.0028154112790886032,0.0018055224658923988,0.0020489404414494095,0.01017066944369039
0.0028977400529629272,0.0020958482351512366,0.001293627968575334,0.007112735924556901
0.002582345724333071,0.0006711677770571895,0.002537733434618293,0.008080310304525114
0.0025557559880535967,0.00058020967985751,0.004252990894639952,0.009633449935969481
0.0016502840911847838,0.0009439502493265017,0.005392665917065316,0.005476533694618097
0.001881016089959232,0.0013749619670614197,0.003006791761257176,0.008190003848627812
0.0029101511275913916,0.0018711816457371321,0.0019562311127421673,0.010184488830962917
0.0030556946067254918,0.0022172985679981216,0.0011143803161959389,0.007152894168065631
0.0025959685161905245,0.0006732763373004792,0.0024725120755926897,0.008134082207601026
0.0025042489835643954,0.0006059795543839171,0.004461442744714153,0.009512610454363024
0.0015890335270809456,0.0010085436545528392,0.005851498951399734,0.0053862469397584455
0.0018475082666436719,0.0013568815506840772,0.003060143514234601,0.008211991090099844
0.00301648269036315,0.001946454263468698,0.0018569248345084105,0.010204894701392393
0.003236603609327734,0.0023611511136161912,0.0009378429617985626,0.007210385605084957
0.002615616326184828,0.000680452840341275,0.002392487487909366,0.00818835824994268
0.002453354187318027,0.0006376068758115731,0.004672048196530824,0.009379728951376811
0.0015350803463663007,0.0010927590577976738,0.006352464753808127,0.0052980184970168685
0.0018129143415148432,0.0013417180876866145,0.003112512217183757,0.008237342917998235
0.0031298952214069546,0.002030631344646225,0.001754394740162891,0.010223737746734456
0.0034351764545142755,0.00252567875850876,0.0007707743987224926,0.00727555833858246
0.0026413981268907775,0.0006914529292625902,0.0023047539930964697,0.008254854031054745
0.0024054306066920296,0.000673311977768791,0.0048857707294262,0.009253290105969422
0.0014929920228281834,0.001194666935996821,0.006895549005194697,0.005221120682710986
0.0017793089922063003,0.0013272292095357014,0.003172047967603523,0.008254113924478236
0.003248104937902022,0.0021193198927949943,0.0016532909632452108,0.010232103747883484
0.003640945773137304,0.002702517288764076,0.0006163611987439711,0.007333033363586218
0.0026753254641733344,0.0007080580827777638,0.0022065661832274906,0.00832947943098902
0.002360457151433995,0.0007114620857118309,0.005087106004624215,0.009124748822316306
0.00146239135280219,0.0013135842878834706,0.007462217268619882,0.005151659157383763
0.0017478143650709362,0.0013163514153774264,0.0032282035431284387,0.0082778584037892
0.0033653158365577838,0.0022093850431659638,0.0015541209683783905,0.010244394689792739
0.0038300340833466793,0.002872222503173832,0.0004778564611745476,0.007355783709745103
0.002723797635320213,0.000731062069397015,0.0020930110721693223,0.008409458694105525
0.002321756081293158,0.0007448261470935951,0.005251645664780117,0.009001557643833053
0.0014456842958603339,0.0014393676789218207,0.008023352712976203,0.0050938449729065905
0.0017192636144347415,0.0013083640251198155,0.003284981879112832,0.008303799366908329
0.003464743723448328,0.0022901283789395275,0.001463781915200175,0.010252652217615453
0.00400624965780566,0.0030388244238730693,0.0003661023328945918,0.007386529740564728
0.002781325932771531,0.0007606428689037451,0.001977730175182931,0.008501753909155123
0.002291542280384287,0.0007715738151065472,0.005367163509976789,0.008909510809166792
0.0014399124800134673,0.0015630936149717048,0.00853731648246388,0.005054789990629981
0.0016917426554887433,0.0013010636144761805,0.0033579517515726085,0.00831645019599125
0.0035370442913853673,0.00234252554391975,0.0013959530723614791,0.0102356951598014
0.004168561194865672,0.003181649443512345,0.00028457867337544125,0.007403362348473508
0.002851250959259581,0.0007950950446051182,0.0018629049576106482,0.008598365119702796
0.0022716319092251553,0.0007856873042196695,0.005401694557645128,0.00885209367766306
0.0014350625980026838,0.0016707608856867827,0.008926852671138828,0.005027034337958349
0.001657683399524967,0.0013018255994850323,0.0034355830620821136,0.00833361333288205
0.003555192929683438,0.0023547030025948853,0.0013580838051744217,0.010211848657685341
0.004292771438046606,0.0032796663034559016,0.0002350703907943244,0.00740106996564234
0.002934666421938541,0.0008337846374154463,0.0017493717743734146,0.008690023380765364
0.0022683039026591546,0.0007773736080346305,0.005319641698707937,0.008847692235391048
0.0014269668956144932,0.001732537074189371,0.009104481998733743,0.005008763662940832
0.0016182514383837263,0.0013094660428316484,0.003527014900534275,0.00834568025210835
0.0034938856087981707,0.0023101642391403212,0.001367788625561858,0.010171992566868826
0.004341050783060825,0.0033036335079290992,0.00022198328758470104,0.007365169732886576
0.0030203291262402396,0.0008719181770152323,0.001651583197432667,0.008769606855934666
0.0022894893228070762,0.000744241531483351,0.005102863396776685,0.008916716753346248
0.0014120626869443766,0.0017196975990988296,0.008971350543206094,0.004998274268107365
0.0015791888032753738,0.0013230474249196203,0.0036231773946659262,0.008352017788703776
0.0033484288485552995,0.0022045946914516033,0.0014415550044695514,0.010128087287721431
0.004284831418287467,0.003228276233742355,0.0002536946358679514,0.007294669699804438
0.0030942991447817647,0.0009039736714684002,0.001579562857542951,0.00881672123418714
0.0023443689281042773,0.0006913940635979997,0.0047467387252164385,0.009069828665256883
0.0013939728488516973,0.0016181270332978647,0.00845109797600934,0.0050025693523343
0.0015416092634699334,0.0013419216960920248,0.0037032581591277783,0.008349196616695588
0.003127365030830894,0.002048349899336852,0.0015924950324506114,0.010093164805033687
0.004103821280447048,0.003038444608110529,0.0003525631867422974,0.00720370296216796
0.0031360151786864556,0.0009149598834625253,0.0015543939422664427,0.008810822933903357
0.002441523843725347,0.0006297438913924863,0.004295002229630283,0.009315188307804746
0.0013980485433654356,0.0014355427120696016,0.007558990478007593,0.00505102656861925
0.0014409226948450804,0.0013624241718142058,0.003855736646266427,0.007938835766050149
0.0027621993323398816,0.001847856772834471,0.0018019443941839498,0.0096546502882526
0.0037449644211746107,0.0027053064818837015,0.0005489502824024388,0.006997404877399431
0.0031525376416097436,0.0009349288078227485,0.0015267413233517506,0.00842629368468609
0.002541650869231136,0.0005793907219709192,0.003670044612453735,0.009043353996552067
0.0014798934953617754,0.001195089913880722,0.00625806968110367,0.005036885701395601
0.0015191732549581203,0.0013930707362495524,0.003515215027353992,0.008234780686393325
0.002496963372764853,0.0017320752312520184,0.001988506148962583,0.009942233792564642
0.003139295958158225,0.0023315783306439757,0.0008898869136015981,0.006986153480247481
0.0030054876546437067,0.000865059590264113,0.001709809156154825,0.008289209818606976
0.002704043373500871,0.0005357997406739018,0.0033030744396847942,0.009526356222531085
0.00166918242537294,0.0009635312126021701,0.005096278410174934,0.005355888186068464
0.0016283891441369195,0.0013456864626356414,0.0034645769627296413,0.007916446195456533
0.00238384888799655,0.0015689214296310593,0.0022689936711901763,0.009657868226298114
0.0028018240884297406,0.002001266436758151,0.001319365703223181,0.006791603591426727
0.0028590706244061236,0.0007757617011657316,0.0019488238737499514,0.008174951985905989
0.002777797698725264,0.0005264901938289595,0.0030749701249225317,0.009741585011778757
0.001778749062260901,0.0008949573021885634,0.004197235327067166,0.005564830767571119
0.001680670725926907,0.0013940578818488413,0.0030666348305951525,0.008043570680185363
0.0023041974822481845,0.001532365290505224,0.0023365416296587224,0.009879059661064402
0.0025444939332366855,0.0018150422159397548,0.0016884099200246163,0.006955583097819904
0.002740218542816439,0.0007196333689005862,0.0021530835684367327,0.007893299088319743
0.0028318382907037486,0.0005012969092285833,0.0029617884373549,0.00980925132332013
0.0019295534867658979,0.0008238181304022013,0.00366808886012775,0.005770253912832
0.0017850950950516807,0.00140777149334103,0.002846406371785362,0.007949719156140327
0.002251934928789614,0.0015239052139134253,0.0023597275393136318,0.009758574788135074
0.0023106578942957054,0.0017334158358022617,0.0019276807244252739,0.006883054369770374
0.0026072597921182133,0.0006806920046690876,0.002383860986764704,0.00788593830387675
0.0028223195728987864,0.0004889691716591355,0.003016690415417483,0.00992123361929355
0.002003928032728189,0.0007875053045574992,0.003462811240030285,0.005887309097956039
0.0019117031262412196,0.0014057888559064905,0.002696211813522858,0.007918723004420172
0.0023246236782538754,0.0015233483828220756,0.002323258740296345,0.009773244439041096
0.002276416082063205,0.0017081688044719105,0.001987374445121158,0.006951388180670539
0.00252191202730272,0.0006808479936993325,0.0024912063481274285,0.0077455686627778296
0.00276092597760862,0.0005044625320661414,0.003096888686838394,0.009779777967575107
0.0019651158297512112,0.0008061130283196335,0.0034458585664414497,0.005860275998605139
0.0019262261496893387,0.0014299195378641772,0.00260215923876587,0.007968961836888569
0.002372653243703815,0.0015498146468197046,0.0022595505730134456,0.009781049320480479
0.0023144108023141316,0.0017076648806046292,0.0019450757606233812,0.006930213229523458
0.0025020172423859126,0.0006618253146956497,0.0025497625779551066,0.007737205042254817
0.0027276707548749214,0.0004986294920230295,0.0032282838450303783,0.009747622565204676
0.001935704634744884,0.0007945451160454246,0.003582205871028592,0.005840260570235909
0.0019332028239711413,0.0014242880130213055,0.002608687695997074,0.007923548023624926
0.002410579933984429,0.0015852500883393535,0.0021958914182643994,0.009736323930581579
0.0023376872008129576,0.0017508494273784725,0.0018246157269501016,0.00690780599971072
0.0024753941073156036,0.0006654276688717408,0.002555840115578206,0.007741146422311188
0.0026700650992582467,0.000510046441416734,0.003366771046699092,0.009621693493863985
0.0018727681220752107,0.0008042468093524273,0.003793658845215256,0.005737271198115557
0.0019417171983679546,0.0014111118286138761,0.0026221910052614586,0.007962355898327899
0.0024924150889152332,0.0016209602484664072,0.0021262784190551214,0.00977807920157407
0.0024295548871596084,0.001803288551683711,0.00167442819449796,0.006939851387652908
0.0024667892944058778,0.0006681436098979648,0.0025257017498426498,0.007731985600349786
0.0026138755262269595,0.0005248277760479546,0.0035101276935132764,0.0095054908616669
0.0017922036636432161,0.0008264386552740661,0.00405356307350735,0.0056559355068662165
0.0019021338143536042,0.0014004707892505373,0.002666349943336697,0.00796596710713562
0.002550330819781865,0.00165979361688319,0.002060186999101981,0.009756937526365944
0.0025347127211447205,0.0018600493846514252,0.0015213780511009606,0.006920058124346378
0.002477967054415165,0.0006578159187106939,0.0024939117412077555,0.007779140494847318
0.0025721007848987726,0.0005318774658317192,0.003672567022511967,0.009419075788522684
0.0017297444863949261,0.0008442051291916918,0.004356927354807479,0.005571651819985429
0.001874399900901314,0.0013814167640745906,0.0027110259513807274,0.007985910346075365
0.0026139744610602714,0.0017064032562006041,0.001982078527471696,0.009786027235972697
0.0026344357289990305,0.0019407982011564195,0.0013542901356071253,0.006960238348490985
0.0024815746636258854,0.0006596905767448122,0.002439653924423258,0.007797660867847653
0.002522572495126811,0.0005476523105878752,0.0038296987250545254,0.009287582287248106
0.0016641910297194125,0.0008756830816249088,0.004684573654420826,0.005475843182722238
0.0018507708493260735,0.0013620892396303329,0.002750735609091652,0.008019604994683432
0.0026946345758244194,0.0017573961709753407,0.0019022022641148406,0.009809251418015513
0.002759117662097872,0.0020306757922349873,0.0011942756170755084,0.00699239209650643
0.00248900572788271,0.0006578110977168904,0.0023895617531624856,0.007841320326007891
0.002475680821737599,0.0005659331905102693,0.004007582919481294,0.009188995306863313
0.0016014021860251647,0.0009180061647353813,0.0050519971393020655,0.00540154315541394
0.0018169305818544854,0.001342878228102124,0.0028027871577204753,0.008031373047243743
0.0027775607728138976,0.001814700293261244,0.0018211552663380253,0.009813614553739042
0.002900205197373337,0.002137265907882439,0.00103684354852538,0.0070271816491472945
0.002500481401214497,0.0006578219838399485,0.0023306202835936653,0.007888952343846137
0.0024283040508169726,0.0005882407028665235,0.004191225223676615,0.00907304341560802
0.001544103891281526,0.0009742358436580716,0.0054521659716398295,0.005321238125506105
0.0017876491657346774,0.0013270852010803975,0.0028421519636263044,0.008063930390119513
0.0028704360047175533,0.0018838646411683652,0.0017304886490401117,0.009842640832501599
0.0030532863793104746,0.002265052000684027,0.0008811213516441297,0.007086293788863054
0.0025139482298568165,0.0006635014132366637,0.002260440967834906,0.007936591727853317
0.002381650411101346,0.0006160049120151427,0.004378369158901778,0.00895501465956143
0.0014943671715463619,0.0010454977309710867,0.0058891323302184394,0.00524981407505816
0.0017595024201408785,0.0013104716414639832,0.0028893274199800058,0.008083245189077388
0.0029722199158858267,0.0019573324208521704,0.0016405909093526886,0.009850410618221235
0.003224099888328571,0.002407016759229881,0.0007346874496849099,0.007140488038290429
0.0025317218031659303,0.0006704250484432897,0.002189707655080643,0.0079992551405959
0.0023374249741579035,0.0006488566963320813,0.0045743176287706576,0.008843551108153559
0.0014531564777831025,0.0011338979191518094,0.006360632601687491,0.00518681345798994
0.001732199745164261,0.0012961280833289522,0.0029357039293120587,0.008103406897222195
0.0030815662656911193,0.002036999229795446,0.0015487614367280299,0.009861688858260744
0.0034116386976634602,0.0025661854799304295,0.0005977436519885241,0.007208544373812631
0.0025558770531549273,0.000683263404080378,0.002106799752522128,0.00806233535142831
0.002294533939528758,0.0006855364601294617,0.004760209232972741,0.008725487782861585
0.0014197866296109666,0.0012395184393442274,0.006854417026258592,0.005130390209724075
0.0017040609321380504,0.0012853248969713514,0.0029811413521394783,0.008126280195541988
0.003190867753192213,0.0021187747047347184,0.0014587574786692494,0.009869082188492027
0.0035855446239661903,0.002717925435355142,0.00047280556008627334,0.007232763940280421
0.0025916275156827183,0.0006990659050825275,0.002014836373141658,0.008132884636473237
0.0022570148259639642,0.00071883519114906,0.004926334626969824,0.008613111090913242
0.001399787602979559,0.001351798508051456,0.007355673502029597,0.005084401438410864
0.001680945321886577,0.00127677199474885,0.003025569733266699,0.008150392291214116
0.0032899191457944313,0.002198107549616102,0.0013731350947503364,0.00987753401285941
0.0037447415363256182,0.0028707522052781403,0.00036774132193456927,0.007261892740870949
0.002632945417446304,0.000722382765963696,0.0019178593190792843,0.008211220946925122
0.0022240040428480336,0.0007488477786741983,0.005057319895340547,0.008516732335080643
0.001389188972319666,0.0014668486687546168,0.007835333762907787,0.005051964355949966
0.0016614276330455984,0.0012688757565164194,0.0030787446836005885,0.008166538256396957
0.0033754098914163294,0.0022601563890239183,0.001302261592317287,0.009868048429508353
0.003898969954714174,0.0030106549027978076,0.0002866435531549185,0.00728305303824354
0.002683489068043587,0.0007493537277621558,0.0018219652633524853,0.008295533959047923
0.0021983509421803315,0.0007711995989976156,0.005136578529218678,0.008447492018552135
0.0013824674326988827,0.0015766558496878584,0.008244167457043441,0.005030672772254627
0.0016363528488776912,0.00126626875902267,0.0031387173826954856,0.008181387507699934
0.00342502943570519,0.0022935428056471458,0.0012522282529292003,0.009848488464905159
0.00403315037277244,0.003122278573643909,0.00023077654435950574,0.007290899445320066
0.0027465943215330287,0.0007799106164027304,0.0017250467702561623,0.008378840282275885
0.002183794077618968,0.0007768192987519971,0.005132516659240983,0.00841418557538844
0.0013762004549928075,0.0016594497316127184,0.008517809625163745,0.005016147346380685
0.0016064548959293403,0.0012697532086946802,0.0032068141793213326,0.008195166692020986
0.003416438327562256,0.002285932515383468,0.0012335168825663575,0.009819470129964878
0.004117292367476354,0.003185206991469143,0.00020262920750144963,0.007277562617512151
0.002815825908587166,0.000812596062297674,0.0016356503661972832,0.00845739914772719
0.002185261374617246,0.0007609758199133189,0.005023711643917609,0.008434584346126092
0.0013664190710140078,0.0016909154435435622,0.008580921435619858,0.005005053340385578
0.0015749250273888096,0.0012779659530559647,0.0032850967755772087,0.008203227925347471
0.0033389961068823523,0.0022267130148257595,0.0012604994629129669,0.00978067612265738
0.004128703269359805,0.0031762062685538875,0.00020556545802684367,0.007232571651174876
0.002883535835342978,0.0008440810846802217,0.001560972058133331,0.008519910265188831
0.0022093770606160597,0.0007234336769071285,0.00479352725793739,0.008521117890642964
0.0013500122514035877,0.001652403065158438,0.008352792484403224,0.004995553564124467
0.0015404141480540297,0.001291973966880838,0.0033626445376434555,0.008207390048052002
0.0031870527146545154,0.002115192459434666,0.0013460721311805586,0.009744787750247112
0.004044807847900185,0.0030748449757219717,0.00024932593975352896,0.00715707009983107
0.0029389899769007525,0.0008662833085952393,0.0015119386984213923,0.00855038765227333
0.0022658867433247927,0.0006681823802160024,0.004448966319982926,0.008686760940309044
0.001337385759045496,0.0015334568441093864,0.007790060098854756,0.004999646093698765
0.0014325017566965109,0.0013112487860542153,0.0035627642133601897,0.007874735670186048
0.002857161432863379,0.001924324809460577,0.0014959328538517915,0.009343839118412994
0.003804633578530583,0.0028263193165564875,0.0003638379730610065,0.006991582516718067
0.0029932445689599685,0.0009071014606178991,0.0014364693125976625,0.008257424632887228
0.002329953653333798,0.0006002783344007154,0.003850879988715132,0.008445579415072745
0.0013708448834999012,0.0013064058220133136,0.0066970899934201715,0.004961216631287947
0.0014769242714364249,0.0013451958593530084,0.003303302225922712,0.008118288084406313
0.0025796778878435797,0.0018065825185469902,0.0016493416121338609,0.009591173159988985
0.0032820300226144203,0.0025030211317690937,0.0005909449946847859,0.00696726010988912
0.0028938182736318193,0.0008661726013418545,0.0015532814839204878,0.00818557918869275
0.0024737462651888346,0.0005470832227149706,0.0034612599977040955,0.008894895336561076
0.001496317188715445,0.001058977356800599,0.005619368146255479,0.005158430680390161
0.0015473558702776625,0.001295430918095221,0.0033663141383264428,0.00784182413730741
0.002432382048124812,0.0016053316207724634,0.0019501799100344246,0.009341422055160902
0.0029579458441793636,0.002141177142006113,0.0009279979753033859,0.0067435141356229755
0.00279210918920581,0.0007903901087601193,0.0017240394924554216,0.008072862460623624
0.0025645479872536793,0.0005279914650077027,0.0031390509380548612,0.009140366181038962
0.0015716414986789793,0.0009471617974532548,0.004589447920349199,0.005331358835733357
0.0015612251647888406,0.001345813793408107,0.0030187200141204855,0.007950523349396253
0.002291311679567217,0.0015452865916156676,0.0020702099361055064,0.009553572024926401
0.0026372647787885543,0.0018988024306467787,0.0012853113565637338,0.006840594046976721
0.0026911429399996503,0.0007308410852227061,0.00189686499535298,0.007813795583617706
0.002655986384016058,0.000494637247106581,0.002934618727589368,0.009294523191345359
0.001736533929522854,0.0008349095339623006,0.0038900055782677785,0.00555161540793648
0.0016564513648331478,0.0013514076382013782,0.0028076087910079636,0.007839775886420191
0.0022022701282153087,0.0015099685626657707,0.002149119312875632,0.00945229918508869
0.0023413035585573448,0.0017588948430313398,0.0015837849016259557,0.006783803523171403
0.002548488933201421,0.0006787505498754396,0.002141669642619411,0.007758879685529313
0.002857566206816831,0.0004916240632876637,0.002774267011943305,0.010066026876987622
0.0020359518652546837,0.0008025391043593755,0.0031942833745676057,0.00626002410664047
0.0016289380718832595,0.0014731705949036344,0.0025720004638753067,0.007317199814944639
0.0020794746288901635,0.0014863441926379326,0.0020505812669481265,0.008932243746676349
0.002384814233135718,0.0015726747328324785,0.0018029218450323337,0.006298179205625041
0.00291492875021818,0.0006180535662957639,0.0023758952344237177,0.007562370361405768
0.0031423597806262,0.000499157128880899,0.0028030208608218455,0.00917005938030708
0.0023370563707723765,0.0008869565931078013,0.0029205195987049492,0.005453799606990124
0.0019181086684144065,0.001582892807093667,0.0018067036881345008,0.008629847826981778
0.002180372555400476,0.0016820227932486944,0.001636524872759105,0.010667311896690209
0.002039653894289194,0.001773138111792219,0.0015612479868525385,0.007275716315542008
0.0026635676381944608,0.0007977519473084359,0.00250211406983918,0.006734987467535753
0.0029745478370693424,0.0005662205573246308,0.0029825730602770846,0.00886365415647584
0.0022715708484626965,0.0008779496942656587,0.003103924499093998,0.005628480395112843
0.001970983486207714,0.0016251315585562203,0.002010924896078354,0.007764687259390694
0.0022082483554298643,0.0017641975408219466,0.0017449242743492667,0.009336116188147723
0.0020741698772813667,0.0018558895642138739,0.0017453523824856113,0.006286414495907422
0.002571450210345856,0.0007365566149710844,0.0027970024296699965,0.00757162434784215
0.002821723942030128,0.0005615818401261912,0.003426900278426794,0.009455922436166608
0.0020351945664079324,0.0008818041192109132,0.003581554083415353,0.005701699763491816
0.0018816423084477942,0.001623019373390127,0.0020955564626229032,0.007850255307956524
0.002373071761603603,0.0018252759170702625,0.0016444809882710154,0.009761999460651599
0.00232631336766338,0.0019445115864465186,0.0014003966071174465,0.006747316449975639
0.0026042371159849427,0.0007840569334986659,0.0025068208112627747,0.007022644415405307
0.0027217762885609516,0.0005927684164668839,0.003398909528951401,0.00863161990308154
0.0018842200536073478,0.0009511242041660623,0.0037781051879318883,0.005360078254937163
0.001764020533347313,0.0016207350767167177,0.001992100910560717,0.00828270265860356
0.0023560463050797593,0.0018585491928724508,0.001498820150708923,0.009963017831933638
0.00242714736108778,0.001960373325507919,0.001227139329839456,0.006756618777658853
0.0026883627807827927,0.0006737819073844253,0.0025283037530538332,0.007347103560377012
0.0027949473935568758,0.0005140275081999133,0.0036863217096119185,0.009053818173795143
0.0019432337123259965,0.0008111660985813345,0.004220101136103147,0.00553003417917799
0.0017857911343206452,0.0014396520845660345,0.002263493462203001,0.00788242870851765
0.0024214790307236895,0.0017976699647923014,0.0015084868775325146,0.00961954592453839
0.0025384181022067003,0.002015915522333674,0.0010960686591441895,0.006773595069244786
0.002653797784470909,0.0006798316979169551,0.002440464541894289,0.007413284959049032
0.0026857686750822543,0.0005568034910860805,0.003783371715341653,0.008768788961902928
0.0017792077802369678,0.0008877441131278617,0.004459814475321898,0.005336910477082278
0.0017527879233777428,0.0014420892458953387,0.0021936339362579067,0.008220216097555601
0.0025699712746209613,0.0018550420907274651,0.001441597442532784,0.009943876364047782
0.0027539160221605,0.0021053781084608486,0.0009514576134668608,0.006999060047756867
0.002653299515971721,0.0006783163519096037,0.0022947819742737464,0.007356643666073364
0.0026046455146267002,0.0005601343128024325,0.0038778307101087965,0.008687235041007237
0.0016660233716289802,0.0009198206664269301,0.004797544548575471,0.005340842372470669
0.0016300712556836137,0.0014134857724100104,0.002377595801834202,0.008054928527031043
0.002549192836056111,0.001883607662555056,0.001463362720901611,0.00965852452124007
0.0028175716436193484,0.0021705512080476067,0.0008835362606483887,0.006837604480638975
0.002631227216409008,0.0006406045629344317,0.0023110307771014695,0.007571008955960304
0.0025531254701872085,0.0005583787427125204,0.004099437701337196,0.008723781865551939
0.0016322474217046006,0.0009252052438346784,0.005179198336467488,0.00530510922299595
0.0016786640006678207,0.0013615980755148545,0.002439116423914805,0.008060676650571714
0.002678604691961897,0.0019373712262246811,0.0014042396486453651,0.009747042924798392
0.002924338361074223,0.0022951466075513027,0.0007393282176792475,0.007014203862354078
0.0026031474475356393,0.000683219863277732,0.002162728384145097,0.00752854284899483
0.0024717935813701373,0.0006132745411354549,0.004161381424935665,0.008486024306142804
0.0015403700868995439,0.0010240060097414492,0.005472979332491918,0.0052092180003719185
0.0016547540290857896,0.0013443864765186376,0.0024596523299432464,0.008133140563406662
0.0028101687436715666,0.0019713965332536754,0.001355178681369613,0.00972723814416018
0.0031430389429177234,0.002358885935847825,0.0006344414273824345,0.006997639419772013
0.002628527290722447,0.0006511304083409157,0.0021243020646881713,0.0076314643832058136
0.0024440783630446535,0.000637369027361431,0.004362733012968298,0.008490661220760146
0.0015078550512565084,0.0010970281504295311,0.005875813042670734,0.005198313526539473
0.0016079853189334972,0.0013126754800305406,0.002567718807313131,0.008062942191315968
0.0028775132034164954,0.0020152121751949525,0.0013127539764874248,0.009658489615429467
0.0032793237957071636,0.0024759338884569513,0.0005315831291854481,0.007042824228325606
0.002629239238293737,0.000660488021168186,0.002038333641054404,0.007691052773388024
0.0023832556353455886,0.0006715783499273953,0.004498751129884615,0.008345693542129204
0.001459501257947566,0.0011816336302725725,0.006267762788435726,0.0051346818937095555
0.001620160501234426,0.0013032472329786754,0.002576785791254388,0.008124784318752652
0.003002039853931982,0.0021023359581770753,0.0012427087046779845,0.009713035649666062
0.003425698848490529,0.002627024804414924,0.00043149398915796726,0.00713829652474274
0.0026224112226921445,0.0006832306112313227,0.0019497763163824544,0.007750802346555709
0.0023239662864750358,0.0007157952361830323,0.0046509218131050275,0.008253116939110378
0.0014167507399527903,0.0012902284162272309,0.006722004023017615,0.005109405307952171
0.0015973751825171254,0.0012794874495081065,0.002673250494030561,0.008080796379136142
0.0031181046887890466,0.0021570966204658335,0.0012013352420348958,0.009621706153061562
0.0035982950630974423,0.0027405108330288133,0.0003466409250685202,0.0071057732690141566
0.002641749769229009,0.000683197632329063,0.0018886132332626856,0.007840410102728262
0.002282132860924897,0.0007529034728209376,0.0048220214353161765,0.008166062773595559
0.0013940848630578581,0.0014042206210962355,0.007172403505389128,0.005080813008816654
0.001582737633054979,0.0012706985483109021,0.0027052795173476804,0.008112777153673877
0.0032198771160072102,0.0022308881389232413,0.001130352508008027,0.00965398719688149
0.0037457281609205163,0.00287903156642894,0.000264956328037697,0.0071660545403074635
0.0026750933260412837,0.0007081766398818087,0.00178000493264728,0.007903103625632962
0.002243338401639769,0.0007838159285582751,0.004916059623290734,0.008056915978367291
0.0013801647926946986,0.0015198570592965311,0.007604514865309235,0.005058760945573747
0.001569870876821625,0.001257468731563763,0.00276211463471469,0.008124423892405308
0.003304506129509851,0.002278931792292865,0.001079472322633629,0.00962493149404391
0.0038875274884839633,0.0029939450188813718,0.00020687651343488178,0.007180232876736839
0.0027103199245199013,0.0007219403282404234,0.0017096792631465453,0.007994184387282893
0.0022160829605434966,0.0008069527511966478,0.005013778210048456,0.008009549624206563
0.0013766352840662152,0.001624304659454953,0.008001689730341906,0.0050527898747709885
0.0015544006771070625,0.0012463626107563999,0.0028376157478845424,0.008116003850408688
0.003359957872492596,0.002305423949329393,0.001045545121518583,0.0095873196699346
0.004011526150673101,0.003097383305482483,0.0001662907160456958,0.007194651181531902
0.0027571112472909317,0.0007512270803800286,0.0016201686407318174,0.008072275774238342
0.002189451381290329,0.0008149446091137568,0.00501011712307773,0.007960752160810353
0.0013623781298378326,0.0017102792595846707,0.008266684359236137,0.005041676571845172
0.0015302670660234925,0.0012503640587369588,0.0028933978377191365,0.008135132071151078
0.0033629500808809464,0.0023039941736718505,0.0010292041943536201,0.009563324788946337
0.004095809091459857,0.003160193919057376,0.00014544600246152093,0.0071887803696594615
0.00281380517438116,0.0007780010698987142,0.0015424836881801475,0.008149785974462346
0.0021825712020868975,0.0007992052734576054,0.004931167401899537,0.007975445613833015
0.001355232365125113,0.0017461961262026234,0.0083747056727369,0.005032165115187387
0.001503001255277001,0.0012523860168105016,0.0029845315314172677,0.008125681155926951
0.0032962137204760535,0.0022468208295081983,0.0010548072268042896,0.009508619839578104
0.004112139300881587,0.003157648083128454,0.00014739737241868336,0.00714991499732665
0.0028704355357568024,0.0008049144934122838,0.0014778959269042997,0.008216088869809282
0.002194984792939411,0.000762035447375906,0.004737875896016564,0.0080386224401712
0.0013405910866091768,0.0017177661684133739,0.008216618434399442,0.005011280809365967
0.0013988872222373808,0.0012625791259745969,0.0032149007550560586,0.007853965261003914
0.0030339882117979083,0.0020808517202911313,0.0011313087808623012,0.009134729323422885
0.0039952590646770755,0.003008059120271912,0.0001896850254054295,0.007016140220974206
0.0029614020233100953,0.0008656768257514453,0.0013477958258275788,0.008016387640948955
0.002211464986889858,0.0006732951039395004,0.004190422706119584,0.007782277183555101
0.001337957208525079,0.0015326226707848935,0.007436570179056654,0.004950589934410243
0.0014176628874720246,0.0013008703109532573,0.0030282783541426394,0.008063440844399106
0.0027553555986319367,0.0019729542917179795,0.0012249262997502425,0.0093443932348229
0.003610429636545519,0.002796620633939728,0.00030312757952514574,0.007058207228153283
0.002906296486283357,0.000858007568993988,0.0014034501221806893,0.008031331060152355
0.0023199445674488076,0.0006073533516509367,0.0038188632340435125,0.008164232322170478
0.001402700209655777,0.001293320597514311,0.0065762983853649955,0.00500157574676887
0.001451748397592514,0.0012479087719658758,0.003249974118433685,0.007821872323933063
0.0025728483157388686,0.0017192525122135091,0.0015271625832917017,0.00908460218862095
0.0033434200530799486,0.00243575741623012,0.0005040293854512542,0.00678377852097454
0.0028692098727206017,0.0008155939742192683,0.0014759091564287609,0.007964424614730306
0.002415716594184022,0.0005619310361112133,0.0033652218335151265,0.00842081293432584
0.0014154179140306773,0.0011207865355243865,0.005409779621854197,0.005072956259326158
0.0014075392628667884,0.0013073892804416605,0.0029969935516163627,0.007929367994711386
0.0023250766529657467,0.0016147603262870662,0.0017109388024888882,0.009295429987334116
0.0029321456378834806,0.0021179501372326458,0.0008028098758346708,0.0067790567985106616
0.0028053278822612986,0.0007661542628078797,0.0015804895558833676,0.007756141466320525
0.002554020586968323,0.0005020320135901885,0.002999983727045702,0.008688816053623798
0.001580068113749107,0.0009144141465072069,0.004443461359568952,0.005259617855696751
0.0014809777345491885,0.001298350799689809,0.0028550848184116656,0.007784103519110716
0.002153179793733752,0.0015231001098909565,0.0018984564153957954,0.009204582220666583
0.00250693318479014,0.0018677018030034207,0.0011626174472521428,0.006704024775212901
0.002644103421168893,0.0006982036101845587,0.001826437857836512,0.007654975158927485
0.0026222653321029883,0.00048099446072226865,0.00285694994991649,0.008911904879870987
0.0017309926829893081,0.000811984157954709,0.0037603497695553097,0.005443638153049652
0.0016180876944155318,0.0012980735130797704,0.0026082460941778325,0.0077456991263794945
0.0021530538006230442,0.001476177550762024,0.0019579770548235702,0.009254699315054122
0.0023175180980721096,0.0017214767909065022,0.0014233205228699202,0.006773611095430879
0.002525890258986471,0.0006673986420235487,0.0020125421894620745,0.007446068646661541
0.00262761929511913,0.0004836022586983617,0.00281252686293834,0.008910058671349695
0.0017957155773408208,0.0007929371530776963,0.003389273840805557,0.0055490604234022375
0.0016785268257942234,0.0013309910382837606,0.002414396439378435,0.0077445369735135465
0.0021515573176325176,0.00147523735816261,0.0019489298238122834,0.009239450161377515
0.0022267869267013976,0.0016499501635056754,0.0015618464184340313,0.006753381353320309
0.0024620553467967743,0.0006321720162025668,0.0021726045527299554,0.007373104111857383
0.002626404555850049,0.00047099456887587216,0.002884360095076175,0.008930327658682244
0.0018426499557755644,0.0007632265349897965,0.0032974585978608455,0.005601081456418112
0.0017486215570165558,0.0013375023978349616,0.0023303444206045445,0.007694688398791239
0.002183122122586763,0.0014988826039785941,0.0019077866224768184,0.009207095974061889
0.0021761470365956144,0.0016577437112092522,0.001562418105051977,0.006755009140776684
0.002393812004376484,0.0006368269219005024,0.0022517533136177845,0.007311549611808367
0.0025711132649208607,0.0004849564106069533,0.002991412673321909,0.008818254590475803
0.001810055253263782,0.0007694699963517763,0.0033705890891959876,0.005551356797194078
0.0017903441593685263,0.0013392109980727097,0.002293962844891867,0.007710909697502971
0.002262806381244089,0.0015296988365988355,0.001853678187655546,0.009211514681019523
0.0022325406983298678,0.0016859623769168754,0.0014844523502184227,0.00675664412836475
0.002366449977572376,0.000636629713537414,0.0022707774732208296,0.0072890377204501864
0.002517518797776572,0.0004990226516891624,0.003123154426646613,0.008728232292672129
0.001744843951990182,0.0007857238152014778,0.003552448228331676,0.005499581492626526
0.0017695860452319426,0.0013364187977384446,0.002315021987182452,0.007699103261206155
0.002316878334082841,0.0015657007269258378,0.0017974245199589016,0.009176152865599271
0.0023123097020970075,0.0017285323585794511,0.0013669345653207622,0.006729470848126115
0.0023672850640171993,0.0006281744399188033,0.002256840616968311,0.007312237025998067
0.002476743668823793,0.0005071671874909939,0.003264359451907955,0.008632373189440068
0.0016895718974617366,0.0007995120479357177,0.003793072433079407,0.0054223643942073125
0.0017560428797413353,0.0013209218378921214,0.0023418431155924745,0.007722976414910443
0.002378629882011627,0.0016068300316400643,0.0017277687548127613,0.009201262248237809
0.0023940605835182454,0.0017931170665268692,0.0012243129919100029,0.006759143234258812
0.002365224977718759,0.000629131796356549,0.0022137255134873886,0.007325081537314227
0.0024302589474783894,0.0005221592375258181,0.003400998210559689,0.008515879804498177
0.0016279745830966785,0.0008239507729611143,0.00406477678129839,0.005345539830015197
0.0017377396599792124,0.0013009854594773927,0.0023792207558459787,0.007744491642985306
0.002451094247263323,0.0016475102206005795,0.0016627428577626136,0.009203980573276297
0.0024999622545317543,0.0018625274634199705,0.0010888037913210024,0.006774223588017911
0.0023687507492952038,0.0006238523090596536,0.002173502493413156,0.007367824244105699
0.00238639829598113,0.0005375598972670502,0.0035541500589587795,0.008429899077516291
0.0015664504451307403,0.0008565545298227123,0.004367897402025403,0.005284908244581435
0.0017081506771532524,0.001281895038500294,0.002422595390077003,0.007760659261879586
0.0025221334902856274,0.001694432175938999,0.0015956510478895582,0.009209559747036746
0.0026152445009236685,0.001946747014710847,0.0009551688349223829,0.006806298031517483
0.0023744089077198283,0.0006209790415413561,0.002121660341069242,0.007407478266338767
0.002342069544277589,0.0005553934501213498,0.0037051547876171317,0.00832738666603812
0.0015100333093880953,0.0008985478963016057,0.004689693529764619,0.0052233550680733775
0.0016830401536883065,0.001264716057744242,0.0024555630854228776,0.007792060582542781
0.0025991903879539692,0.001749488203324395,0.0015219621979151595,0.009229592674941124
0.002735598828282801,0.0020448741080620093,0.0008255070633880386,0.006853073383585181
0.0023797972655097647,0.0006206867571857356,0.0020673360938119924,0.007453129064045587
0.00229969855257557,0.0005773973263907065,0.003862991706190844,0.008233284885874338
0.0014610616685963062,0.0009505765133553589,0.005036576719506443,0.005173116502824839
0.0016608755984161819,0.0012458146378467004,0.0024941724937599863,0.007809847716644384
0.002685197420982522,0.001807054868867881,0.0014492133625117597,0.009232844017603794
0.0028701174891942547,0.002152820491685677,0.0007036367545101722,0.006898378781015488
0.002387405566224189,0.0006217361120468215,0.002012623498475652,0.007505579572351271
0.0022583464226452504,0.0006047650856380311,0.004025965967861056,0.008139069764665767
0.001416723093854882,0.0010172215053431979,0.005402710699447949,0.00512861144662774
0.0016392942239736952,0.0012307455800044463,0.0025257985947697782,0.007833908847212618
0.00277836204246538,0.0018714241156017242,0.0013730172339543106,0.009243822303770119
0.0030181561211745614,0.0022742128581244203,0.0005886038790300254,0.00695499001803121
0.0023989978260843146,0.0006266291734828847,0.001950187838007104,0.0075570461424902076
0.002218227451576422,0.0006358318240633772,0.004185425783238228,0.008042161337792572
0.0013786485521101784,0.0010969896912909546,0.005787395299813539,0.005091353646315752
0.0016176113475704355,0.0012181751953697863,0.0025582659879437282,0.007854355261862709
0.0028730720185793576,0.0019392370792591944,0.0012981101925810062,0.009246711451339016
0.00317317205211911,0.0024051212670560857,0.00048459111629331096,0.007011984759893758
0.002413584757636691,0.0006336141993724167,0.0018883216806224823,0.007615142662780286
0.002180738601691611,0.0006693671699956939,0.004344881572784328,0.007951932434244524
0.0013491140985543912,0.0011872016382360525,0.00618852549244463,0.005063263064244672
0.0015990637646497387,0.0012069723072887057,0.0025926002164830967,0.00786987582796083
0.00296982751508618,0.002008089418833479,0.001225716670872218,0.009244776878076047
0.0033167384839972417,0.0025307451469151216,0.0003902624490664126,0.007037044832010113
0.002434901270942867,0.0006448374835785702,0.0018185280878509984,0.007673788932667951
0.0021454141131812716,0.0007019625547166397,0.004485484559706859,0.00785887194363407
0.0013268226011267064,0.0012846052635665673,0.00658784375813075,0.00504150382453508
0.001583860191261336,0.0011996935962479936,0.002620228936687839,0.007892354788079443
0.0030608382945986248,0.0020759994179650404,0.0011556038719504219,0.009247754587468755
0.003450856630631681,0.0026545871311206364,0.0003104319044263306,0.007059355826973113
0.002461400977238652,0.0006600376658319113,0.001746722390605937,0.007736596303640192
0.0021145798364595454,0.0007312657470196953,0.004604159199511768,0.007780110181658662
0.001313045589779259,0.0013833580584475139,0.006974634267348894,0.005029841093374682
0.001570223778866439,0.0011923360049716208,0.0026575969891563843,0.007904360799149215
0.0031395426519681326,0.002130480875263916,0.0010970104638358662,0.009234235322299514
0.0035790647747961286,0.002769062158907369,0.0002483004732617859,0.007075726055730031
0.002493405267683065,0.0006775177881904191,0.0016778042766942506,0.007802903984943594
0.0020886117177649297,0.000754676015043369,0.004689318965490118,0.007718892962882173
0.001303169784809079,0.0014777698254212464,0.007314988511039805,0.005024374542875115
0.0015549526672735887,0.001188985425166537,0.002696454834803034,0.007916950324786306
0.003195248239881591,0.0021668308723972025,0.0010515400773002186,0.009217704214750162
0.0036933083026131496,0.002866280585564829,0.0002036421614103101,0.007085694491325812
0.0025333024027666684,0.0006984962268560415,0.0016075908976326272,0.007867546743245954
0.0020692418983732073,0.0007660135295293194,0.004718498039426757,0.007680730997442304
0.0012946532663815691,0.001555175287635682,0.007571095151651629,0.005021411010200359
0.0015354058572419826,0.001189828725452205,0.0027419848018926567,0.007927107513350195
0.0032112647755417824,0.0021747048368503225,0.0010270078307434486,0.009192471640410961
0.0037763226718735532,0.0029316028607869115,0.00017797542886937808,0.0070794422981767914
0.0025784623932891115,0.0007203834153738433,0.001543363873681375,0.00793011859837822
0.0020603282819842642,0.0007605039764876958,0.0046800036484904994,0.007678914271897137
0.0012863366204954095,0.001598559960302461,0.007697947554314211,0.005016765852374291
0.0015136765595479675,0.001194094508633997,0.002795109578221195,0.00793300312563887
0.0031780163110690196,0.002146784573737118,0.0010310775012708096,0.009162021811808667
0.003811426943949812,0.0029513903884317186,0.00017203714476099585,0.007052943068761974
0.0026251955060747206,0.0007433903375224689,0.0014862235182903465,0.00798435155494735
0.002065003159983847,0.00073621700260308,0.004554533040249008,0.0077198024654538235
0.0012745746975980677,0.0015942810475483742,0.007639715400917726,0.005005640106221056
0.001488230925657542,0.0012027000669259447,0.002850777494845922,0.007937362942634587
0.0030880816397375823,0.0020789348882802334,0.0010722646784901428,0.009132882039028406
0.003783746170149186,0.0029097832567464245,0.00018922871708100026,0.0070010979663540735
0.0026690811022146693,0.0007627651246272149,0.0014425918083938684,0.008022521751552268
0.0020903056748381543,0.0006930371347706794,0.004338760250106917,0.00781617329194072
0.001263012845266077,0.0015300349339521012,0.007354708514709374,0.004990034435212829
0.0014597145914356147,0.0012141659226362048,0.0029045701902605907,0.007934822309774622
0.0029403009118380238,0.001973397402069822,0.0011589537025706205,0.009110867594608303
0.003676181137128356,0.0027965472021688935,0.00023928325333794418,0.006931402771625935
0.0026998723934598527,0.0007733802223716487,0.0014219538903725724,0.008033065375940987
0.002141087882717768,0.0006369439497130873,0.004044909160545449,0.007971849135603946
0.0012608621841804087,0.0014053462087417784,0.006829841235301511,0.0049820749888209795
0.0013689093941697556,0.0012279041133761211,0.0030656019526637047,0.007665432227398393
0.0026472463689679784,0.0018013688438475164,0.0012964577691042538,0.008787422517246369
0.0034478256065180427,0.002563282282892232,0.000351147678400926,0.006799427111482341
0.002729496971340391,0.0008008306649813359,0.0013728326693321835,0.007773122349250086
0.002188784184577833,0.0005696201558788881,0.0035404572961254387,0.007786233644539163
0.0013034154202600518,0.0012003115505625486,0.005900966477764386,0.004959699332961214
0.0014086857685722603,0.0012566250776696731,0.002831589427902778,0.007836677477184497
0.0024119605822457827,0.0017132483766259196,0.0014134509500611917,0.008999306248531043
0.002985569578303758,0.00229647116270786,0.0005400968377923317,0.006763798142885328
0.0026318449200026495,0.0007690023814746651,0.0014889416635381334,0.007705761404059368
0.0022955063282169836,0.000520388356496557,0.0032531020024917636,0.00814053772057643
0.0014124358805545556,0.0009911507276351092,0.005082034527490364,0.005080639491513269
0.0014766431944776507,0.0012105820247682666,0.00288225620620358,0.007607932103159863
0.0023042158904260737,0.0015483349198791322,0.0016464455749037616,0.008804217022445373
0.0027321351667267853,0.0020087570080713625,0.0007976922418346211,0.0065889012533779405
0.0025470968375388074,0.0007119996073159969,0.0016377257388053676,0.007603049038301254
0.002354374813913959,0.0005023028831397153,0.0030124278797783698,0.008323597335560406
0.0014596667364230815,0.0009016166801766746,0.004288674149659361,0.005197669095968372
0.0014839335707914425,0.0012576558853606631,0.002613234575953276,0.007694794761950977
0.002193455496632866,0.0015038415081319906,0.0017230181138521035,0.008981098753102119
0.002490950523559997,0.00182181462136997,0.00103964599005519,0.006654765829714107
0.0024770751729339723,0.0006694127316301937,0.0017654749423629433,0.007400300984155739
0.0024215796330304923,0.00047080248664419725,0.0028606799831674655,0.00843167728829736
0.0015776191571687222,0.0008045703109358354,0.003771344349891238,0.005336537087206486
0.0015539808489677387,0.0012616590508886922,0.0024708331538232974,0.007607680374220707
0.0021207593299753373,0.0014741788196731317,0.0017809924431059722,0.008909266827108533
0.002260460138377051,0.0017081286632996732,0.001240577230078796,0.006611771367167301
0.0023686467169351647,0.000631356701871112,0.0019549865994056767,0.007347350485156438
0.0024337688012287715,0.0004606646378465536,0.0028673095895991045,0.00852653591684966
0.0016501091680932924,0.000757814309175287,0.0035032674733647914,0.005428196628212423
0.0016556103866789311,0.0012627523935218854,0.0023303904415252472,0.00758307129939024
0.0021670019902399096,0.0014686567835717741,0.0017679390107693048,0.008933393109994567
0.0022010432787057345,0.0016633944943857865,0.001316956946084912,0.006660291314058303
0.002296100999413486,0.0006267107983322577,0.002049443134036065,0.007223042128203769
0.002399811861781949,0.0004738773902574663,0.0029048222969284723,0.008448593277036166
0.0016376455036928386,0.0007660472290511674,0.0034159459432662248,0.005440567709002742
0.0016747456342494612,0.0012848278529370592,0.002235968521922852,0.007604703611116562
0.002198536180955166,0.0014892334413035366,0.0017266658553129507,0.008928660328500537
0.0022079080031243907,0.0016523642554020553,0.0013148753929923254,0.0066416903217288836
0.0022732560009646485,0.00060722029666833,0.0021148705770159103,0.00720004603921043
0.0023831694081775157,0.0004712813025307713,0.0030072315014631297,0.008424939330306847
0.0016306133120202431,0.0007571889686596823,0.003490572083242549,0.005433576983453576
0.001691574087824169,0.0012826049284748516,0.0022193061504118244,0.007574178323819349
0.0022332981874578746,0.0015215555600817672,0.0016762056601769336,0.008903815765665301
0.0022173639571758112,0.0016878945098433196,0.0012449371831109283,0.006642256392978947
0.002243235552213757,0.0006106690481868127,0.002127898098691774,0.007187114203197354
0.0023391846967846575,0.0004856295963194092,0.003115947176550126,0.008320293462661851
0.0015893880473104008,0.0007710718881793373,0.0036428379771830553,0.005372822802135984
0.0017065343235776887,0.0012757434126281831,0.0022099921386393496,0.0076023092415723305
0.002306664725213142,0.0015583463390703937,0.0016158971446428609,0.008924171090450572
0.002290525790981586,0.001737177511733508,0.0011422863245053607,0.006661826582069935
0.002232713564450619,0.0006114640524578647,0.002108806443262151,0.007188930515437108
0.002296761246194087,0.0005017309312032016,0.003236812766700641,0.00823531837505491
0.0015321151705280742,0.0007959966313454126,0.0038538100508996014,0.00532373969411362
0.00168017056617643,0.0012662596561549759,0.0022362324056008605,0.007604453133191738
0.002361463917886672,0.0015950176763145172,0.0015605686493904776,0.008903768022978185
0.0023794581242151647,0.00179190070565076,0.00103333667893855,0.006657300916151296
0.0022390812483776366,0.0006030827916651445,0.002081943142479793,0.007223113903001945
0.0022644269687814578,0.0005126017036398637,0.003368838258827891,0.00815624649253277
0.0014867404511349901,0.000820075653582628,0.004099473942637479,0.005268566356544834
0.001661999202553506,0.0012516536164496484,0.0022581463973061237,0.007629798584424041
0.0024203968925145033,0.0016395931193296939,0.0014945848723478252,0.0089273857594779
0.002463794682761477,0.0018667151259579096,0.0009147363047195883,0.006697307781539684
0.0022392426957178187,0.0006044662747749961,0.0020348819983005313,0.007246967276686106
0.0022259182496905876,0.000529743293085958,0.0034934439033034036,0.008057690884667772
0.0014391998836787827,0.0008540346743109484,0.0043642660176131534,0.00521527498759117
0.001646097526905333,0.0012346613574197713,0.0022839930940452276,0.007654160010593885
0.0024915369964491063,0.0016848234940453296,0.0014320567032529105,0.008933470948053262
0.0025671207973215738,0.0019459904567555083,0.0008043633941942069,0.006726378439269825
0.0022422987945369,0.0006016736091713874,0.001994612929917333,0.007290304378404158
0.002189774526042651,0.0005489735427903592,0.0036337649229535073,0.007982561639292144
0.0013934258754991484,0.000897057397938632,0.0046535262616145216,0.005175320329320017
0.0016226475158922584,0.0012184824832429117,0.0023156555884495645,0.0076701138077030755
0.002563473573762592,0.0017339602636751354,0.0013694136386929545,0.008936083284112746
0.0026811957097618087,0.002036201781836361,0.0006979741300073395,0.006764411682022259
0.002248534095432037,0.0006011833934427655,0.0019453574390227016,0.007331508282869143
0.0021536031525515803,0.0005707963147820964,0.0037697740540913235,0.007894826773206003
0.001352065596823861,0.0009497608912494154,0.004954495808625995,0.005136620265832863
0.001602719352359447,0.0012055015036619625,0.0023370313139401792,0.007698776946812852
0.0026395942118024973,0.001790037802837759,0.001302062182287532,0.008950816967716511
0.0027991564144286807,0.0021373623514733364,0.0005967705231196307,0.006813703191038368
0.0022552138609246665,0.0006034372240884769,0.0018937812498662425,0.007376257753134362
0.0021192145234359967,0.0005959261762133985,0.003908398548827302,0.007813307898423232
0.0013175784764829985,0.0010111268954721277,0.005274130342579543,0.00510680218206562
0.0015855917103383048,0.001191109796068158,0.0023654099750436224,0.007714771544962531
0.002721315823950635,0.001846384887949343,0.001238104567219666,0.008949234546590036
0.002926524730018664,0.0022446952786113325,0.0005044391904857676,0.006859852192222448
0.0022635099233700813,0.0006070138175390831,0.0018435603522034562,0.007426104483030406
0.002085621931249769,0.0006248838470642319,0.00404813877213563,0.0077336329208329835
0.0012870246660318819,0.0010837339646829751,0.00560386623288321,0.005082938939033284
0.0015693848651756011,0.0011801234068470172,0.0023891330560204763,0.00773437817829834
0.002806718170842595,0.0019061644092321411,0.001173731689985392,0.008952133956554385
0.0030616767797501374,0.002359552039243764,0.00041984002497632243,0.006910861859139783
0.0022756105487214615,0.0006140235773092633,0.0017874613437386965,0.0074748548805740585
0.002053176318131426,0.0006552816736719071,0.004178823270369501,0.007653567488305564
0.0012614642729463432,0.0011650714693505673,0.005939428191034743,0.00506547385257702
0.0015528927153154457,0.0011713787306830686,0.0024140754794627585,0.0077515626580806855
0.0028890886635870097,0.001965051539636861,0.0011127638624602787,0.008948482258051846
0.0031801239604633182,0.002463049076490397,0.0003442399778901731,0.0069210810454845865
0.0022941755597926587,0.0006221973863197599,0.0017288722952248444,0.0075271892143228426
0.0020245584808164844,0.0006823844737469391,0.0042960966093989654,0.007578835991748645
0.0012444431792144326,0.001247462547853739,0.0062714249981390404,0.005054597554775985
0.0015415866467262693,0.0011643504483587817,0.002436931424749167,0.007769434531650432
0.0029642986124097073,0.0020215141691380992,0.0010551630440529655,0.008947508087548392
0.003289213279549403,0.00256749443759171,0.00028137488959078887,0.006940878923341912
0.0023135700107084563,0.0006354207334779581,0.0016692705989920379,0.007581732802189251
0.001997730562405355,0.0007077533308298938,0.004391988920412659,0.00751381956605945
0.0012319293803792891,0.0013305493040196759,0.006585277591014358,0.005050110498844339
0.00153226785090836,0.001157736165710084,0.0024658169377438687,0.007780772991374957
0.0030317018988074997,0.0020655807359186915,0.0010078719344408468,0.008933482080210746
0.003396623828104269,0.002661326653394069,0.00023240384068280544,0.006951940671100094
0.0023383257827266227,0.0006492737118701407,0.0016129135657797415,0.007637603954274347
0.001975401868931988,0.0007275525085417227,0.0044605431139675186,0.007465282331145902
0.001221863960729954,0.0014090344969908198,0.0068569020019530365,0.005049368484575349
0.0015187389188300862,0.0011548791274425731,0.002497304306226965,0.007791458661742516
0.0030761165208315296,0.002093402017006434,0.0009721064711002051,0.008917062838579274
0.003489994863689538,0.0027391355727863784,0.00019740440708171096,0.006957245199519807
0.0023694870672005385,0.0006652329507363481,0.0015560959391521286,0.007691571393737627
0.0019589430566105182,0.0007361730542107943,0.004483356751338607,0.007435943412974615
0.0012139041279294101,0.0014706299047843306,0.0070579925567744095,0.0050492211630688575
0.001503450257854445,0.0011551453908234077,0.0025326271011145637,0.0078004176011776186
0.003088001359006755,0.0020988288952746453,0.0009528982066955618,0.008896704918599483
0.0035543978299379902,0.0027910067947489207,0.00017760289254237422,0.006952350859396128
0.0024029705003316103,0.0006823652617832374,0.0015049264087574025,0.007743156339446475
0.001950385486660802,0.0007315217662901112,0.004452915136380945,0.0074355340802347795
0.0012064539106197997,0.0015045109983569136,0.0071570969866170345,0.0050462501590148754
0.0014871307533999166,0.0011575843688613329,0.002573930285617624,0.007804704444721419
0.0030627429906294247,0.0020756709825848255,0.0009565159475699313,0.008871626996411931
0.0035822103348133465,0.0028060923483583396,0.00017337884950425082,0.006930546797446112
0.002437401063333206,0.0006996153466299806,0.0014605037178116894,0.007787543703888988
0.001952259140127694,0.0007119586588035217,0.004356610694672275,0.007468935028336314
0.0011968634607936032,0.001501742980097052,0.007115043105214414,0.005036964342422725
0.0014669206537850316,0.0011637040725956996,0.002616015345019592,0.00780784793871174
0.0029929583772033137,0.002021770484680224,0.000987793940201205,0.008849538776745599
0.00356172523985091,0.00277398910187074,0.00018702890468500052,0.006890466725942596
0.0024702867213814424,0.0007140091401719907,0.001426408245601548,0.007819070666983058
0.0019696019487916694,0.0006766676949165335,0.004190918892017957,0.00754443583025372
0.0011882995637876343,0.0014528492741359685,0.006904428227177218,0.005022577765651388
0.0013720620768302115,0.0011678768784549342,0.0027847167171315686,0.0075762499055068155
0.0027612137381997355,0.0018788731814006541,0.0010624015075173063,0.00855104685284178
0.0034370372793788915,0.002623486592550879,0.00023948936992272546,0.006782413070877376
0.002524105418636341,0.0007515099740360099,0.00133947728665297,0.007628889036390968
0.0019787066292555515,0.0006053315500780926,0.0037618654944919757,0.007341161415003716
0.001202101295918196,0.0012974838634430233,0.00625686985187485,0.004993710561356715
0.0013989126532061712,0.0012023490335666632,0.002602151031310562,0.007740577564734551
0.0025525182819651536,0.0018156052808920554,0.001123134311393247,0.008736628240258079
0.0031068591149124494,0.0024625618653353865,0.00034333268354726557,0.00681879147457979
0.002456993514950509,0.0007444723721228893,0.0014077277531703914,0.007623914294006917
0.0020498214947125668,0.0005578289490088821,0.003524856242261571,0.007627451665112502
0.001259754061203543,0.0011205244434704558,0.005674306911105896,0.005026904110283726
0.0014381101866721788,0.0011525041622560714,0.0027435912408297694,0.00754584515408673
0.002447819569453466,0.0016318063671385444,0.0013309651407487372,0.008536445823505599
0.002932841254364283,0.0022019158697176504,0.000493972203137884,0.006611228014090728
0.002424358433764972,0.0007072118768621981,0.0014843875251030138,0.007567790583006424
0.0021014253719218072,0.0005258793804851026,0.003236848544349231,0.007807761733261628
0.0012565375033890358,0.0010141356175903588,0.0048982867348523074,0.005080061048310591
0.001401293163634332,0.00120451720463657,0.002546009574847814,0.007637121545799752
0.0022833055951842064,0.0015678678736141434,0.0014251806436514508,0.008709226681576194
0.0026785954404064147,0.0019966116504698704,0.0006715643043611136,0.006611643951139233
0.0023933141347162925,0.0006782008935607483,0.0015466552311728993,0.007417524947109272
0.0021869270309192936,0.00047720159352813746,0.0029907061179965198,0.00797033108538408
0.0013551935121222571,0.0008720789844606917,0.004284219405731888,0.005180869481540476
0.0014441074243111834,0.001200560773150324,0.0024598448904470886,0.007550347613381017
0.002156331810837602,0.0015003434592349505,0.0015361075187623418,0.008656341219826533
0.0023921488238668113,0.0018217127592807564,0.0008792646079180265,0.006552134827138853
0.0022933166623518766,0.0006340806103964957,0.0017167774266789058,0.0073506147509606115
0.0022294453256758314,0.00045854835662132066,0.0029053227778959457,0.008121609558492556
0.00143976899452126,0.0007895263791044998,0.003838236717211772,0.0052810558313253365
0.001533835181735733,0.0012007512423196848,0.0023112153145467542,0.007520469615197337
0.0021581909316811688,0.0014685678086882857,0.0015695751801092094,0.008693197133600469
0.0022675561818451075,0.0017199448046679186,0.0010146121992234479,0.006583137032153566
0.0022189765953364443,0.0006196815841033693,0.0018238103585342673,0.007209605242641195
0.0022277507512641313,0.00046358608032650813,0.002863721021865443,0.008115313576952452
0.0014614684995133565,0.00077353238179159,0.003574155109770388,0.005336482627202185
0.0015605222714067078,0.0012264194688434244,0.002184649470204335,0.007528528177322987
0.0021542173418917913,0.0014691069331005408,0.001563025140321305,0.008695586434942183
0.002208896407601966,0.0016633034034246603,0.0010877635310160417,0.006566621267706156
0.002183586211333681,0.0005916074754750876,0.0019261027884726115,0.007151512403788135
0.002235134176993788,0.0004550717062722773,0.00291567600012127,0.008131671138647285
0.0014914112918428962,0.0007484933515332082,0.003506519325395179,0.005366541345460321
0.0015982556678293457,0.0012308208036376333,0.0021272183647897402,0.007492526995769527
0.00217016968122632,0.0014898385081067566,0.0015329201307417413,0.008678034604722749
0.002166537346175891,0.0016684103306300693,0.001084326659242751,0.00657278916789108
0.002137157606616536,0.0005926386316997385,0.001976915871653162,0.007107479718148377
0.002203571276957755,0.0004674945461158118,0.0029911396773120782,0.008054181926507708
0.0014135855824167997,0.0008571715620375712,0.003641886836497526,0.005477619568139216
0.0012034365419168335,0.001368385340074558,0.0022237111880889938,0.007232109662123927
0.0018905319863184028,0.0015526441253092065,0.0013937305794994746,0.00822502165819312
0.0022821552079298965,0.0016212539691325607,0.0009648963620520288,0.006102564048254157
0.0025129172182681275,0.0004787906868881219,0.0022639607532830234,0.007210922975995187
0.002588712176967353,0.00043506658311354753,0.003498678804729301,0.007917876089383564
0.0019205589273656573,0.0007074406833924382,0.00401054613212817,0.005092057374296133
0.001960837272159942,0.0012604604622748227,0.0016917124211440842,0.007830365524777625
0.002443750173087862,0.0017940169207643234,0.000964430374985421,0.00940655365282169
0.0022718034279968664,0.002116651739920963,0.0005937398932542462,0.007022899281013846
0.0022683799339373503,0.000889027658514281,0.0017856012697944259,0.006653720163617956
0.0022324128059827597,0.0007147347108020618,0.003211214846796007,0.007310243328419038
0.0013900380563202565,0.0010613278497808014,0.0041215911788537824,0.005075355743654748
0.0015881545250241158,0.0013786041296644392,0.001862515236190892,0.007686643015517009
0.0025854590216606503,0.0017755310624083711,0.0011182200782492973,0.008581744728863075
0.0029223112021970845,0.0019951644744309583,0.0006910208632098173,0.006149707316989467
0.0024923479260250355,0.0005823638341462024,0.0021123928433849967,0.007141029258541503
0.0023509341458762194,0.0005625746798102703,0.003731675890079727,0.007986929711555148
0.001410591910351591,0.0009868142013871623,0.004582008895961716,0.005243376990728911
0.0013029370355088464,0.0014047107069517315,0.002006403988294992,0.00759585753755466
0.0022623527072039022,0.0018827636584163657,0.001021665435472187,0.008853566666619947
0.00266286120408051,0.0022008135439443035,0.0005384164142437813,0.00654460944671741
0.0025054578600200443,0.0006854584957993384,0.0017716912464401714,0.006919183623870108
0.0023247961983786066,0.000539173899339977,0.003457659529196109,0.007444265914836894
0.0014546522685517378,0.0009299102832443297,0.004564914183511892,0.0051129791153737125
0.0015321215967476207,0.0013349045073973893,0.001775604121722114,0.008002428266184901
0.0024130916753423034,0.0018982151309813221,0.0009134511281809262,0.009175284031894156
0.0026187306657959367,0.002199320020356698,0.0004817437520620925,0.00670482424567333
0.002432924934185871,0.0006591718089350663,0.0018335878655932432,0.007046320186607009
0.0023264464697017213,0.0005647424785004249,0.003634454942227087,0.007695842151713645
0.0014414346867417285,0.0009402722452570979,0.004777915140100359,0.005198438549724779
0.0014569212540353335,0.0012120592187054666,0.0020525598209186454,0.007691778661585831
0.002484130578751262,0.0017581062042401226,0.001019884696639897,0.00877177568788645
0.002849236157366059,0.0021107425326365027,0.00048236613405617135,0.006522035199847278
0.002467857499942605,0.0005920477287986867,0.0018296491943082642,0.007118603896205862
0.002288218817475582,0.0005580549349418263,0.0036416843066492677,0.007622991708487709
0.001353946361502579,0.0009911556523916276,0.004733688164724926,0.005171420252663717
0.0013765330678388232,0.0012844754130936842,0.0018819678989886895,0.00796168911672092
0.0024262552281065363,0.001849775668843018,0.0009478267789058505,0.009104054622299507
0.002795719806774342,0.002203213336024952,0.0004379331789900713,0.00675086956586788
0.0024412232683493924,0.000620505992104004,0.001706267123616057,0.007083312919353294
0.002249919721387068,0.0005363047853010959,0.0035965242075095406,0.007594886140860862
0.0013561781729381128,0.0009549735515532419,0.004865531630584661,0.0051915535195804375
0.0014074165040923938,0.0012291305802705566,0.002017332165768582,0.007788808732777594
0.0024287967441269515,0.0018285370096295145,0.0010022443036652908,0.008857501667955613
0.0027418010470497173,0.0021994108348282635,0.0004542154948344394,0.006657160732292502
0.0023617922735357936,0.000602482401319586,0.0017835757911138336,0.007211386370608365
0.0022090983313150987,0.0005633189664999935,0.003710976563554053,0.007658058996820737
0.001333643535441338,0.000979779774391496,0.004955196913536898,0.005192870122578735
0.0014524888564693443,0.001209482437457669,0.0020182796667410838,0.007775671893198508
0.0025423786544661055,0.001836442832935968,0.0009895193933480196,0.008885853367074151
0.0028521414711218615,0.0022292923142812134,0.0004093351589452397,0.00673275596577289
0.002354488410500962,0.0006212543910308039,0.0016870337322141135,0.007169969442043717
0.002164405102716082,0.0005953269349906703,0.003663240003677722,0.007538010505400157
0.001278859438732248,0.0010531634013980383,0.004977836769747755,0.005160841452465789
0.0014086176602364222,0.0012236712990408,0.001998124740780898,0.007824188923532604
0.002556072653802644,0.0018422519561679725,0.0009749587083144704,0.008874847585508187
0.002917134019322707,0.0022266232652441574,0.0003867840525821265,0.006712577599180194
0.0023646471682571696,0.0005888626650399645,0.0016930602014183817,0.0072237074441568756
0.0021664334292646917,0.0005926645300285883,0.0037545095875325457,0.007578528263055299
0.0012944761423101059,0.001057618818863366,0.005130942331881519,0.005161010695167013
0.0014201969092261704,0.0011966059357826605,0.002064373020543261,0.007744764785843487
0.0025739079935749995,0.0018534157804504304,0.0009762193245773304,0.008816501229130792
0.0029101238015587696,0.0022728658891450577,0.0003641895310846321,0.006748095122899418
0.002324503768946861,0.0006082342959778324,0.0016594548914989076,0.007247326451904496
0.0021168958969319967,0.0006187613829975892,0.0037775166543469484,0.007498895309892557
0.0012586268962972702,0.001096974806897022,0.005235623924653688,0.00513961033724109
0.0014493129264319764,0.0011951723996715862,0.0020514697192686,0.007770503322600958
0.0026581386093944477,0.001889659060583777,0.0009586353097378116,0.008823307810482694
0.0029884690492808855,0.002326043704147382,0.0003335840594291395,0.00677672597727922
0.00230708164499797,0.0006120778246015517,0.0016344545961270085,0.00727069990967668
0.002083979330212033,0.0006421097925276287,0.003846891040202998,0.007471569751738513
0.0012305071216168618,0.0011485622437213139,0.005402871712520768,0.005131463062726947
0.001423858390785488,0.001183917996141685,0.002105990563684523,0.007731654428297456
0.002695283002742358,0.0019006476685139392,0.0009545239502111563,0.008756152746307687
0.0030638686477543254,0.0023598956607144275,0.00030599779582582713,0.006760301512995276
0.00231030971253175,0.0006008522060772855,0.0016197836675015077,0.007306780981218936
0.00206554793879689,0.0006540399388584022,0.003923938315622621,0.007428971761477445
0.001221194858949331,0.0011861421415096795,0.005568425050327185,0.005118198584629745
0.0014275985347474093,0.0011765783994596045,0.002109656633849262,0.00775136389381578
0.0027385028519657435,0.0019347220550638001,0.0009236078196618971,0.008782313000593813
0.0031035224388298466,0.0024168322896303356,0.0002708383805411821,0.00680034839343707
0.0023042897743823683,0.0006112936236208002,0.001576420792002771,0.007329441390873238
0.002038400271715005,0.000671060585809927,0.00397211550911424,0.007368200121036522
0.001207612696974913,0.0012301158600216805,0.005748308115262314,0.005107955310188437
0.001433053663172735,0.0011626306631688857,0.002139271619651373,0.007745913923343596
0.0027943841024513053,0.001957079116455655,0.0009074348014274117,0.008748119020143975
0.0031672546170394976,0.0024630109610344637,0.00024311522669558718,0.00679134284752064
0.0023013055168583318,0.0006099690647096179,0.001560698269558932,0.007369861356272224
0.002015447841678365,0.0006882728556737624,0.004051501298604623,0.007337090194694408
0.0011937417949250185,0.0012787717198118394,0.005939341807482573,0.005102606626766988
0.0014265810424288832,0.0011544891847971674,0.00216986235115451,0.007739646687694763
0.002839349569110585,0.001982313288098911,0.0008888886106443108,0.008729511062446033
0.0032318662178872463,0.0025185388679441305,0.0002157745341298196,0.0067967739083670264
0.002306802290071248,0.0006174752270211659,0.0015220883450524775,0.007400902987480998
0.001990691710953407,0.0007001579557194569,0.004092894633581824,0.007288124187307984
0.0011792917993497117,0.0013262743794340251,0.006108466623118266,0.005096687529123277
0.0014215072194165882,0.0011512305216577839,0.0021875883734798745,0.007749216241395007
0.002872957684919868,0.002005580602304663,0.0008683619827045223,0.008720230001065749
0.0032844249832551446,0.002568306432589615,0.00019361317604572482,0.006804046168878497
0.002313630857015856,0.0006229286181186929,0.0014934753049554016,0.007437863414612921
0.0019735298183850103,0.0007086627518055791,0.004135034625167038,0.007262436055452978
0.0011739938327322912,0.0013661799186659473,0.0062717121785148214,0.005092703049574928
0.0014195212092537296,0.0011424122282287777,0.0022236921442219336,0.007738926361644023
0.00289903426532568,0.002013146206431798,0.0008579827943513312,0.008691656749284713
0.0033324237633959625,0.002606799985725697,0.00017742905081806978,0.006802578137547775
0.0023131703659216994,0.0006834731286625987,0.0013606244145752942,0.0072956877721349345
0.0018748204869860903,0.0006980694813330043,0.003967428787430669,0.0069827922015037736
0.0011326450784533044,0.0013814530947530608,0.00625577145743259,0.0051033209362760425
0.0013211305285673969,0.001144441941881964,0.0023216260753056734,0.007579607914249595
0.0027056590991078864,0.0019325151873799127,0.0008700012088020917,0.008416683895285153
0.00322205693046637,0.0025132073751739595,0.00020667843928383247,0.0067607991817708255
0.0023202004963744326,0.0006126197323741356,0.0014592005950005735,0.007383319325437884
0.0019400897414805739,0.0006545891275713178,0.004028874892199578,0.007097495100644885
0.0012237903141872075,0.0012866763325144002,0.006216917368132762,0.005105571459941381
0.0014310748568606842,0.001094821603285274,0.0023003387211931532,0.007594576495681569
0.002729491189475865,0.001891077166157617,0.000865683690178122,0.00851879979159209
0.0031552917832143325,0.0025039165178982886,0.00020998504131843488,0.006862472845456711
0.0022980381929744386,0.0006819669905929322,0.0013559517926359415,0.007384853477258738
0.0019002667663344814,0.0006619988270788861,0.0037501878126359684,0.007074726828819123
0.0011487167227248974,0.001304712882862263,0.005911021310654344,0.005091812103815889
0.001374837209611131,0.0011204825342278554,0.0022845160152094642,0.0076485190874697895
0.002667431785013174,0.0018089766995745102,0.0009339994675854511,0.008471503524634992
0.0031831248788472266,0.0023911950673443042,0.0002455960778439735,0.00671444590477987
0.0023414468383860815,0.0006326264374018485,0.0013864170776307896,0.0074050007116416615
0.0019499005268027569,0.0005963144939289517,0.0036559744855787606,0.007268446363401533
0.001165002171254539,0.0012061317540038605,0.005661691734804911,0.005097572863827406
0.0013185343435044917,0.0011285104163643702,0.002361731394961904,0.007569214907614523
0.0024728739981565236,0.0017347759855310236,0.0010244746220437328,0.00844449391790838
0.0029812949638271767,0.0023063573189242353,0.0003171809926859142,0.006721950339708229
0.0023148361933417257,0.0006499504285881092,0.0013820194169768135,0.0073912530963112484
0.0019709170082033967,0.0005541517436636221,0.0034177346709146007,0.0073393361845749796
0.001183152837196304,0.0010949867909230573,0.0052372165093220475,0.005098247638478548
0.0013657909071117765,0.0011320163442488413,0.002286547734618403,0.007593601614873295
0.0024031802390488224,0.001675985708291799,0.0010865102521660655,0.008496197656269095
0.0028110030039843388,0.002172335074349711,0.0003954194027462876,0.006678676957695693
0.002278923868888068,0.0006418139605325296,0.0014274108718415998,0.007343575307433035
0.0020078721904227734,0.0005317676010698276,0.0032604672429741607,0.007468037061383286
0.0012076680049246935,0.001014453057067589,0.004835427557026032,0.005113245345474702
0.001364358814293698,0.0011314170882922056,0.0022798760619805536,0.00753371443693439
0.0023208568327508887,0.0015915075619835674,0.0011752095059728634,0.008451421413187683
0.0026885157151943866,0.0020152703525094066,0.0004918442423469663,0.006590038863690323
0.0022677643942317096,0.00060949841347291,0.0014921748851925102,0.007281923588488828
0.002056267610216374,0.0005026630274767898,0.0031316188930435463,0.007561371797454329
0.0012466082229850065,0.0009361443076098264,0.004448592638293858,0.005136324340553893
0.0013773346408119198,0.0011482909838967234,0.0021909039745833998,0.007538945444620979
0.002240106100137229,0.0015604463427706281,0.0012173683219869347,0.008510096399502046
0.0025223287081969407,0.0019149364260113056,0.000581870110232168,0.006588790045372585
0.002225579162697309,0.0006006610482930392,0.0015506936360122313,0.007197082004053596
0.0020818705386105563,0.0004860503490532337,0.0030391904266227933,0.007609125726657062
0.0012877499202105925,0.0008701257432876992,0.004168304806719252,0.005164144927880568
0.0014191727046902773,0.0011502312421138514,0.0021344872994503673,0.007499451200336048
0.002211971265930823,0.0015383501179735465,0.001256580605726317,0.00848865262519001
0.002408104965827863,0.001840690237454545,0.0006618391397968535,0.006556691864721642
0.0021744364543081623,0.000586222519129702,0.0016366642718011202,0.007144007866787527
0.002088467123731368,0.00048331959281701934,0.003028499942703174,0.00764892869782662
0.0013070294082163055,0.0008369044123111223,0.0039983525327373926,0.005188970389429589
0.001448111687753817,0.0011568365460109312,0.002078705696364886,0.007475131220814224
0.002216698916329665,0.0015349311297113,0.0012654535724282601,0.008487121618369427
0.0023611855470126067,0.0018014049454296516,0.0007012210028725797,0.006550837457371977
0.002143388912214529,0.0005769371787569596,0.001687137963277234,0.007083295205985063
0.00208550145259627,0.0004858587514638878,0.003040959081910399,0.007626809977614969
0.001312335166306638,0.0008255664471929642,0.00392198368886906,0.005193365439859541
0.001464621311447353,0.0011642765923252814,0.0020264721808177662,0.007479306798176618
0.002229248162965241,0.0015473057055307364,0.0012489757546478976,0.008496125114509492
0.0023398168637228677,0.0017900745221734887,0.0007059847164996855,0.0065520143088729586
0.0021207934809125465,0.0005670590785339031,0.0017264982731322247,0.007051839087861002
0.002079069793333167,0.0004901580023856533,0.003096534781085681,0.007600435663301118
0.001314012739486401,0.0008204993010724895,0.003944775742377955,0.0051887566484673355
0.0014832668044687646,0.0011603104127457238,0.0020047059549625295,0.007468315424310071
0.002262513895174912,0.0015673118443930113,0.0012238551545537062,0.008486936878084168
0.002348215723897399,0.001805671151349412,0.0006829976634803959,0.0065573928215763005
0.002098610831752623,0.000563776895119141,0.0017455943296675325,0.007038129184784992
0.0020573526164755934,0.0005033310241736137,0.0031716988983433647,0.007548039444939224
0.0012948557797559759,0.00083420980636394,0.004031839416242307,0.005172823865741894
0.001492006569425679,0.0011576138962354394,0.001988150188850323,0.007477362967405305
0.0023135513533260707,0.0015986382284603922,0.0011873941554747,0.008489141697918322
0.002394175269942957,0.0018425231109300215,0.0006381045096238701,0.006571543825674214
0.0020859262282292936,0.0005608995660429834,0.001744354976590401,0.007036833122108115
0.002032001439307971,0.0005187628045465468,0.0032626452059008344,0.0074894899239582036
0.0012679738796628828,0.0008587602980779574,0.0041760266818896465,0.005154358226377457
0.001487306509249449,0.001151932702235482,0.0019886378016823938,0.007483318629523156
0.0023652385597418934,0.0016350074391800352,0.0011465524464326776,0.0084819061483665
0.0024558243064217266,0.0018936432968442401,0.000581513616524344,0.006586970008763618
0.0020790825443632254,0.0005571390171798319,0.0017334683094194989,0.007052177547818386
0.002006477489144172,0.0005359970091498846,0.0033674119871682767,0.007427282783935932
0.001241835099341681,0.0008904103804131924,0.004361420351374012,0.005134198634327461
0.001484422036493468,0.0011427370989658672,0.0019928601949585237,0.007495649392299944
0.0024271762670316824,0.0016772701550250388,0.0010991311069996376,0.008483391608568744
0.0025312898387376457,0.001959677511458048,0.0005165284648694709,0.006616595002756404
0.0020736633888984233,0.0005570009916444532,0.0017094108930512256,0.007073231716615459
0.0019775373742293846,0.0005580980753576979,0.0034756947462204263,0.007357198260325705
0.001212748049697008,0.0009336312366195451,0.004575484566197954,0.005115645036848671
0.0014784398364728172,0.0011327123964119065,0.0020013523290491934,0.007510190139746331
0.0024972514254803604,0.0017229405517890368,0.001050314627033733,0.008480113630281146
0.0026243346426660786,0.002035070115880706,0.0004506774814662135,0.006646921094134216
0.0020723776104923223,0.000556083397216786,0.0016817904180351693,0.007102992835068664
0.0019489850652868255,0.0005826020446761152,0.0035930505714898255,0.007290515892857489
0.0011848239253512986,0.0009860660092918994,0.0048159926458648285,0.005101726049239544
0.0014687402166581609,0.001122809994350541,0.002014654174671974,0.00752276196873425
0.0025693788530258273,0.0017725464322052211,0.001000623026831264,0.008475033601849391
0.0027260615139935718,0.002121013041136698,0.00038641157652558186,0.006683368065723648
0.0020732594742847096,0.0005572629054600964,0.0016481295791508127,0.007136649931485281
0.0019197491772548556,0.0006093571884136858,0.0037108984904649367,0.007220400582604029
0.0011594659762724747,0.001046749267757845,0.005074111358699944,0.0050919835173499055
0.0014606458231078776,0.0011137384697084089,0.002027471928148664,0.007537397049604372
0.002641568730795306,0.001822453284670856,0.0009535995987839545,0.008478097716173593
0.0028084476522236995,0.0021731820329732713,0.00035775852450259014,0.006791103486420709
0.002079346471525309,0.0006796312764554306,0.0013914938373139887,0.006772635069805748
0.001825116980580412,0.0006450262144924286,0.0033324355294128893,0.006820072074701704
0.0011091776324132366,0.0010605439687979394,0.004679950030370229,0.005093443279987748
0.0012734866542601236,0.0011308833234064653,0.0021790711508073747,0.007149123419338281
0.0023271420912604006,0.0016491164933460562,0.0010820780302228078,0.007876836622355221
0.002595707259939472,0.0018692832985726245,0.000501996977353278,0.006390411409768161
0.002091193885242811,0.0004951038063632078,0.0018433692672146448,0.006852791716656338
0.0019813974459934086,0.0005800921347293343,0.003678747764409047,0.007020239888599127
0.0013190482249710199,0.0008737947145396677,0.004550528513836252,0.005113542003045095
0.0015560437134929446,0.0010948566967687338,0.0019003611989146748,0.007256410450941981
0.002430578599035531,0.00173323244277811,0.0009294321552296207,0.008299162235543348
0.002375699370252978,0.0019691338633956233,0.0004458895274051804,0.0067692978722426675
0.0019186716594280125,0.000644872999033591,0.0016355230036198206,0.0066753026103336085
0.00182685988281684,0.000654660591001753,0.003381869682458555,0.006749088922453241
0.0011890855934982188,0.0009407440472781921,0.004319036684832358,0.005120337036696489
0.0015771080850293365,0.0011252069201684604,0.0018135204200864015,0.0073224616361136086
0.0025716998001117483,0.0017180668226548304,0.0009584081405293301,0.00812224795751737
0.002565835128558997,0.0018853790090019571,0.00048596385240491007,0.006516930843254738
0.0019547343520345587,0.000549660935152939,0.0018335932943712421,0.00673727996481172
0.0018693840412551878,0.0006421003468514356,0.0036400522388411105,0.006991783778782515
0.0011830244619687963,0.0009403869643109637,0.00445311779605501,0.005163857040746348
0.0014525951997220049,0.0011315104121297926,0.0019250759437555202,0.007155170465937152
0.0024591428843642317,0.0017296169104447845,0.0009687108865240678,0.008031080397236299
0.0025091855571293914,0.0019255080385784317,0.00047835942434543377,0.006536169182554549
0.0019430495716638635,0.0005638230952258033,0.001779116154999001,0.006708699865754272
0.0018407614571896522,0.0006284471863695492,0.0035805266966026685,0.006849369136530595
0.0011887088118200362,0.0009211158497882643,0.004420313758929692,0.005140020597301331
0.0015497663831012453,0.001151767108788918,0.0017745648200614321,0.007315866962286269
0.0025216927478397284,0.0017946545676633847,0.0008931419001957144,0.008229470594424176
0.002477068015430119,0.001977327884738677,0.0004387742748376503,0.006650044327685752
0.0019082602387811493,0.0005933045012496493,0.0017447770202127049,0.006701348129958903
0.0018255423639461556,0.0006575493018184494,0.003602796438771618,0.006848327511728772
0.0011789190849983027,0.0009481417722698015,0.0045125333362652405,0.005138671494486434
0.0015419893055082998,0.0011126439937616563,0.001861918903688635,0.007212377247758771
0.0025756552257199736,0.0017511861060953912,0.0009201931196410993,0.008053258911294756
0.00257178311927131,0.0019407266287353112,0.00043688803157682457,0.006535678908289422
0.0019337033461252812,0.0005597435364052002,0.0018028197064777615,0.006734529758010098
0.0018349334051025864,0.000668337403372691,0.00369540535122905,0.006865362987939866
0.001163800659976972,0.0009735274198706135,0.004563192945670554,0.0051334334635714605
0.0015136542286145382,0.0011316569475734745,0.001817450589910341,0.00726876173948547
0.0025766954958612023,0.0017911379482321908,0.0008791484468406726,0.008155332351383047
0.002592871634291526,0.0019957115626618592,0.0004017946907798517,0.006607374877023192
0.0019369789143019282,0.0005769284132780568,0.0017195238010071713,0.006710329265245217
0.0018126827205556418,0.0006647304524863085,0.00365285194231598,0.006796002756436601
0.001148633829621335,0.0009824648442123636,0.004614555956201555,0.0051276832499068704
0.0015137076731773968,0.0011315459862370363,0.0018182181535294686,0.007279779632710252
0.0025839121065702637,0.0018079546779496214,0.0008703926912009485,0.008135656962638026
0.0025938905204041375,0.0020144566489784252,0.00039371564516260226,0.006591398554430476
0.001927863599095076,0.0005703856655311598,0.0017472880172939493,0.006745274376655068
0.0018106483681459569,0.0006716641010259787,0.003731091064468441,0.006822733502618546
0.00114817003311164,0.0009877199455039908,0.004719086089851925,0.005129569462468932
0.0015184197632286264,0.0011147257369424296,0.001850489321463543,0.007246059863605483
0.0026154122888139026,0.0018140753213410753,0.0008649949947900153,0.0081106973173918
0.0026287520410792765,0.0020400696316167947,0.00037495325035204056,0.006601221113769809
0.001924687178016331,0.0005749950550526857,0.0017184240677706516,0.006751147898406305
0.0017917149192141345,0.0006808310258867239,0.00373153510615987,0.006781425519369268
0.001124020157971242,0.0010113095012623675,0.004754258728879727,0.005127854801133792
0.0015056858430635284,0.0011200787327307156,0.001821646289591982,0.007297950272354111
0.0026352901822686557,0.0018307621405955097,0.0008419808242938348,0.008153011190172949
0.002668825098229631,0.0020611795621979694,0.0003541879449352096,0.006621012662838682
0.0019353360260674043,0.0005681629284254876,0.0016955524230312289,0.006762845901450376
0.0017905367879800672,0.0006774954636586663,0.0037527541842479325,0.00678060846119638
0.0011201571279165813,0.001018980811759435,0.004826080328567962,0.005131546438551171
0.0014874275394529245,0.001107635426906728,0.0018460464986579726,0.00728868977672698
0.0026297411298283947,0.0018291301189414493,0.0008381027096472835,0.008132976694307292
0.002677898753789225,0.002074090784242223,0.000344272421426894,0.006622546621789871
0.0019340821969931444,0.0005626354185160353,0.0016907695431395376,0.006787462960323199
0.001783682844990974,0.0006758180221540064,0.0037758144183481822,0.006778320318609787
0.0011138666154239818,0.0010218666912419985,0.004877792477908119,0.00513723679285758
0.0014899282781979915,0.0011020629154283616,0.0018407532439799164,0.007305811391290965
0.002644530384940113,0.0018411020525913062,0.000825596905925065,0.008153976241556815
0.0026929832380076287,0.0021000517132497517,0.0003301140301845449,0.006648639822614014
0.0019278634951673433,0.0005671458176008263,0.0016618047332303803,0.006801533440089354
0.001768085123978388,0.0006765681167242587,0.003769268402278636,0.00676704315158122
0.0010972725404285813,0.0010331542980698387,0.004914611721633037,0.00514424200411746
0.0014761363101377398,0.0010973798923617007,0.0018460485123717027,0.007315583704803863
0.0026494180872144567,0.0018411332936796073,0.0008216137719032317,0.008145460927354428
0.0027157045811781085,0.002108620928987176,0.00032180777233758675,0.006646004812337944
0.0019311029764350904,0.0005588001771651296,0.0016557578928292464,0.006823062343271931
0.0017652412082325136,0.0006722692582469533,0.0037843907645953518,0.006778508927033629
0.0010921150239985506,0.0010362284222720734,0.0049518626244785474,0.005151436375215433
0.0014654451074012098,0.001090793982840481,0.0018512891776133542,0.007322291323142727
0.0026447952771847076,0.0018406385821105491,0.0008158223304886009,0.008152626946522346
0.0027208258960073127,0.0021207411294120043,0.00031335454202400387,0.006661592649574624
0.0019293116034693012,0.0005590041007050037,0.001633528223461829,0.006838657715867962
0.0017565321067557907,0.000667674420778342,0.0037697768093913463,0.0067749270823964005
0.0010836406158872727,0.0010382090021155757,0.004964440110444624,0.0051587148087017115
0.0014602759839208279,0.001086801986909502,0.00184692451910281,0.007337917170459092
0.0026433493046756876,0.0018391979992317983,0.0008113403881709559,0.008159493985404647
0.002725206060615331,0.0021262608434435446,0.0003080273436178928,0.0066675978982757775
0.0019271421137971457,0.0005561626746074396,0.001622260496282869,0.006855746003398817
0.001751763687825158,0.0006627903328307276,0.003763514365560833,0.006787245790439905
0.0010776022900349904,0.0010376798824871518,0.0049749684935623305,0.005166104066980382
0.0014522031766766768,0.0010808544979291077,0.001852839032796397,0.007339867980918961
0.0026367073466320268,0.0018322586998082836,0.000812463099045608,0.008154914822041089
0.00272494235589449,0.0021265076812404713,0.0003054218436170977,0.006665210131009011
0.0019251041906488367,0.000553863151664101,0.001610061455538468,0.006870072330767885
0.0017469105776724751,0.0006561959542256668,0.0037451119137126322,0.00679799195925081
0.0010707505064184828,0.0010351212321321754,0.004964304283161183,0.0051728071797777905
0.0014436154172823331,0.001078456220905133,0.0018508694408277187,0.0073479487202945115
0.0026245961323654262,0.0018246611725735917,0.0008132703145558346,0.00815757115210393
0.0027185897610396362,0.002122485965115071,0.00030512680347158285,0.00666494516698112
0.0019235032578019992,0.0005512754250921494,0.0016007755967098922,0.006880609324064979
0.0017453524786524028,0.000648667287879482,0.0037237174246304494,0.006811971760821646
0.001067854626317992,0.0010290108733606708,0.004943609610086341,0.0051777835145017026
0.0014380147059954577,0.0010752156548301738,0.0018505954777471452,0.007349604914433079
0.0026105094444725907,0.0018137480238693388,0.00081648165380727,0.008154542368491861
0.0027071497085318324,0.002113876407761722,0.0003075542095815522,0.00666259175829198
0.0019202340935882654,0.0005490090472692099,0.0015966581959159633,0.006888055483321396
0.0017445573613836243,0.0006423853302996731,0.003701420043079629,0.006825982055290262
0.0010654101204234875,0.0010219646449494062,0.0049119906864325555,0.005181098274543367
0.0014352465997168494,0.0010739283868421699,0.0018460548674935644,0.007351090235574587
0.0025984004835585502,0.0018040014733905797,0.0008196959585245085,0.008153171908881764
0.002695070179038202,0.0021044174398438197,0.0003110205505213256,0.0066597518183470926
0.0019161335671097066,0.0005477579719909615,0.0015936155277690392,0.006890828059899395
0.0017381498789378151,0.0006166207000208487,0.003554415583168241,0.006827969394041023
0.0010736744959476561,0.0009857837084653654,0.004721416636247604,0.00518432660307422
0.0013277877647998512,0.0010416250251556775,0.001995590436417297,0.00717383369000305
0.0023946474812917896,0.0016434274841828325,0.0009106551319524431,0.007922735506295598
0.0025932431853712416,0.0019430262778192644,0.0003792159150228304,0.006546375926473638
0.001956286073408611,0.0005516240700286916,0.0015039807077364365,0.006747147486559936
0.001746929994598501,0.0005587526581161006,0.00328426066381748,0.006715648957034819
0.0010882142507122193,0.000919164186648205,0.004336793286667338,0.0051905908083063855
0.0013491293114564812,0.0011004285974312816,0.0017989509459493342,0.007304461244808114
0.0022713924780673107,0.0016644796636806766,0.0008799073861975642,0.00805765226249547
0.0023576074163551447,0.0018731040076889478,0.0004333076079142116,0.0065606786114956
0.0018966973437741623,0.0005425101414039572,0.0016265861798038907,0.006727234225827179
0.0017926672935494124,0.0005522382529523198,0.0033387504254595336,0.006831665964753843
0.0011800702087159589,0.0008408845788718209,0.004266839418482395,0.005189647581775876
0.0014819509410532617,0.0010499074019176269,0.0018510360386820167,0.007124333791755234
0.0023468464935454385,0.0016206905071269636,0.0009204305805567308,0.007899066788844335
0.002321509529463252,0.001828185745588316,0.0004673265418992381,0.006494290489063198
0.0018336172095873352,0.0005669804833279921,0.0016773864058588774,0.006688049368358163
0.00174479053070382,0.000598059235670128,0.003303575004437906,0.006792714904066496
0.0011170006794992435,0.0008856219138900552,0.004094996444855135,0.0051874827996215185
0.00147352367768177,0.001104799153263248,0.0017320744090003634,0.007198513116974075
0.0023928622820098785,0.0016474397561083668,0.000894981629433204,0.007961728852404749
0.0023905187796887184,0.0018150428273933953,0.0004649203440643997,0.0064730287388278405
0.0018573126312192597,0.0005553576347538136,0.0016725345667314908,0.006629591198441221
0.001758915115540928,0.0005898725279803129,0.0032976807666869755,0.0067964534778594664
0.0011235161926985311,0.0008837359804798829,0.004069851355551875,0.00518401003735682
0.0014401687487894986,0.0011154369127485265,0.0017461638869131443,0.0071466402964326225
0.002334284823255115,0.0016473709351448743,0.0008986938859950368,0.007904818288436652
0.002326216393844321,0.0017987189408925936,0.0004798287416644335,0.0064338634471576535
0.0018466780600023692,0.0005482040218942679,0.0017289505528951484,0.006631129949592071
0.0017723946516982204,0.0005906728432067283,0.0033551989019273845,0.00679402429237889
0.0011559693789805422,0.0008619781745590764,0.004088472180348736,0.005171288139422503
0.0015095708606179513,0.0011076217818369396,0.0017137099043195024,0.007140242617015523
0.0023883924590693485,0.0016715225381333646,0.0008725384928953723,0.007935433349269615
0.002315335280100947,0.0018250068191366638,0.00046147161001259927,0.006467388665310698
0.0018138156658047992,0.0005726957399867506,0.0017140337067689038,0.0066031240135812795
0.0017420970105832656,0.0006197685532558537,0.0033610601021295465,0.0067380495446378
0.0011249029621473346,0.0008920838941548615,0.004106076324354881,0.005160238230910985
0.0015087964235907779,0.001113667865953336,0.001699760424318385,0.007146693365035263
0.0024392055589339276,0.0016830812126006156,0.0008617919267282438,0.007908052804241719
0.002381891341651037,0.0018261998064723563,0.00044798833776086796,0.006428864909406756
0.0018284420641951444,0.0005562440667367769,0.0017368866662163312,0.0066010363666757985
0.0017461212023225517,0.0006260207641322444,0.0034349965416194646,0.006735756102833971
0.0011170130177844077,0.0009065779109014196,0.004186526459851965,0.005151552686276415
0.001485053417322084,0.0011148619896644738,0.0017092467083002713,0.007136584058560434
0.0024394808387142313,0.001703809727910984,0.0008436772021280909,0.007910364588357786
0.0023925139590121785,0.0018539959966563213,0.00042685957035765523,0.006442269631281315
0.001827149883768077,0.0005577318411197972,0.0017226132782713001,0.006597765886322016
0.0018199172436871834,0.0006771345344772262,0.0034182802248729893,0.006967435118470269
0.001138668590924804,0.0010359156797686265,0.004146269104978792,0.00519360193566008
0.001204923278234962,0.0011508961706514368,0.0018954091466112342,0.006916901991176233
0.002300367341399239,0.001551674881364994,0.0008477325530204538,0.007603467403046763
0.002660083316586998,0.001669493838957418,0.0004262570873322721,0.006072877265434587
0.0022153720241724043,0.00047802692419876265,0.0018364451431561635,0.006435708562930248
0.002050437636446254,0.0005928299303894698,0.0034574357561120515,0.006552376205132016
0.0013377252899918867,0.000917714497542279,0.0039695455426830804,0.005100681664236636
0.0015583563915678514,0.001285127933051657,0.0012003946691323637,0.0076428319301123
0.002382732069871155,0.0019392447004736876,0.000513528763843152,0.008625517773086021
0.0023216664031498963,0.0020950901907456744,0.00031326942917130464,0.00666251328698578
0.0020196191248941183,0.0007343364923081527,0.0015647929566968552,0.006338916175496615
0.0019020982186300193,0.0006874966633271283,0.0033483251950175283,0.006505350219957275
0.0012253350500159976,0.0009648294725618925,0.004302824715538796,0.005153682627696684
0.001556451455508474,0.001175796386254343,0.0015794398057714686,0.007151543386980609
0.0025823679754501745,0.001806975785497875,0.0006944506314973684,0.007755861295620395
0.002648380861548989,0.001966190105336609,0.00037898570725310393,0.006071385342620689
0.002071794326278484,0.0005825074073779945,0.0019166785616982868,0.006538673791795138
0.0019291517557152897,0.000690963400100148,0.0037297127104571684,0.006754625484625113
0.0011497103495759055,0.0010224447061094205,0.004392675617938296,0.005194144040278828
0.0013679203751828664,0.0012565145023413272,0.0014562648967872992,0.00735007041750711
0.0024762734929439545,0.0018968392581217,0.0005881436197116537,0.008166688060634024
0.002680911278403997,0.00208333279363292,0.00028829890663570367,0.0063813134321903196
0.002152171704739201,0.0006117197499090635,0.0015781207061288608,0.006407054914705913
0.0019307571048569861,0.0006173570482083773,0.003410650922037975,0.006535611501103833
0.0011735101137705071,0.0009725440596746847,0.004294739226715075,0.005218225515536991
0.0013763571009425292,0.0012145123563638868,0.001404365800282214,0.007503227837883574
0.002386611510005386,0.0018472485626583816,0.0005784147356109819,0.008219872849720353
0.0025370567106903622,0.001999316045669553,0.0003154003124459032,0.00638398972232605
0.002111654380572455,0.0005514302672063494,0.0017238165739923569,0.006542133650399946
0.00197615014476726,0.0006018041884241316,0.0035941993997487876,0.006740750794730205
0.0012390971553766239,0.0009033804998857777,0.004437040620363306,0.005238434684977076
0.0014303426144129533,0.0011144417940560864,0.001541797562485494,0.007341009536431982
0.002439976376749832,0.001779178944137151,0.0006310238341675919,0.008095822712607847
0.0025508618538618868,0.0019960626356357305,0.00031692759499093217,0.006418855152515082
0.002048574246719162,0.0005749522467485531,0.0016484434847317138,0.006545958633275353
0.0018849368700844908,0.0006173730100635195,0.003446879108350299,0.006659661651791609
0.0011282035550412657,0.0009460661870636312,0.00426665090546519,0.005258629946296867
0.001378749080541939,0.0011714491290219973,0.0014418318500204856,0.0074793609441039365
0.0024311606765065556,0.001811516574241342,0.0006257090405573926,0.00819845444059557
0.0025774294346436384,0.0019985087953072146,0.00031554237498759483,0.006460342642361243
0.0020421965013792186,0.0005479376949017712,0.0016334168830281059,0.006566303628868205
0.0018836711543173763,0.0005857109719530676,0.0034566424471080934,0.006740037929452195
0.0011412070895733487,0.000913363886925874,0.004310856476760679,0.005269699959274102
0.0013474582951653637,0.0011343950085357995,0.001541908178740105,0.00735557378491848
0.0023582536583821585,0.0017656270566002016,0.0006699070000999181,0.008070771025740036
0.0024875137767693587,0.0019576511967533965,0.0003403408877339271,0.006440655655900187
0.0019985945131802134,0.000535987627924674,0.0016713480331776841,0.006614926189860498
0.0018711239077601708,0.0005890976202106482,0.0034673928400627742,0.006750389194448933
0.001153172655877895,0.0008963261440602177,0.004271367266998236,0.005266046650484307
0.0014196187541509438,0.0011207962246225238,0.001497078513904689,0.007382513541977153
0.0024209319855165766,0.001768842303593095,0.0006576112066228084,0.008140205853295425
0.002486909657851042,0.0019634609382725996,0.0003242263486663913,0.006519908509530892
0.0019592600105927285,0.0005570175053450577,0.0016111645696691127,0.006595735615204122
0.0018321862999646072,0.0006114467000413465,0.0033999174678513043,0.006713046216274189
0.0011164505455020814,0.0009281825363991027,0.0042274014704986995,0.005257791794704651
0.0013983379094589868,0.0011186517803815543,0.0015146482460881665,0.00735828245024191
0.0024322885534622707,0.0017459399291703999,0.0006801373594979379,0.008062908030556083
0.002522027614982435,0.0019269077687634462,0.00033134686816648667,0.006464244623069338
0.0019579472294144096,0.000528832009281505,0.001650972454720102,0.006623307202472539
0.0018337990849137868,0.000610580740640836,0.0034584292952815014,0.006753588723215966
0.00111887597548227,0.0009267304150083832,0.004262207303096378,0.005249983397006422
0.0013957370352090104,0.0011153610072595496,0.0015354588848965013,0.007317706857129248
0.00242287297326948,0.0017565646581762257,0.0006844395118631062,0.008054904404820262
0.0024906769886700185,0.0019478953105582493,0.00032635365016859543,0.006498685176541785
0.001925041395164538,0.0005441388252786912,0.0016194491260976356,0.0066204075845072265
0.0018018726741772543,0.0006214425738766307,0.003438441690687729,0.006704887821839393
0.0011037398810497447,0.0009351173856185137,0.0042743437867725975,0.005240054884117757
0.001427337434100718,0.0011141966213474048,0.0015261045526709079,0.007318972007667228
0.002466899901319664,0.0017719750016792048,0.0006824880085713334,0.008048558764684988
0.002505276230420589,0.0019597343014695584,0.000317791718837729,0.0065066122380650435
0.001902531428371623,0.0005455341990408282,0.0016212583816624325,0.006630129507581134
0.001784049312781487,0.0006393761204771793,0.003478469228070443,0.006698601329600404
0.0010890389041305713,0.0009562774514591558,0.004337096043078005,0.005228693324923128
0.0014210844652568662,0.0011031791642758227,0.0015572858718223424,0.007283689914355849
0.002494886422887623,0.0017714084549495554,0.0006884272052705423,0.008003230968997055
0.0025417025562487765,0.0019646441852553256,0.0003075510374861791,0.006496753602084422
0.0018977816854284936,0.0005380409744289477,0.001618946691136924,0.006638767720711594
0.0017714367593214553,0.000649729544990689,0.0035156399054392757,0.006672229428332506
0.0010774010497385347,0.0009740144734732863,0.00439487464751088,0.005218527464701577
0.001420976843586362,0.0011019178546608933,0.0015540067709398173,0.0072951082792474895
0.0025178179022271223,0.0017918366236133018,0.0006758925982344874,0.008022043526174683
0.0025603237116300884,0.0019922316554396736,0.0002904765782941108,0.00652654375689995
0.0018866854136398844,0.0005406472851891839,0.0015962614126448838,0.006645214047981335
0.0017535537996800033,0.0006597055882937009,0.0035446203496057745,0.006640013065935392
0.0010661478536795324,0.000990338782048198,0.004479636704192873,0.0052118396106951995
0.0014249540922746185,0.0010918248404969137,0.0015730873959933056,0.00728364623261329
0.0025494113982641596,0.0018061366393117627,0.0006722606674284512,0.007999744663314417
0.002588556115780922,0.002016733568982473,0.00027715720614239156,0.006533417405627444
0.0018745987624698513,0.0005382752949235715,0.0015935615219663923,0.0066643427757418355
0.001736121974654621,0.000673043649405408,0.0035986354652083915,0.006620383100002522
0.001051501431842742,0.0010117597652516486,0.004577967245189741,0.005208070756894666
0.0014235069738401773,0.0010840440306693318,0.001588533735727404,0.007278993473035199
0.00258464934869808,0.0018253005604120082,0.0006637735534196875,0.007992982409684529
0.0026292578022756342,0.0020506007374081437,0.0002591693458257639,0.006553198269154676
0.0018675446936780807,0.0005383664746411166,0.0015713812870932914,0.006679292267268549
0.0017163011837917702,0.0006839871377081644,0.0036340828087278844,0.006588840941595854
0.0010344591167219953,0.0010374915326653643,0.004673091120690533,0.00520712904861143
0.0014145808389971002,0.001077942298890304,0.001600073815162806,0.007284163874195703
0.0026114501865813406,0.0018427572272594866,0.0006528560611607854,0.007987840034764607
0.0026670696670924345,0.0020800907924075486,0.00024214229661640487,0.006567151098448934
0.0018650264406504513,0.000533984151427073,0.0015578709599366638,0.006700503816290393
0.0017033810405468468,0.0006928981171282589,0.003683341729620558,0.006568754466535323
0.0010258582419376651,0.0010601785073952846,0.004783272281921554,0.00520702402489563
0.0014093787264747167,0.0010672316796314096,0.0016193733411256272,0.007279711242814621
0.0026372777052389,0.001857244062920709,0.00064278571193515,0.007977922429881443
0.0026963368716059473,0.0021080583207964717,0.00022535640743595863,0.006572471649699968
0.0018615387364324327,0.0005335868988879125,0.0015376871537605855,0.006722536343137996
0.001686981951629989,0.0007026046260696444,0.0037191563251644036,0.00654240548475688
0.0010142119474403717,0.0010858234665735175,0.004883422098179449,0.005208833367389718
0.0014063789044674651,0.0010606479388137644,0.001629965697321933,0.007284066117684597
0.002665800115447528,0.00187436354313854,0.0006310089797383499,0.007974381427612698
0.0027295465611061782,0.0021379572275955967,0.0002091931909274159,0.0065772260449945275
0.0018600526883787536,0.0005340141803981576,0.0015158380800151488,0.006745024812768822
0.0016723058342823685,0.0007112706121477827,0.0037506684278958294,0.006524500541859627
0.0010037697799253227,0.0011125349802564328,0.004983046863779579,0.005209747044481016
0.001398236157112575,0.0010528735642100257,0.0016509503938456614,0.007277950355276348
0.0026861694476883313,0.0018830563834012918,0.0006245769180958029,0.007957239486168399
0.002762189191263998,0.0021616811767210054,0.00019639132018261973,0.006574474534841716
0.0018622093111384838,0.0005334145233720298,0.0014969669944530284,0.00676759506034647
0.001661203952584819,0.0007173874634204304,0.003773328862220039,0.0065122027481616124
0.0009959506238271568,0.001136457944548327,0.005064333322448404,0.005208532192604058
0.001391083549128802,0.0010473210801764988,0.0016679695870877983,0.007274585443748882
0.0026991438385396485,0.001887252731604119,0.0006191776763704193,0.007947043242608663
0.0027888007507339634,0.0021811660645933467,0.0001861635509876264,0.0065746959357014705
0.0018664556889473472,0.0005353424069689499,0.0014740714947700446,0.006786497213586933
0.0016516970818344298,0.0007205312813964249,0.0037766947843695447,0.00650154875521127
0.0009892084843537653,0.0011562808475269167,0.00512149933103641,0.005204731998266327
0.001384653385122561,0.0010434652836333993,0.0016840698954358455,0.007270469412160632
0.00270403695639556,0.0018848673694062742,0.0006178845845395743,0.007934212695107922
0.002808404079490479,0.002192555325923884,0.00018009664285579798,0.00656971523315511
0.001871620876211804,0.0005369263329013014,0.0014564809603706084,0.0068030274717186465
0.0016452723643809912,0.0007201209790678765,0.003770870105549832,0.006499203423808636
0.0009841187305381172,0.00116875602389372,0.005156202329611236,0.005198210011193951
0.0013787874844344323,0.0010408330533997904,0.0017007705846740528,0.0072633136390131275
0.0026999352390610315,0.001876904489470773,0.0006212134921854942,0.007920855432670345
0.002818329477900073,0.00219737705816942,0.00017799836333611067,0.006562318723180738
0.0018763145466256306,0.000539547678535337,0.0014401377928991966,0.006815917330720513
0.0016399826398570188,0.0007152720648289939,0.0037490120949760382,0.006500984080123388
0.0009789239135550754,0.001172830287922897,0.005161625821483605,0.0051903340874937635
0.0013732280068009868,0.0010401321530423458,0.0017135273850464744,0.007258539948139829
0.0026868140444623913,0.0018644132476330882,0.0006281146745903867,0.007910912707081247
0.002817454715589338,0.002194041186672374,0.00017985378588726244,0.0065528972752366575
0.001880335834764531,0.0005412101587561026,0.0014284235402721203,0.006825321473732012
0.001637827855880159,0.0007057360981431701,0.0037175253366596734,0.006510180507353578
0.0009758259039110978,0.0011668597601186214,0.005142161149409966,0.005181412358345319
0.0013682270468778508,0.0010389840488856275,0.0017254353965026378,0.007253368507145054
0.0026650590981463804,0.0018462380675465175,0.0006392423810340326,0.007902543345995024
0.0028049311030279053,0.0021820605607034394,0.00018567391794967802,0.006542369731780797
0.001882546001790662,0.0005417751627162671,0.0014212576303207288,0.006831336324348821
0.0016379816897228868,0.0006921547926377891,0.0036763845523615107,0.006525158740086051
0.0009738969638093611,0.0011514380517771638,0.005096180437433229,0.005172821008035556
0.0013641868847736312,0.0010380224566025737,0.0017327892319830296,0.007251208720382006
0.002636903933107846,0.00182468801693294,0.0006532593762869575,0.007899345832726706
0.0027819054823297966,0.0021628821104007993,0.0001950336534526214,0.006532300833364904
0.0018823588924613305,0.0005411507326315779,0.0014180726135158144,0.006833856347527393
0.0016399203525385292,0.0006751944147540146,0.0036280615004301514,0.006545809168241925
0.0009729584107049529,0.0011277948273807023,0.005028374869270643,0.005165633202158075
0.0013604704405653766,0.001036819173198038,0.0017369482319178654,0.007250368836226567
0.0026034002556951266,0.001800561301119055,0.0006700761473614379,0.007898897595158598
0.0027493679039677175,0.0021374584431907017,0.00020788387095544244,0.006522743755111075
0.0018790875951233408,0.0005389010554811424,0.0014199742519714928,0.006833530623599532
0.0016432501997304084,0.0006560302991239783,0.003576765641910417,0.006571600447138592
0.0009731342551903701,0.0010976201092351599,0.00494374694286427,0.0051607799091585435
0.0013579236021554308,0.001035336518781433,0.0017369599949649843,0.007251001195157617
0.0025674449977100056,0.001775689511399781,0.0006882675761155925,0.007902133809298835
0.0027094168465736875,0.002107929598480322,0.00022345066898277384,0.006515718079216584
0.0018723646901076922,0.000535557955822101,0.0014255866985735713,0.006830445312553908
0.001646984612409859,0.0006362125297873196,0.0035243566772358965,0.006600135332270311
0.0009738870101760174,0.00106405067309805,0.004847571519725967,0.005158690576417144
0.0013558829350894454,0.0010336649740130461,0.0017332449935532018,0.0072522580852286845
0.0025310871970908384,0.001750830543239289,0.0007067904158909293,0.007906619198216473
0.0026653738082887367,0.002075107824353816,0.00024100145522681582,0.006510389913012941
0.0018629388823842065,0.0005304601078715242,0.0014360010588189615,0.006825087175642325
0.0016513964672651411,0.0006171366344076254,0.0034762332322971073,0.006630336993569847
0.0009757161490070266,0.0010302242106797292,0.00474745089919339,0.005158523201973483
0.0013528232199067037,0.0010317955494846187,0.0017284714972764475,0.007249807278960971
0.002494845190469643,0.0017261980609987026,0.0007247261828300683,0.007907037604138727
0.0026198747832101416,0.0020396573383883176,0.00025973792642604255,0.006505199945748772
0.0018520660982937634,0.0005234319146878056,0.0014526745645130096,0.0068172562774609
0.0016570571493140429,0.0006008515226002681,0.003437758407474775,0.006658734493363201
0.0009799462828400263,0.0009981155926645773,0.004650379891890533,0.005159146991945993
0.0013550227376414013,0.0010306249932115117,0.0017173734828639015,0.007247519599978676
0.0024667758677207135,0.0017070061614474334,0.0007382435467421101,0.007911124551544383
0.0025759352846183065,0.0020079323357260308,0.0002765563947113613,0.006502481110799488
0.0018388363178897832,0.000518686058932773,0.001467743013526739,0.006806094943767449
0.0016598890415244144,0.0005895432571552277,0.0034045049938901655,0.006678943204394734
0.0009824124318792982,0.0009725001587103938,0.004562753848446651,0.005160193112864731
0.0013596841267028278,0.0010311082483361322,0.0017027874496518946,0.007244719005555025
0.0024484812227323067,0.0016938431797708334,0.0007479834152267939,0.007912347026982472
0.0025384102136330436,0.001979823212090877,0.0002903961409868834,0.006492366088144302
0.0018257287468088478,0.0005140824308031901,0.0014838690980672844,0.006794350595822863
0.0016613258038799367,0.0005823869514881478,0.0033841046119763825,0.0066941600888468355
0.0009839298431956569,0.000953305972321074,0.004494391621190568,0.0051610052444611525
0.0013648203678812327,0.0010323921325140555,0.0016884787392742033,0.007239655661876972
0.002437592917880472,0.0016868280049544403,0.0007535275073583333,0.007911532769198249
0.0025089861488648553,0.0019597581381610323,0.0003002569332722268,0.006484826165593554
0.0018125676848153686,0.0005107735607593378,0.0014979262942677433,0.006782907509047431
0.0016604360100059036,0.0005793528395855781,0.003374111411977461,0.006700943971883651
0.0009840103028936284,0.0009407433977258801,0.004446503881332271,0.005161404427547093
0.0013714683776548757,0.0010339349595376813,0.0016731743932640983,0.007236064823631394
0.0024359430328632363,0.0016858824981191762,0.0007540277450232829,0.007911166285250269
0.002489931476976189,0.001947974230816663,0.00030509561945616303,0.006480563374322873
0.0018001438965787678,0.0005082895579193376,0.0015093348646267692,0.006772942690741015
0.0016576099822531892,0.0005801343655245124,0.0033754494946667806,0.00670084836788719
0.0009823133093669596,0.0009349552467589823,0.004421771903193216,0.005161222052272775
0.0013773117397538207,0.001034838490232949,0.001660025773960244,0.007232721071133624
0.0024417857465620298,0.0016894813330088868,0.0007506596763421585,0.007908952658608293
0.0024819474534219965,0.0019438691186343215,0.00030503540985082715,0.006478269949934246
0.0017893505951294224,0.0005059741426614525,0.0015179159109926757,0.006765679882980774
0.0016531508398554679,0.0005837229547092387,0.003387358925237961,0.006694805407670418
0.0009787983147763893,0.0009350177990428449,0.004419460577329316,0.005160717236983811
0.00138187923672369,0.0010352637608411833,0.0016486853005733145,0.007231069310695322
0.002453503452342974,0.001697780662629729,0.0007435224648952525,0.007907227903398413
0.002483272692027464,0.0019479295670029846,0.000300300519858496,0.00647950611143574
0.0017798641466786694,0.0005042893473234682,0.0015223283845992325,0.006761482570759958
0.0016468433224700993,0.0005895098460954454,0.0034073248699593934,0.0066833225428845015
0.0009735484225558275,0.0009401580342888237,0.004438030847402843,0.005160173793540651
0.0013853179715310419,0.0010348573280804798,0.0016399228577741766,0.007230633563775605
0.002470384630776005,0.0017097740684748207,0.0007335882975171724,0.00790487588479175
0.002493114212558123,0.0019590175892633096,0.0002917140233278608,0.0064833030766630355
0.0017716731862390186,0.0005029186695156735,0.001523380513701007,0.00676090669365015
0.001639150350652152,0.0005971576919866961,0.0034345152214861332,0.006668324682941995
0.0009668916834725273,0.0009499111256890246,0.004475060765563299,0.005159759806837944
0.0013872889113482683,0.0010335119552749622,0.0016340278165021362,0.007231022748222816
0.0024913455434506277,0.0017243532028705225,0.000721597500193098,0.007901878579161347
0.002510753403461613,0.0019759356434032684,0.00028004315202425153,0.0064893651463526604
0.0017650637448743264,0.0005018111954360458,0.0015207722526097574,0.006763569964704455
0.0016304021735978043,0.0006061497152106253,0.0034663082831996555,0.0066504313754075835
0.0009591588318504138,0.0009637227012590219,0.004526592934384499,0.005159667971804517
0.0013877892746933698,0.0010315382034302351,0.0016302383877974756,0.00723275761943107
0.002514997545065846,0.0017408070774698223,0.0007080393546454715,0.007898931326781634
0.002531636748615635,0.0019952733328577705,0.00026592711311429593,0.0064900539981442755
0.0017604895629476554,0.0005009025177669581,0.0015141730945617952,0.006769208648267727
0.0016211390429780833,0.0006154901502154971,0.003499850896183407,0.006630635687053589
0.0009511865227894338,0.0009802674135709467,0.00458887737001566,0.005160081573332805
0.0013875092941151718,0.0010290688651297718,0.0016282154041691581,0.007235607322011941
0.002539693116578056,0.0017583752413116026,0.0006936111284998182,0.007896330609061293
0.00255438792158151,0.002017080816758591,0.0002507074954806412,0.0064892567637571345
0.001757095174478942,0.0005005540616733069,0.0015045273909074263,0.0067776862387381705
0.0016114393582711075,0.000625015007168079,0.0035334621883970734,0.006610565277708047
0.000943213791810321,0.0009988235457244637,0.004658320146518129,0.0051610081921439
0.0013867752015440757,0.0010260163857100557,0.001628485163803403,0.007238192379264571
0.0025649119951462944,0.0017756170611207662,0.0006794548136993749,0.00789247409766675
0.002579655921054033,0.0020404285055397576,0.00023549835907374795,0.0064883215279825475
0.0017548764479301422,0.0005005836974209866,0.00149294348918326,0.006788349250868913
0.0016016086773876295,0.0006344186881860578,0.003565555336301556,0.006591407120204493
0.0009351911098993568,0.0010188930956016523,0.0047303603155657995,0.005162290347877233
0.0013849686955955006,0.0010228788332200599,0.0016304346889427649,0.007240725474418159
0.0025889483933611494,0.0017915763350735744,0.0006660689064090995,0.00788791550341888
0.0026062801751125238,0.0020639455158695495,0.00022102331463833775,0.00648710403784965
0.0017541399857648795,0.0005008555030622061,0.0014797335785747046,0.006800347575226065
0.001592142156485463,0.0006428705471045541,0.003594019141412895,0.0065738669908907464
0.0009276132622273165,0.0010391395444850763,0.00480101692040956,0.005163699070188508
0.0013822998750433531,0.001019832662509257,0.0016337210547628996,0.007243086836625258
0.002610042545980381,0.0018054163363265148,0.0006539706191323698,0.007882929753311582
0.002631937427225412,0.002086445123974828,0.00020802315844927494,0.006485827498667033
0.001754467487101834,0.0005014365305198364,0.0014658141584698412,0.006813204842729921
0.0015833101460225659,0.0006498691909178216,0.0036174993181797453,0.006558889318946319
0.0009207690689537894,0.0010582353843345603,0.004866797603888268,0.005164918870311195
0.0013792754369413927,0.0010168585843481754,0.0016383504463424357,0.0072446872597198425
0.002627439544257261,0.001816266656755777,0.000643821255917056,0.007877146053278461
0.002655312307091387,0.0021066665637434804,0.00019700304216597716,0.006483968849645738
0.001755572779167101,0.0005023180042270353,0.0014519083127384378,0.0068262642633053535
0.0015752515690117817,0.0006550437984340304,0.0036345812046186003,0.006547075173990685
0.0009145265021110638,0.0010752106415318648,0.004923828040400133,0.0051656047995110674
0.0013757793245094555,0.0010142165567226485,0.0016438484339980426,0.007245675901602839
0.0026401234830155888,0.0018235032695826995,0.0006360172672317066,0.007870907553006118
0.0026752633832785202,0.0021234216486117775,0.0001882714677299361,0.006481107875256955
0.0017574164187458318,0.0005033265295088911,0.0014385903453128413,0.006838828109329449
0.0015683079608246452,0.0006578883496732972,0.0036442247494210007,0.0065390085492465
0.0009090172672164904,0.0010888886418052683,0.004968962654197517,0.005165408296014139
0.0013718172772723657,0.0010119819520797854,0.0016499534678574076,0.007245986815405845
0.002647021025651877,0.0018266204490439762,0.0006308918319569609,0.007864486295249424
0.0026902315797717436,0.002135704159851833,0.0001820871619070861,0.006477169000408556
0.0017596704931904345,0.0005043565352585585,0.001426536407013658,0.006850355997262721
0.0015627196666339524,0.0006581096522972155,0.003645817010826043,0.006535133509895423
0.0009043439754717904,0.0010981971080028083,0.004999554679426344,0.005164070366849431
0.0013676991241468345,0.0010101582146929899,0.0016562895748206618,0.007245552780843852
0.0026478048298478724,0.0018254000850658199,0.0006286764254283273,0.007858137626006154
0.002699170049387462,0.0021427643765201095,0.00017857385248682477,0.006472038569124159
0.0017619374505610864,0.000505327272479459,0.0014162742594177853,0.006860292582614354
0.001558586639022251,0.0006556577103757142,0.0036390791557315014,0.0065356585219922365
0.0009004258449069295,0.001102491518285281,0.005013533306452205,0.00516145834134297
0.0013635087730279542,0.0010088107212642456,0.0016623942271706926,0.007244413922552581
0.002642436536921878,0.0018198967060261205,0.0006294645324601635,0.007852102544984568
0.002701502799516822,0.0021440937746841915,0.00017776487199748923,0.006465575740607096
0.0017639146423148212,0.0005060568727334051,0.0014083059022776448,0.0068681260336856485
0.001556035530976332,0.0006506018084660305,0.003624382411157114,0.006540646615378324
0.0008972807492785059,0.0011013895715973935,0.005009906395720549,0.005157594758381877
0.0013593556872674702,0.0010079579407269012,0.0016677997700459176,0.007242585387948609
0.002631158894865582,0.0018104742075683538,0.0006331575253196257,0.007846690603048226
0.0026968308513414686,0.0021395854983826826,0.00017962806473423187,0.006457995627814657
0.0017652156465034821,0.0005064206916963531,0.0014030094469057682,0.006873448544287684
0.0015550788903465152,0.0006432325529109591,0.0036025879515368415,0.006549821980275879
0.0008949535117451411,0.0010948907235971816,0.004988799818620929,0.00515269164051298
0.00135552366001104,0.0010075688744201744,0.0016719687447722138,0.0072401121309443265
0.0026148323722552484,0.001797807646726157,0.0006394542540161146,0.007842150789515489
0.0026853057393012637,0.002129535718274326,0.00018402984566520287,0.0064496358334798385
0.0017654519017610915,0.0005063192873174668,0.001400663862886921,0.006875963817371366
0.0015556012585014312,0.0006340764919215401,0.003575154157179312,0.006562617038987764
0.0008934375314079115,0.001083509575017116,0.004951627604250165,0.005147107308431007
0.0013522355502339663,0.0010076031761610657,0.0016744287313085783,0.007237033026412732
0.0025947293965562276,0.0017828090280087863,0.0006478636965890244,0.007838583045505056
0.0026676888474670857,0.002114643071356156,0.00019071332547696695,0.006440869731286905
0.0017643494340378442,0.0005056599985801568,0.0014013910831941184,0.006875526737357282
0.001557383563639046,0.0006237872525830311,0.003544036678683735,0.0065781530863099945
0.0008927066949336505,0.001068173176337128,0.0049011011748861626,0.005141303563964794
0.0013496921370624573,0.001008021681496466,0.0016747674982557303,0.007233448935934038
0.0025723823417211264,0.0017666058210214731,0.0006576782647837212,0.007836058356285518
0.0026451648526202814,0.0020960366786732217,0.00019927259566301152,0.006432211229144694
0.0017617208219952187,0.0005044229175538548,0.0014050910385462884,0.006872205042684471
0.0015600808003328956,0.0006131019044109731,0.003511497397477239,0.00659526018064605
0.0008926933465707482,0.001050130563320272,0.004841099083156104,0.005135759704696717
0.001348107098591557,0.001008751191321629,0.0016727476069301969,0.007229472526654399
0.00254954619406412,0.0017504050908093657,0.0006680488598097179,0.007834488850001285
0.002619346918500053,0.0020751559950146358,0.0002091274364597218,0.006424128739248916
0.0017575032513045513,0.0005026504961663403,0.0014114575727576697,0.006866309699819594
0.00168586937268508,0.0006071916415454235,0.0033222862194738495,0.006958763587975042
0.0009672921366744202,0.0010839009975285637,0.004466545670870933,0.00511017564545551
0.0010854540091345783,0.0010321111530498975,0.0019062197131762834,0.0069718372705921015
0.0022873099270912674,0.0014714259846841079,0.000744421932326558,0.007504838948140083
0.00274610858342734,0.0017250955355412932,0.00026658491241504114,0.00599696216537259
0.002146587327849722,0.00041879245638821116,0.001606526171835047,0.0066535680811370766
0.0019330165724154517,0.0005703740601083156,0.0033628528913724623,0.006589873615809044
0.0011317990762687432,0.000990504699914195,0.0041394891921865355,0.005046738926688145
0.0014190117507652457,0.0011845763373308643,0.0011660616050220402,0.007648132069949606
0.0023929764284999007,0.001841223710399579,0.0004379458019443734,0.008504255740379902
0.0024456009161434584,0.002109867704178749,0.0002065443696290971,0.0065231985398585155
0.0020018481182124174,0.0006859659894929411,0.0012887902735135295,0.0064769365605409305
0.0017955589145741003,0.0006333664966721922,0.0030772053770927693,0.006479957396927497
0.001021350166227954,0.0010229929924550113,0.004259724806656235,0.0050885167549716386
0.0013837030061233824,0.001143681266115856,0.0014629273130040365,0.007240378707710697
0.002466676325120344,0.0017377271189348686,0.0006151821170461227,0.007726135969991092
0.0026334095955309693,0.0019704527534276824,0.000290731239872913,0.005932593179638426
0.002026622315389538,0.0005289607180962034,0.0016830588615696193,0.006659470401324821
0.0018625981361138008,0.0006008261530481472,0.00344725772859039,0.006845185852623966
0.0010157517246111253,0.0009939392423883885,0.0042786399341535,0.0051245115737728044
0.0012352608638759276,0.0011843007007866654,0.0014371503282202555,0.007279440047008437
0.0023214706161331163,0.00175888927127846,0.0005758399928312867,0.008007808546802516
0.0025611110885304053,0.0020084152179356517,0.00025883030992385745,0.0061923601252873
0.0020693240808628455,0.0005629505144191438,0.001429524338616891,0.006503076010876826
0.0018595602012199009,0.0005351822034714727,0.0030969512142101007,0.006596101911917141
0.001039450603874023,0.0009210151241061614,0.003991347477618229,0.005151843408784476
0.0012994360743055604,0.0011689114247095966,0.00126516457854219,0.007548714070501558
0.0022652549612563735,0.0017332645897908947,0.0005370905270432583,0.00821579906423057
0.0023890739296776654,0.0019145543817579724,0.0002845075861440303,0.0062794528780925965
0.002014999030460119,0.0005060663491253448,0.0015540791314552003,0.006582589223048318
0.0019134508099760167,0.0005095548145030202,0.003227819390527851,0.006817451194763095
0.0011156851097322586,0.0008324875723470242,0.004055044508400578,0.005165906224789354
0.0013101776291605622,0.0010621413883052228,0.001434902751903467,0.007314200497201785
0.0022627388568494063,0.0016232222521272268,0.0006236737363656681,0.007985721530716059
0.0023683778446593365,0.0018375842868075503,0.00032075640862620194,0.006228081806255459
0.0019562555859127845,0.000492599252258493,0.001581036908556939,0.006599215001868539
0.0018502770581352716,0.0005114130877047174,0.0031556150785353055,0.006784620273962513
0.0010390656041196584,0.0008402916309609064,0.0038575112142161944,0.005189589907756166
0.0013030322808304624,0.0011219142565748043,0.0013052641553665065,0.007455392592119148
0.0022663442783656946,0.0016786250906354922,0.0006030764189461415,0.008154292623636634
0.0023474713838593296,0.0018640967285477924,0.0003168734914563202,0.006342106767092165
0.0019139915874726253,0.0004950352910752381,0.001540533980947625,0.006565448880918932
0.0018195911415005994,0.0004958033377811098,0.0031313066489531863,0.0067917600822024245
0.001035446626259441,0.0008146122848726461,0.0038687392424866015,0.005200931272200083
0.0012995740104227939,0.0010991886600233943,0.0013671850202622885,0.007341534613699426
0.0022363560574906144,0.001658205226533907,0.0006389980565640326,0.008005568266288194
0.0022794272803946976,0.001830008220094449,0.0003413700979444426,0.006289843347881565
0.001864062653017311,0.0004760632196856439,0.0016138202036851666,0.006622296844039345
0.0018077165948725627,0.0005079532629674167,0.003206226135336113,0.00683314145199942
0.0010432528879272724,0.000806995826724351,0.0038836028253371605,0.005197149961199863
0.0013523714513552986,0.0010811587796746883,0.0013561473323848996,0.007317556931839919
0.002305642872491954,0.0016626817788810099,0.0006304829895112386,0.008022685173481139
0.002305215815477598,0.0018393535652440494,0.00031817448641887627,0.006350289830153244
0.0018278347537613933,0.0004906314769416764,0.001560191074332609,0.006592150782040371
0.0017637835142249373,0.0005361166257461132,0.0031704426663166875,0.006753043717678551
0.001004136025226431,0.0008466244531836913,0.003864187791643255,0.005187055540362707
0.001351740301554753,0.001089237274599484,0.0013320133533332819,0.007338088728311082
0.0023476880154408553,0.0016771471965249412,0.0006228212247644052,0.008002141048072708
0.002352110313521734,0.001840597412614511,0.00030412047701845567,0.006334949191715664
0.0018178878566660857,0.00047432292051247853,0.0015781325317990604,0.006611168890689541
0.0017539560845048804,0.000549452180188931,0.003255269323067725,0.006763391577209397
0.0009980487820670514,0.0008619931248725007,0.0039719403059072286,0.005177008367694735
0.0013480886295008552,0.0010770763395523265,0.0013727580152771254,0.007272726465154278
0.002369846671718988,0.0016970868407509413,0.0006250686494375301,0.007941097396438005
0.0023625898219542785,0.0018763383539451858,0.00028840656402031494,0.0063427266667005
0.0017861688686103844,0.00048171397058092367,0.0015630966627437647,0.006624030471778478
0.0017168079199132418,0.0005725659306516017,0.0032989171163361935,0.006704056793506978
0.0009727232396262892,0.0008891804391754251,0.004058531697801224,0.005168058720112447
0.0013762554914320824,0.0010779656334276876,0.0013624333015409306,0.007282470032906383
0.002442563967366315,0.0017406892855521326,0.0006066917845565689,0.00794596133016746
0.002415237602912799,0.0019273814725191745,0.0002597729083712459,0.00637367534441953
0.0017630984332211639,0.000487546999818945,0.001539273397899558,0.006632910991726917
0.0016869323869034521,0.0006017278780019011,0.003364539365217225,0.006657148101054601
0.0009479203740979748,0.0009322281054926396,0.004194526012403844,0.005158839920394563
0.0013688857829310499,0.0010659370627387013,0.001390442903398218,0.007258944294093879
0.0024995997973558557,0.0017645976403520259,0.0005977523709065606,0.007895130990310344
0.002488008644897713,0.001963279739593545,0.00023435509348298042,0.006369699928625702
0.0017582071673333272,0.0004781037582968179,0.0015369948069456052,0.006654917986760022
0.0016702707999526245,0.0006267641931824862,0.0034605776067813026,0.006615547359741103
0.0009331799132572621,0.0009733383365462873,0.004349285334426072,0.005151737818931723
0.0013668516286109388,0.0010575803477808913,0.001400550648220881,0.007262247385180805
0.0025559115352052244,0.001805340899710084,0.0005744764337065085,0.007896014388887604
0.002541558835764894,0.002017210592870375,0.00020246605015045375,0.006383769786991528
0.0017491168646341828,0.0004808492082238872,0.00150108395643105,0.00667049109072435
0.0016433501713754765,0.0006512754968171541,0.0035292460440014923,0.006549096059236706
0.0009153141610576754,0.0010180838925034034,0.004516474573403078,0.0051514613657393255
0.0013736617273509874,0.0010494040099333812,0.0014111190084243634,0.007267124931306915
0.0026242554858639452,0.0018519311702323603,0.000552352610625774,0.007880966695706667
0.0026022184860615156,0.0020756927151593684,0.00017445301315565894,0.006385365350377423
0.0017388396363191706,0.0004809580596217189,0.0014834565695301218,0.0066983725664075695
0.0016196303119909456,0.000680691365562236,0.003629581552148639,0.006502080363246303
0.0009001540579077503,0.0010709660306577802,0.004719293280855878,0.005153783504123363
0.0013735430585024777,0.0010373192376613263,0.0014374000305934754,0.007254582709801142
0.002695827957448072,0.001895194643614744,0.000533023882987938,0.007851614892476908
0.0026772843181032857,0.0021375663774614684,0.00014747755697130504,0.0063845459546925
0.0017348241199227898,0.00048181186606336047,0.001456165916683769,0.006725425013739528
0.0015945674217781314,0.0007099682273137308,0.003716941869332328,0.006444273747486126
0.0008846680450997506,0.0011316349351616032,0.004915330026924023,0.005161469035717375
0.0013735795505316268,0.001031220172982251,0.0014470685897811056,0.007263144138006666
0.0027615545672091658,0.0019402857909081972,0.0005053702543351426,0.007830731787564799
0.0027545422771947763,0.002204407271511911,0.0001221047055988323,0.006397274681124968
0.0017353074145816366,0.0004839273364094655,0.0014239853956210038,0.006753470879434993
0.0015725787727791328,0.0007382596847877688,0.0038035906303235762,0.006390235684816503
0.0008761224616249712,0.0011951726399032673,0.005128750827047237,0.0051712258175085
0.0013743390851353576,0.0010209628191923457,0.0014685151403143113,0.0072590214973580255
0.0028226266738885573,0.0019769105161064494,0.00048172518728405124,0.007789939608104829
0.0028316466326007966,0.0022689134964139525,0.00010194972091549791,0.006407158492597984
0.0017370047673043174,0.0004866360510391482,0.001397980860332226,0.006784762460926785
0.0015511827017887286,0.0007671315690166789,0.0038902162342025377,0.006340742202693613
0.0008690363280558531,0.001261753576613917,0.0053411079764317925,0.0051828342575380255
0.0013770270635370752,0.0010136188732424523,0.0014879441390071907,0.007255396170585474
0.0028839614233990233,0.0020131611924795122,0.0004588839172234382,0.00775590488765567
0.002911588128850003,0.0023354552452911547,8.534608604640067e-05,0.0064201810221074474
0.0017420826958076067,0.0004927755515774522,0.0013656104427611099,0.006815051150699957
0.0015284783383535748,0.0007928563906945407,0.003959758006424702,0.006291781642983374
0.0008620749538905329,0.001329720272310373,0.005544248889587702,0.005195542289518601
0.0013774544411514565,0.0010087892626776986,0.0015086028891314858,0.007251236541415877
0.002937241079416465,0.00204385332200742,0.0004390634042251309,0.007723819585534769
0.0029876588693756516,0.0023962386661672296,7.355691382830174e-05,0.006431218899787007
0.0017509973606244687,0.00049842837422085,0.0013385519068473235,0.006845644355874892
0.0015092425720278117,0.0008136646364237933,0.004023533365031786,0.006251729884974013
0.0008575508684316222,0.0013893682308819472,0.0057270703656597585,0.00519486849107753
0.0013757313006590788,0.0010034966909541689,0.0015364418171768656,0.007242905907018896
0.002975649081923423,0.00206356558890586,0.0004245383987022734,0.007696580884018279
0.003051376104781594,0.0024482232962886367,6.669848768240287e-05,0.006443440620938733
0.001762529242047662,0.0005057749695117837,0.001311651235342332,0.006876982636389426
0.0014917819860239259,0.000826284817547411,0.004063278108541167,0.006219592424621873
0.0008539902175821844,0.0014395430429156137,0.005878034221177475,0.00518887485232307
0.0013706323955231681,0.0009991091072416166,0.0015692608649968776,0.007232479001131482
0.002996303992221802,0.002068308037483381,0.0004170545766364776,0.007672965856842293
0.0031011389430039434,0.0024830879565612375,6.420903252702642e-05,0.006448986617029084
0.0017778907664538484,0.0005118031529053378,0.0012913717924337375,0.006906121627154439
0.0014797261684112051,0.0008294373870938714,0.004082039158082097,0.00620104019455898
0.0008532506398338096,0.0014747388612009465,0.005991164915221419,0.005177533643916916
0.0013658826412330082,0.0009957276208737466,0.001605577805634818,0.007219567530081243
0.0029989095788318554,0.0020580012476287446,0.0004176222553210038,0.007657975255780432
0.0031323899054195125,0.0025006098018570296,6.52194902685805e-05,0.0064481762199326
0.001795482978068282,0.0005198173949722076,0.001270910052948803,0.006932655974967272
0.0014705718169677957,0.0008213227742835495,0.004061784661769234,0.0061955050642513165
0.0008512352654546406,0.001491499188480033,0.006047248905267964,0.0051630173218202
0.001361843673896616,0.0009954716714744719,0.0016400699331949257,0.007208448439092035
0.002982925307829827,0.0020336067515886137,0.00042774019787481367,0.007652883480162699
0.003143317188071011,0.0024979698818924753,6.900660462028484e-05,0.006434549659535748
0.0018148091931688207,0.0005281287102488208,0.001252839528211579,0.0069561886154045505
0.0014665232051789085,0.0007998200346795529,0.004002788942955338,0.006210515343319423
0.0008481121119937691,0.0014839723706389408,0.006038104274273478,0.005143875599115938
0.0013552791406509326,0.0009966952942306088,0.0016763636952491683,0.007197403261669464
0.002940980561504073,0.001991428844446305,0.000450778837885525,0.0076555636615438
0.003127131729006987,0.0024711488694967427,7.609646097815442e-05,0.006406200079334583
0.0018348092621210232,0.0005357044804236358,0.0012370701570775205,0.006976454278698968
0.001469453095610694,0.0007625100150788953,0.003897926577129709,0.006250625746909556
0.0008445714947504417,0.0014457268169795734,0.005946078103608503,0.005123492896551123
0.0013463756697627066,0.0009987825348407994,0.001708705090237038,0.007191933574516851
0.002860738505214497,0.0019253461559075034,0.0004865436811242382,0.0076488231341148875
0.003076443762495384,0.0024166018745364294,8.840843397873885e-05,0.006366316381061679
0.001852962946364209,0.0005417966100216662,0.0012242009018842903,0.006990503079583388
0.001481496798485555,0.0007098484535657707,0.003744888308681372,0.00632015646215552
0.0008387443021768627,0.0013687754541012022,0.005734509612232049,0.005082937393454887
0.0013282435724664482,0.001000918042786573,0.0017403000522812175,0.007191043946314002
0.002740580546237098,0.0018380436203959101,0.0005412032190994485,0.007655320067554099
0.0029799203321321643,0.002327324395439519,0.00011149509170987835,0.006318825225808629
0.0018659083722098407,0.0005422848623083136,0.001223096338101316,0.006994653088653729
0.0015074848729526534,0.0006436677148416501,0.0035542634189061283,0.006426315595576845
0.0008386491707114298,0.0012548984279683565,0.005412157897196847,0.005035218158301416
0.0013027612925670777,0.0010010987167701948,0.001772848572675015,0.007181345182609012
0.0025860925148471782,0.0017315584577521695,0.0006176539353414828,0.007666693070969524
0.002834172932478027,0.0021991260428213563,0.00015381838666437457,0.006271498793836691
0.0018678318544603425,0.0005342587946860569,0.0012446592487722243,0.0069785103667386866
0.0015484582955684982,0.0005744332963961553,0.0033447980917847395,0.0065610538782492015
0.0008517711292537951,0.0011157762247230366,0.004992368247388901,0.004997582638274208
0.0012876411433953123,0.001001836076536939,0.0017797621038714436,0.007167520038356743
0.0024302778843520267,0.0016270076474021128,0.0007040127026397697,0.007697317969556051
0.0026546093370259385,0.002050557100920882,0.00022031542603620616,0.006245535399520191
0.001852188534881889,0.0005229506975794872,0.001285811489987444,0.006933559933238622
0.0015948381109857476,0.0005146797685551986,0.003135942838604408,0.006703342797423834
0.000876803859041931,0.0009778231527151882,0.004524751453702097,0.0049836057146577135
0.001284189844808138,0.0010055750444819054,0.001757539525470413,0.007144072808613107
0.0022947856109807453,0.0015366075173208309,0.0007902524487340743,0.00772809271647735
0.0024573881651097315,0.001888863912792837,0.0003097397146685659,0.006208006193020526
0.0018239460320147183,0.0005046563607377004,0.0013533670048621474,0.006862620011335832
0.0016428883923952878,0.0004679420975011693,0.0029665452342787,0.006834515573185959
0.0009165209316334576,0.0008577238938060647,0.00408196778890254,0.004997083888485166
0.0012969392449379846,0.001013190456189518,0.0017060754454593728,0.007113967016850098
0.00219174416511776,0.0014726582764080984,0.0008589944261067144,0.007758711459306221
0.002265038650868799,0.0017446286721947597,0.00040807001623979723,0.00617636466641336
0.0017833935834182244,0.00048725307666935396,0.0014364579437822563,0.006775321322545222
0.0016805494778860963,0.00043819718169596327,0.002850704674193868,0.006925475091103969
0.0009617009721177138,0.0007688048140120461,0.0037204827234409,0.005027517064422745
0.0013287234247882224,0.001023742888013572,0.0016341327717396337,0.007086783166430792
0.002134667179333708,0.0014373431995478186,0.0008995623351918354,0.007782211389068612
0.0021170237473448314,0.0016403608473290606,0.0004940635926253368,0.006166252203138718
0.0017377443725551066,0.0004736403484777101,0.001524957130464966,0.006688805162864661
0.001701787209066952,0.0004255008438780745,0.002799381691594013,0.006972678246445564
0.0009976191225181796,0.0007149018565967642,0.003475769927898896,0.005058499112599922
0.0013649031022677364,0.0010356885953720417,0.001564473400258119,0.007061630482279577
0.0021176177093271665,0.0014259632554434437,0.0009132822790947761,0.007789275175800079
0.002026891601846849,0.001577781728250068,0.0005501051671842725,0.006162473851286571
0.0016984349690185839,0.0004642009700652742,0.0016016090467044079,0.0066170316152052485
0.0017075361089224415,0.0004249111586584547,0.002801289542104438,0.006977191170134929
0.0010164773214124266,0.0006889387538962892,0.0033472400837102076,0.00507733422001978
0.0013962130353487971,0.0010474526127431075,0.00150577433555823,0.007047603305804455
0.0021285206201089282,0.0014354586411345746,0.0009036965457181476,0.007791301473228434
0.0019853617315318635,0.0015539523981564606,0.000569026426969352,0.006164285072173202
0.0016675706197742124,0.0004594389545810412,0.0016538903403039889,0.00656617062262851
0.0017008540705846596,0.00043284183999379837,0.002840229990994767,0.006949019957497198
0.0010184005559015095,0.0006822237613874026,0.003318496349469566,0.005080482740260293
0.0014197857840418764,0.00105467983970228,0.0014655646181342694,0.007041141771839019
0.002159801113017832,0.001458612604873571,0.0008800158571597139,0.007786543851356654
0.001982954765120801,0.0015592141075414458,0.0005564893884023823,0.006166829317532561
0.001644871185007764,0.00045700036754815234,0.0016821511183064985,0.006538793484935901
0.001685862183577527,0.0004471165433443612,0.002904600812406233,0.006902977097812418
0.0010059007915300192,0.0006899755832896512,0.0033652297288053763,0.005072364886319661
0.0014331158408913136,0.0010566369757834854,0.0014420526541571838,0.00704166590375291
0.0022049077260642156,0.00149037020028872,0.0008482405720006457,0.007779405602795603
0.002011807567293905,0.0015852022159198655,0.0005217095681194985,0.006172218601136755
0.0016298320741021464,0.0004549192762608882,0.001688637307023216,0.006529770682359451
0.0016662624242537343,0.0004653748073614464,0.0029832524406444606,0.006846314843978553
0.0009840195749968278,0.0007086718765074798,0.0034643461551612546,0.0050586839378882606
0.001437123841412795,0.001054278144532751,0.001429932284967547,0.007049579762041134
0.002257724911723059,0.0015281154861559788,0.0008117570193063512,0.007773353098658671
0.0020614606287565323,0.0016262519124681343,0.0004741885851747434,0.006182682152469575
0.0016200732308162113,0.00045237767468118105,0.0016798220616009055,0.006535069935284747
0.001644709005196811,0.0004862114368577533,0.0030715062887917938,0.006785801063423097
0.0009581437662416497,0.0007353964842497157,0.0036008965630448912,0.005044323248607483
0.0014356633292656538,0.001048137659219028,0.0014262796360078763,0.0070607371408934
0.0023163262257376266,0.0015701063564644712,0.0007733427755650218,0.007766887213961696
0.002125124633356706,0.0016787971571528765,0.00042123686812041026,0.0061985943834394555
0.0016128817787515548,0.0004497337799456244,0.0016614251671817149,0.006550628277860173
0.0016217229356278139,0.0005097211501852278,0.0031663660371551027,0.006723770796825015
0.0009306659767640985,0.0007696799062226734,0.0037635258375439003,0.005032381343112945
0.001431469988278173,0.001039925556476293,0.0014272312936213472,0.007074174883642125
0.002380837839198516,0.0016160356288106687,0.0007339803308753731,0.007760368724364301
0.0022005178796569084,0.0017407672877965043,0.0003670786844019402,0.006219977604219243
0.0016073303074760242,0.0004472102622345297,0.0016369567538315143,0.006572573165104166
0.0015979773649308197,0.0005360060105333901,0.0032663534333933495,0.006660951610870091
0.0009034231998039417,0.0008116052285104763,0.00394596701817594,0.005024359199185898
0.0014256588840152106,0.0010308369775220605,0.0014308607375911385,0.007088335623789554
0.0024503874493322845,0.0016656831587720656,0.000694176425585027,0.0077528181250893086
0.0022854772285088375,0.001810786453301306,0.00031431038619679236,0.006245986177701763
0.0016030792503720062,0.000444977565823542,0.001609334753166138,0.006598707309906469
0.0015741727581252065,0.0005652142393317713,0.003371643202555301,0.006597482333733505
0.0008781368976257504,0.0008611509080733453,0.004145656704872373,0.005020745585660524
0.0014199414643406322,0.001021483874293736,0.0014360257008741019,0.007102021411385261
0.002525216658420125,0.0017191865913856797,0.000654044213216808,0.007744054460472316
0.0023732033908161906,0.0018841534538319943,0.0002636606601797298,0.006262148463876562
0.0016005182891394073,0.0004434422819875762,0.0015782680110328399,0.006627202234446626
0.0015502891052736826,0.0005967834141510565,0.0034797705858300985,0.006531444126193909
0.000855835083988707,0.0009179276417925303,0.0043601137971016266,0.005022026156027077
0.0014163335576124845,0.001012805551584241,0.0014406322910070345,0.007116463906243782
0.002605217090498184,0.0017773970264148115,0.0006131809371144123,0.00773609184835756
0.0024585283177156274,0.0019588176957445703,0.00021624714645105807,0.006263823044680826
0.001599659324328744,0.0004431978260225878,0.001543582032609874,0.006658018679802574
0.0015264425522137344,0.0006300778762034811,0.003589228822259938,0.00646376824729511
0.000837512921904223,0.0009813335363873172,0.004589546163505272,0.005028751884757104
0.0014157361358948179,0.0010043624186643052,0.0014460309487921393,0.007129386584882441
0.002687958165655978,0.0018376321147193374,0.0005722222793060907,0.007721172797306622
0.0025481289479619925,0.0020394184746752313,0.00017431898905765586,0.0062714012174960405
0.0015994605876489389,0.00044463278418150904,0.0015086675540516175,0.006691215097572199
0.0015027475872027597,0.0006662493962298513,0.0037019156630601555,0.006396717328795492
0.0008229343680388471,0.0010527653311555357,0.004833782724686054,0.005040668372152393
0.0014167399252198827,0.0009958374287483153,0.0014540675969414766,0.007138325864860013
0.002767473155615184,0.001893191702045425,0.0005312881158944966,0.007679644882058354
0.002645039794747566,0.002123470856659452,0.00013827069840536337,0.006281905836792179
0.0016019169439998122,0.00044724760978141634,0.001473511882593259,0.006724564626743429
0.001479484279615977,0.000704508414917841,0.003815032500703497,0.0063287031430687936
0.0008119583836714966,0.0011324210616603745,0.0050879367863796154,0.00505720711464261
0.001418545936698555,0.0009890395863415649,0.0014619802722449205,0.007146125663934816
0.0028490063410597567,0.001949971681617116,0.0004913789507232394,0.007640453230067593
0.0027465045522490975,0.002210830612433987,0.00010839492448115244,0.006297652869112688
0.001607336412315246,0.00045149020335061226,0.0014384519489216252,0.006757680503736219
0.0014569567975622286,0.0007437852294874567,0.003928406148086108,0.006260615915177734
0.0008056378625506618,0.0012184475370651034,0.005354215044619635,0.005077617093353479
0.0014223775655857846,0.0009829925663539804,0.0014729547264927816,0.007149025816963113
0.002931520955363517,0.0020060412615869184,0.0004538483886876758,0.007600264866052431
0.00285009457778423,0.002299907179139264,8.530515125754841e-05,0.0063179198322018655
0.001614879559806284,0.0004576419906281185,0.0014054880870983544,0.006790602638984925
0.0014345573396935228,0.0007836634868723302,0.004041332513158419,0.006192941322046088
0.0008010570087169298,0.0013062702502761303,0.00561490635862516,0.005088431316520672
0.0014257623223100412,0.0009781482813419875,0.0014879102681213327,0.007148658345501548
0.0030096017683231935,0.0020589752832040624,0.00041942400997455927,0.0075621604157576575
0.002951893650926083,0.0023883548689743084,6.93045772396931e-05,0.006343554535893968
0.0016251371591522396,0.0004653433949575004,0.0013746809880585873,0.006823963842500265
0.0014110241462944675,0.0008200890328199574,0.004144253834190108,0.006120270112528924
0.0007994961217900232,0.0013916889507962279,0.005867899192469075,0.005093523317517057
0.0014297629495365817,0.0009735775237731965,0.0015081994163988512,0.007144789372052633
0.0030781469947555444,0.0021039681701346645,0.000389107112930881,0.007522687362680891
0.0030471888703058818,0.0024723469357472096,6.0393038219345226e-05,0.006374283484348793
0.0016373527575812988,0.0004745854247476762,0.0013463862578840114,0.006858018388170226
0.0013883745995731127,0.0008517452179508574,0.0042364477296826155,0.006054562217163367
0.0008012133832361362,0.001474204444104713,0.006113682747970848,0.005101382599556184
0.0014335558135638359,0.0009691537547212021,0.0015344249632620773,0.00713672132713217
0.003130002019059945,0.002133119549702193,0.0003634897500337162,0.007467382126139524
0.0031201435602104676,0.0025331853746848,5.722602799458097e-05,0.0063730879047755595
0.0016566766433770835,0.00048360372863036393,0.0013183651981697928,0.006892990821144501
0.0013695627198731738,0.0008732606571823928,0.004307820273155464,0.006001337900083694
0.0008064104908937194,0.0015497018040870113,0.006337403613683926,0.005105211920511122
0.001431583483026945,0.0009654406797644823,0.0015708909411165642,0.007122754301526689
0.0031591543918746165,0.002142841157913357,0.00034585327055609643,0.0074201962296090995
0.0031729753367368586,0.0025707511443480995,5.999424225732152e-05,0.0063679529019862015
0.00168092700760363,0.0004919066270813534,0.0012998357171276542,0.006924411710917998
0.0013573226765322772,0.0008868738546573805,0.004360440239172208,0.005962360517830762
0.0008159027169214132,0.0016095077426668543,0.006524031731539294,0.005099934466408683
0.0014388982272180093,0.0009633554435680594,0.0016106151351851495,0.007103672016310856
0.0031795222989287695,0.00213783757678541,0.0003364790329744035,0.007388037102577927
0.0032133230849069397,0.002593400465018468,6.619347681048094e-05,0.006363663179695901
0.0017067625809887481,0.0005066821083208367,0.001277435316355178,0.006954642191603669
0.0013457358381691069,0.0008924892609565911,0.0043671044815130795,0.005943255590709961
0.0008184938926973137,0.001655234348553837,0.006646189793690464,0.005088107453444185
0.001349378423419953,0.0009471198129775477,0.0017700418054248813,0.006943402666936348
0.0030311328862102816,0.002008946891784784,0.0003586614761818675,0.007216466237141249
0.003201816614440254,0.002518378699270245,7.639647325220972e-05,0.0063332350242848905
0.0017789654510240456,0.0005376482162926758,0.001164174501742916,0.006877420697595814
0.0013058588176893713,0.0007893616619816734,0.004026315748509669,0.005833189278845011
0.0008115884530004165,0.0015749623246707125,0.006373507218149929,0.005106321943214123
0.001340467037261964,0.0009911368487963879,0.0017194307560081923,0.006994533249676305
0.0028381435911955153,0.0019468268260646848,0.0003840920765862666,0.007301517519240462
0.0030175063701577357,0.0024251653218536747,0.00011115396009867049,0.0063653496044511065
0.0017630371336750893,0.0005384775576883765,0.001234182615712735,0.006880032294023333
0.001349357821751401,0.0007483689284224861,0.003960764927375238,0.005944635507008038
0.0008585771615109717,0.0014474324843472726,0.006227998770170376,0.005005733353113341
0.0014207210900408496,0.0009508946431240641,0.0018471297232742225,0.006881286249140343
0.00282072293023442,0.0018182575529153116,0.00047660543560317284,0.00723920921403016
0.002981834020423063,0.002335264757861094,0.00012411223560270941,0.006301983857556558
0.0017564031904035585,0.0005694661181723526,0.001225407497115306,0.006905160610783325
0.0013423658567684627,0.0007140552868354115,0.003640081408459385,0.006072040342837298
0.0007856501081303417,0.0013807168656868258,0.0056868329044017125,0.004948253424726135
0.0013691920681322596,0.0009955384837735035,0.001805941677471173,0.00693691894427485
0.002690297909968884,0.0017081670992494355,0.0005656821930894119,0.0073240241618079596
0.0029312278099865243,0.002185944880714858,0.0001430669604051855,0.006133895790263548
0.0018350337514238932,0.0005652061011876129,0.0011742942285191712,0.006888698379883898
0.0014139298161591856,0.0005866852503968618,0.003257968919200922,0.006288524653567977
0.0007849090674834761,0.0011745912041844823,0.005063352684719711,0.004885015674903255
0.0012857389783372765,0.0010100322635512929,0.0018525809936147523,0.006942826671204483
0.002360920295795596,0.001550397098164668,0.0007200910923927473,0.00738730603613168
0.002593940296782818,0.0019657671145086493,0.0002532306455185275,0.00606711052565906
0.0018138573327703567,0.0005438931720694684,0.0012347788777405666,0.0068526904653512565
0.0015095339782980864,0.0004707778588708366,0.0029261164712705507,0.006559246615573435
0.0008546716424381482,0.000907786822176643,0.004333203484821966,0.00487912217852946
0.0013044905028380674,0.000984478956471951,0.0018355727771228192,0.006906543554950309
0.0021553680563821224,0.0014046586119984498,0.0008774202219620917,0.007454187307888031
0.0022421573347171336,0.0017062806183369913,0.00041992874826379475,0.005993825437478415
0.0017407339616281766,0.0005149177591992951,0.001348829506359141,0.006739643586673473
0.0015788309955340216,0.00040852259453832626,0.0026570251376641625,0.006782641047301803
0.0009200544453067571,0.000733778830501256,0.0036076250726231234,0.004951240466863845
0.0013259065149646484,0.000987337906679874,0.0017136997520440533,0.006899663660259027
0.00202678767999657,0.0013074332905796966,0.0009825285145725754,0.007535514229999829
0.001992040403441005,0.001485577181561626,0.000610617181358122,0.005977322568139388
0.0016782873011021932,0.00046719604074275267,0.0015101720928612956,0.0065797229191066064
0.001778116609945081,0.0003634822807287943,0.0024037668495092927,0.007310466455816236
0.00113381751730578,0.0006230432140568803,0.0028494545716052284,0.00521740954354688
0.001211861180239186,0.001038180219818857,0.0016492727776793972,0.0066070713573499334
0.0017733004585761345,0.0011826830186356947,0.0010496962098732584,0.007316405827030917
0.0018123808325618883,0.0011887514440049715,0.000868440162243933,0.005683827949291552
0.0019234290822388467,0.00040610288899919266,0.001800681802657864,0.006296997203270855
0.002019438869208266,0.000352870438639855,0.0024093625940899946,0.006852623861071756
0.001382598054789832,0.0006115897007345614,0.0024419935671391377,0.005026179902022225
0.0015385845523852556,0.0011742441005038748,0.0010273360955230194,0.007268725866617483
0.0019139337958053654,0.0014070057581582198,0.0007269063134955413,0.008258630956266892
0.0016273371415050492,0.0014328156184770025,0.0007170974320498239,0.006303817510728731
0.0017079085911263711,0.0005677706378318838,0.0017739685583639845,0.005895598960920933
0.0019071318692809724,0.0004289184702099953,0.0024551838264603183,0.006705936243320826
0.0013390774932724614,0.0006347793086475032,0.002545934332174952,0.005073446141228173
0.0015374721863091196,0.0011888651698054443,0.0011898873934039385,0.006738604784081399
0.0019569978487877474,0.0013987029614585663,0.0008455341881264081,0.007450686636357333
0.0017051247075084246,0.0013539066090920305,0.0008881209202340212,0.005680949506274517
0.0017610963515677762,0.0004871412495584814,0.0020886659885223095,0.0061579644201717205
0.0019062890673553169,0.00042738236276552565,0.0027694974277374376,0.006866116960057307
0.0012535356576202996,0.0006557909920101171,0.0027060845762711797,0.0050701994029141925
0.0014879177383709443,0.0012417101894382889,0.0010730369730157893,0.0069605535401140615
0.0020255820915165766,0.0015076606313412426,0.0006857050864351742,0.007868618682358034
0.0018065713224095423,0.0014840426647568395,0.0006486934482744749,0.0060573190831359446
0.001739870711209057,0.0005172844141811,0.0018262817461241966,0.005940511149277779
0.0018502960125022143,0.0004283190986465953,0.00267392543737867,0.006561104515806842
0.0012175813320125454,0.0006534337652651964,0.0027780181607344754,0.005027469992840701
0.0014690579678506485,0.0011812083956739036,0.0010770408525385623,0.007016923392217787
0.0020202812027489314,0.001474407828807622,0.0006607005244028628,0.0077310473316141715
0.001809559725012739,0.0014257460622178865,0.0006297611298995171,0.0058739828266199225
0.0017759039273933415,0.0004538886549096951,0.0019419913530083742,0.0061563955788773534
0.0018820966429953635,0.00042235236538395494,0.002919240840489298,0.0067200354676616655
0.0012138858717002648,0.0006220700219648852,0.0030373734272938725,0.005023495777958117
0.001483118307433074,0.0011107814413254817,0.001136273132313827,0.006963801208621001
0.0021107742741019887,0.0014860683352186453,0.0006320861459617978,0.007746242235854131
0.0018994747970854464,0.0015066486217521196,0.000527295734948311,0.005993294511080887
0.001714930999232784,0.0004820954171021845,0.0017693242229982523,0.006124958254175998
0.0017587751799577906,0.0004498240522795907,0.002838025374365315,0.006543408963630962
0.001074372480342184,0.0006815199327451205,0.003074928899583841,0.005021450053932745
0.0014327616969658137,0.0011363417892569557,0.0011133914609679752,0.0070766028894639205
0.0021487188780581683,0.0015307546040074244,0.0006210420489796205,0.007758008871486885
0.0019778891884987978,0.001547702977654538,0.0004915246483096186,0.005982483522072821
0.0017091832884454726,0.00045345512035375573,0.0017589731915187631,0.006210667046293911
0.0017385038777586685,0.0004383969905002082,0.002942268298148322,0.006621903819254179
0.001043942335871977,0.0006715219324673034,0.00326177298499494,0.005030787680536274
0.0013845524178037534,0.0010947151807768726,0.0012095342238393674,0.00696975126805105
0.0021307195653217114,0.001526083300024648,0.0006399501663835907,0.007649065841983572
0.0019716031527777177,0.0015713500862571715,0.0004679295331481559,0.005983423956583826
0.0016773905591581848,0.00044993415339615833,0.001717278618303768,0.006267533071272148
0.0016972222284221208,0.0004469537783255245,0.0029473551211013777,0.006575767874974213
0.0010118118478376556,0.0006809068635143594,0.003301065568788499,0.005028288178614225
0.0014174497782098682,0.001078581058586499,0.0011749720083423815,0.007048001213857694
0.0021981908824754044,0.0015405625581112648,0.0006107040657098938,0.007729923901024237
0.002019246806039471,0.0015964761053747156,0.0004182748488317545,0.0060663710199412545
0.0016527333962583575,0.0004499395353778927,0.0016508071885582985,0.006281177632879756
0.001664435806156094,0.0004604966074533009,0.002946016181130431,0.006557883611735574
0.0009750279640828772,0.0007012719849458503,0.003359036927390731,0.0050333085817355116
0.0013863236690910257,0.001055454783715423,0.0012100017512022554,0.007019939272641214
0.0022114914501214717,0.0015292191768222962,0.0006214270536980752,0.007650593891141731
0.002054399760431542,0.0015883342757862966,0.0004070247797909978,0.0060331291968867915
0.0016456215223561452,0.00042792733876294156,0.0016636471538122402,0.006331932167054566
0.001652125104003349,0.00046399722861753084,0.003007454089836698,0.006578615442460171
0.0009575276281343382,0.0007066200363361723,0.003430291389523447,0.005034920394848028
0.0013808788852819462,0.001046911702743424,0.0012216017956242723,0.007009271229443284
0.002229983571140032,0.0015512709790416605,0.0006137317033579448,0.00765469046652398
0.0020622462156582107,0.001625724840863325,0.0003804030864524771,0.006077960836812202
0.001613421521017452,0.00043595709059441836,0.0016167985678751326,0.006339508504633223
0.0016137520256296219,0.00047701008628017657,0.0030075099745905175,0.006528418115408734
0.0009284759768336161,0.0007226410842353335,0.0034762295454174134,0.005033214597125702
0.0013940900118137604,0.0010432021015998282,0.0012196740561011914,0.007015528774026551
0.0022742571473901023,0.0015737496788227247,0.0006060168358640037,0.007637254289037004
0.0020923660958506334,0.001648852477268303,0.00035899194284089056,0.006083937382922797
0.0015938812937516184,0.0004319847578239304,0.0016122818694265218,0.006363712222223391
0.0015954899709033155,0.0004944331063590333,0.003064153183768078,0.006523193042678158
0.0009086480594760514,0.000743151855253558,0.0035625341920654183,0.005028221340755419
0.0013846458370862,0.0010301166858334224,0.0012429921355933842,0.006987946070042261
0.0023082496219159502,0.00158554570140973,0.0006017420405252731,0.007598002487217174
0.002132829708251403,0.0016679030517660449,0.0003355370257826218,0.0060848437854360326
0.001584877947884883,0.00042695996617961394,0.001596475374106327,0.006377383594047365
0.001577850323057315,0.0005108386864172435,0.003104627256019653,0.006485239742133825
0.0008895529554610674,0.0007665876558934046,0.0036305625729117106,0.005021909126224977
0.0013859832636951251,0.0010276106906103864,0.0012346991748997881,0.007005905508926227
0.0023478888493885376,0.0016145571963629703,0.0005819395307163065,0.007609534609524536
0.0021691522198678025,0.001703074006130273,0.00030606553330025964,0.006111221145885892
0.0015724241233626474,0.0004270893489312115,0.0015718023684435348,0.006387704106323745
0.001559145764442063,0.0005288028214932124,0.0031519261745639234,0.006447544116888864
0.0008724636196533992,0.0007909383755759829,0.003729550957613529,0.0050156540413724944
0.0013860793969245567,0.0010185679888556171,0.001248448268119331,0.0069949175744215275
0.002390897507847805,0.001640674538596812,0.0005708624039332706,0.007579865100311498
0.002210897719170119,0.0017382734845412902,0.0002820449024179242,0.00611529802362009
0.001560165579972992,0.00042481818924812865,0.0015639034527854827,0.0064077007670560555
0.0015409133807355315,0.0005502340849613583,0.0032191019234956235,0.00641572605310909
0.0008529913234969522,0.0008207634934837419,0.003840850515254415,0.005011261980877249
0.0013845286003405588,0.0010129060447558362,0.0012565443293934976,0.006992901761150358
0.002441048146595121,0.0016741594466900148,0.0005541700601272715,0.00756793087755977
0.0022654403014301795,0.0017837647923263811,0.0002534596421945725,0.006133330777249817
0.0015508726167031796,0.0004246569160040554,0.0015398698971606467,0.0064214100111126965
0.0015206204483974748,0.0005720501247484893,0.0032758192580639354,0.006369736416621009
0.0008330669553720301,0.00085600177455384,0.003955980181789016,0.005009341094190028
0.0013811129127837413,0.001007904742634255,0.0012604446619110246,0.007000147380333466
0.0024912445320009412,0.0017095605517410653,0.00053428386010242,0.0075581164155821366
0.0023156435443107675,0.001824884900511412,0.00022492487169399687,0.006131988431910302
0.0015458855606454455,0.00042178086033070454,0.001521227155015883,0.00644038035979142
0.0015053361065449512,0.0005938069419731973,0.003346592186100162,0.006329747754854266
0.0008192724276211699,0.0008919797224613471,0.004091725018937783,0.005008538684347034
0.0013793422268795884,0.0009992942559491746,0.0012703133693853874,0.007000882246052928
0.00254307095395494,0.0017453495027419492,0.0005144865007632164,0.007545267040999175
0.0023652558638916073,0.0018700524898723867,0.00019743205754902272,0.006131740864756012
0.001539943262248934,0.00042125314139785026,0.0014977364903816376,0.006461295502854421
0.0014871693238098177,0.0006170964231915621,0.003412796482750573,0.006284863669173195
0.0008042189661559798,0.000932557780392858,0.004230053819256041,0.005011803256062314
0.001294764166712479,0.0009631052180820296,0.0013514940729635948,0.006872062313047602
0.0024796361158238166,0.0017058301487105148,0.0005033199337458544,0.007363251683162794
0.0023828468446890614,0.0018530564267006944,0.00018668299250721766,0.00610026461162069
0.0015477815004009408,0.0004246385416344547,0.0014114343415589205,0.006372244693867364
0.0014222275919936942,0.0005975599357297049,0.0033145259865218074,0.006070367260602625
0.0007964904395331655,0.0009303095403961098,0.00420336790570793,0.005042244379896871
0.0013349365992798444,0.0009932269787070467,0.001256771896374948,0.006986428991839067
0.0024783873135907097,0.0017742513665786044,0.0004571330219127939,0.007488575364957758
0.0023204958617072395,0.0019137855743082497,0.00017679239369400304,0.006197802448331366
0.001506465238768022,0.00044317359103166707,0.0014002826840748316,0.006412492663185133
0.001410359249123868,0.0006152448534530738,0.0033748513907120962,0.0060962833159012835
0.0008059688330885215,0.0009381181716546719,0.004364822951721982,0.005032995523879152
0.0013557970487419252,0.0009430847018473496,0.0013629019297791858,0.006867954226425442
0.0025381353796910962,0.0017372102454561275,0.0004923968977960135,0.007329366379508391
0.0023767470503950707,0.0018973030989145945,0.00017359511066733534,0.006123270156467079
0.0015006656381445756,0.0004316997176053917,0.0014225390605855212,0.006440017252892299
0.00139576161734852,0.0006350604751043838,0.003397082394142134,0.006101497245928056
0.0007739814561825645,0.0009773012613100342,0.004340598379028447,0.005045448338483454
0.0013276512531638972,0.0009620271470033678,0.0013113099316246581,0.006933353381411117
0.0025503024023272158,0.001756416200210712,0.0004666557715910899,0.007406603849278391
0.0024230701487603042,0.001917741007483075,0.0001545566276303726,0.006147073481307179
0.0015176558412009287,0.00042949838579811855,0.001356381736878477,0.006443132064361433
0.0013882395846452498,0.0006205829895421401,0.0033511019935452144,0.006086164342972894
0.0007731154962710187,0.0009802650023938578,0.004359847946007946,0.00505676897676087
0.001315461891565313,0.0009558371647793069,0.0013191712940350156,0.006936387402050673
0.0025205914200822407,0.0017503648428335082,0.0004657293022443046,0.007391243847044704
0.002392025519239487,0.0019173020010212728,0.00015852646118366806,0.006156632776632684
0.0015044344601758807,0.00042341840817550214,0.0013810384802736013,0.006471805597211758
0.0013894437290535421,0.0006207772947420881,0.0033940146406091854,0.00611431635739871
0.00078064910414324,0.0009720183327967482,0.004411523154449704,0.005055040394504691
0.0013333300711789505,0.0009408624165714466,0.0013424465840387264,0.00690546069130023
0.0025410933919014305,0.0017453531510827395,0.0004713914994367658,0.007367998170505118
0.0024001249755054026,0.0019262503482102395,0.00015509017572614239,0.006155682945663257
0.0014923339015133978,0.0004313283487724455,0.0013562548296321183,0.0064822537128153
0.0013696831025424277,0.0006248527745088016,0.0033535581673926427,0.0061042577028739406
0.0007593797582233366,0.000986694859829973,0.004376293479166108,0.005063555009034831
0.0013255430358582456,0.000950426317885204,0.001320274701662634,0.006930779308390309
0.002547134877603121,0.0017485850487659964,0.0004663331205618788,0.007379354504912908
0.0024186910422461273,0.0019243505493789191,0.0001513964023336154,0.006142413103784542
0.0014994397026567806,0.0004241115940942757,0.001353284310062555,0.006485724511095775
0.0013733389756701297,0.0006182349954607748,0.003359106183366581,0.0061180080904525355
0.0007615920034182668,0.000984898213758738,0.004392286609855334,0.00505732309457465
0.00131274897394324,0.0009444452607477833,0.0013375652435846192,0.0069152519558347645
0.002524046652065274,0.001735915582451475,0.0004712030311268081,0.007364251915118958
0.0024018000380027944,0.001918667739296474,0.00015421050103211296,0.00614172795240598
0.0014960561510202607,0.0004231066725942515,0.001354012397332123,0.00649239733131911
0.0013721305710839553,0.0006135499890746842,0.0033484357830623687,0.006121059741251867
0.0007623979433231586,0.000977100272726471,0.004376915700052902,0.00505530643864364
0.0013235007571260197,0.0009443376372108361,0.0013285536240584409,0.0069198103259904414
0.0025270714166770888,0.0017355195391205369,0.0004695572278909761,0.007373354747303778
0.0023950217551412115,0.0019188829785558867,0.0001540205161057924,0.006143762818398736
0.0014899540875794343,0.00042645586090793615,0.0013462045000620427,0.006492562787058213
0.0013668564543759182,0.0006122629702836231,0.003330122585879335,0.0061226925755432605
0.0007563374177080186,0.000976884704485268,0.004360377595296267,0.005051111622294111
0.0013193614012655963,0.0009444894622420567,0.0013309927809338176,0.006914662053490682
0.002522701056460595,0.0017282894272647223,0.00047420584482911693,0.007359995059070886
0.0023945644396374892,0.0019102081587730239,0.00015597405520614987,0.006125997505791569
0.001490570849049749,0.00042224035999801967,0.0013535979140276118,0.0064915883111875865
0.001368502364223763,0.0006076232355296647,0.003329669824273248,0.006131172391651981
0.0007551266930764068,0.0009714394389043639,0.004348431075868551,0.005044925726693352
0.0013149507512223446,0.0009454455949767358,0.0013306425643389453,0.006911669049238037
0.002510736431542044,0.0017244251896694211,0.0004754660764929443,0.007361837964701116
0.00238235786873943,0.0019068832450256697,0.00015771129119211745,0.006124642599489428
0.00148744792223998,0.0004228505971088523,0.001350351103259269,0.006489230907324496
0.0013667531770857357,0.0006026416269932992,0.0033142760933143013,0.0061307771309563625
0.0007541133462559855,0.0009641190611475222,0.004328719044648233,0.005041425458487895
0.0013186064776344937,0.0009459945774465718,0.0013252901568521762,0.006912455018240782
0.0025069363394135008,0.0017218472617421192,0.00047608423627857574,0.0073622907376311355
0.0023721225765318456,0.0019017034615479078,0.00015955860442507623,0.006119894916990562
0.0014828843059314552,0.0004220607317364858,0.0013546681868068038,0.006487283391612269
0.0013662854555031552,0.0006003631167617623,0.003310770389355867,0.006135505060647376
0.0007526400281028344,0.0009593122347915917,0.0043171496900152005,0.005036002540629678
0.001317897980979834,0.0009449404688852431,0.0013263569674041539,0.0069065576528607895
0.002503441863377552,0.0017170760182866705,0.0004786539194190708,0.007355591474245001
0.0023667923795011453,0.0018957719240066426,0.0001609943560966591,0.006110620462234261
0.0014801884325164993,0.0004204206321336642,0.001357395687564752,0.006484453831572522
0.0013651483072552385,0.0005973829403777227,0.0033047274173671716,0.00613713854035146
0.0007500130726595788,0.0009549942398546721,0.004301144533046001,0.005032545605225832
0.0013170689841947418,0.0009465624779733206,0.0013206938241328028,0.006907861440793502
0.0024989092229692964,0.001716428271702385,0.0004780928280159552,0.007358055025621084
0.0023591470969864772,0.0018929805110378562,0.00016177929264061088,0.006107104295964736
0.0014765647724362292,0.0004195976395654106,0.0013581011015651634,0.0064818347378228945
0.0013637804937508063,0.0005944930062418311,0.003300115868550755,0.0061380637701953945
0.000748642783232696,0.0009502615785012317,0.004292114283613251,0.005029202224784529
0.0013180233367086885,0.0009462128194510119,0.001318749951798609,0.006904718435387433
0.0024965534450440367,0.0017151234002176577,0.0004784619457054329,0.007354322357788147
0.002351988051629008,0.001889982377947094,0.00016266238528664403,0.006101853718269187
0.0014719089736711423,0.00041848097650316565,0.0013615662385982295,0.006480496559589719
0.0013620723726441332,0.0005932918543087475,0.0032998150984568297,0.006139216912307252
0.0007465405177235229,0.0009473815629285214,0.004285479091374866,0.005026152277075063
0.0013190676207947474,0.0009461198290395435,0.0013156800918658154,0.006902629240193435
0.0024972842322872647,0.001715121871147241,0.0004777886548893774,0.007352247373472129
0.0023487236863487587,0.0018885132854060183,0.00016237593308218452,0.006096921608827554
0.0014680060818574984,0.0004175997661420936,0.001361987828822009,0.006478758886736389
0.0013595956796391185,0.0005924505288273268,0.0032981547795614364,0.0061380573460565035
0.0007436670887357444,0.0009461838680306632,0.004280202198166888,0.005023914607702032
0.0013190897025375941,0.0009465296383576186,0.0013116895738717995,0.006902175158020998
0.0024979064882235855,0.00171617942791213,0.0004762455747147192,0.007350667328499666
0.002346038050495007,0.001887978554214757,0.0001617288702273513,0.006092397156568889
0.0014643429796765625,0.0004163286428010012,0.0013631615673222745,0.00647787749821256
0.0013624994890729736,0.000586746749540975,0.0032841741635461974,0.006160844900071001
0.0007652661639057923,0.0008838553026358376,0.004143503166027787,0.005010638039701022
0.0011662711344755604,0.00087133581423653,0.0015151862897511532,0.0066604242509695185
0.002247384102652576,0.0014917327955767555,0.000590916667747538,0.007104890651512492
0.0022310017562748017,0.0016670346633713587,0.0002402942522437682,0.006022738079599192
0.0014896511290458457,0.00041768434886527855,0.0012785836540793443,0.0062367157012353375
0.0013420553926752662,0.00048238310293057977,0.002772716962742912,0.006046708384227305
0.000752954058554456,0.0007726751489788255,0.0034107567342842584,0.0050721276255421225
0.0011955532923704783,0.0009951553480229832,0.0011999571744772612,0.0068780613184703816
0.002043232534354298,0.0015184652284732589,0.00055552764767859,0.007330320778246751
0.0018818880975600661,0.0015456841581445763,0.00033428084375812446,0.006067055401197301
0.001419034118617848,0.0004089480841164534,0.0014917263206467414,0.006162095886722448
0.0014336485816536394,0.0004625174584403243,0.0028760004433063396,0.006215703687138131
0.0009038090876855795,0.0006406756010250667,0.0033222066849121924,0.005018961535725305
0.00136003556982253,0.000934455206474642,0.0012991903343323491,0.006554447797851222
0.002079601411559454,0.001445184427495877,0.000634222813591122,0.0070668480110455375
0.0017432346781682299,0.0014546329256689787,0.0004187734686368741,0.0059574454814556475
0.0013233478129101742,0.0004533050344812333,0.001616183524474423,0.006089055897482825
0.001379768074690023,0.0005224363234428847,0.0028181457047293038,0.006171926456594606
0.0008535218587786864,0.0006739215487778842,0.0030179316845266686,0.005037484705829516
0.0014252056089089956,0.0010197585897223902,0.001106036223754132,0.006665296255937353
0.002189001885505616,0.001490192266975058,0.0005865430578741682,0.007194143915891589
0.0018287271506592618,0.0014316580818654967,0.00041165818606160695,0.0059651938868679685
0.0013323622669558315,0.0004508646296707379,0.0016153625354923687,0.005963107986419075
0.0013908578977324959,0.0005253734008377951,0.002789930606448379,0.006143658205418063
0.0008581244806635087,0.0006824598654804855,0.002936427058774154,0.005032775090095669
0.0013687247221528494,0.0010413693620954254,0.0010996880259927905,0.006596064480068481
0.0021090340703035977,0.0014808075529492532,0.0005962970012977142,0.007115435710940024
0.0017494012011927875,0.0013861476357615707,0.0004518706824683035,0.005887503196546381
0.0013391014905460782,0.00044155983341687783,0.0017272708844283313,0.005941463038065166
0.0014250919441521192,0.0005206966228216739,0.0028782327673529053,0.006144927892142368
0.0009075752777340362,0.0006445873733523191,0.002937747003774991,0.0050149868651433475
0.0014499632895747588,0.0010451495490620682,0.0010582945690346857,0.006578668380779172
0.00214672432800009,0.001518499637581633,0.0005667381338416159,0.007166467495951107
0.0017007811433248947,0.0014210514507987638,0.00043292407022374143,0.005948856422912281
0.0012843618064522868,0.0004743362200962272,0.0017040534090691358,0.005899296203520473
0.0013857544882311887,0.0005486708977092014,0.00286288639657688,0.006074912968209478
0.0008802490344073847,0.000659309174046626,0.00291953340049648,0.005014477404632795
0.0014772262484491051,0.0010541699760060858,0.0010331530407370175,0.00658337706872624
0.002212608210734618,0.0015345050311451733,0.0005583482214446694,0.007124544500730213
0.0017521113083253928,0.0014111499112212627,0.0004285090107787994,0.005902136620267506
0.0012934932234206838,0.00046039284928538546,0.0017577315846696734,0.005891492152248032
0.0013951099253964154,0.0005638264143452451,0.0029560923611959607,0.006080497992319146
0.0008666388156652692,0.0006730599160330081,0.002985693584861944,0.005007504914014257
0.0014369648820144445,0.0010515410192220612,0.0010361745158478288,0.0065613182978939534
0.0022085639218380037,0.0015480652470240797,0.00054117553645746,0.007110071853895401
0.0017689315267656767,0.0014239069025499954,0.00040673565998533404,0.005911497563573646
0.0012958228041177495,0.00045313318064622355,0.0017432290651299412,0.005878495387899688
0.0013897311400801638,0.00056476568913441,0.0029792920955964666,0.006029193325832349
0.0008628667913800925,0.0006711675867740858,0.0030171143274674143,0.0050025365963339286
0.0014555061927145965,0.0010536732261646063,0.0010070317393785868,0.006603715639576925
0.0022320341313657286,0.0015788929065340919,0.0005111269807723562,0.007141324172588555
0.001769108669877645,0.001450769394705537,0.00037962335473580924,0.00594119833389427
0.0012825292212873454,0.0004565177362686563,0.0017387905814092099,0.005886892433848976
0.0013825468130971772,0.0005822042714284212,0.003037835088926435,0.006011957302875741
0.000853227364839957,0.0006807272041514688,0.003103916364408466,0.004994898667948204
0.001461749713387731,0.0010384966480705595,0.0010247735072707901,0.006579667099192887
0.0022735979681482756,0.0015911930753148896,0.00050291253704163,0.007090450648717177
0.001806146013157806,0.0014656663041955436,0.00036035046045878303,0.005926930662955477
0.0012790884317967369,0.0004533603269733714,0.0017424520924908564,0.005898040570596137
0.001371616072039187,0.0006024622477035346,0.0030923755070484445,0.00598878252094402
0.0008302892715788862,0.0007033145502020874,0.003166592105483525,0.0049926064614421095
0.0014527212166594936,0.0010403969791197556,0.0010124179459980486,0.006600567531105257
0.002308392415457783,0.0016195395518677968,0.0004791595233467603,0.007098841022156614
0.0018509707924820084,0.0014960656819603666,0.0003291931581018736,0.005944133257291208
0.001278842620983803,0.00045013710141065036,0.0017131723027753727,0.005902682636220936
0.001361448733010082,0.0006158911940915947,0.003126728937888901,0.005958006289638626
0.0008157767958639322,0.0007221595669861932,0.003239210723703312,0.004988483873681106
0.0014464841208608181,0.0010346324234273895,0.001013912854442806,0.006606425572520629
0.0023318661934969087,0.0016389558193908348,0.0004618101325606509,0.007079551560467798
0.0018782738757240328,0.0015195180963039124,0.0003064593418416385,0.005947220225024419
0.0012776985348905037,0.0004485149439871519,0.0017073498317937644,0.0059187859572943915
0.0013561648143142868,0.0006345003194558114,0.003184536616574765,0.005939889658949371
0.0008059273036749845,0.0007411666238223217,0.0033267084113951387,0.004982284915642373
0.0014506070328413768,0.0010262527056454306,0.0010190622518471918,0.006605246054480628
0.0023697245773531034,0.0016604689326927527,0.00044505517447739567,0.00706301290942595
0.001916344504094389,0.0015495765912161967,0.00028108981617893123,0.0059577459349502955
0.001273148127037033,0.000450203009764273,0.0016839020788980887,0.005930595844810435
0.0013429167332653239,0.0006553347602740676,0.003220857422810015,0.0059104414110059235
0.0007878519514067715,0.0007679516342746428,0.0033993351242154017,0.004979994567544402
0.0014485929069789547,0.0010235535985634496,0.0010170321259852745,0.006616065929350877
0.0024079431510404398,0.001684071587227288,0.00042787691384551634,0.00704976951010981
0.0019628299715828365,0.00157870230231282,0.00025741168721462774,0.005962551834695118
0.001274529568755181,0.00044804358384523146,0.001667225743795343,0.005942984523758034
0.0013353995458243479,0.0006742419010088855,0.0032698209744247827,0.005888444501539086
0.0007746517987988127,0.0007944289381689296,0.003487888494961962,0.004975414279983001
0.0014408174606825523,0.001017282699120113,0.001024533644592224,0.006616076675536539
0.002436797629119395,0.001704075109542076,0.00041317388129501247,0.00702965093060406
0.002002606803578606,0.0016082201644902964,0.00023622431777121022,0.005968829650797894
0.0012753746741527594,0.00044685340907623603,0.0016493501399590287,0.005956204112565178
0.0013270903878660745,0.0006921844127539842,0.0033143536495118466,0.005862341955438417
0.0007631857691092091,0.0008195754620496375,0.0035729026968419064,0.004972524320781773
0.001440909757268952,0.001012509464586161,0.0010267171726503288,0.006623899108704175
0.002469239699457507,0.0017261459741151062,0.00039654384934540793,0.007013478552893778
0.002043506206168369,0.001640998136754689,0.0002151578817725559,0.005980626546870577
0.00127506625842473,0.00044702659098466084,0.0016285973062227666,0.005969347662073561
0.0013181028623125985,0.0007115122972621268,0.0033579687766956733,0.005836247133974884
0.000751319826754858,0.0008478475547775955,0.003663263280982161,0.004969726909555274
0.001437992256854768,0.00100624418905427,0.001034155287435977,0.006626742752210724
0.0024999259441474023,0.0017438716437521893,0.00038246126372950553,0.0069823214744691876
0.002089257186222345,0.0016719054854751137,0.00019640879053131605,0.005986359519431373
0.0012774605012744688,0.0004456016841522868,0.001612533334045833,0.00598252238080578
0.0013103563459333824,0.0007305055110552451,0.0034053952744825546,0.005810064601138246
0.0007403234128473566,0.0008776932054305837,0.003756589156703167,0.004967108617466745
0.0014331960282416183,0.0010010663502163753,0.0010408349903505611,0.006631313783285268
0.0025285550894394676,0.0017628496660579448,0.0003677851245177913,0.006957060729396278
0.002135182727055825,0.001705648786701591,0.00017821426355929228,0.005996351377247927
0.0012803057471336482,0.00044477689105653685,0.001591649141185232,0.005995240801898703
0.0013005368775698802,0.0007475296529174952,0.0034446651841893183,0.005775760961886416
0.0007304217009551933,0.0009078728849211965,0.0038513173621400774,0.004965491556415905
0.0014301232682322354,0.0009959061394318553,0.001048209486156648,0.006636240596899753
0.0025580182196459776,0.0017812007401972285,0.0003546840009301219,0.00693478655160016
0.0021785961964281768,0.0017377245615946893,0.00016122823986868795,0.005996396630024697
0.0012833644137280717,0.0004438582142791046,0.0015649096902088102,0.006008879249447446
0.0012891845624615577,0.0007609203588447988,0.003473980780703251,0.005745192153210723
0.0007191349638210965,0.0009365844310528305,0.003938760411360884,0.004967210361357037
0.001424485014664202,0.0009923651771403693,0.001055280963924109,0.006644183387278317
0.0025818752201236172,0.0017986723946044599,0.0003434662244340031,0.006915814703478712
0.0022168193070121836,0.0017678332297042635,0.00014705869396696998,0.005993402885129813
0.001286802215625107,0.0004414709315183372,0.0015401186654651752,0.006024894829233562
0.001278971533943471,0.000769651541533233,0.003501186111882832,0.005721451761915509
0.000709968848806764,0.0009606139525482563,0.004024286694229464,0.004970829859643812
0.0014179150916282888,0.000987053597801684,0.0010654625383976167,0.006650935378171463
0.0025994098237730554,0.0018120467400283998,0.00033451296192323196,0.006898514644519647
0.0022483910061453114,0.0017947749522332533,0.00013564844041784988,0.005993324193909438
0.0012895272270736378,0.0004384594788458257,0.0015166135939698555,0.0060430068073246985
0.001269446790107207,0.0007749405955177498,0.0035224124919955215,0.005702771887875602
0.0007023364251804218,0.0009804081561013485,0.004100253995622272,0.004976945253064041
0.0014123813084712016,0.000980810204089606,0.001074345782065739,0.00666054344068003
0.0026137797323830384,0.001821779084929144,0.0003267603767758316,0.006885855002937123
0.002276315799273115,0.0018181425374027892,0.00012612732993979355,0.0059952063668695255
0.0012921043556398501,0.000434743544694106,0.0014933779554027575,0.006062105771741342
0.00126054438880117,0.000776971602888241,0.0035370558204162027,0.0056896370207298015
0.0006952748249665557,0.0009976297554460016,0.004167044516843937,0.00498392019434384
0.0014030713886944675,0.0009737944567229336,0.0010850852588287425,0.006668630137144328
0.002621126428761698,0.0018264429036921003,0.0003213493865500294,0.006872798870515321
0.002299244516997847,0.0018360645277123216,0.00011916152803098667,0.005995381872521304
0.0012954943720611246,0.0004298767690656507,0.0014758257560849224,0.006081218641815618
0.0012535661944105454,0.0007761298140295182,0.0035505893263834956,0.005681402151685064
0.0006904720179741255,0.0010104271593806902,0.004226126111975622,0.0049903111129153185
0.0013954012755826716,0.0009669570351163577,0.0010953340704973078,0.006675738156717297
0.002624721259216221,0.0018290352217450075,0.00031698770157337336,0.0068646088662048564
0.002316341326573691,0.0018523256244562486,0.00011379475625024628,0.005998589727285933
0.0012974708311086832,0.0004266190960736538,0.0014565747635853082,0.0060999012258631455
0.001245946019534522,0.0007735870684226951,0.0035549102567731705,0.0056763490025747805
0.0006855266808128627,0.0010204619551612622,0.0042724025508016185,0.0049968031683607595
0.0013897330969334205,0.0009613622609167399,0.0011040446111057886,0.006682602465551984
0.0026270988026159494,0.00182971368258983,0.0003141745300269474,0.006857581658624252
0.002330798841252207,0.0018653310867296133,0.00010993234826751753,0.005999487423465522
0.00129937937972564,0.0004236902185824902,0.0014403738334839208,0.006117380370771594
0.0012392847395729047,0.0007698167427564385,0.0035562395291364934,0.005675673730351942
0.0006809879208533172,0.0010280917237543354,0.004309899985557273,0.005001506031314285
0.0013834818736472617,0.0009563400367618031,0.001113459137286592,0.006687193120644463
0.0026260441930743526,0.0018277540654802519,0.0003131515684547595,0.0068519454770518224
0.002341656303841794,0.0018751049338617592,0.00010741319469739258,0.005998945597748496
0.0013014593112403241,0.000421070096951228,0.0014252816760146638,0.006133437027151323
0.0012334133832656578,0.0007639637921190711,0.0035515934438899374,0.005678174686750289
0.0006769248088262461,0.001032244170869881,0.004335261522415528,0.005005252666515468
0.0013777320054857685,0.0009523440797599041,0.0011211012241901421,0.006692217864371984
0.0026214928704217724,0.0018239333976345089,0.0003131408123365594,0.006850292510523141
0.0023475698276191398,0.0018816484408907652,0.00010614591512186532,0.005998429447288296
0.0013032893755880626,0.0004187692019389091,0.0014118538730663707,0.0061479754757343295
0.0012287199765158522,0.0007562476123415302,0.0035423937795224535,0.005684044543795854
0.0006737395942942596,0.0010325123806200756,0.004350406585799438,0.005007579302497743
0.0013726016477305588,0.0009485129864408469,0.0011285918881050521,0.006696112215537756
0.002613935297741784,0.0018176922115552875,0.00031471034223947553,0.006850171047345338
0.0023487870038140183,0.001884527830630576,0.00010613935320910242,0.0059966636809175595
0.0013046383342622172,0.00041656369823326206,0.0014009408572063474,0.006160907774872446
0.0012250820015497702,0.0007469047544512027,0.003529262445055946,0.005693253435667442
0.0006709115131039914,0.001029000700137421,0.004354342156251471,0.005008831407494221
0.0013678134865787242,0.0009453609416309339,0.00113477711154983,0.006699901716623315
0.0026036557555705413,0.0018099297403476008,0.00031746303455339273,0.00685276314477643
0.0023457288383399067,0.0018843903273807509,0.00010715547997107302,0.005994056026705143
0.0013054523986447515,0.00041440267617500284,0.00139160838668952,0.006172058389018108
0.0012223442350195411,0.0007358133884263273,0.003511861864184231,0.005705558627764825
0.0006683722158691696,0.0010217719311011455,0.004347472073343604,0.0050092770484243135
0.0013630193952062653,0.0009427474032776059,0.0011397829787949591,0.006703319099292418
0.0025904010325197126,0.0018006629275695147,0.00032136980079465493,0.006857425478646856
0.0023380634529838558,0.0018810265979663679,0.00010924037620829129,0.005990662370585298
0.001305598959815263,0.00041208617045916624,0.0013848531978448546,0.006181432524953103
0.0013072304305801017,0.0007829077438122452,0.003454492602264308,0.005931803784538115
0.0006938999402588854,0.001184455259347211,0.004276046783799045,0.0048960778886566435
0.0009957014466073278,0.0009245523821221446,0.0013922823243471003,0.006537577375955126
0.0023832491440196,0.0015319066974223542,0.00037690120244307176,0.006650533425756322
0.002564231764467469,0.001606694381355313,0.00012392412657682685,0.005639059760337413
0.0016741066846729933,0.00032898978329039984,0.0016128933567262367,0.006008118827671059
0.0014998982013178057,0.000685846195642782,0.0035401901424785462,0.005634156184295269
0.0008353360517512376,0.0009905231323231536,0.0040048409270008285,0.00499811542764794
0.0013942563805731892,0.0010652815817364938,0.0007573412358653914,0.0071238429143171324
0.0025047414905323712,0.001929399768444578,0.00014495766764198125,0.007621240701623117
0.002238361058526653,0.001984828236733263,0.00012944664762288592,0.006124929104545471
0.00151112821468042,0.0005618435771123637,0.0011504846962740803,0.00601912703548679
0.0013590254032968014,0.0007221433804359781,0.0031229538077416448,0.005598752117549184
0.0007393015253934435,0.0010238740190076586,0.004118366623716062,0.0050604481441241436
0.0014307174409248502,0.00100169649999362,0.0009924889475954536,0.006799626616161028
0.002708805963065918,0.0018302384031746671,0.00026545544453952655,0.006965374871958247
0.0024997507483741723,0.0018544393059957418,0.00012140195696193103,0.005604826620561868
0.001558945962011906,0.00043860437161453953,0.001556716737160407,0.0060638870237506495
0.0014379196911540025,0.0007301631946231858,0.0035118602592813606,0.005887786876255673
0.000698330251959873,0.0010562140959717618,0.004115617365333304,0.005001159142858162
0.0011650428442161055,0.0010522582748228545,0.0010176457975047653,0.0068239384960847495
0.0024741824802159648,0.001809985848576851,0.0002605925607438796,0.007201703195540835
0.0024562339768464383,0.0018640827698211202,0.00011093792708671066,0.005736792825557448
0.0016289773327110343,0.00042048845041299965,0.0012952088347090106,0.0060174264785658035
0.0014302141954675139,0.0005825668292686702,0.003101611624514624,0.005784521016290085
0.0007300761658731347,0.000909956844103315,0.0037551296191961642,0.005112905955621966
0.0012507995740392013,0.0010552870532147289,0.0008463423233930271,0.00708004487702453
0.0023506450457757037,0.001801020995849572,0.00022892949494401104,0.007478557195363214
0.0021923627911121677,0.001813531629619453,0.00015040132584635856,0.00595438756509547
0.0015375920830177213,0.0004129793504589419,0.0013763689944409575,0.006085688246368186
0.0014660686589985851,0.0005680788812811867,0.0031717579373178252,0.005952650688309628
0.0007990813272815301,0.0008178866562183538,0.003821745527667653,0.0050671016379965845
0.0012782023318872347,0.0009340438431226393,0.0010218868914016158,0.006848094158141434
0.002355910255098731,0.0016481623346916163,0.0003174013099127449,0.007223673796085617
0.002170099204934516,0.0016931177096681067,0.00017342057834391334,0.005853168598565125
0.0014906137158740903,0.00039138052147244377,0.001441863419674074,0.006111860639816777
0.0014241513827678535,0.0005565093150914538,0.0030671574911058435,0.006006542520263153
0.000731348729462289,0.000806669446480481,0.0035144823855527575,0.0051019233589055584
0.0012412940338951547,0.0010072984235100597,0.0009061976361187931,0.006959352431413772
0.002305814294476625,0.0016816091673856972,0.0003077229812429035,0.007376030268147154
0.002131199291010067,0.001690941539016466,0.00017603933061160159,0.005935473462104805
0.0014647585402517277,0.00038293635865202177,0.0013988851143807823,0.006077199899341078
0.0014122484733558158,0.0005122750501491666,0.0029870639258307314,0.006034348723897249
0.0007502059295203808,0.0007500920488863606,0.003437914593436428,0.00510213961588663
0.0012440897681067176,0.0009937491776670707,0.0009412681747889068,0.006870783417528251
0.0022227424429276943,0.0016430230920511334,0.00034106312030610217,0.00728038605631115
0.001992487185026361,0.0016332121323879608,0.0002150809938342159,0.005933250756558874
0.0014133651238749498,0.00038029192144446673,0.0014967813267088622,0.006106406337660034
0.0014174935944385424,0.0005230272380436115,0.0030393421882247227,0.006087764028836045
0.0007773258653985282,0.0007190150974133952,0.003396138222261566,0.00508582390098967
0.0013180346856281834,0.0009803515680492751,0.0009334346093100906,0.006819079209692576
0.002280907180993784,0.0016355485312115749,0.00034658666004243517,0.007276213089082502
0.001985671746790786,0.0016231213762109232,0.0002103114955802987,0.005970130734886049
0.0013688902012728345,0.0003994779618577382,0.0014574233520744282,0.006073020078811544
0.001379991046297474,0.0005450846065154236,0.0029540472237187627,0.006048154790000708
0.0007458435247033528,0.0007443921174638687,0.0032811917883115395,0.005082370094358192
0.0013149814692049973,0.0010013313593302618,0.0009053154535441509,0.006824596748006069
0.0022984829484882165,0.0016362878996663192,0.00035120547674960556,0.007248479279786789
0.002004264189357181,0.001593992194286784,0.00021286643473973632,0.005931000682761927
0.001371349854706859,0.0003868616561821722,0.0015046606417626045,0.006059684864390597
0.0013926818058314216,0.0005541649962497161,0.0030173639893955094,0.006065008009393513
0.0007574252641132061,0.0007460003934112082,0.0033128808105131633,0.005054974773556059
0.0013098917370098651,0.0010005606808509988,0.000927823844281195,0.006762909545925441
0.0022824019711239984,0.0016435156920355004,0.00035669984398517345,0.007200917218336848
0.001968067687578226,0.001602707868896864,0.00021414246380578478,0.005931873299843483
0.001346461068158009,0.0003995199152023375,0.0015035985411802413,0.006046906545980058
0.0013755175226327996,0.0005706211712027371,0.0030243865962215266,0.006019432354594859
0.0007544788015844938,0.000751289117350147,0.003317089652547625,0.005040953952927351
0.0013565556385773166,0.0010098358870215974,0.0009101555762539821,0.006759359998398831
0.002334253944157314,0.0016736547214427644,0.00034842240845878647,0.007193462380846357
0.001982158472265788,0.0016275412957246535,0.00020252758282769735,0.005943280730500431
0.0013243117958490148,0.00041205811860163115,0.0014926020387040465,0.006032198357000143
0.0013587794087146765,0.0005974839943369743,0.0030475096268381147,0.005985195856549389
0.0007386877978344778,0.0007790279309231586,0.0033601680021041573,0.005023282008606711
0.0013518469761001437,0.0010093143905887086,0.0009263928219505836,0.006729163718532799
0.0023633112280787533,0.0016833124856127169,0.00035091391647616623,0.007126351968814162
0.002018966594886325,0.001633624989208847,0.0001948004392512405,0.005913525467356589
0.0013260294952157235,0.00040691006245653855,0.0015114896055331973,0.0060265883766887265
0.0013580522728738208,0.000616700040707388,0.003110129200628067,0.005957728619632393
0.0007330876996919826,0.0007997911534602133,0.0034243554491436047,0.005007349544085996
0.0013489958260748532,0.0010112290184379944,0.0009275813888791637,0.006727237703281583
0.002382722466725581,0.0017089280015329092,0.00033896152679903884,0.0071167136886314455
0.002039001885848992,0.0016653809001992831,0.00017941105436110306,0.005933699296822808
0.0013172384906757104,0.00041084993096572646,0.001489133634417683,0.006020675117371102
0.0013453297776005876,0.000633282129045316,0.003140560071590013,0.005909604725116891
0.0007253142037132194,0.0008186152497117038,0.0034946332652106243,0.00499977271896446
0.0013610853353490024,0.0010086629851665707,0.0009314234123535036,0.0067253135172902654
0.002416530635349338,0.0017330474695781404,0.000329679866922896,0.007079182798017489
0.0020674194815506757,0.0016952119891520234,0.00016616355900550927,0.00593651421240309
0.0013080150101420825,0.0004123951651002918,0.001486571797583075,0.006025925156199606
0.0013347953043168108,0.0006562306436933622,0.003200602806358451,0.005877910043188878
0.0007137118732883463,0.0008457282391438948,0.0035906647640159594,0.0049928558535568286
0.0013597961239156537,0.0010037152284409837,0.0009454150275215061,0.0067137595510136485
0.002449198403190283,0.0017547649752377096,0.00032170061074569947,0.0070274354084867725
0.0021067499141428363,0.0017254225264842003,0.00015077662267085588,0.005924388490238318
0.0013036164596201174,0.00041083654774125056,0.0014715780502889092,0.0060320633573744875
0.0013214790687253429,0.0006748805855554975,0.0032477379244756745,0.005839195046489598
0.0007004756840797575,0.0008744601179246251,0.0036788844496054964,0.004993830394703053
0.00135797326402878,0.001002886309607954,0.0009469773387508765,0.006722174302680866
0.0024779335046648003,0.0017820266135231309,0.0003076871981588294,0.006998234136603089
0.002142619804831909,0.0017611614597832946,0.00013469705633903291,0.005927006001759787
0.001299485846412658,0.0004096585048908188,0.0014513520332698577,0.006042765787782139
0.0013097433762699374,0.0006928901825569506,0.003298156153709434,0.005804101331268374
0.0006920894565196865,0.0009028610423715772,0.00378499835523305,0.0049962884672049585
0.0013589628895360995,0.0009956046801187356,0.0009577212234936306,0.006719804262317908
0.002508760153390033,0.0018045403059769587,0.00029656061657268936,0.006956716149299931
0.0021793186905930094,0.0017958253411462105,0.00012065866176863857,0.005927303846071706
0.0012945776730488535,0.0004088610490618848,0.0014348092172680263,0.0060584338674554965
0.0012953447837219072,0.0007123406152425581,0.003346666721559592,0.005764468331999443
0.0006821294737943548,0.0009351079860560024,0.003891627031435069,0.00500266686014707
0.0013601809286180849,0.0009902377061454892,0.0009649720150031657,0.00672182203377795
0.0025438438679914878,0.0018298393519733769,0.0002843598574369569,0.006921192962243141
0.0022234936411759834,0.0018349359617222056,0.0001063909175998714,0.005929674684754924
0.001290819954495065,0.00040802181198028537,0.0014104272168661922,0.006075204861379861
0.001279164584090914,0.0007299176470070759,0.003388052264926615,0.005725824793932
0.0006714109256566889,0.0009697555711887966,0.00399908002764533,0.0050131806448334496
0.0013576323276079522,0.0009854996046107247,0.0009725552775771422,0.006725095470410544
0.00257466592722614,0.0018545607787415325,0.0002724990874907247,0.006886343850511394
0.0022666295611215967,0.001874069181199898,9.414530604384984e-05,0.005932775764323434
0.001288712487247633,0.0004061007883748871,0.0013899071537967298,0.006094872728476807
0.0012648786220532152,0.0007460639760136918,0.0034345075783833224,0.005690766281770435
0.0006640821240880852,0.0010036097309654498,0.0041148830896407095,0.005025175748068614
0.0013562156944066798,0.0009788774172792194,0.0009825735095658093,0.006726096556603206
0.0026043026741813954,0.0018777968672670738,0.0002611418635909295,0.006853806066673995
0.0023083536129069426,0.0019144589249947238,8.342982421064258e-05,0.005940525409997783
0.0012863849226543947,0.0004052476591118884,0.001365990831600918,0.0061165403714140264
0.0012498147575560087,0.0007612618520140298,0.0034746495156291963,0.005657150404408386
0.0006571320194638251,0.0010381388400008272,0.004227274755179368,0.005040851235248855
0.0013558990757436941,0.0009728534511517755,0.0009905227117970147,0.006730322919504687
0.002634440643311529,0.0019005695339885601,0.0002499097238707985,0.006824368066489293
0.002351767730108511,0.0019549280325600418,7.40806622241576e-05,0.005948736475780099
0.001285486960436803,0.00040405722772970953,0.0013424952472853896,0.006139285930498153
0.0012362335806954702,0.0007748373147266019,0.0035134916289329262,0.005628789406963797
0.0006518019952790457,0.0010734186304782532,0.0043412630823073785,0.005055626467443301
0.001351031443929736,0.0009650724602878486,0.0010036598861113033,0.00673043339158857
0.0026588575174262626,0.001917402374079029,0.00024119342046997015,0.006793608129343302
0.002393762979591474,0.001991006105918991,6.675871124342241e-05,0.005954671394793093
0.001287391575957486,0.000402136929912231,0.0013216125268208075,0.006162139713574738
0.0012253109114479291,0.0007855039711385598,0.0035473052931626683,0.0056061627037757985
0.000648827503655728,0.0011067602277277538,0.0044462161087797,0.005067367799979855
0.0013445297142310672,0.0009569131634213283,0.0010181553090029204,0.006729916740054265
0.0026768422121692687,0.0019276505419564306,0.00023435230014918741,0.006769853138229871
0.0024312171167722796,0.002021245091351824,6.133883994116105e-05,0.005961358985034715
0.0012916742817654276,0.0004011577639480415,0.001299778745743076,0.006183568028459265
0.0012159401632127972,0.0007927542358952766,0.003568770118557345,0.005588242386705295
0.0006470356998106408,0.0011362521959476677,0.0045337537843236275,0.0050754658348805964
0.0013390396785062403,0.0009500228162538581,0.0010321269805553751,0.006729078987125563
0.002689228189063404,0.0019324215979016452,0.00022972296768749862,0.006752525818754114
0.002462274550760255,0.0020452700384101484,5.784957338274493e-05,0.0059663332776038755
0.0012970693063998181,0.00040149193517759175,0.0012797800849880104,0.006203020029125349
0.0012079184681216867,0.000796480383760808,0.0035801567680875967,0.0055771880366388225
0.0006450019176586551,0.001159753231487623,0.004601573103032387,0.005075208130949286
0.0013326969772088032,0.0009443451497141276,0.0010485393612747675,0.0067246135573442
0.0026938694060042946,0.001930743740200632,0.00022862592179907103,0.006738992146259807
0.002485147219733011,0.0020617444840342718,5.6173349164690805e-05,0.005966807182143919
0.001303454731958583,0.00040260506886220803,0.001262637106890002,0.006220247516974942
0.0012015497508661651,0.0007952252040503149,0.0035797411038185145,0.0055741518856020885
0.0006427491106494155,0.0011749837726253225,0.00464569808825957,0.005069030059959653
0.0013260588065083852,0.0009402456529820898,0.0010651339927913383,0.006719211674472272
0.002689851535094465,0.0019226843212580133,0.00023067637156813731,0.006732945377748438
0.002497617972687678,0.002069446070519555,5.607760700738073e-05,0.005964024835421723
0.0013104976454766297,0.0004041540536376873,0.0012476208811984532,0.006234789392941547
0.001197436420059918,0.0007881234641706399,0.003565289749367268,0.005579677494543227
0.0006410310923063593,0.0011806312325216316,0.004664966580544938,0.005060101676127258
0.0013195561141466437,0.0009369395349207401,0.0010813937129980405,0.006713536876530396
0.0026772307876838358,0.0019074953028197135,0.00023616927266406325,0.006733798679188452
0.0024987520910370368,0.002066612990033139,5.743907594531647e-05,0.0059569030161561965
0.0013177382346184362,0.0004053192810813434,0.0012366358706321244,0.00624598513553651
0.0011961868157170862,0.000775216697065365,0.0035383869377954846,0.005594445322342042
0.0006398092110642826,0.0011757040289005526,0.004657572824673247,0.005048510178154201
0.00131257716896475,0.0009344226574834159,0.0010968003261684666,0.006707860260998436
0.0026556742996417977,0.0018859132033295994,0.0002452155423386797,0.006741806254110368
0.002487873700417288,0.0020535475915863088,6.031911628085967e-05,0.00594550360014773
0.0013244682280853237,0.0004058745460139342,0.0012296607665984673,0.006253428668893443
0.0011976051503723398,0.0007565430107897515,0.003499436415457624,0.00561844548270091
0.000638070757670076,0.0011580856961287455,0.004616367773800358,0.005028697778937525
0.001304229433913828,0.0009329982077810278,0.0011108072779973846,0.0067028688970830865
0.002623661803256905,0.001859007434113761,0.00025786309524411413,0.006757836141787631
0.0024628048702021103,0.0020308373967060553,6.526424494505202e-05,0.005931453707557996
0.0013296899346072137,0.0004056597330726262,0.001227660651433174,0.006257299725588675
0.0012019884996041267,0.0007325913042235271,0.003450611735577153,0.005652007518431682
0.0006371260311638075,0.0011284142757025854,0.004547076105743724,0.005005444346920381
0.0012965021543778898,0.0009320163225266288,0.0011231831655516404,0.006697185241405166
0.0025841920478257723,0.0018278065871163301,0.00027411301179730975,0.006780009143709881
0.002424801154389303,0.001999155999501185,7.253149341470422e-05,0.005915631224404281
0.0013323619329206418,0.0004048115379243557,0.0012305422219360063,0.006256954270863524
0.0012077438615324338,0.0007047229943265827,0.0033900215967062287,0.0056885416787039456
0.0006367717136766739,0.001089393222906491,0.0044503550860682615,0.00498108571185635
0.0012895796001149691,0.0009319102426628806,0.0011317135885776748,0.006691891184006107
0.002539958694329745,0.0017940373816939998,0.0002930753516825803,0.006807361631478571
0.002376866582679588,0.0019596680001227117,8.227312427778659e-05,0.00589891607393821
0.001332484418633326,0.000402812296275843,0.001238926816696079,0.006251553615421994
0.00121458662923434,0.0006745514538869083,0.0033219958607501425,0.005725052228251903
0.0006376199485742111,0.0010436765494182374,0.00433288640263108,0.004957677685979462
0.0012837147510325613,0.000932627967512105,0.0011358283016790602,0.006686512745050169
0.002492976906434065,0.0017597699576303765,0.00031362128694515035,0.006837858266104398
0.00232086701474648,0.0019149580422043253,9.473287892377904e-05,0.00588374404299753
0.0013293534536331505,0.0003998313510065163,0.0012529173019869338,0.006241301019092713
0.0012228607305735672,0.0006447815522487484,0.003254783399487093,0.005764391156890122
0.0006399422371433458,0.0009943808992957594,0.004203256801362717,0.004937634479285421
0.001280489989918694,0.0009342058589990934,0.0011346127357601415,0.006681049176256318
0.00244731850441986,0.0017276546272414041,0.00033407461013227355,0.006868811338757809
0.0022607313684985825,0.0018685536159443756,0.00010946268992012258,0.005871870706975274
0.0013226419085403311,0.00039633989384931596,0.0012715927034155977,0.006226790924193516
0.0012313760625762514,0.0006176978753930066,0.003192918740258214,0.005803253925034472
0.000643339516890295,0.000945730938379879,0.004071192972447756,0.004922408338575054
0.0012801954773395056,0.0009366588525796959,0.001128159594421366,0.00667550285754231
0.0024064766381708303,0.001699598830648511,0.00035275853647083087,0.006896710942088218
0.0022014772220112807,0.001823579687467644,0.00012538816258455445,0.005863413148934457
0.0013131103584606675,0.00039247073592526237,0.0012940011258094912,0.006209018790938667
0.0012393826132269898,0.0005949546832403004,0.0031409949900553067,0.005838552961315637
0.0006474046295444491,0.0009013328083930611,0.0039466550571108224,0.004912281604278728
0.0012825786847488465,0.000939918190789192,0.001117169916444245,0.0066701849436437925
0.002372635138269254,0.0016771064000475392,0.0003680178281657163,0.006919395804510379
0.002147080048736195,0.0017831665561722713,0.00014099521644790448,0.005858594095463387
0.0013016547272887986,0.0003886614269693313,0.0013180401155110512,0.006189519366969742
0.0012460594262206242,0.0005775197110785058,0.003101382383118902,0.0058674101448795285
0.0006515185148100886,0.0008637083034677901,0.0038377707390425627,0.0049067729112437135
0.0012874963846855934,0.000943792496890246,0.001102778054894473,0.006665497153454459
0.0023469503505137985,0.0016608049458607997,0.0003786376879077787,0.006933837270947973
0.00210072621449936,0.0017497702917516522,0.00015462681910515728,0.005856686707573615
0.001289181784160395,0.0003853326009866892,0.0013416482651140826,0.006169972452063617
0.001250808084764291,0.0005658969205645472,0.0030752537288551503,0.0058880896160593745
0.0006548755619672173,0.0008344826455654598,0.0037503415145867646,0.004904673874408799
0.0012941892044794328,0.0009480000037540385,0.0010866680104974348,0.006661499306693128
0.0023304787430271953,0.0016512384331074015,0.000384311319290387,0.006940357203640009
0.002064699216321212,0.0017248346628654172,0.00016486917336510203,0.005856249117176117
0.0012767140737198778,0.0003826889274085344,0.0013629230272796682,0.0061518519676700455
0.001253394566032285,0.0005599773718940376,0.0030623774918525463,0.005899912933350587
0.0006568252709505361,0.0008142282126298373,0.00368719600426706,0.004904697259590583
0.001301542031226791,0.0009521735933003348,0.0010701564740923342,0.006657805956064191
0.0023237343748715796,0.0016488330509998746,0.00038532897026050144,0.0069422528614418635
0.0020398308861470506,0.0017089161096150683,0.0001708487288642332,0.005856255600771821
0.0012650504114527382,0.0003807885691990996,0.0013802874149726123,0.006136302654850158
0.00124370210176219,0.0005381129019292835,0.00296300965854283,0.005906792936975836
0.0006663643409511414,0.0007805077021532873,0.003546779796799426,0.004895361148441999
0.0011886224851323248,0.0009046161100872512,0.0011606500843481333,0.006510530338547399
0.0021368454247388813,0.0014991186589066183,0.0004440972606405152,0.006799428545227576
0.001954087745033056,0.00157769729463301,0.0002164930348000668,0.0058177928228208085
0.001279159356197551,0.00037461899818266734,0.0013195753295943123,0.006029535271632013
0.0012336971534939155,0.0004826425481127936,0.002764072266142249,0.005849354964024186
0.0006723808728921138,0.0007177477841958991,0.003250385834699467,0.004932363605904735
0.0012267304006014592,0.0009608304069858933,0.0010147407481365864,0.00659036144473601
0.002063473088308087,0.001534428447527467,0.00041423028686689213,0.006918298889618107
0.001782069734543277,0.0015514968440421475,0.00024538936080621107,0.005865973768190129
0.0012285368872804905,0.000387371492488844,0.0013960413752032988,0.00600101048081171
0.0012558203322933033,0.0004870113807863387,0.0028190748872404248,0.005901344177534102
0.0007214278957077108,0.0006698014763637197,0.003252390208324297,0.0048981568594389045
0.0012924433734783842,0.0009264811035520187,0.0010688748881319476,0.006428389306157531
0.0021004949950635897,0.0014972171036251117,0.0004475681209648982,0.006769657609025932
0.001750266965782317,0.0014991976680655097,0.00027052192862307863,0.005793825939984366
0.0011992700932736268,0.00039762735054909117,0.0014630939019754474,0.0059713613080601136
0.0012423861109224067,0.0005216757532080606,0.0028201850463475406,0.005889096455513261
0.0006958786305782894,0.0006942545981146007,0.0031270207381566455,0.004904676119373322
0.001302853216142579,0.0009606296140276629,0.0009789265926624059,0.006463067616338502
0.0021503420539202415,0.0015237247327601446,0.00041693366107938115,0.006830182619810617
0.0018020777700645668,0.0014976136029466313,0.0002523871616337986,0.005799761564138528
0.001206935168205332,0.00039626400486612786,0.0014411683909597971,0.005915583349811215
0.0012454356696679106,0.0005267495420763381,0.0028058252524658604,0.0058587269100481044
0.0006961746736135793,0.0007038636150523879,0.0031039224627671196,0.004895299808554566
0.001281164647848575,0.0009674528751471346,0.0009690041361768742,0.006430566133656083
0.0021194204398181263,0.0015256388294999624,0.0004103862363433237,0.006778266633932578
0.0017665277168073092,0.0014837684831094152,0.00025877699379088054,0.00576535976246823
0.0012075592945789998,0.0003951490357657882,0.0014996735453272447,0.005905366968174791
0.0012612267701160235,0.0005409089261506581,0.002888764046233996,0.005848383743894573
0.0007147188308794763,0.000698805762883614,0.0031568717514941424,0.004874639158689729
0.0013206126350151807,0.0009663036286763023,0.000960069696826845,0.006399961818834847
0.0021601438372665046,0.001553317697604245,0.00039349484166254785,0.006773175485828249
0.00176960133399374,0.0015145525591082679,0.00024187463633712622,0.0057840751053305885
0.0011834004360214943,0.0004143126805784145,0.0014712320760338442,0.005885879769053444
0.0012362967421075983,0.0005668711350754394,0.002881248565856682,0.005793306149118697
0.0006918387990329567,0.0007249406169106377,0.00316192133465951,0.004874696752774963
0.0013323148409426476,0.0009784223894336076,0.0009352130569384818,0.0064112692163373316
0.002209826001572985,0.0015803346338686972,0.00037875194778515947,0.0067546133964354995
0.0018188393426348205,0.001529147282827413,0.00022730309297700027,0.005762293327027066
0.0011897441739367818,0.0004089864252653509,0.0014862410254788275,0.005875118038699426
0.0012396737439628795,0.0005844431951712333,0.00294756971790776,0.0057758316161218735
0.0006837248787135882,0.0007465917330021637,0.003235638402795433,0.004862995043153618
0.001309300520702417,0.00097520567863143,0.0009432921242010472,0.006392942263244547
0.002215122634142113,0.0015955416784218387,0.0003664913375357538,0.006725747385043559
0.0018379454584666688,0.0015474253522451068,0.00021325528564492812,0.005762291564161793
0.001192512124944268,0.00040592093223876713,0.0014838457679224445,0.005872845276813667
0.0012378782775143427,0.000596252173283428,0.0029920959936052694,0.005737873498664629
0.0006821571966277815,0.000757538085781886,0.0032963916126473106,0.004861020722812645
0.0013245132940308102,0.0009742224271351356,0.0009271531046011028,0.006411018018181792
0.0022493854124865423,0.0016253363080093633,0.00034467483634502394,0.006738611081785963
0.0018610313126123845,0.0015812804784337822,0.00019335945014525204,0.005789635169966699
0.0011832821553136306,0.0004098696929181377,0.0014617090459955843,0.005876029188059972
0.001226089971516984,0.0006141753486914941,0.003025150860605571,0.0057043301363231625
0.0006697154063262699,0.0007787711135263512,0.00336873739482115,0.0048627400887945454
0.001324952654599157,0.0009691394427091107,0.0009310746043556194,0.006409643802300582
0.0022857392434677258,0.0016466087230352913,0.00033448680186108615,0.006708371090502524
0.0019026744069292015,0.001606301941913358,0.00017916658999387653,0.005786408962104483
0.0011826030974708584,0.0004047874876985956,0.0014636299669893301,0.005884343165036826
0.0012198585489568358,0.000630694151418312,0.003084199600999263,0.00568314060327472
0.0006572444939295019,0.0008018347701546301,0.0034512861692798285,0.004865637417432039
0.0013152689023210628,0.0009667134195670376,0.00093152568806287,0.0064150926975097885
0.0023072200846722814,0.0016693486017572412,0.0003189361496631494,0.006687668204432028
0.0019389951829955282,0.0016397527797126867,0.00016217659282762685,0.0058011490672597605
0.0011803260495222268,0.0004017597605380838,0.0014422770935793089,0.005893709623035883
0.0012095123346692533,0.000642575505148944,0.0031193146406471436,0.005652796806888143
0.0006479209433885983,0.0008217337997570485,0.003526319726735964,0.004874612331729298
0.0013165458547552014,0.0009631462327443642,0.0009272449595279045,0.006428475157506899
0.002331744751535522,0.0016911511568355952,0.000302680549494404,0.006667285558868326
0.001966837234189392,0.0016681424462233808,0.00014676218586476421,0.005805566256421827
0.0011768657915176377,0.0003994283863573605,0.0014271377827064255,0.00590788673629697
0.00120110509918697,0.0006574556932955606,0.003163772951583289,0.005629866387013609
0.0006401278647724889,0.0008440987407836813,0.00361290541671734,0.00488214124140059
0.0013167553499312309,0.0009563356315396242,0.0009314959597226237,0.006432066079499333
0.002358896886966043,0.0017096057918510887,0.0002902106574316513,0.0066369725438829245
0.002000339358692641,0.001696297022831729,0.0001326786666296791,0.005804711200211875
0.001174094682353977,0.0003970114434047672,0.0014097886210212521,0.005922994509105966
0.0011905521164910912,0.0006719346551840272,0.0032012057203162757,0.005606597408082737
0.0006299225740126912,0.0008691198233372473,0.0036910052418265907,0.004893326977895473
0.0013151523784771047,0.000953571012750696,0.0009301808196984238,0.006442448336045364
0.0023845743055248797,0.0017312139849407619,0.00027662592013443454,0.00661574645897178
0.002034754551690784,0.0017274135510799685,0.00011928491766625304,0.00580724751696936
0.0011722354765704446,0.00039470161932637546,0.0013890040940055465,0.005938550218521478
0.0011791830697064024,0.0006837394192501756,0.003232874458693296,0.00557931000354721
0.0006218587632193115,0.0008934392178190832,0.0037730853763336403,0.004904724853706533
0.0013131710010621123,0.000949379484898596,0.0009330998154645958,0.006448804810225009
0.0024068050200231127,0.0017503093995479262,0.00026505300147885546,0.006591390812298527
0.0020653740245892365,0.001757015781844895,0.00010825722961564624,0.005810336397126657
0.0011703636127656596,0.0003925961504986955,0.001372202597967219,0.005955566721497787
0.0011688828346157964,0.0006955047497595369,0.0032660650319640784,0.005554012277662526
0.0006155202631672899,0.0009173025954058731,0.0038552600715640074,0.004916603055170584
0.0013131875787726697,0.0009448739525479521,0.0009359055205091424,0.0064555385879399765
0.0024301715547761353,0.0017687433238586317,0.0002539803288044078,0.006569877712423712
0.0020969864538200296,0.0017871254905562795,9.805373109474845e-05,0.005815235432387889
0.0011686798863703737,0.0003910613185796309,0.0013519901569696915,0.0059727853517759395
0.0011581030876752277,0.0007062517354566396,0.00329305670212584,0.00553025940708572
0.000608999295652763,0.0009416913552666448,0.003932603550903408,0.004930247939020915
0.0013118402398720494,0.0009410937268020501,0.0009382274490889417,0.006463883997088199
0.002451397048721415,0.0017861722710296357,0.00024378659874213472,0.006549516935143626
0.0021281478912711033,0.001816184687324963,8.931916907963573e-05,0.0058190956443331015
0.0011682622247878637,0.00038883526688309497,0.0013343932287708752,0.005990176476204761
0.0011486763052906443,0.0007153124251611503,0.003321503130512909,0.005509365024176987
0.0006040691003730404,0.0009647983199697616,0.004011657957372154,0.004943441363957709
0.0013094942882136875,0.0009368649686234432,0.0009429386773633858,0.006470536897266293
0.002469231695821539,0.0018020072745555042,0.00023483194518675036,0.00653027003170945
0.002156398508767203,0.001844863601027051,8.210684619507274e-05,0.005824332110230142
0.0011678835906028917,0.00038708763095657696,0.001316551135791706,0.006008126639187979
0.0011393507702568012,0.0007227512978571204,0.0033461883179334182,0.0054904411053323015
0.0005999221387494908,0.0009863270392500459,0.004086517584364093,0.004957610216681712
0.0013083623014672528,0.0009331559394240398,0.0009469122863669063,0.00647839719683054
0.002486002792525411,0.001817034031047176,0.00022647978647794657,0.006513732157791342
0.0021831548871069036,0.0018728683432287995,7.602965228548928e-05,0.00583033257775397
0.001167754508227689,0.0003856860549302512,0.0012988492210211243,0.006026189803957079
0.0011306917695235949,0.0007288622551316006,0.003367833822531222,0.005474681479788891
0.0005965237440532883,0.0010070094432217233,0.004158192488628426,0.00497075735160052
0.0013057445875983892,0.0009288697771892601,0.0009531711352196453,0.006484697977494208
0.0024996699832588467,0.0018285487221980927,0.0002198622340993183,0.006497046438624076
0.0022082754158689977,0.0018976699856109714,7.118519832584127e-05,0.005834477408397059
0.0011689360269993613,0.00038396406738085663,0.001283210969581246,0.006043786677750985
0.0011241708273679984,0.0007330197914472122,0.003385369963867817,0.005464386350553477
0.0005944230136246838,0.0010261999388537135,0.004221962503662397,0.0049794924138654405
0.001299978158426322,0.0009233242842022584,0.0009629892171959563,0.006488172390258151
0.002507406001939591,0.0018327572086053957,0.00021590885885894198,0.006482451622350843
0.002230003666151247,0.001915298573049355,6.764583169394708e-05,0.005835963624409417
0.0011726091225101763,0.0003821328559101856,0.0012690389296227728,0.006059463047316968
0.001119721132101132,0.0007344698683878815,0.0033938554942200107,0.005458191304958298
0.0005933464638015012,0.0010416567330741539,0.004268293779433814,0.004984179021962142
0.0012947807846178012,0.0009191171182046552,0.0009709206969870492,0.006492210517054414
0.0025101209497108284,0.001832936189352561,0.00021337623953821488,0.00647598610720179
0.0022454812640248394,0.0019280443360396582,6.543902969287405e-05,0.005837455748339374
0.0011766025757664845,0.00038182246821844435,0.0012543625983348452,0.006073084387541049
0.0011159354499979883,0.0007331111565939722,0.003391618951890233,0.005457162729549887
0.0005920415747671438,0.0010522450986731222,0.004297914371399951,0.004984183297005239
0.0012902501707678978,0.0009161759096533227,0.000979890748503117,0.006492941981239839
0.0025081925428637147,0.0018288827477423227,0.00021372135160217448,0.006471223432667014
0.0022543938777154254,0.001934804414090767,6.465584185432706e-05,0.00583435151162325
0.0011805089491013835,0.00038220854755837113,0.0012435479355060446,0.006084137034586537
0.0011133973031773666,0.000729017601459084,0.0033825679866853866,0.005462389437766932
0.0005902147906692267,0.0010571831971175863,0.0043100890357448025,0.004978855129880947
0.0012851309828725945,0.0009144743145329397,0.0009893126965013624,0.006491199943388379
0.0025007314021946786,0.0018205471236869848,0.00021664152367390996,0.006470617858278266
0.0022564188534358104,0.0019352069203769833,6.502732423822581e-05,0.005827839079102161
0.0011846681516993439,0.00038285423758240185,0.0012344006339910984,0.006092329885969456
0.0011123465599134055,0.0007211737826660507,0.0033634841362451644,0.00547325344978305
0.0005883516602716484,0.0010551546229874984,0.004301005075847826,0.004969738434953563
0.0012797902294025708,0.0009137354581430963,0.0009970832305306596,0.006489569194977993
0.0024870910899156165,0.0018079768504248547,0.00022159445304410544,0.006476090530603452
0.002249874709317424,0.0019284514404956442,6.668846300013153e-05,0.005819391713747758
0.0011886304996119052,0.0003831909897284759,0.0012284862267847906,0.0060975412309645875
0.0011134926393729131,0.0007097320258307474,0.003337098604997579,0.005490025048724627
0.0005871346322978375,0.0010454787913146395,0.004273205452663545,0.004956841808978388
0.0012742695759632781,0.0009130520430203219,0.0010044811421614742,0.006486661237385505
0.0024676752935422906,0.0017911557377949551,0.00022899038359128213,0.006485627424308332
0.0022347221300953774,0.0019147754686061618,6.97382560379884e-05,0.00580862404818621
0.0011917041835809916,0.0003830981696056116,0.0012261551676528096,0.006099786512908922
0.001116389594918264,0.0006951031763854068,0.003303947679517913,0.005512522265888942
0.0005860501935334141,0.0010285561590426514,0.00422609528974065,0.00494169452174951
0.001268723726371361,0.0009131135211553284,0.0010098416690377775,0.006483284148006814
0.002443568261920446,0.001771843861717736,0.0002382943446751947,0.006499640249092195
0.0022118008330452225,0.0018955058151158494,7.418198688567282e-05,0.005796331932082954
0.0011934710578225883,0.0003825644865309805,0.0012270321659198077,0.006098812356966509
0.001120740014442013,0.0006779396220670861,0.0032655292599566977,0.005539809818542992
0.0005852669260151951,0.0010054087927358411,0.004162553007639303,0.004925473960626628
0.001263349496287844,0.0009138015702706273,0.0010129852476530904,0.0064789103155129
0.002415849645182552,0.0017509660993211692,0.00024911882670133266,0.006516665865701212
0.0021819341089439324,0.0018714702415327709,8.011562481473272e-05,0.005783442516904361
0.0011935875691301084,0.000381502938031171,0.001231772144830167,0.006094542627135679
0.001125232249243076,0.0006588195955015633,0.0032212372683874564,0.0055643882930868
0.0005851482733587119,0.0009776490375230137,0.004086412701371854,0.004909176506588883
0.0012587227023962823,0.0009149028005061491,0.0010134869650219567,0.006473215363991175
0.0023864796835998676,0.0017295669512222892,0.00026077659156253377,0.006535440048479152
0.0021470221936977156,0.0018439878190945952,8.739426991481501e-05,0.00577107014787138
0.0011918426938408745,0.000379986970649566,0.0012399131286040222,0.0060870972426152956
0.0011303595913218605,0.0006396382039899237,0.0031761440255520016,0.00558943250952754
0.0005856565437166108,0.0009473909459624557,0.00400177071112933,0.004894241189350571
0.0012552691958438102,0.0009165274296986977,0.001010625869204542,0.0064666409625917035
0.0023575041412983414,0.0017091082819526173,0.00027232749877511555,0.00655477376559679
0.0021094705518880587,0.001814948334545903,9.567153636600646e-05,0.005760067061458071
0.0011882596245331235,0.00037812652664304515,0.0012509186036114952,0.006076855183040466
0.0011358517182662915,0.000621717974427223,0.003133740204706344,0.0056143434633138985
0.0005867039304969017,0.0009168232876802071,0.003914493004155304,0.004881498419190821
0.0012531170922534913,0.0009186507396478635,0.001004708116452164,0.006459021306442973
0.002330603954640188,0.0016908321396711336,0.0002829836363524493,0.006572754723723133
0.0020715972235601423,0.0017863298012750547,0.00010445779737386733,0.005750852411304104
0.0011830018285636068,0.0003761175971626422,0.0012641492423476946,0.006064488757823612
0.001141204621965083,0.0006061225099552556,0.0030965304749076155,0.005637372711246017
0.0005880950362501657,0.0008879774175511182,0.003830116780252164,0.004871385888242732
0.0012524524395966885,0.0009212645042077518,0.0009960326541144679,0.0064506137766386085
0.0023073989731420778,0.0016758072502045488,0.0002919171745284382,0.006588025957579456
0.0020357823852144756,0.001759999457404036,0.00011303008538098399,0.005743660938400617
0.0011764393772422978,0.0003741978653631518,0.0012784547986701613,0.006050786097949414
0.0011459655967217951,0.0005936524548261738,0.0030661003438165616,0.0056568735400865065
0.0005895450547876474,0.0008626032674580835,0.0037533830136559036,0.00486392502386224
0.0012531698529718311,0.0009242627420157658,0.0009851796653720921,0.006441855021115521
0.0022889816483301164,0.0016646516372458074,0.0002985147582228965,0.0065994567880497314
0.002004080311153625,0.0017373634806708501,0.00012061812111513238,0.0057382362598567774
0.0011691214711656791,0.0003724893583638576,0.0012928240107264364,0.006036617943216881
0.0011498872754547695,0.0005847538354957347,0.0030436332467073998,0.005671737485086933
0.0005907809912706581,0.0008418875944529985,0.003688152253213173,0.004858746950186232
0.0012549495565009198,0.0009274784856468091,0.0009729887365299019,0.0064331368617575515
0.0022758351741291333,0.0016576601307915842,0.0003024481188419912,0.006606390621022704
0.0019778978691129385,0.0017194878124306584,0.00012654588505568823,0.005734184669474958
0.0011615448179052195,0.00037111147588282255,0.0013061549063631077,0.006022853328850506
0.0011527595240480005,0.0005795177483814034,0.0030293729511655368,0.005681294842419159
0.0005915143017334883,0.000826441690486225,0.0036368092044194614,0.00485541101870649
0.0012574750306405015,0.0009307760995564687,0.000960223099385326,0.006424928706481046
0.0022680423946113107,0.0016548935780386705,0.00030364332356357955,0.006608657699579112
0.001958033360578715,0.0017070090655800184,0.0001303370668855292,0.005731049431079339
0.0011541125139700916,0.00037012304343642284,0.001317559072202522,0.006010234759261305
0.0011544994477367169,0.0005777966391631041,0.0030230570476457302,0.005685422282067515
0.0005915421957406386,0.0008164287747995516,0.003600539757215504,0.004853437042705929
0.001260359726083594,0.0009339717385181708,0.0009476539913259891,0.0064175242128063125
0.002265309428873,0.0016560951941134996,0.00030228918151052186,0.006606344663717209
0.0019447588052102975,0.0017000646819621352,0.00013177976248172622,0.0057283679067964685
0.0011471572707269907,0.00036949480668875393,0.0013264560161142845,0.00599931245829639
0.0011551531761508549,0.0005792636856550966,0.0030240215583687805,0.005684412986070241
0.0005907852678048575,0.0008116639508723325,0.003579344960717312,0.004852446403227453
0.0012632563594203172,0.0009369041901549555,0.0009358238188079902,0.006411184639691254
0.002267097937012586,0.001660839968616227,0.0002987013095955363,0.006599934768593463
0.0019378961522698017,0.0016984493952284436,0.0001309054842875363,0.005725885801429492
0.001140899732139334,0.0003691625098531628,0.0013324908596335071,0.005990419636554731
0.0011548306396855796,0.0005834814430172059,0.0030313027266759456,0.0056788186179282055
0.000589278067192183,0.0008117276673641983,0.003572392958924925,0.004852197310258672
0.0012659144728712774,0.0009394443391112169,0.0009251020052821336,0.006406035539242081
0.0022727500557827587,0.0016686093048346895,0.00029328504414255545,0.0065900169909958355
0.001936939725945445,0.0017017188536757365,0.0001279583211224579,0.005723470221081691
0.0011354448362911318,0.00036904654518122996,0.0013356197148219387,0.005983709718845515
0.0012448603053760202,0.0006498433111099936,0.003037080479636683,0.005892359893428722
0.0006250543750847825,0.0009725065698194679,0.003569466009075064,0.004772738355613064
0.0009119215195965967,0.0009078926649538173,0.00111930340764144,0.006217696074287958
0.0020718164949014442,0.0014435193236401879,0.00032970523915022877,0.006347507288307535
0.0021207253288459045,0.0014503008567820583,0.00014770403464549672,0.005410405943773264
0.001480290990295042,0.0003009423213596317,0.0015914475443607884,0.005822477320828077
0.00143230523814501,0.000595172975616826,0.003181165983307729,0.005547273932302842
0.0007589494518248379,0.0008308470555636971,0.0033680402926352052,0.004828499489722587
0.001322469139492073,0.0010487495122402856,0.0005725077896144092,0.006863940308786549
0.0022713225573247928,0.0018229775711822809,0.00010229835362600228,0.007310431719995229
0.0019037441199350584,0.001831933250009049,0.00011146523720437713,0.005900450533138165
0.0013085348334427463,0.0005070678057352442,0.001077475567968173,0.005796977709505265
0.0012770571409735218,0.0006437922420663125,0.0027691612842740917,0.005451930535609097
0.0006524749137531313,0.0008931895120611427,0.0034700262519828896,0.004902540228903697
0.001356246997136402,0.001022154572831879,0.0007590152489950579,0.006623911354127871
0.0024441070694499714,0.001767421246232853,0.00019533173437435032,0.006624399515549391
0.00213613814944829,0.0017275973797104983,0.00010975930147579153,0.005378522018907687
0.0013719724190257357,0.0003973765297105083,0.0015298890873495588,0.005859305940965558
0.0013710691226666895,0.0006794142299068345,0.0032670862146186126,0.005736524246419445
0.0006251112532930284,0.0009521744043277786,0.0036343413103489663,0.004842357349371458
0.0011034218227321936,0.0010497903543667518,0.0008085815715391825,0.006602786242881591
0.002283589217574391,0.0017685458362781592,0.00018165125391871902,0.006819425036198828
0.0021519736818171992,0.001773980253961711,8.537405006874383e-05,0.005508225565854964
0.0014128393953735101,0.0003788750599874773,0.0012353268257459678,0.005818287826255367
0.0013215935213763722,0.0005568627605374936,0.0028703317111495137,0.005592740107527104
0.0006248523453252346,0.000847257180291582,0.00330835995766584,0.004986963378740104
0.0012132348506798372,0.0010681295102314915,0.0006270911431803243,0.006897546084442677
0.00223041953650441,0.0017974973630366668,0.00013521726513804127,0.007090474382422359
0.0019601448971053154,0.0017638400386870024,0.0001093690917053987,0.005723272072669752
0.0013388126491469669,0.0003766560280211745,0.0012913758729448353,0.005897177862268412
0.001354516123500702,0.000565036709991026,0.0029987665658162983,0.005741070997532366
0.0006830173395391148,0.0007951983618914061,0.0035074734250889012,0.004930623843723553
0.0012171588601672543,0.0009403714278241987,0.0008146531682547802,0.0066606747821261
0.002246963691492226,0.0016560122713276183,0.00020733448113509297,0.006798662139009533
0.0019767181804379234,0.0016662797124526176,0.00011508125062395707,0.005598704310153848
0.0013086039100711497,0.00035572362911099876,0.0013471847474440927,0.005939570920712287
0.001313724218889186,0.0005630603611664591,0.002920218406708381,0.005786403954767404
0.0006152034796977382,0.000805474227303241,0.0032593662653459324,0.0049702481526244695
0.001184139758921653,0.0010115141890209931,0.0007067535339092974,0.006764064704725041
0.00222984455012777,0.0017067697784471925,0.00018909883563704728,0.006961266389555331
0.001978497205561898,0.0016951465220244148,0.00010494427175631709,0.005677712848823952
0.0012866611088013784,0.0003516562284498811,0.0012695911367461448,0.0059121142775090995
0.0012860710093793408,0.0005243236729642219,0.0028424875322034656,0.005781717985584804
0.0006200283367427372,0.0007651033203873321,0.0032324902340331897,0.004976263978207992
0.0011919756350690263,0.0010037316726890792,0.0007338852670586721,0.006691187484192991
0.0021715218123704236,0.0016941115892347804,0.0002087548599089528,0.006883921750213506
0.0018675699378502691,0.0016726522497095382,0.00012907104828725047,0.0056948102838614775
0.00124055762414469,0.0003548031542880953,0.0013509555596989149,0.005950220168430639
0.0012904257139125608,0.000542011691657188,0.0029168331583389576,0.005836191176427101
0.0006384775556772398,0.0007477212067538413,0.0032592752648151905,0.004949610361753431
0.001237977102771181,0.000980137186393269,0.0007596239622804111,0.00660801341325896
0.002220205442977315,0.0016749217783464563,0.00022220416379846496,0.006828979535151524
0.001884736412099296,0.0016619333169391186,0.00012204869483265301,0.005704812957267915
0.0012116742702285967,0.00036639199414839,0.0013106439729290598,0.0059293300171158175
0.0012582830843197788,0.0005605943636000629,0.0028339111541191217,0.005793164067781766
0.0006095356002918821,0.0007751586554891467,0.0031469491677232463,0.004953486398984845
0.0012355225631786352,0.0010042425130671207,0.0007164766312719381,0.006630678179634811
0.002235626965843424,0.001688758234710971,0.00021618447344891372,0.006831558732300962
0.0019057851951255402,0.001655385487114573,0.00011596240356795111,0.005694784029214247
0.0012123672377208044,0.0003582594428746216,0.0013289515805819877,0.005913989402099307
0.0012654636968601324,0.0005678253755351085,0.002886978571873853,0.005792026251424888
0.0006189734439666574,0.0007780707902922405,0.003204091561254756,0.004926137171142972
0.0012255668059850486,0.0009972144912737972,0.0007458092052921016,0.006560903405337669
0.002218550777281198,0.0016949281230590639,0.00022385039651863584,0.006768987137363662
0.0018756314705751962,0.0016685690128550059,0.00011856906214451688,0.005696378780497885
0.001191022901993219,0.0003669400938669068,0.0013377646207575616,0.00591312274686021
0.0012533105809913719,0.000583795954405178,0.0029108691698625476,0.00576045807048786
0.0006154219352674432,0.0007841240528621775,0.0032279870779813175,0.004916474082772273
0.0012588407188753395,0.0010038069155457949,0.0007377793598862002,0.006546294270743905
0.002259974991893453,0.001722637622835141,0.0002188895482714963,0.006742353382075137
0.0018940888118288354,0.0016963512927483284,0.00010855244221302583,0.005701649715582903
0.0011731170747539483,0.0003759444272319496,0.0013173234521163296,0.005901019907855116
0.0012380764160903929,0.0006058535127442008,0.0029223231752395383,0.005719904633353987
0.0006030367850085941,0.0008112412411460564,0.0032641953004236487,0.0049076251670273465
0.0012536850885040507,0.001005115991118296,0.0007428778428383995,0.006526569553829567
0.002281653040130035,0.001737634294975193,0.00021742404679500084,0.006683867072717
0.0019231637364295528,0.0017077958351578914,0.00010072344949833863,0.005674548383757824
0.0011746189242072783,0.0003706709676586468,0.0013306478997640943,0.00589705499129887
0.001240338494983636,0.0006241635599395856,0.002985169530377715,0.005693234858845109
0.0006030229554154076,0.0008326361718288434,0.003339716180595824,0.004894945127342339
0.0012478195394217625,0.0010020258245991977,0.0007501438754917576,0.006510466513205556
0.0022949191859229757,0.0017588867417580127,0.00021012984639045827,0.006652566358982684
0.0019393634971416952,0.0017371014877216315,9.11301105638208e-05,0.005681077493196901
0.001167296378870015,0.00037331879059831054,0.001312165238462274,0.005895710507401846
0.0012304869532999115,0.0006413114797647692,0.003015937943334792,0.005647731847741301
0.0005988478556660624,0.0008540304352643453,0.003407813119849087,0.004894783917797624
0.0012602211437937776,0.0010019798913065959,0.000749303887000656,0.006507513544187318
0.002327098071564965,0.001787771669716121,0.00020136404416259287,0.006614251514763826
0.0019665970077005898,0.0017712910384998475,8.123511668399702e-05,0.005680017775503866
0.0011588820412156452,0.00037580744196869724,0.0013029450706874709,0.005899673641245224
0.0012206647896754062,0.0006643291876675636,0.0030649359309249564,0.005605663787453113
0.0005927732278738692,0.0008859605947615888,0.0035035682959521893,0.004892017369710848
0.0012583973615881644,0.000997654322922233,0.000762089408297781,0.00649001353649562
0.0023576909046259214,0.0018115890546410776,0.00019599419095735535,0.0065578999219905645
0.002006319036316407,0.0018038215169987972,7.145797962716647e-05,0.005667391701766898
0.0011563038972704574,0.0003746378226523247,0.0012939699827331562,0.005905453377201148
0.0012109795428708948,0.0006855815839901509,0.0031132396230022117,0.00556007943796637
0.000587245818303087,0.0009204446872118801,0.0035962945627234537,0.004895406781941358
0.001257462923842604,0.0009965906791323345,0.0007643586131526011,0.006488472837681497
0.0023870794224838177,0.0018407904452621192,0.00018523359760261166,0.006524251215228332
0.002045027103234809,0.0018432826807552479,6.158346007764273e-05,0.00567204097858187
0.00115324398643999,0.00037509410906586547,0.0012740593584309678,0.005913519945894478
0.00120027863437988,0.0007063878153943586,0.0031574355671150555,0.005512727541741798
0.0005847345568426362,0.0009560390974397233,0.0037018194406714814,0.004902107022297372
0.0012608632787943018,0.0009916670091990967,0.0007716625567164096,0.006482582782556347
0.002419863845140891,0.001867585679026336,0.00017600770913519227,0.006480459805102626
0.0020853840486370315,0.0018821565983733577,5.35166002385237e-05,0.005674494264216007
0.0011501039944886622,0.0003756310637738581,0.001261105775515852,0.00592537887815804
0.0011902891069989474,0.0007303697519784008,0.0032106386334530388,0.00546879871674199
0.0005823885073195922,0.0009967640155344954,0.0038172279345595004,0.004909576995925155
0.001262454179420442,0.000986363206675791,0.0007812832282293983,0.0064751320641400515
0.0024556810691666975,0.0018941885004622652,0.00016734656172841679,0.006436670736739267
0.002133857055556181,0.001923646287424384,4.596615611473063e-05,0.005676477371279793
0.001148944027336349,0.0003759678643795789,0.0012422872715132094,0.00593777383459771
0.0011657695214955064,0.0007191567983488921,0.0031458326662860882,0.005455718832059129
0.00058334013408098,0.0010065125834433732,0.0038077767330707227,0.004886002791802869
0.0011272919200309712,0.0009185966063046097,0.0008976413538949235,0.00637505704704013
0.0022839659402085835,0.001731214037141727,0.00020626250897993255,0.006364625532095079
0.0020930022452500495,0.001813018108566095,5.400254885015591e-05,0.005630538332106616
0.001182852525368076,0.0003638692641492377,0.0011283328860205452,0.005892003550880762
0.0011334319761485794,0.0006408951900904884,0.002944532375499885,0.005421984441944876
0.000565470883746347,0.0009395931691953016,0.003584168412905379,0.004942744847168014
0.0011609132439128946,0.0009802224109624422,0.0007813649347445599,0.0064646807731541574
0.0022088113444520777,0.0017943310950687167,0.00017658069633747802,0.006506523140798361
0.001932251837153294,0.0018382621272095996,7.364164360254156e-05,0.005747855134343573
0.001127007865360274,0.00038574995697201564,0.0011735843738195175,0.005899251962710175
0.0011400373999627402,0.0006463534846693674,0.0030282183773756577,0.005458430044692805
0.000597524314045347,0.0008935372244219114,0.003716244533260322,0.004887585116376594
0.001218098234623805,0.000927349404944568,0.0008889196301416206,0.0063113902770103635
0.002253828917679552,0.0017404537193468114,0.00021722110766245434,0.006337110473440211
0.001934009878402234,0.001792734522123286,7.830440421165039e-05,0.005678853923196143
0.0011080478408586252,0.00038904970711574815,0.0012137518944800806,0.005897057272951735
0.001129445012207979,0.0006728561701293449,0.0029928505162734706,0.0054655099455915394
0.000567036688654075,0.0009234499519864498,0.003562904419856855,0.004891219540666317
0.0011984905456431264,0.0009528338720930376,0.0008164843608899074,0.006367458012421149
0.0022734040413455374,0.0017434990742007848,0.00020228931803987157,0.006407629147992438
0.0019897240196810394,0.0017783773748626885,6.686422730772867e-05,0.0056668338995588055
0.0011312171176810215,0.00037478746405949674,0.0011736500269600761,0.005870503674449629
0.0011330383483917966,0.0006502193554598765,0.0029486659269573647,0.005456437694795901
0.0005721133515698991,0.0009119434481225451,0.0035309476279298474,0.004888257136804051
0.0011760831858347754,0.000953456646670239,0.000814238422893237,0.0063633666976007155
0.002216959734945847,0.0017365122373483803,0.00020205633858003366,0.00641384726738245
0.00192338650269013,0.001767535276913302,7.726773902729875e-05,0.005686362047138202
0.0011189716665374362,0.0003738943845184731,0.0012164114125236417,0.005875818877465917
0.0011420121968078822,0.0006468150762406303,0.0030001730042622894,0.00547414005326932
0.0005856018842334416,0.000884131183916256,0.0035732113965032484,0.004869865231930422
0.0012071810968469368,0.000942871545047585,0.0008353878964254466,0.0063194817137422156
0.002234281861032267,0.0017363087240582682,0.0002095363017668476,0.00638433782565855
0.0019114835998599066,0.0017741670432973396,7.83228573016887e-05,0.005685218795786227
0.0010983308649178303,0.00038486937648796724,0.001199479128190295,0.0058749237834502645
0.0011234547141704672,0.0006533149915099548,0.0029530904522897606,0.005462355578333154
0.0005669179555081598,0.0008928245589368742,0.003511592594186965,0.0048792891160046705
0.0012077851415889338,0.000955269786846422,0.0008093832539221127,0.006334329305508907
0.0022498519751835097,0.0017428055270777146,0.00020636889058353103,0.006381721179819007
0.0019336774411571594,0.0017674341952368545,7.489541052183813e-05,0.005660346307144374
0.0011054658374548116,0.000375707798090694,0.001209368144807729,0.005863136687952047
0.001130873261979742,0.0006510407151386643,0.0029738824201868035,0.005465666070835326
0.0005695859768290399,0.0008933332977847031,0.003525193651199718,0.004867274362939374
0.001188967665627256,0.0009503168303852638,0.0008171857978118345,0.0063197883717463574
0.0022272517026306784,0.0017357507890963192,0.00020661437011895278,0.006374659110273695
0.001915741269985207,0.0017614813076576202,7.665254492574713e-05,0.005663672713018389
0.0011043783569776883,0.00037310672417355825,0.0012158857337098475,0.005861300376576681
0.0011338369615275792,0.0006487119075647783,0.0029806324299888618,0.005460098681821032
0.0005745943746239328,0.0008841949189342515,0.0035251738722725094,0.004865303932491181
0.0012039203362554792,0.0009492764393423075,0.0008080773514694316,0.006319186291200649
0.002235288133819085,0.0017416682956959738,0.00020245324201296992,0.006377581661693596
0.0019093539040433642,0.0017675835843443065,7.526693816437265e-05,0.00567184681051046
0.001095134086597324,0.00037716649419836123,0.001207230904442577,0.005859248469037448
0.0011280829948824183,0.0006536127737198885,0.0029734537263945765,0.0054515929801250435
0.0005693793563451889,0.0008889280126539891,0.0035239408901752605,0.00486428964340264
0.001204786271012526,0.0009498721219372317,0.0008067329423754922,0.006310433885549025
0.002244121358043656,0.001744659568988381,0.00020286414205495696,0.006354417775340961
0.0019187912597180923,0.0017677603138842324,7.371532462422902e-05,0.005653186471254517
0.0010948587594573388,0.00037386600128826576,0.0012163990951634144,0.005855087302710555
0.0011288337112989812,0.00065727550201069,0.0029917596253862984,0.005448858413721642
0.0005666951333806663,0.0008943219105940343,0.0035368201171058723,0.0048591174462653056
0.001197882293780322,0.0009508616454213062,0.0008055128850472018,0.006303521046029803
0.0022423322952071097,0.0017493855160998137,0.00020011623770413526,0.006347870439182272
0.0019199454326844572,0.001773343619426859,7.191528439760976e-05,0.00565201536075448
0.0010931485759646008,0.00037328865948812323,0.001210951649398637,0.005852790253258804
0.0011265633696802106,0.000658374583143446,0.002993104678252617,0.005437027370468998
0.0005664478367528431,0.0008961131110613981,0.003544484864112258,0.0048594052551313785
0.001202828976206753,0.0009510891387434757,0.000799253425963648,0.0063024841087933586
0.0022478801367204725,0.0017556268168147807,0.00019591164063540947,0.006341803004890098
0.0019203957823574404,0.001779224396746245,7.007777792603334e-05,0.005653496416864676
0.001089225488466502,0.00037386562673848384,0.0012096172310126477,0.005852208071462183
0.0011248476281048192,0.0006637942473025468,0.003002550928750538,0.005427161118516753
0.0005654604961769425,0.0009023660512200937,0.003562813669302796,0.004856321998712782
0.0012035958637547433,0.000948687930726547,0.0008006908786724118,0.006293538375848761
0.0022556994583967024,0.0017586598530577708,0.00019447376760580747,0.006323713744790027
0.0019288026053340842,0.001783644473609703,6.779151632844863e-05,0.005645135514547166
0.0010878542183249105,0.00037271513454692766,0.001209216582763501,0.005851342702792908
0.0011226755754586736,0.0006684096681356835,0.003011333503923114,0.005417056692153452
0.0005626647655330662,0.0009101426994348246,0.0035761724434807364,0.004855349122708538
0.0012016555926555289,0.0009495695398227446,0.0007969351702873047,0.006291413812115493
0.0022605406676585657,0.0017652464056469683,0.0001908059552648725,0.006315718048165797
0.001935813704417735,0.001791661083784234,6.530544523511855e-05,0.005642485052091342
0.0010864508763274922,0.0003720442188319386,0.0012041867921926417,0.005851012487503413
0.001120067258560918,0.0006713551152826105,0.0030183373902428383,0.005406084617947087
0.0005613368030779399,0.0009161106860079657,0.0035948745014069217,0.004854825855337893
0.0012020797242675671,0.0009489692139750528,0.0007958155687980469,0.006287062344206955
0.0022652553359570468,0.0017710296927285877,0.00018779272899446524,0.0063040038694305665
0.0019402145882425265,0.0017992426529384173,6.345207633254683e-05,0.0056403365949058495
0.0010841063477621431,0.0003717852301999196,0.0012023822267277153,0.005852110644650853
0.0011179069329864003,0.0006757669561237823,0.003028785377950834,0.005396073111587092
0.0005601693947603149,0.0009230680148848415,0.0036162165352376097,0.004853329698130804
0.001202681576248933,0.0009474667248220153,0.0007960608177706103,0.00628171180874487
0.0022722011052602985,0.0017757264127667722,0.0001852961342470456,0.006291067604621159
0.0019483572366400033,0.0018064966812373214,6.118230446723313e-05,0.005636309037726481
0.0010827239920514701,0.0003712368615046435,0.001198214953415786,0.005853043178970894
0.001115299734040724,0.0006797621665699923,0.0030354768435199306,0.005385907021339591
0.00055819801491899,0.0009310489314290827,0.00363334984213439,0.004852908085401707
0.0012017050101441019,0.0009469854909587626,0.0007944149702313223,0.0062793983759643675
0.00227752786597591,0.0017807182740388417,0.0001823162692999358,0.0062812126288735535
0.0019561985727647602,0.0018138308837235709,5.906001204525116e-05,0.005632924388668547
0.0010820489618442502,0.0003703237223121854,0.00119440514595155,0.005854098514516552
0.0011132585781979006,0.0006827954447770416,0.0030435524481342434,0.005376452638350139
0.0005571088840516087,0.0009379343623163,0.0036537350681510364,0.004851556350656962
0.0012008397360851308,0.0009457829078698169,0.000794872115407587,0.006275226647687959
0.002281520846187879,0.0017848981715509397,0.00017994729289913815,0.006270500889506174
0.0019620629245611317,0.0018210480244056175,5.7397699654390054e-05,0.005630102590211001
0.0010808550683715226,0.0003698612371947114,0.0011908632310164073,0.005855795718279804
0.001110994876966603,0.0006857040382533583,0.0030505115407448804,0.005367820517880069
0.0005558619976506988,0.0009443976518037379,0.0036723586809174168,0.004850196755239683
0.00120080803552685,0.0009447733909057916,0.000795044512109909,0.006271477698437074
0.002286263423047038,0.0017887785542831005,0.00017779668830152632,0.006260551851201701
0.0019686341676628514,0.0018279151748651062,5.5752956902265946e-05,0.0056267446465360915
0.0010799063662227833,0.0003694360000311159,0.0011866576236225412,0.0058573527230892635
0.001108720534816511,0.0006881986775149523,0.00305560895145321,0.0053600316644853
0.0005544205660641988,0.0009508384783059898,0.003688761014758327,0.004848501912991182
0.0011998398975468407,0.000943827795304711,0.0007953997536446186,0.006267973248131914
0.0022897142566213895,0.0017916534729302813,0.0001759873253175653,0.006251247712943367
0.0019746362137593658,0.0018336607624688918,5.434864187813479e-05,0.00562278916811534
0.0010795141673357633,0.00036871119041521856,0.0011832652821294025,0.0058587639669406295
0.0011069599888300216,0.0006898758889656913,0.0030604064829243133,0.005353315598266867
0.0005533712886744023,0.0009562154147761473,0.003703957754010092,0.004846026606507723
0.001198759930350865,0.0009427482428050982,0.0007961800113155756,0.006264243755654627
0.002291843930928867,0.0017936330607815798,0.0001745127300409924,0.0062432220961853024
0.0019790514632169105,0.0018386601870611574,5.3252130349800145e-05,0.005619324638959892
0.001079004340485069,0.0003681931083199541,0.0011796614674243363,0.005860194091065027
0.001105215763048763,0.0006908316393020034,0.0030630979782806213,0.0053477015388628795
0.0005523194382871078,0.0009604710840265922,0.003716106367924062,0.004843216497303552
0.0011980615454005856,0.0009417967760270858,0.0007968716965843427,0.006260592252131475
0.002293396528253122,0.0017948556085842563,0.00017343149588921775,0.006236004206432673
0.0019824906022376885,0.0018426376984605531,5.239271641395348e-05,0.005615385755220526
0.0010785030051537602,0.0003676952420193671,0.0011765354560237117,0.005861378434611324
0.0011036897259946055,0.000691155148924343,0.003064480105096982,0.00534347844556579
0.0005512171098986931,0.0009637720533169149,0.003725474076485982,0.004839643578684455
0.0011969626909542682,0.000940887101177578,0.0007978642131173562,0.006256606108569543
0.0022937466653009937,0.0017950163176517053,0.0001728452880216752,0.006229469507546893
0.0019847682033364788,0.0018453192092957042,5.178279060242654e-05,0.005610826856036082
0.0010781623075363331,0.00036709570472983147,0.0011739238570894223,0.005862210889952852
0.0011024620923261125,0.0006906130108703496,0.003064273315091483,0.005340580316628934
0.0005501766722788271,0.0009657380135225925,0.003731330892241357,0.004835451597840022
0.0011957826134335614,0.0009401234137316096,0.0007986644321547272,0.006252721568289871
0.002292818840740054,0.0017942891438362904,0.000172590416543093,0.006224404773293312
0.001985379194926436,0.0018467755937989605,5.144061044498061e-05,0.00560628476851982
0.001077764454872258,0.0003665264082342356,0.0011716235347027835,0.0058626774981145645
0.0011014959842050665,0.0006892623360246497,0.003062260685253482,0.0053390084482853595
0.0005492170525438089,0.000966265323314234,0.003733618431423452,0.004830625304466261
0.0011946923874534491,0.0009394088568856116,0.0007994290244090012,0.006248621884003544
0.0022908371687778914,0.0017925970475895295,0.0001727740104273767,0.0062201983980062076
0.001984408188598047,0.001846841622486093,5.13585577237108e-05,0.005601339214824334
0.0010772720240206969,0.00036594041953579964,0.0011700227371842782,0.005862688671178817
0.001100831681414865,0.0006872328486652726,0.0030587785475641514,0.005338823828087582
0.0005482514770136286,0.0009654582304660252,0.003732195506899267,0.0048251200538868624
0.0011935118664760343,0.0009388279342363179,0.0008000543346731617,0.006244305460610291
0.0022878033455661475,0.0017900454734568793,0.00017336155707746534,0.006216939753551509
0.001981976812880337,0.0018455839641553285,5.150171801543951e-05,0.005595966610262486
0.001076703016182298,0.0003653162189042341,0.0011689486774715105,0.005862143388787411
0.0011004379872263806,0.0006844913211544916,0.0030536763066707543,0.0053398939914384635
0.0005472785371022935,0.0009632862359594515,0.003726887148463596,0.004819091557781551
0.0011922985305696174,0.0009384488038278602,0.0008003299035846542,0.006239901457707026
0.0022837132279080814,0.0017867978691104968,0.00017426660691205424,0.006214730952836466
0.001977934750186025,0.0018430763338959976,5.187667259128289e-05,0.0055903740664628825
0.0010759776371842178,0.0003646699899403093,0.0011685090370295186,0.005861010116032017
0.0011003461270308503,0.0006811586390009407,0.003047292042565452,0.005342097988053272
0.0005463627416292424,0.000959797195376067,0.0037181231131076823,0.004812553240225739
0.0011911485753036237,0.0009381990645427585,0.0008003299539397055,0.0062352207470699455
0.002278777872279599,0.0017829253727648148,0.00017548128164314472,0.006213258474010183
0.001972419231153244,0.0018393914690709562,5.246098193551053e-05,0.005584535394525719
0.0010750471482902973,0.0003640106607032228,0.0011687232645366426,0.005859259940529781
0.0011005229366595362,0.0006773973828316405,0.003039789025412281,0.005345251603532963
0.0005454636348123124,0.0009551921720300351,0.003706030296640824,0.004805651360918017
0.001190065353635838,0.0009381354389484193,0.000799887662648264,0.00623036128429003
0.0022732116005481353,0.0017786327973299163,0.00017691467070106703,0.00621246785174062
0.001965689301671242,0.0018347097747893803,5.321190391702034e-05,0.005578489805885501
0.0010739170200123845,0.00036332547499076396,0.0011695242526586658,0.005856853067854622
0.0011009431709780345,0.0006733273471885781,0.0030314342591975215,0.005349113955581962
0.0005445915964872051,0.0009496629880777252,0.0036911071067825835,0.004798517466900466
0.0011890410830727928,0.0009382640696893849,0.0007989725762415092,0.006225308309601248
0.002267151174531536,0.00177411337832007,0.0001784869193862325,0.0062121678722392455
0.0019578898168351087,0.0018292428277327274,5.410652887487659e-05,0.005572341134119162
0.0010725594066908495,0.00036262135593472666,0.001170925277007419,0.00585381256470212
0.0011015792830039613,0.0006691119172388949,0.0030226284683425976,0.005353416677289547
0.0005437706951934185,0.0009434237710084252,0.0036740248112203393,0.004791280495948154
0.0011881490453671275,0.0009385708413238005,0.0007975713870437904,0.006220040729271565
0.0022608656505717487,0.0017695787510398923,0.00018011016380484359,0.006212136152338758
0.0019492977742521622,0.001823254108574716,5.509898673969315e-05,0.005566185435633458
0.0010709515179770325,0.00036192017687231503,0.001172823194239427,0.005850181224222791
0.0011023669811475864,0.0006649361280968611,0.0030136661176048568,0.005357850929518412
0.0005429872290746555,0.0009367714326491178,0.0036554181024624835,0.004784105069913776
0.0011874122731968758,0.0009390583187276494,0.0007956438243304308,0.006214612754105826
0.0022546242540216993,0.0017652435097943121,0.0001816836324964993,0.0062121487071489945
0.00194026605179502,0.0018170118759470756,5.6131654583239556e-05,0.005560071505609379
0.0010691170711087338,0.0003612181391068358,0.0011751448879558602,0.005846015196405163
0.0011032625511406009,0.0006609690731812825,0.0030049471989918282,0.005362103594016792
0.000542246614881954,0.0009300056697738191,0.0036360994634083896,0.004777114701630381
0.0011868216937566136,0.0009397059483774216,0.0007932199293417748,0.006209046077357203
0.002248642273061752,0.001761304343151956,0.00018311145251976208,0.006211977623452045
0.0019311106973843098,0.0018108080040136888,5.7147440316783076e-05,0.0055540819475589295
0.0010670753114017462,0.0003605247426586638,0.0011777772917129993,0.00584141135149288
0.001104205469007073,0.0006573653666879747,0.002996820877179103,0.005365860761373901
0.0005415480992312934,0.0009234108938047979,0.0036168739433588394,0.004770436999034668
0.0011864074857632358,0.0009404952196314447,0.0007903264956625034,0.006203394730811889
0.0022431612120982426,0.0017579584645320454,0.00018429791333369856,0.0062114165044950655
0.0019221647669600463,0.0018049442572356284,5.808213177656326e-05,0.00554829098124412
0.001064846799046874,0.00035985588233201926,0.0011805799331303416,0.005836487651482196
0.0011051292218151533,0.0006542721952808146,0.002989600081153826,0.005368835317171238
0.000540878831449182,0.0009172764070033554,0.0035985385488614017,0.004764172376953623
0.0011861690549524425,0.0009413975559877175,0.0007870292987011854,0.006197704838773688
0.0022383942392224586,0.0017553630573810058,0.00018516617258523564,0.0062102434581002095
0.0019137687623066956,0.0017996909894690961,5.887050805089311e-05,0.005542721375517796
0.0010624750490411984,0.00035921552807372225,0.0011834240703157996,0.005831373681125667
0.0011059783409852171,0.0006518080980563888,0.002983572549193658,0.00537078004998009
0.0005402263727777986,0.0009118637149237312,0.0035818382826280993,0.004758392426173986
0.001186086886212336,0.0009423819321508202,0.0007834056282470074,0.006192038423742427
0.0022345033906168202,0.001753643950905475,0.00018564986725865822,0.006208300174542344
0.001906220350181176,0.0017952952825371225,5.945199997398663e-05,0.005537405978865133
0.0010600074909502888,0.0003586094078475928,0.0011861574731676311,0.005826209105128084
0.0011066998898771475,0.0006500567459517435,0.0029789450712684896,0.0053714934839296236
0.0005395798501744852,0.0009073880878480001,0.0035674225793953206,0.0047531495687639595
0.0011861477406901737,0.0009434135471242393,0.0007795432585657783,0.006186460691998791
0.0022316149145044594,0.0017528907298368912,0.0001857020873130856,0.006205461995258831
0.0018997682471506286,0.0017919636724052041,5.977635888251834e-05,0.005532363428097536
0.0010574903843302657,0.0003580426814085841,0.0011886439778235867,0.005821135578474863
0.0011072504273238928,0.0006490755608266565,0.0029758731013843237,0.005370837963655962
0.0005389279492565555,0.0009040235616933458,0.0035558383389229257,0.004748466940904538
0.001186327316566704,0.0009444540642830995,0.0007755468677133473,0.0061810219370244624
0.002229813626356911,0.0017531497803849562,0.00018530062407503883,0.006201633313142886
0.0018946190667160825,0.0017898532483758246,5.980594782104222e-05,0.005527588260407895
0.0010549732791401672,0.00035751631924423564,0.001190759242866498,0.005816285255110148
0.0011075959054045277,0.0006488888117074791,0.00297443896450052,0.005368737304107293
0.0005382597903042825,0.0009018967746173666,0.0035474874226194344,0.0047443508657638
0.0011865939888192113,0.000945470381915049,0.000771513411552849,0.006175776553371414
0.0022291354034442022,0.0017544321206567585,0.00018444090773679536,0.006196777696664638
0.0018909193580256185,0.0017890717702517575,5.951918510660231e-05,0.005523074731145143
0.0010525043103875706,0.0003570289574443698,0.0011923950362081686,0.005811775139113751
0.001107714378450443,0.000649488849264086,0.002974661098673516,0.005365175046318095
0.0005375719488927498,0.0009010818418868226,0.0035426419568129284,0.0047407898509980945
0.0011869172157526148,0.0009464291068224879,0.0007675403349913792,0.006170764103329725
0.0022295728338489495,0.0017567105145783475,0.00018313883296578273,0.006190895747139271
0.0018887517713450427,0.0017896736845150311,5.891294969572687e-05,0.005518813753401167
0.0010501259172806525,0.0003565782730512088,0.0011934715783352922,0.005807704029041889
0.0011075952273959814,0.0006508432996289328,0.002976502933839882,0.005360191479962707
0.0005368660774001562,0.0009016064760685176,0.003541439168240174,0.004737758646315136
0.0011872688020516545,0.0009473006766965648,0.0007637170146047198,0.006166011511841917
0.0022310849746583674,0.0017599257724640236,0.00018142727713658807,0.006184025597066645
0.0018881468701363218,0.001791664373945754,5.800067864434973e-05,0.005514792398380409
0.0010478755355466946,0.00035616089416925346,0.0011939324481435457,0.00580414716370819
0.0011072368511363566,0.0006528968095950258,0.002979872794521123,0.005353874799169745
0.0005361476339338268,0.000903456747321323,0.0035438845951006183,0.004735223263786064
0.001187621365441641,0.0009480620520634525,0.0007601197458677123,0.006161535674054237
0.0022335972963663238,0.0017639922325181935,0.000179351982129722,0.00617624012333087
0.001889082578801049,0.0017950038970879624,5.6811325951205095e-05,0.005510997651852435
0.0010457852451895698,0.000355772476901457,0.0011937499515806502,0.005801155688961688
0.0011066471788741762,0.0006555746120454069,0.0029846403371265435,0.005346353222396342
0.000535427701736056,0.0009065793450241474,0.0035498745719030386,0.0047331402995314355
0.001187951809640542,0.0009486948832027769,0.0007568143689420638,0.006157338681209707
0.0022370078933277387,0.0017688012494966416,0.00017696896529395979,0.006167638114858142
0.0018914881360241663,0.0017996122769549496,5.538667543540073e-05,0.005507418528851525
0.0010438800496952712,0.0003554094654034033,0.0011929217792924947,0.005798757919390447
0.0011058407917747934,0.0006587873281566482,0.0029906396401792896,0.005337785895255643
0.0005347203463539134,0.0009108874936290649,0.003559203721383268,0.0047314598003613
0.0011882431432511777,0.0009491867805531503,0.0007538526488404764,0.006153412413049199
0.002241195706681072,0.0017742265014882134,0.0001743407771944399,0.006158339864316414
0.0018952539651301038,0.0018053748010839405,5.37773497659126e-05,0.005504043673399314
0.001042178946896071,0.0003550688670806079,0.0011914683867855094,0.005796960138534484
0.0011048377031654692,0.0006624341625797572,0.00299767717534271,0.005328355350938319
0.0005340408214134965,0.0009162661788342469,0.003571580530606986,0.004730124783104314
0.0011884816927880835,0.0009495308730515835,0.0007512740206517204,0.006149739086952698
0.002246022373760826,0.0017801272219917876,0.0001715340037186205,0.006148480856597139
0.0019002363234263003,0.0018121467510670214,5.20394286807581e-05,0.0055008595985127275
0.0010406956739552177,0.00035474807095645436,0.00118943124910896,0.005795749171105896
0.0011036623232845457,0.0006664050319578379,0.0030055390495054386,0.005318260981421788
0.0005334042612720428,0.0009225746872663778,0.00358664079370356,0.004729070867284441
0.0011886577649757254,0.0009497254527296104,0.0007491060513580847,0.006146293569290894
0.002251336016894707,0.0017863521315497814,0.00016861670983372385,0.006138209000142199
0.0019062614744039675,0.0018197588992459252,5.023096840100274e-05,0.005497850880725392
0.0010394382961109927,0.00035444546515835487,0.001186867815035408,0.005795095325526569
0.0011023417757083283,0.0006705828745501981,0.003013993452822758,0.005307713712497673
0.0005328236239690475,0.0009296495949936277,0.003603956805603415,0.004728226177778216
0.0011887653910146046,0.0009497734479028078,0.0007473652596044112,0.006143045558601329
0.002256974992587678,0.0017927421320980779,0.00016565690035635203,0.006127679926026347
0.0019131309847073479,0.001828021022609098,4.8408857850296496e-05,0.0054949968071364595
0.0010384098472781293,0.00035415997830557446,0.0011838493062029975,0.005794954874214589
0.001100905466327379,0.0006748455806545996,0.003022795310697602,0.0052969325211498
0.0005323081201735989,0.0009373074266887203,0.003623046162184925,0.0047275101963767064
0.0011888002904382642,0.0009496817515017178,0.0007460584708296361,0.0061399612033099776
0.0022627693968790357,0.0017991324020296816,0.0001627213951336185,0.006117054369216879
0.001920625404510358,0.0018367251839444413,4.662624979233685e-05,0.005492269303316482
0.001037608827982183,0.0003538906664126275,0.0011804572760109782,0.005795272358396909
0.0010993845997423577,0.0006790670310182369,0.0030316880584685814,0.005286141532391679
0.0005318620460346989,0.0009453460680402221,0.0036433771310491097,0.0047268335913932475
0.001188759218563446,0.0009494609397602469,0.0007451829550310161,0.006137005486575762
0.0022685426486331113,0.001805354923146124,0.0001598748474456598,0.006106497085840391
0.0019285065622963733,0.0018456489488665937,4.493067084722236e-05,0.005489631989742215
0.0010370290757889579,0.00035363654036568693,0.0011767808207366875,0.0057959826307290505
0.001097811987801457,0.0006831184696109744,0.0030404057294527312,0.005275568114324985
0.0005314840177710712,0.0009535463085775843,0.0036643741154663923,0.004726097971390325
0.001188639220363244,0.0009491246771702196,0.0007447273595726616,0.006134142923139668
0.0022741133406668783,0.0018112405381609446,0.00015717948679803645,0.006096174247652927
0.0019365202881831743,0.0018545580222484191,4.336272073056158e-05,0.005487038297992267
0.001036659742247787,0.00035339619020919894,0.001172914750827283,0.005797012326006939
0.001096222140363446,0.0006868700900296007,0.0030486751903026042,0.005265441348417356
0.0005311664795222489,0.0009616739219893112,0.0036854217931659794,0.004725196352280834
0.0011884366521165797,0.0009486895356828811,0.0007446716646965728,0.0061313386937297916
0.002279297043029739,0.001816621473654992,0.00015469480136351684,0.00608625224348022
0.0019443993083867112,0.0018632092084160884,4.195531548248381e-05,0.005484430750045705
0.001036485288534827,0.0003531674062235723,0.0011689574892218685,0.005798280771716128
0.001094651468574157,0.0006901926898518307,0.003056218386048788,0.00525599022067596
0.0005308958600654011,0.0009694821386594859,0.0037058700108291535,0.0047240145722421915
0.001188146620259,0.0009481748270422785,0.0007449868917320998,0.006128559338641056
0.002283908360304195,0.0018213342849805836,0.00015247728166480732,0.00607689622556698
0.001951866005157797,0.0018713537455200557,4.0733594704524685e-05,0.005481741337250808
0.0010364852652646284,0.0003529469103571522,0.0011650098126878526,0.005799700599078675
0.0010931386189734504,0.0006929600043635775,0.0030627562627317667,0.005247441383995173
0.0005306533271778232,0.0009767151310681676,0.0037250411086927424,0.004722433596665468
0.0011877628609238216,0.0009476023843256627,0.0007456348180897333,0.006125772683210537
0.0022877640659661833,0.0018252233962918472,0.00015058018687543807,0.006068267889240012
0.0019586363349473586,0.0018787414391897449,3.9715337487353515e-05,0.005478892774982295
0.0010366340393858896,0.0003527301928644644,0.001161173632313891,0.005801178018237046
0.0010917246165489522,0.0006950517644767909,0.0030680137891056026,0.00524001591119032
0.0005304159328267545,0.0009831130761761766,0.003742239634828389,0.004720333321997281
0.0011872778844446488,0.0009469965570562872,0.0007465671537980452,0.006122947785452586
0.0022906872958686794,0.0018281455869095663,0.00014905302306535275,0.006060522880818644
0.0019644251487667703,0.0018851259088023483,3.8911857273724604e-05,0.005475801103625731
0.0010369006251399404,0.00035251139437306146,0.0011575509835475197,0.005802612854570789
0.0010904528636203814,0.0006963575300749654,0.0030717272339646226,0.005233924633134629
0.0005301583885788072,0.000988418931725117,0.003756766728562473,0.004717597776038405
0.0011866835020894833,0.0009463841209124781,0.0007477247874540466,0.006120054382764955
0.0022925128805013043,0.0018299753426876122,0.0001479406993677032,0.006053807142071924
0.001968952944995182,0.0018902711681097581,3.832935307874354e-05,0.0054723799497298905
0.0010372485464601947,0.00035228335044883624,0.0011542431591387103,0.005803898630071581
0.0010893687833844101,0.0006967814692137709,0.003073653882721075,0.005229361662101204
0.0005298553494161486,0.0009923872011908402,0.0037679398139064332,0.004714121890172974
0.0011859720031389904,0.0009457941485777412,0.0007490369966728636,0.006117062132351613
0.002293094323817552,0.0018306112201897996,0.0001472821868093694,0.006048252077254204
0.00197195469591043,0.0018939598213557694,3.797054997243516e-05,0.005468546423983732
0.0010376358269358161,0.0003520378299162349,0.0011513496501617314,0.005804922866240901
0.0010885189162715258,0.0006962480804621908,0.0030735842054888246,0.005226495793065418
0.0005294840342592468,0.0009947949149894972,0.003775118286711847,0.0047098197139388825
0.0011851377880809954,0.0009452578091181563,0.0007504208653915875,0.006113939744085188
0.002292312292046331,0.0018299830795387327,0.00014710857734390629,0.006043968208985253
0.001973190909239434,0.0018960028965550517,3.783644667175154e-05,0.005464228386779931
0.0010380152771748345,0.0003517659342938454,0.0011489669321681866,0.005805567896978324
0.0010879493990993245,0.0006947086701201424,0.0030713566452434905,0.005225459667569047
0.0005290270494348594,0.0009954546208489296,0.0037777356588428587,0.004704633575583665
0.0011841794240239076,0.0009448080098776816,0.0007517812310986593,0.006110654143506456
0.0022900843537504694,0.0018280599014089147,0.00014744045552463178,0.006041037340299485
0.0019724607704181447,0.0018962512653572672,3.7927899025303175e-05,0.005459372817362251
0.001038335149965568,0.00035145872714716054,0.0011471867035957525,0.005805712603238836
0.0010877036764732407,0.0006921482303054467,0.003066874209031836,0.005226336836081552
0.0005284751000963228,0.0009942288869491296,0.0037753373463925498,0.004698543473728849
0.0011831020613454388,0.0009444788284216989,0.0007530114379318599,0.006107170011974935
0.0022863755582938237,0.001824857672519586,0.00014828458822262834,0.00603950333569399
0.001969617066786031,0.0018946082454188449,3.824665869248093e-05,0.005453954401039514
0.001038540319469427,0.0003511080783897245,0.0011460933599766088,0.00580523548455796
0.0010878194461217314,0.0006885921517690668,0.003060121780869075,0.005229147358562795
0.0005278291907112961,0.000991045442780766,0.0037676223901873234,0.0046915754537837475
0.0011819198186967636,0.0009443046349001099,0.0007539953814715424,0.0061034499958072235
0.0022812088907509013,0.0018204464710145788,0.0001496301067354239,0.006039361938910446
0.001964582112009882,0.0018910425960456305,3.8795431231892585e-05,0.005447983042429719
0.0010385741668319528,0.0003507076646832948,0.0011457604116973251,0.0058040194823856025
0.0010883249461527214,0.0006841118811044952,0.0030511822561360546,0.0052338331537896896
0.0005271018476674783,0.0009859114977591875,0.0037544857772482737,0.004683807458183144
0.001180657702213072,0.0009443188546089427,0.0007546112061646173,0.0060994560502517095
0.0022746742369258413,0.0018149556771991054,0.00015144451784065432,0.006040550702977625
0.0019573632618915793,0.0018856007212540893,3.957654651669462e-05,0.0054415088534680205
0.0010383812709525726,0.0003502540531477303,0.001146245559869904,0.005801958852967524
0.0010892348539091419,0.0006788284342603522,0.00304024894389869,0.005240244990120252
0.0005263169100056664,0.0009789253011073407,0.003736056605661155,0.004675370979059822
0.001179352535267212,0.0009445523032222838,0.000754737003043971,0.006095152218815979
0.0022669341896537866,0.0018085760073610062,0.0001536701580761773,0.006042940452870244
0.0019480660933373596,0.0018784164058686316,4.058898961872224e-05,0.005434622991134232
0.0010379109135031572,0.0003497477253998322,0.0011475844201039834,0.00579896807809263
0.001090546277579362,0.0006729126257062524,0.003027631379122679,0.005248133634044387
0.0005255075490551764,0.0009702827414062531,0.0037127260809831216,0.004666447055040638
0.0011780523287729058,0.0009450310957381532,0.000754258574038242,0.00609050897212358
0.002258224908655393,0.0018015571014016883,0.00015622192222944484,0.00604633021355002
0.0019369029269270036,0.0018697161194146073,4.18238663282561e-05,0.005427453090490709
0.0010371212439667238,0.0003491938469666754,0.0011497831521471117,0.005794992296848597
0.001092235486886123,0.0006665810103323451,0.003013751752160937,0.00525714795697616
0.0005247124583356273,0.0009602768372268947,0.003685158862669621,0.004657255898059919
0.0011768136875140228,0.000945774227934094,0.0007530788752826216,0.0060855088857853686
0.0022488505009806755,0.0017941997431225028,0.00015898720705228496,0.006050447708489851
0.0019241942312862382,0.001859817922725481,4.32588760828144e-05,0.00542015292969446
0.0010359837017322896,0.0003486025644191753,0.001152810777542257,0.005790018113661601
0.001094256129330273,0.0006600870176134708,0.002999130114401033,0.005266842525536401
0.0005239705854388298,0.0009492885627419184,0.0036542822614028317,0.004648040608281484
0.0011756972014816227,0.0009467910269153094,0.0007511282393208958,0.006080152894019779
0.0022391701710479882,0.001786842470550945,0.0001618289229959094,0.00605495711883209
0.0019103609109251977,0.0018491224785558574,4.4852914001119144e-05,0.005412887228051646
0.0010344870471008774,0.0003479886372307228,0.0011565924871672151,0.005784083031862985
0.0010965395997484808,0.0006537075263231469,0.002984358140569991,0.00527669613498878
0.0005233152343483015,0.000937768644393277,0.0036212502354644608,0.004639046906322266
0.001174761255937024,0.0009480788032876274,0.0007483739007156645,0.006074465923741673
0.002229578601347435,0.0017798433123029412,0.00016459202159732118,0.006059474828132735
0.0018959066032673165,0.0018380956726967062,4.654233464996558e-05,0.005405813883050036
0.0010326402152973319,0.00034737029383737365,0.0011610056173950254,0.005777281416295542
0.001098997961060045,0.0006477260345708171,0.00297006340718839,0.005286140915937918
0.0005227687381293914,0.0009262115637073886,0.0035873831030001973,0.004630502086135111
0.0011740551943643842,0.000949621119456847,0.0007448270427956209,0.006068500455303726
0.0022204814031042395,0.0017735584096259993,0.0001671133076322067,0.006063592337140266
0.0018813907451794946,0.001827243770323727,4.824045839036104e-05,0.00539906699961879
0.0010304732562284296,0.00034676735749900934,0.0011658800022749955,0.005769765066898347
0.0011015293609362396,0.0006424143961649681,0.002956868308346428,0.005294599395829331
0.0005223389923814635,0.0009151246359074611,0.0035540885004224465,0.00462259697627691
0.001173613133004717,0.000951387096453905,0.0007405456967913043,0.006062336704256393
0.0022122686831293746,0.0017683200770941493,0.00016923349148291778,0.006066903836820249
0.0018673950260830418,0.0018170835628089394,4.984141534272809e-05,0.005392744258935283
0.0010280359146108496,0.0003461988896494095,0.0011710038754369563,0.005761737281696469
0.0011040253479673355,0.0006380155444001459,0.002945349145511962,0.005301524855150811
0.0005220188297641613,0.000904996216025717,0.0035227731130641317,0.0046154742362029
0.0011734497497734924,0.0009533320845079968,0.0007356324583679455,0.006056078726992051
0.0022052903598325647,0.001764417127637501,0.00017080975237453953,0.006069034609674586
0.001854487367230895,0.001808111135203216,5.122844031707805e-05,0.005386901271105006
0.001025393901802337,0.00034568077513350795,0.001176135468121428,0.005753440567847273
0.0011063790397258407,0.0006347295230235692,0.0029360011176470676,0.005306439199630251
0.0005217885545071191,0.0008962673667315526,0.0034947568509826558,0.0046092248187749535
0.0011735589954152237,0.0009553998108644018,0.0007302270398971241,0.00604984666720442
0.002199836577281061,0.0017620799103834166,0.00017172679869903877,0.006069666014689558
0.001843188215865252,0.001800773302238303,5.2285533083751355e-05,0.005381553799252911
0.0010226234474777123,0.00034522376037934984,0.0011810191538920603,0.005745139556767227
0.0011084928797211557,0.0006327044931972503,0.0029292137164194983,0.00530896284288412
0.000521621137370211,0.0008893105595770135,0.0034712006221461755,0.004603892390259849
0.0011739160074424784,0.0009575258397374939,0.0007244948153090061,0.006043766302198331
0.00219612548797643,0.0017614715810229486,0.00017190467014317897,0.006068553511482634
0.0018339434679358283,0.001795445236569883,5.291041173594705e-05,0.0053766867311334145
0.0010198051061928559,0.0003448323944241298,0.0011854038628115375,0.005737101725726876
0.0011102848248370335,0.0006320333817755788,0.0029252587898895782,0.005308832752315004
0.0005214888864843173,0.0008844174112384273,0.0034530558114211313,0.004599483631477648
0.001174481749986301,0.000959641904327138,0.0007186133663479805,0.006037957675528886
0.002194299130780971,0.0017626859138393121,0.0001713022625093292,0.006065535762188441
0.0018271068676676773,0.0017924164872293038,5.302629610708791e-05,0.005372267128967216
0.0010170178978320492,0.00034450511200804026,0.0011890609368322594,0.005729578881901747
0.0011116921920713305,0.0006327557760297847,0.0029242909889860224,0.005305907332016894
0.0005213701003795203,0.0008817955795251424,0.0034410389709022037,0.004595981285922688
0.001175209315692438,0.0009616804873173972,0.0007127593142213909,0.006032524727084284
0.002194426596673952,0.0017657508235035192,0.0001699165070645493,0.006060534789052727
0.001822932745150097,0.0017918858791686541,5.2590401700181944e-05,0.005368258116228861
0.0010143346630650332,0.00034423540725252643,0.0011917988050848419,0.005722791959796243
0.001112672924167098,0.0006348638360653936,0.0029263581907978536,0.005300159399097049
0.0005212543548323501,0.0008815733128564827,0.003435630464324186,0.004593356816577692
0.001176050585648978,0.0009635789898718712,0.000707097381446295,0.006027547455260855
0.002196512561454815,0.001770635969737792,0.00016777798446134258,0.0060535488293452415
0.0018215780447555033,0.0017939641959675808,5.159793342183561e-05,0.005364630795384738
0.0010118191176193955,0.00034401377863822904,0.0011934727228030463,0.005716920733519723
0.0011132045387582394,0.0006383105579892417,0.002931418290464624,0.005291660429028428
0.0005211455644842665,0.0008838091429044281,0.003437092123461715,0.0045915803733351055
0.0011769620727232713,0.0009652829483894452,0.000701772866422086,0.006023077451408272
0.0022005087722425216,0.0017772624955988065,0.0001649442645207873,0.006044640496116081
0.00182311124980356,0.0017986824681605622,5.008147061845604e-05,0.0053613724739324745
0.001009524650858408,0.00034382997286038256,0.0011939889967635688,0.005712098909128482
0.0011132813714917523,0.0006430186969556531,0.0029393585509403302,0.005280560113375291
0.0005210625715804339,0.0008885039347289556,0.003445497019184002,0.004590626977880078
0.0011779091660030472,0.0009667479913272454,0.0006969078287822901,0.006019136892421502
0.002206326172276081,0.0017855130692203082,0.00016149236772915917,0.006033923027078546
0.0018275252266286783,0.0018060032761930197,4.810655134859077e-05,0.0053584906930085555
0.0010074945687664194,0.0003436750543183352,0.0011933042204894818,0.005708414076823036
0.001112910859813073,0.0006488889539276773,0.0029500142700299432,0.0052670651146244345
0.0005210375336941725,0.0008956128261982649,0.0034607642284203797,0.004590478914128517
0.0011788684755844314,0.0009679404985660012,0.0006926005536737524,0.00601572046993455
0.002213845848737971,0.0017952408152154184,0.0001575115255377436,0.006021546956419093
0.0018347511300270834,0.0018158326538109215,4.5764766716966945e-05,0.005356013483457183
0.0010057632972660432,0.0003435429530988616,0.0011914207806738896,0.005705911366715306
0.0011121095677402886,0.0006558064937854896,0.0029631844881722606,0.005251420036495277
0.0005211126846722816,0.0009050552449902814,0.003482692517295422,0.00459112497906477
0.001179828391615141,0.0009688371587496447,0.0006889274319799537,0.006012799385917975
0.002222927655029189,0.0018062762583310574,0.0001530970306183383,0.006007688784868537
0.0018446710977867667,0.0018280307294512787,4.316573728789668e-05,0.005353986734977582
0.0010043580365317415,0.00034343133078626876,0.0011883801735740251,0.0057045994059968606
0.001110899495154451,0.0006636453466297775,0.0029786434658335206,0.005233892473541987
0.0005213361142681559,0.0009167219314442578,0.003510988521825528,0.004592557452657919
0.0011807882269447437,0.0009694237662408507,0.0006859462712483606,0.006010326461543735
0.002233415988399414,0.0018184319072475962,0.0001483455659058566,0.005992542441390602
0.001857128235846486,0.001842419926322819,4.0429083839177654e-05,0.005352469591690612
0.0010033004437358265,0.0003433417789201843,0.00118425555653856,0.005704457246422665
0.0011093050259911603,0.0006722706415946229,0.00299614747776635,0.005214762916530693
0.0005217571152458877,0.0009304785338071134,0.00354528673347816,0.004594767507841793
0.001181756393205564,0.0009696936447935022,0.0006837001583760046,0.0060082415275575
0.0022451426750901156,0.0018315044894572894,0.0001433520806527911,0.0059763137114503834
0.0018719331286340306,0.0018587901695867823,3.7677098395095726e-05,0.005351528541234879
0.0010026080588718365,0.00034327948183927724,0.0011791446090571468,0.005705441198727025
0.0011073507039066073,0.0006815388788639198,0.0030154370080918255,0.005194319482520323
0.0005224214703471255,0.0009461657867536302,0.0035851600249380174,0.004597739482741731
0.0011827480043429836,0.0009696460463881467,0.0006822212199282117,0.006006476502705393
0.00225792718781742,0.0018452750797489641,0.0001382080805694815,0.005959217421670315
0.0018888666700167202,0.0018769010200335933,3.502841870812544e-05,0.005351230516142687
0.001002295325730039,0.00034325251879909044,0.0011731633505101132,0.005707490857109144
0.0011050599092541737,0.0006912965567251124,0.003036234692940315,0.005172856976731967
0.0005233668708653739,0.0009635965220353564,0.0036301204271177315,0.004601444128703419
0.0011837821659095938,0.0009692847830109265,0.0006815338750883414,0.006004959840944139
0.002271574514955301,0.0018595074593277085,0.00013300111095339962,0.005941477002977321
0.0019076793573927755,0.0018964809427396687,3.259269963299298e-05,0.00535163500030601
0.0010023741682669868,0.0003432709614105519,0.0011664411750342766,0.005710533934402737
0.0011024544512257645,0.0007013774643817571,0.0030582394057397837,0.0051506796425197085
0.0005246185197752123,0.0009825498284989332,0.0036796103891982707,0.004605830715439239
0.001184879050023622,0.0009686172399958955,0.0006816573899704006,0.006003620276463768
0.0022858709657385934,0.0018739450361067245,0.00012781520881642157,0.00592332605053851
0.001928087344652516,0.0019172240494399096,3.046608826436343e-05,0.005352784893522551
0.0010028541514827073,0.0003433458671596777,0.0011591170757532304,0.005714489804832674
0.0010995550741263558,0.0007115988718739503,0.0030811167857004284,0.005128107031167728
0.0005261848922064535,0.0010027626374096387,0.0037329849003316633,0.004610817746934963
0.0011860567122193343,0.0009676538182230359,0.0006826076934624458,0.006002389983408109
0.0023005780893160886,0.0018883065894465501,0.00012273215139892897,0.005905011597856243
0.0019458102013913767,0.001934851580916805,2.8668960333633942e-05,0.0053438330279246184
0.0010044951716253671,0.00034317258415025344,0.0011499715703459873,0.0057199463818681
0.0010963370029408773,0.0007204224862034852,0.0031022503564650137,0.005106048904328943
0.0005282268436271205,0.0010226497822381714,0.0037877457441455858,0.004616624145228962
0.0011880364763702151,0.0009664842362109902,0.000683874196544056,0.006002401501303231
0.0023145032873384693,0.001901949748053512,0.0001177228945209529,0.005889121393487841
0.0019620931254276386,0.001952224371463422,2.7539480554500956e-05,0.005336632218792034
0.0010062002620899863,0.00034344505260853233,0.001140023011644746,0.005726738494749978
0.001092904152085207,0.0007285929282400935,0.003121898006972855,0.005085558071017454
0.0005305643208776643,0.0010422355553134537,0.003843518718508434,0.004621908829113651
0.0011904819994299608,0.0009645119512619508,0.0006869922880830745,0.006001322806412995
0.0023281694371986425,0.0019133695115374257,0.00011359936558207078,0.0058727357549366544
0.0019788071165689155,0.0019683367462873832,2.6851887219777705e-05,0.005329591801322363
0.0010083808445204092,0.0003437827248407389,0.0011307079800973938,0.005734135582918467
0.0010893899566702559,0.000735919523212989,0.0031396100230919252,0.0050674226041506195
0.0005326141147416136,0.0010614436753579703,0.0038964273759673224,0.004626229930934335
0.0011922188590956025,0.0009624770915264326,0.0006908479880257186,0.006000410593680894
0.002340239565266122,0.0019224654530487634,0.00011011750077380995,0.005858429310896289
0.0019952511813712197,0.001982868698395412,2.6550395497727292e-05,0.00532307674533612
0.001011224948322555,0.00034408175825476723,0.001121284850725861,0.005741741037094012
0.0010857566672342934,0.0007412650519657783,0.0031538140501373157,0.005052080755184485
0.0005344354129105288,0.0010785869087289667,0.003944728313408312,0.004629268697030995
0.0011936426174100363,0.0009603747333077717,0.0006954986970804148,0.0059995007208986555
0.0023495451456092982,0.0019287775656301178,0.00010736884120361586,0.005846677631714233
0.002009126331949507,0.001995061034313578,2.67400732002908e-05,0.005317627544605841
0.001014260377343509,0.0003445336409476272,0.0011128063849276783,0.005749499035004206
0.001082263986128358,0.0007445186717902642,0.00316457954632243,0.0050403678395152815
0.000535328584633656,0.001091289996066391,0.003982350232272863,0.004624530661019645
0.0011940241431809846,0.0009578622031869336,0.0007019073775735925,0.005998388642209069
0.002354368215500608,0.0019309499489850769,0.0001058046396989288,0.005837928864933541
0.002018950896408641,0.002003901021060094,2.7354375097220136e-05,0.005313111956266251
0.0010174672958396882,0.00034504867963755525,0.0011056685525061712,0.005757552493631719
0.0011744235881513772,0.0008001218131866403,0.0031405705146957275,0.00522376043746664
0.0005830334468227531,0.0012707789650669911,0.003968772651450464,0.004417079949014055
0.0008551526024971803,0.0008924472214971639,0.0009200465414673267,0.00589429325322974
0.0021434617593337805,0.0016262671967353893,0.00015394510440859993,0.0057675998429741
0.002183422034380851,0.0017102436428000991,1.9940384629634422e-05,0.005038782279091094
0.0013387208576779233,0.0002852019404920458,0.0012895464833610204,0.005613860774042446
0.0012996233420969198,0.0007051255646219637,0.003100560314042854,0.00503338835183491
0.0006002443787361422,0.0010643414055571028,0.0035087989563360004,0.004586747251629232
0.001169096206880725,0.001040811337086701,0.00042581205752782687,0.006473957610215164
0.0022558106726448908,0.0019372897855458218,2.0662983703423568e-05,0.006600179899639684
0.0018943120638266985,0.001937375189035483,9.005158918088868e-05,0.0052922299873554455
0.0012167537030961081,0.00043614572632670254,0.0008675492772676511,0.005623153062606222
0.001208590629441382,0.0006768664406434821,0.0027039992266306495,0.00507752570663124
0.0005408478947943055,0.0010265412638979497,0.003553283960128717,0.004633830139351934
0.001198492007157844,0.0010093956390120943,0.0005981457961263686,0.006232549960413644
0.002310021471430795,0.0018513072642877056,8.70616020972997e-05,0.006037586715726898
0.0020194063380361226,0.001865813984222376,4.2095800644144586e-05,0.004991866287930941
0.0012436930809925377,0.0003677273196677456,0.001279004505043885,0.005642712009468207
0.0012952022344080811,0.0007059126468409435,0.0030689054478671212,0.005323924219702876
0.0005318732583667619,0.0010473554637025692,0.0035435943644180337,0.004538359101569195
0.0010118370912951336,0.0010342904768452037,0.0006173800250230897,0.006229387229215316
0.0021851756399207827,0.0018060904909187009,8.769529775956392e-05,0.006260349041979372
0.0020287017912472695,0.0018460645276780782,3.396620435560501e-05,0.00506779032532759
0.001272032468594061,0.0003405623027941546,0.0010377848198257524,0.005597594154395322
0.0012512248541218685,0.0005549842947257185,0.002635294787885228,0.005293998415242418
0.0005255923135200137,0.0008931485275935114,0.003078364454658023,0.004660269982378317
0.0010830118556688897,0.0010506480017154394,0.00047812467532281657,0.006451421156493479
0.002072366176848746,0.0017797101197283565,7.006687033743448e-05,0.006508072834600585
0.001773002742414536,0.0017511772492842747,6.686091573272619e-05,0.005229275328384742
0.0012165085141595002,0.000327261788126793,0.0011505486005702638,0.005648438185494905
0.0013108554998653408,0.0005375641372085895,0.0027547583370442818,0.0054766516072380506
0.0005999696607869447,0.000784066708593153,0.003174052034225323,0.004575791547309061
0.00110043578423512,0.000952503033308597,0.0006156773004975571,0.00621175388243884
0.002049685238150184,0.0016530374053466094,0.00012842515226083297,0.00632717091195292
0.0017199367846536832,0.0016650174289909866,7.543978313644306e-05,0.005209821205938407
0.001163476147006233,0.0003282049751890415,0.0011870988581561082,0.005655990833602858
0.0012683903468186065,0.0005228849860064831,0.0025921601792854004,0.005533416989612777
0.0005448987289569375,0.0007603409406319266,0.0028220586149414954,0.0046064899093624535
0.0011023557523971337,0.0010240192584406796,0.0005208108699855259,0.006277978203700503
0.0020479523788097882,0.0016767431252528412,0.00012688300216017517,0.006460031080242239
0.0017083962371333375,0.0016441918986614729,7.547823924905637e-05,0.0052574323443571325
0.00113945491238006,0.00031939066358625703,0.001180730525399611,0.005596309208282314
0.0012609883333471051,0.0004866962979533366,0.0025399321203348943,0.005566623793500496
0.0005582759272465538,0.0007072211816943796,0.002734707206892559,0.004590165896613351
0.001092721166464858,0.001026351966380526,0.0005399155560322349,0.006171105992421627
0.001969460984788084,0.0016527913285585187,0.00014845745430829455,0.006405153923756934
0.0015765089079036669,0.001596197460763189,0.00010358816975314481,0.005277093370234584
0.001108559604917866,0.0003264810219173173,0.0012638404726462485,0.00559976752440432
0.0012761199291497702,0.0004932329060061376,0.002571115997063121,0.0056133019739220465
0.0005837967250438824,0.0006703559906630458,0.002680073971601178,0.00456703337051214
0.001146466499264821,0.0010216050897952818,0.0005353293254608893,0.0060984585940500454
0.0020024847690041435,0.001641563889803845,0.00015726826371981588,0.006394040883730757
0.0015597654490153781,0.0015765154662463672,0.00010388246041581361,0.0053142370203434165
0.001075609938408755,0.0003428592016831972,0.0012425774184546712,0.005551613329726546
0.0012569231615509496,0.0005100115047106984,0.0024945105930127207,0.005578073510328676
0.0005706396716502572,0.0006809885211167219,0.002557783029936299,0.00456307715320925
0.0011547233975634204,0.0010429760093630814,0.000506344387420968,0.006086106333734006
0.002015813462316226,0.0016470677304764605,0.00016018512825244363,0.006367585611121747
0.0015635952598217198,0.001553687827466246,0.00010601882103190594,0.005284587427724705
0.001076269985177314,0.0003396896552906399,0.001287516307915312,0.0055204460761870255
0.0012706821147762364,0.0005214661960457137,0.0025453500451051124,0.005577976810046805
0.0005798529396735681,0.0006812868395575807,0.0025726893808326336,0.004538725744313363
0.0011428281544625628,0.0010493504947550736,0.000515263616325123,0.006020628659868342
0.0019987658301476095,0.0016617541542283305,0.00016356040319693015,0.006320838228224085
0.0015311260349204598,0.0015626171208508646,0.0001079399774132197,0.0052791719398384155
0.001060298628457794,0.0003488527108445475,0.0012949277843146865,0.005497641055021941
0.0012633127492359258,0.0005340605696534026,0.002559088431969254,0.005532509474253223
0.0005789054600922884,0.000680906992710254,0.0025737084419892356,0.004524989073707899
0.001175259867121823,0.0010617920247457714,0.0005028464958156887,0.0060090472498048695
0.002029837747675028,0.0016919000972359934,0.0001586223157203525,0.006296663929143536
0.0015374920495078487,0.0015883301787215428,0.00010003541230988243,0.005291938473542654
0.0010434348422597801,0.0003581819978658517,0.001287983748013895,0.005477101140393595
0.0012574929297036802,0.0005577065336915087,0.002582426389540462,0.005492132932412916
0.0005729965019299633,0.0007008788071930839,0.0026073227703690485,0.004511696852021546
0.0011722848850720187,0.0010627224398290273,0.0005081060422471799,0.005979628218899172
0.002049376942606163,0.0017085104672105436,0.00015882507816316192,0.0062267834041478684
0.0015615866694166326,0.001598622639486359,9.325032567806216e-05,0.005258063851474734
0.0010449488989611024,0.00035512906620192494,0.001303644503008777,0.005467618612264127
0.0012617570515436958,0.0005788555352871902,0.0026378208789208843,0.005456570767874682
0.0005709959783758794,0.0007215549556792818,0.002660767224138663,0.0045001763865471795
0.0011660556226082961,0.0010652216474512964,0.000505318513191934,0.005973698042722445
0.0020643644077371058,0.001737009404592802,0.00014988266040532632,0.006196386300718535
0.001581009344792777,0.0016291810612268974,8.10952221531453e-05,0.005257016873698941
0.0010388268899409515,0.00035555148516715695,0.0012859605856867665,0.00545922602519516
0.001253773328750706,0.0005962882821209168,0.002670126210679538,0.005394559135804833
0.0005673012592563785,0.0007405881160654707,0.002725686735732481,0.0044946158063930465
0.0011755544890958917,0.0010667247993594732,0.0005043454891963156,0.005970611339841649
0.0020915519705380532,0.0017714250873620747,0.00014173895987599225,0.006148827030927381
0.0016035009604123635,0.0016662226113158397,7.014548838915933e-05,0.0052473820440120614
0.0010306364375181568,0.00035746205360527876,0.0012789846094970005,0.005461931160782521
0.0012472180774205732,0.0006220355141997909,0.0027240682849100644,0.00534122007191004
0.0005623099206065159,0.0007706508528503317,0.0028189566659147904,0.004489543813130077
0.0011756134072829364,0.00106445808250114,0.0005120410850181368,0.005955968111822387
0.002124142887380376,0.0018048289258642295,0.00013562143576300207,0.006085561153107344
0.0016442583089658757,0.0017054329449786966,5.83581394235083e-05,0.005227452603516326
0.0010261797913459856,0.00035597389340547903,0.0012662128794211668,0.005465901430531957
0.0012387181330563895,0.0006480339331454857,0.002774197090299136,0.005281283802892971
0.0005563902305815797,0.0008074610598327136,0.0029096208639158194,0.00449214795122297
0.001175033762833143,0.0010651536820479928,0.0005104403905148501,0.005960233343693678
0.002158072913071979,0.0018446656351937232,0.00012459644091050452,0.00604053659480835
0.0016895457097155133,0.0017525880737192356,4.611933893680446e-05,0.005221298982910977
0.0010225645228158992,0.00035414563920196896,0.0012463668454563439,0.005472745506769503
0.0012306385010868988,0.0006752167844614658,0.0028312254533201203,0.005217749873891682
0.0005549536623760094,0.000847729419337185,0.00302534086492519,0.004497458296289105
0.0011770136020345125,0.0010613654910247212,0.0005146042354977072,0.005957219798262685
0.002194972809918348,0.001885671152489214,0.0001144431571010103,0.0059838293632537825
0.0017367923302049183,0.001804536797581884,3.609560754954264e-05,0.005216117520685732
0.001018385833355784,0.0003535198306021543,0.0012296683995292918,0.005484773599728416
0.0012224466595968176,0.0007077275079471601,0.002898283011003055,0.005152922224480628
0.0005545248794353699,0.0008964568056058122,0.0031578727493393943,0.004507893162968431
0.001180758720443155,0.0010579484328885212,0.0005188833446571988,0.005954867324544968
0.002239520156034024,0.0019308024394091446,0.00010394179395696766,0.005921093359159937
0.001797853671349903,0.0018650594164181,2.7131337304201787e-05,0.005213172844834993
0.0010146966812464465,0.0003526381659819898,0.0012063732825663188,0.005497406676477721
0.001212271360161517,0.0007430888123722897,0.002966983465874772,0.005082898554444958
0.0005552068555494333,0.0009550139783604866,0.0033037452820988923,0.0045266193609084645
0.0011835634070206968,0.0010557437590618802,0.0005214461013882922,0.005956106730942189
0.0022837837467772682,0.0019782774802205995,9.220770296079558e-05,0.005847384805554252
0.0018621574509805495,0.001927983946094731,2.077503783024176e-05,0.005201628142293899
0.0010137700983429544,0.0003508592505509817,0.001182672208747036,0.005512302824906508
0.0012027674879166587,0.0007807174893519779,0.0030476984891194252,0.005008427958351944
0.0005608547329231234,0.0010211910490963412,0.003476968006446832,0.004552679658284811
0.001188984720052144,0.001052090949868945,0.0005255075217399394,0.005956027548338341
0.0023325907207627536,0.0020304985881000742,8.00373265106603e-05,0.005773678064314282
0.00192360778487978,0.001990769668525692,1.8359891183895426e-05,0.005180126770252752
0.0010143930122079644,0.000349720892471331,0.0011529159434986408,0.005531117537172517
0.0011919970348303734,0.0008204184855338427,0.003131729269644324,0.0049293224786834166
0.0005707824362278865,0.0010957635094623066,0.0036720837011223134,0.00459076557271545
0.0012004027533214924,0.0010479520210630584,0.0005288260093218145,0.0059574676881553835
0.002389494445788907,0.002087510715599053,6.788607332957694e-05,0.005700413726777628
0.0019918141311594992,0.0020590660238352593,2.0887598560870876e-05,0.005167367803175088
0.0010163495728845293,0.00034968771581446955,0.001121244202480375,0.005552911036426919
0.0011808719374792071,0.0008650970530051599,0.003225515649168188,0.004847112084267602
0.0005796319551778241,0.001171352035100717,0.0038572129793307507,0.004591596985605017
0.0012021128933849064,0.0010395520068070588,0.000539798972453355,0.005959896548754843
0.0024368587033262515,0.0021406323944865497,5.69769857339541e-05,0.005634616323352054
0.002054903847166708,0.0021266723959156705,2.9455061622355576e-05,0.005167445540922182
0.0010224346627369177,0.000349214111826442,0.0010958511906867493,0.0055813794626855635
0.0011716551300853413,0.0009080462299172458,0.0033319217836799224,0.004770257810187611
0.0005877374557787025,0.0012327048144343527,0.004021091678700516,0.004545220093923332
0.0011610824992422484,0.0010184471814709002,0.0005792119922763997,0.005985026692145823
0.002408533600060498,0.0021607668698221732,4.8412850729469316e-05,0.005634708388561511
0.0020439401342654266,0.0021728058330266757,4.649910099727432e-05,0.00520473097449675
0.0010311103435507165,0.00034948644082704515,0.001082001951549305,0.005637313121750124
0.0011684241786514293,0.0009184546866665605,0.003417475724492626,0.004741441019424407
0.00060391883097756,0.0012491446731614515,0.0042030774947312355,0.004518467001692756
0.0011713787708066926,0.0009882973888453367,0.0006340906949132244,0.00598406799630298
0.0024078203025970665,0.002152539002766435,5.014343557314789e-05,0.005625592726033445
0.002038313735126965,0.0022001438956161926,5.905039220583223e-05,0.005235958510973004
0.0010283778814180204,0.0003582955607331869,0.0010317108965081229,0.005696889139995465
0.0011546622169790245,0.0009187702939689387,0.0033714474212591175,0.004745161180294723
0.0006013354765411466,0.0012681689020828239,0.004216624311987594,0.004506342772687974
0.0011689269190916986,0.000973251435549284,0.000660019594396989,0.006007622441025878
0.0024051012570571483,0.002122949535037637,5.591532731903119e-05,0.005627103212257627
0.0020607494817194163,0.002198133159894364,5.584493461248732e-05,0.005229986028781929
0.0010402002730458273,0.0003528857597477915,0.001015089895421584,0.005733495484123703
0.0011525253602546574,0.0008987128232616485,0.0033351502997060493,0.0047804119588011965
0.000601168981521809,0.0012729235919183971,0.004227486494407721,0.004500174264783659
0.0011525208853013316,0.0009610388594951964,0.0006881868735566677,0.006008956468262806
0.0023785368000814287,0.0020809142710454874,6.402908072997592e-05,0.00564837682595139
0.0020546067050014275,0.0021765717411625692,5.0315284970231625e-05,0.005224257184589335
0.0010470859017903736,0.000349261825727687,0.001000186575136561,0.0057561033957411484
0.0011471163095290553,0.0008645116034565025,0.0032612246231527786,0.004825078610900051
0.0005946067490622109,0.0012476252171010822,0.00416629600188787,0.004503311985194186
0.0011666003781924592,0.0009611899512963167,0.0006851562495505586,0.006006085279160037
0.0023769019704951767,0.0020532231342954505,7.019823963461928e-05,0.0056706678339910836
0.002050679840410109,0.002151504399390193,4.40029567093755e-05,0.0052146789717232595
0.0010460645928264177,0.0003496834798077799,0.0009909137557082628,0.00575720369135359
0.001141620051760617,0.0008419565426567127,0.0031934741481856616,0.0048610519863156385
0.0005858219185044446,0.0012322996768067496,0.00409838510171321,0.0045061702084119365
0.0011705495530588159,0.0009640766320491605,0.0006817279874042342,0.00599312018441577
0.002375508439333242,0.002028167669016344,7.695290044634577e-05,0.005674657152111156
0.0020570794846822664,0.0021252984695854017,3.6045525742042835e-05,0.005195073183517136
0.0010494834312558007,0.00034615162582167833,0.0010033092972000911,0.005744104823365901
0.0011407988569968797,0.0008243153777967517,0.0031642639093829427,0.004886567600307862
0.0005797532259504511,0.0012188099890033004,0.004056350634069622,0.004506827239625772
0.0011717221337219726,0.000969404633292514,0.000676234536451655,0.005979575415465907
0.00237177484435499,0.00201385119846452,8.029852774555625e-05,0.005688722680573317
0.0020557674198607005,0.0021075647553839933,3.2426136428144305e-05,0.005184441949115255
0.001050735116085496,0.0003457135677169321,0.0010056164352899946,0.005730425163300313
0.0011367272671895308,0.0008078937173213621,0.003133903817750701,0.004899148682248845
0.0005737137181521579,0.0012019705504504109,0.004016662739034451,0.004504784443611411
0.001181710063383776,0.0009752359567769651,0.0006678455907025592,0.0059693110059085034
0.0023755195502033126,0.0020077503750165274,8.172481440685306e-05,0.005695483523779359
0.0020549637449163,0.0020955677756563642,3.069084400292332e-05,0.005175965186560394
0.0010508446440021578,0.000346248449878396,0.0010136431230287164,0.005716728200698526
0.0011345012741762783,0.0007997533897557313,0.003125929123880794,0.004903337865576429
0.0005702266659513061,0.00119417349216937,0.004006708635318198,0.004498155040319278
0.0011844969070388884,0.0009769557586943492,0.0006690832404389949,0.005957030409723784
0.0023765512116905806,0.0020004287823412637,8.366964185708524e-05,0.005695184025032338
0.002057853278414567,0.0020868900694218013,2.9499477436983344e-05,0.0051660442355059245
0.00105368307295208,0.00034552491992585234,0.0010213880271625455,0.005707214224281306
0.0011326493464407406,0.0007913090596125103,0.0031226353104465785,0.004904982720588582
0.0005674717028068476,0.001186744218557231,0.0040018648684102456,0.004489952418877503
0.0011826429395697645,0.0009777534008072082,0.0006718745706674743,0.005953537425769705
0.0023689609841050113,0.001992751613289177,8.47741762152995e-05,0.005708104102863884
0.0020509258911488287,0.002079232647895631,3.0084609410505012e-05,0.0051621192795839625
0.0010564603535157147,0.00034519557644690135,0.0010252867630070699,0.005704255339337943
0.0011311245088110034,0.0007789653547294996,0.0031152892150072293,0.004911420132060759
0.0005662764251421823,0.0011737166998284205,0.004002511689649359,0.004482370538228071
0.0011848880465753203,0.0009755465029603848,0.0006794352380375258,0.005947511719420792
0.0023615066026211984,0.0019809351443264662,8.777495402586386e-05,0.005718888368808041
0.002041017907713334,0.002069200402881776,3.057401513644408e-05,0.00515819606162539
0.0010575198229507041,0.0003455262122740484,0.0010289110456959032,0.0057039298093285624
0.0011297006376410153,0.0007664098057020496,0.0030993181269680235,0.004924526311585827
0.0005635568287778164,0.001160122023756198,0.003987847666303739,0.004473711040234721
0.0011851504627157447,0.0009733086493974698,0.0006864358459779039,0.005942981101230586
0.0023527174560365786,0.001964226609968437,9.230542485534111e-05,0.005730730098821433
0.002034380474522481,0.0020553827576088503,2.9954752110260805e-05,0.005150958061332001
0.0010598797909577116,0.00034441958682777577,0.0010327038368571474,0.005702478189489581
0.0011292570028953307,0.0007506475929928125,0.0030756726989445158,0.004944546026319442
0.0005604775156911068,0.0011439612826121834,0.0039607777634123485,0.00446765541834388
0.0011825104822067454,0.0009718515964169002,0.0006919883475495739,0.005939133188420101
0.002336059229615453,0.0019423824989392854,9.76760515240563e-05,0.005743794705584166
0.00202221397670133,0.0020372948482164353,2.947875232570062e-05,0.00514490383020937
0.001061641225139549,0.00034302984345503944,0.0010377789631159226,0.005699235987555362
0.0011297336550070032,0.0007319858084567432,0.0030459410896954806,0.004970415822016146
0.000557641420148654,0.0011224803076819749,0.00392333244972348,0.004464485450855337
0.0011813129147091523,0.0009710553777676454,0.0006962166432963059,0.005933237645869789
0.0023174188819093506,0.0019187636033869573,0.0001042312235384044,0.005759997390350366
0.0020049280682393478,0.002015847857211963,2.9358893887148013e-05,0.005140096177216598
0.0010614967779162961,0.0003421963626164972,0.001044522948968108,0.005693325752942155
0.0011308947147887951,0.0007128577996760206,0.003010833532573143,0.005000884252190676
0.0005525738739401348,0.0010946803375098046,0.0038606450981663364,0.004448465690805257
0.0011774704929827346,0.0009710077919079262,0.0007000182522863462,0.005926846073550983
0.0022934156435130836,0.0018922857320622251,0.00011235416525952377,0.00577960285667335
0.0019823190707675058,0.0019904810885427774,2.984103321265738e-05,0.0051362497115512995
0.0010609692887399225,0.000340877392683986,0.0010549415469291625,0.00568502729163641
0.001134176612625538,0.0006920161575922649,0.00297308321562313,0.005037271795452031
0.000546790841849845,0.0010594957886376165,0.003777592432872068,0.004421310077615726
0.0011713346392269793,0.000971187080504297,0.0007039775597697463,0.005919186822512024
0.002262983777084207,0.0018628266787512962,0.00012219235875597236,0.005804661945017215
0.0019514630251884406,0.001961015823242932,3.164084830215554e-05,0.0051359279637230425
0.0010592415088053512,0.0003396369900524946,0.001067116611512293,0.005674587302604096
0.0011247453987761299,0.0006383551768206626,0.0028250569588479275,0.005114585918154285
0.0005421189284136556,0.0009807297787997166,0.00355209344576779,0.00435951861754564
0.0010426670732813024,0.0009120713965683226,0.0008058111470085113,0.005813493323864398
0.0020375101677231927,0.001652827836010423,0.0001821279237771213,0.005812496946333923
0.0018193502251796067,0.0017776598578334948,4.763171134730543e-05,0.005102219186574759
0.0010723965134876187,0.0003328232120310067,0.0010006892900748313,0.005590603975556039
0.0011022734076466725,0.000524053628039462,0.0025274929485609933,0.005160114706693792
0.0005184921753813296,0.0008285421638901714,0.0030993479497676184,0.004381209288472421
0.0010759018886871252,0.0009737129390556903,0.0006913152825845445,0.005873216435750771
0.0019285204274306115,0.0016572039270063847,0.00018398536933474452,0.0059957211950137975
0.001586819638986734,0.0017112240234931104,8.64953205180125e-05,0.005182613349126734
0.0010155996308661701,0.00034715540626652805,0.001092951759279941,0.005544553362719197
0.0011285214878416004,0.0004967170100302057,0.002524064878610362,0.005275525910787704
0.0005466617852315387,0.0007185737250998225,0.0029865158570980678,0.004318262787657772
0.001110258641314116,0.0009477959656540022,0.0007522974553605704,0.005699290158713614
0.0019104844216502846,0.0015815968220262084,0.0002407160530716723,0.005905372970620779
0.001503062822409539,0.0016019309458882808,0.0001219838721432899,0.005126008273491061
0.0009919914820823404,0.00034895048244754524,0.0011666640981746299,0.005491986741207811
0.0011368671793851998,0.0004934784587987319,0.0024237592873507063,0.005340530606762018
0.0005352324985881044,0.0006877763131773639,0.0026734303615398927,0.004340900355933418
0.0011083215775097304,0.0009789471786406942,0.0006577272375000387,0.005737929418672507
0.0019041282712658752,0.0015552994522011203,0.00023617693869062723,0.006011813774499455
0.001490770007593115,0.0015242028894135002,0.00013462508372984983,0.005138648431883169
0.0009987518967241767,0.0003352540314250518,0.0011891012911840397,0.005408335583637419
0.0011592894977901804,0.00046672348609669696,0.002367379334748828,0.005367125828176994
0.0005548247064748444,0.0006402227748707281,0.002519936794282384,0.004348223658300115
0.001097415555340809,0.0009898750394439638,0.0006264862927111514,0.005702904525664647
0.001836826661641515,0.0015360105010331063,0.00023990303348700196,0.006011376359503748
0.0013787599866186306,0.0014689790113508322,0.0001632126863533903,0.00512830048431428
0.0009845954010934894,0.00033804742335304507,0.0012636922978842271,0.005373573492180298
0.0011774823995821116,0.0004606450102234895,0.0023920644892181783,0.005393664610767638
0.000574683089023661,0.0005978551135568256,0.0024589653123819307,0.0043461919932589405
0.0011365419576039178,0.0010017367062138706,0.0006063427102529016,0.005653206011580463
0.0018513742259132066,0.0015481510343786906,0.00023998752123275207,0.006012632450057548
0.001336446188431627,0.0014566633690826954,0.00017085621914264028,0.005131323338281788
0.000955517673046339,0.0003523436201374504,0.0012746704915069882,0.005328670269558985
0.0011654361939282265,0.000472104686432626,0.002362986974587267,0.005370137139767047
0.0005642805911896394,0.0005963307110678231,0.00237626404688576,0.0043590626188297395
0.0011518494596696324,0.0010230604225572768,0.0005694372782529025,0.0056530861636346855
0.0018760492888717148,0.0015655468149259838,0.00023236266797396857,0.006008373808442905
0.0013442317553593386,0.001444084680087629,0.0001710207159862771,0.0051127301046543314
0.0009560473469367768,0.0003495129320007621,0.0013081649341600554,0.00529589570698058
0.0011770702088651688,0.00048318082744273406,0.0024000832347459847,0.005361852500102841
0.0005670070988742179,0.0005990648202893434,0.002373463754748938,0.00435754718486929
0.0011380635502267835,0.0010273558375986983,0.0005550262195456691,0.005633057383905691
0.0018680518235120779,0.0015759506776040983,0.0002210505283782068,0.005986548287410434
0.0013359046995440494,0.0014450739544797713,0.00016561386303868948,0.005119718583010425
0.0009556266491888805,0.0003496562793609679,0.001321864503496776,0.005278259467124093
0.0011830089392549468,0.0004944647261521912,0.002431060364750137,0.005330646137855164
0.00057127119114101,0.0005995447997153631,0.0023855002356728055,0.0043539704265394006
0.0011544614853392593,0.0010321459001030387,0.0005348141245903085,0.005637623033407849
0.0018875747771441257,0.0015991829829295088,0.0002045259654333917,0.005977552917659291
0.001342923557284298,0.001466610527036023,0.0001512895139751914,0.0051408286076604515
0.0009460370722918065,0.00035512968652392027,0.0013136926119686713,0.005266561903925156
0.00117957780281027,0.0005135398439887534,0.002456575914067152,0.0052953731981428
0.000564584807315183,0.0006138140543061253,0.002417508308599198,0.004351334778808782
0.001157151537432872,0.001035935797696392,0.0005273795639304236,0.005630658233162814
0.001909315725166747,0.0016226498683137543,0.00019455286543023495,0.005932719315271812
0.001367362041303494,0.0014885319575549025,0.0001392913393964247,0.0051297657028639134
0.0009449232494992459,0.00035454414660811333,0.0013189782637060572,0.0052625127724477095
0.0011806866434026352,0.0005334284307445551,0.0025029536535445306,0.005266634024329629
0.0005573631313129949,0.00063376618430574,0.0024667790140180616,0.004347878339392583
0.001148845218652799,0.0010393624613468284,0.0005199553964026721,0.005631506574602511
0.0019248669405176472,0.001649244615223608,0.00018096638790570947,0.005904879286741128
0.0013939058530038724,0.0015184117235815561,0.00012329787513704676,0.005134960450961258
0.0009440257054375581,0.0003534320303505736,0.0013062208306254593,0.005260046814371084
0.001179713265714439,0.0005509302804970837,0.002538580293307376,0.00522718766008123
0.0005535086923587984,0.0006523044692788719,0.00251961008109187,0.004345917762370505
0.0011501254781153558,0.0010402737885055655,0.000511202293711503,0.005640410865428516
0.001945054426561667,0.0016771079276800308,0.00016650652864195283,0.005879400975105967
0.001417238247799123,0.0015492621982032826,0.00010724286388150896,0.005137264892109362
0.0009422737565806392,0.0003536779150837701,0.0012934207135593618,0.005263309516088762
0.0011790060719889112,0.0005718861909515457,0.0025793016300711034,0.00518730962599558
0.0005500853130740829,0.0006752111794254701,0.00258715275354182,0.004343728676807565
0.0011488864204998413,0.0010384785342058619,0.0005090497193788017,0.005640942563485249
0.0019684246534925533,0.0017045390277933348,0.0001551455861711645,0.005841242530549602
0.0014461062587726242,0.0015798040907200204,9.237288948799207e-05,0.005124116550828164
0.000941489305076727,0.00035258764669090007,0.0012801129029875193,0.005268140675426259
0.0011757456908244425,0.0005925836466034794,0.002617126195981829,0.005141465690758203
0.0005450130820487501,0.000701847382882159,0.002654304745943776,0.004345242364147631
0.0011462191968594883,0.0010396972439816387,0.0005037223256870823,0.005649067955648729
0.0019924112015089427,0.001736660238897872,0.00014255481845965606,0.00581092998732595
0.0014780949935149475,0.0016160883632932814,7.77118338552436e-05,0.005116280485649468
0.0009403238359281859,0.00035104780891387756,0.0012619790122179023,0.005274015827386084
0.0011718944402243586,0.0006126155606505173,0.002655915639228873,0.005094578818767979
0.0005417828352836271,0.0007295044826210784,0.002731023650232491,0.004348478122516426
0.0011445094657477049,0.0010394284099747506,0.0005010801301959219,0.0056546041876496134
0.0020163881933504216,0.0017693976450734153,0.00013088826180857863,0.00577627889205741
0.0015094519288345154,0.0016543225890733014,6.496342638329963e-05,0.005109938501228957
0.0009392065333392799,0.0003498388097921029,0.001246023382969356,0.005282957743425276
0.001168943949207829,0.0006347408255444406,0.002699867886568373,0.005048284449119895
0.000540314636767952,0.0007602997797898392,0.0028164123654060586,0.00435352084754823
0.0011436253540653366,0.0010377959087609157,0.00049982288551253,0.005659200853423057
0.002044006199215178,0.0018027877420601637,0.00011986657803635665,0.005740180738205864
0.001546581641689627,0.0016950605518760448,5.3142488762553956e-05,0.005104939997364706
0.0009384402812647434,0.0003483130285149322,0.0012269847465201532,0.0052926850220762645
0.0011653816690925058,0.0006580169166989218,0.002743027548254109,0.005000378885783601
0.0005395667421643597,0.0007952772120953431,0.002905387991120359,0.00436232784351856
0.0011424218818867756,0.0010366055447508585,0.0004977625471992998,0.005666299822059913
0.0020732714537150107,0.0018384469766051853,0.00010883099991939159,0.005704580422001287
0.0015876098092757654,0.0017392841817486626,4.2809089030934714e-05,0.005101773819298374
0.000938346029170606,0.00034647482941239737,0.0012080654463770943,0.005303524061103182
0.0011620309876285804,0.0006823832017370499,0.002791645105935557,0.004951533571775977
0.0005407229260191075,0.0008338247051947145,0.003006469309477987,0.004373382097328811
0.0011411816604861749,0.0010348218711663368,0.0004977341553233441,0.0056711356766905585
0.002103789947386059,0.001876140673716099,9.832756159027864e-05,0.005666567103428761
0.0016312700300446011,0.001787631911733466,3.439336997098238e-05,0.005101564147963039
0.0009381899825573428,0.00034506731505833045,0.001188489437683298,0.005315806907808524
0.0011582085991554767,0.0007085060230759396,0.0028438496633490587,0.004900813157796431
0.0005435332694938522,0.0008767478346804506,0.0031175150900681165,0.004388319754264491
0.0011416264524048505,0.0010329874629318777,0.0004980504694276606,0.0056760723774958765
0.0021362143649588275,0.0019147517903191009,8.795632995987341e-05,0.005622492808237954
0.0016804033019920455,0.0018403468329494673,2.7808617574572125e-05,0.0051048562244291
0.0009383891067268828,0.0003439218567615435,0.0011674246517452958,0.005328908754253244
0.001154029967706842,0.000736882194532681,0.0028999037738031415,0.004847572514257296
0.0005483824176589509,0.000925631101229905,0.003240419160326376,0.004407694381743407
0.0011424298130007938,0.0010307119515837924,0.0004991356081633751,0.00568050317291943
0.0021694145296454774,0.001953532679395038,7.781173910745133e-05,0.005570464252429538
0.0017264414476524242,0.0018874423246195032,2.3346656140873296e-05,0.005085349443418846
0.000940980765957447,0.00034183374128436955,0.0011431325124485513,0.005344127023157018
0.0011490962457267988,0.0007643439998986277,0.0029573352116303965,0.004792255783568518
0.0005559218663168181,0.0009777762636425115,0.0033743380347964333,0.0044333858743850416
0.0011462739349206586,0.0010285617445172466,0.0004995233851769517,0.005687381477913074
0.002204496263568612,0.0019951151748783726,6.744973272009382e-05,0.005523760378129061
0.0017715178567081125,0.001937202476645631,2.223422729775495e-05,0.005071780085187346
0.0009435104537447511,0.0003410244774543175,0.0011158568870249753,0.005362145083236203
0.0011432608257498094,0.0007931342555235438,0.003017391351319671,0.004736113053120459
0.0005649556482358986,0.0010323816952084147,0.0035166188828671466,0.004454300996728296
0.001151105926765326,0.0010241552233898061,0.0005039230490911658,0.005691032295257742
0.0022408793898540873,0.0020353377444304534,5.855701540937184e-05,0.005474646139053852
0.0018186697259956663,0.001987386010446763,2.4342669362653414e-05,0.0050629764354852575
0.000947408558885104,0.00034068124859390925,0.0010912187604637086,0.005382703340858559
0.001137566824591516,0.0008233715196534494,0.003082471283678203,0.004681365838803569
0.0005703243114347739,0.0010805977988168627,0.0036322299870648585,0.004431758500912815
0.0011471604118205865,0.0010161195328441462,0.0005146721030208181,0.0056978318622536
0.002264956832575069,0.002068167498479171,5.0961063316614696e-05,0.005438333336193602
0.0018564270545644978,0.002033514501124599,3.0192777413221978e-05,0.005064102912995292
0.0009536809357497456,0.0003402274431972066,0.0010687619908093054,0.005408903118743473
0.001132491517102062,0.0008473803618814469,0.003145032429812322,0.004635698389624675
0.0005773154778719324,0.0011199977017230444,0.0037460576849735108,0.004404791877256295
0.0011293495689442994,0.00100127655997285,0.0005393609881991593,0.0057118603949145195
0.0022564731903079983,0.002081055662363602,4.6062051583981736e-05,0.005432091395554812
0.0018591856680285346,0.00206547911654552,3.986189712771702e-05,0.005081596040515659
0.0009599816375528989,0.00034115981725453483,0.0010510347272282986,0.005446671138308656
0.0011292373542412712,0.0008549417003842313,0.0031858398472821093,0.004617315095435707
0.0005852038599563538,0.001136921892654073,0.0038470703952745468,0.004382818285459188
0.0011277307501255864,0.0009830691024629305,0.0005718647507112437,0.005716933961683128
0.002250557440581149,0.002073785570398937,4.680258293288865e-05,0.00543016856612343
0.0018575032226494364,0.0020818262662546613,4.649577364571656e-05,0.005095279229274043
0.0009622919839675249,0.0003446384394036727,0.0010230476346500886,0.005485251391157081
0.0011227798584868848,0.0008515309790086895,0.003164413353998486,0.0046242374295993646
0.0005852461752047476,0.0011467456593431586,0.003870204307279139,0.004372491936192595
0.0011271675822383629,0.000971894115748351,0.0005916764409649368,0.005726512084483475
0.0022471660902700133,0.002053205796875031,5.0786912267987915e-05,0.005432604259919799
0.0018671751679173992,0.0020806362110041415,4.533846589771839e-05,0.005090533198402246
0.0009686398312965878,0.00034327117760384507,0.0010072587286662172,0.005509651168612876
0.0011197237570227895,0.0008374619826488836,0.0031283104240208024,0.0046492529432853435
0.0005830819726855081,0.0011485557034224944,0.003862235842094243,0.004369067283363316
0.0011208625391839631,0.0009658502105919761,0.0006046545920048011,0.005728875625302434
0.0022353719610911896,0.0020267025339098413,5.590123806237947e-05,0.005445297707909863
0.0018681091454888713,0.0020668951211371593,4.159540011292696e-05,0.005081456361859512
0.0009738716349722655,0.00034106244595596687,0.0009986781899915932,0.005520855653141447
0.0011168450504240451,0.0008160905592175757,0.003081100245443431,0.004680005095014926
0.0005787884877520575,0.0011361224244607537,0.003824513670511444,0.004371412004523606
0.0011260268110058803,0.0009665486452197062,0.0006043714541169759,0.005725782067679802
0.0022319589725062717,0.002006489906957456,6.017256208251068e-05,0.005459382936020723
0.0018668697145308635,0.002050170226663162,3.758907112465773e-05,0.005071253220813421
0.0009747732064054995,0.0003407701817647141,0.000994433289063763,0.005519294259658561
0.0011135076955668826,0.0007988975188431979,0.00303656259489346,0.00470548274541924
0.0005730579315818007,0.0011243324024192186,0.0037786989198129364,0.004375009136716573
0.0011306542360423296,0.0009703326354308893,0.0006000606224989696,0.005718144783083647
0.002231759940857205,0.0019913450177576238,6.393390731243743e-05,0.005465367189192181
0.0018695869016212149,0.0020343412323003416,3.337642674209879e-05,0.005057429854157197
0.0009763296599294824,0.0003394526404345488,0.0010005473024810275,0.005509314572758344
0.0011120060402739621,0.0007857899175732373,0.003012421886261134,0.0047231480592469415
0.0005680422085859151,0.0011137799738747524,0.003743942320598684,0.004372960752788527
0.0011326195871918265,0.0009749325298305564,0.0005956924529031452,0.005709584796482868
0.002230387351811065,0.0019818194200720935,6.6122089011548e-05,0.005472741491858192
0.001869997481450169,0.002022863032167292,3.105522536065904e-05,0.005046917399741266
0.0009775059099000926,0.00033875994758362094,0.0010050283740621968,0.005498565021945728
0.0011098318278440864,0.0007741861564094548,0.0029948028337753677,0.00473292949494159
0.0005635915285960854,0.0011017683546920892,0.0037149630629094953,0.004366140474888416
0.0011314025681490093,0.0009783301144754301,0.0005939721633028813,0.005706095417312204
0.002221239775147513,0.0019736450413090152,6.753848139951077e-05,0.005486008933108975
0.0018593935685108207,0.002012685896929544,3.086636070290435e-05,0.005041944797603014
0.0009784417159998473,0.00033852272708225195,0.0010130518152315555,0.005492220074484804
0.0011096195333241707,0.0007625014851973576,0.0029866578793391954,0.004743698208216874
0.0005619388319273323,0.001087711474643389,0.003705504761265405,0.004359905612091588
0.0011328964463272265,0.0009781373261612645,0.0005986763178789419,0.005698358528529105
0.0022133760159818087,0.0019628174671065418,7.036465118894086e-05,0.005495335099067901
0.001848499212959185,0.0020025996344999256,3.082427105830143e-05,0.00503695123343407
0.000978423471993124,0.0003390897847976084,0.0010169823116794377,0.005488704236342036
0.0011088144581595746,0.0007511012884083506,0.002967995229743615,0.004757060177791207
0.0005589544773489465,0.0010747209633567892,0.0036810202483146363,0.004354318595408166
0.0011333776763394947,0.0009785406753756122,0.0006004359313207841,0.005695637617887503
0.002206120479616217,0.001950173955188696,7.352747960257551e-05,0.005507224679743639
0.0018415696314565925,0.0019906383541757654,3.0056426933963458e-05,0.005029659090027891
0.0009800978844340831,0.00033817633567137767,0.0010216876594720545,0.005484188078601791
0.0011094477473887294,0.000738173118626078,0.0029484238680250684,0.00477394895338685
0.0005567390498599331,0.001061504059787057,0.0036560323111711887,0.004350643355272467
0.0011309246629506253,0.0009785132457375853,0.0006031016155497001,0.00569156186698805
0.002194480312262948,0.0019350097483522234,7.730620015199132e-05,0.005520531422531535
0.0018309886789294211,0.001976438966802426,2.954084246925966e-05,0.005023354912445264
0.0009813604736024883,0.00033713716576150147,0.0010273172263325346,0.005478903645634971
0.0011104027801480069,0.0007238617434302423,0.0029257591075004833,0.004793424712790999
0.0005545139585387682,0.0010451852788658682,0.003624342950574738,0.00434880028176097
0.0011301795288467668,0.0009793983233462162,0.0006039087088599044,0.005687277926696412
0.002181103205195958,0.001918644516321872,8.12538812620931e-05,0.0055324314597911236
0.0018176930958857295,0.001961238648154413,2.935476163995318e-05,0.005018411452324038
0.0009811436213483513,0.0003367210847358377,0.001032817617104025,0.005472182508018767
0.001111368243773887,0.0007097885837160418,0.0028999379676989696,0.004814680791464881
0.0005520691069513597,0.0010281644780740827,0.003587178721487564,0.00434876116993551
0.0011297592170036498,0.0009809226899751835,0.0006037887672576263,0.005681318207093101
0.0021683187787936097,0.001902186136310656,8.574758225693252e-05,0.005543221437918558
0.001804601151302556,0.001944815232276164,2.9175334016681495e-05,0.005012977273101539
0.0009806415121794447,0.0003361354800239873,0.0010405931794811628,0.005463221897435867
0.001113168120954199,0.0006965779273602695,0.0028748675236194027,0.0048366937499319165
0.0005478482667521161,0.0010077946986276455,0.0035337486739688926,0.004334033336355924
0.0011257174948661347,0.0009827024981985625,0.0006036733707992348,0.005675938738451183
0.002150324412784751,0.0018844406737073428,9.055591074011733e-05,0.005556970300559627
0.0017867544052931523,0.0019267515351055033,2.973865020207362e-05,0.005009668072979397
0.0009802083001028705,0.0003353206793030721,0.0010500431451419471,0.0054537439042776775
0.0011162701433229804,0.0006823025845124972,0.0028496591034633386,0.0048607660943058555
0.0005440725638867504,0.0009831607532097574,0.0034739196590509234,0.004314666107281728
0.0011224262349273258,0.0009843240097716557,0.0006035831646894464,0.00566946051870611
0.0021304379960538915,0.001866075677284251,9.58903447388485e-05,0.0055730305902181795
0.001764086064640731,0.001907349373626048,3.108248521083365e-05,0.005009165505065962
0.000978464953123334,0.00033516570725493236,0.0010594872278241498,0.005443559346851758
0.0011033671214006973,0.0006384087427658177,0.0027233627889343224,0.004919237969469912
0.0005405343603786887,0.0009241912585988014,0.003296249332026195,0.004263907978893168
0.0010018121352054256,0.0009212464861371003,0.0006924192883928599,0.0055727336475849334
0.0019311807068367892,0.0016717093067936224,0.0001421556726178262,0.005562359399399102
0.0016599008619146022,0.0017468351994596191,4.270958484234536e-05,0.004982012607077191
0.0009875003855216275,0.0003263588912325921,0.0009952558578604444,0.005368010270999133
0.001074846041656355,0.0005381197605876614,0.002471529829983831,0.004951340299774048
0.0005139735873735902,0.0007992083739117319,0.0029162810276909734,0.004291051572031888
0.0010366438173408969,0.0009861997084165302,0.0005879799299807573,0.005634580045695626
0.001844304925159743,0.0016907037799887357,0.00013596131422121598,0.005720604557162086
0.0014635464637666124,0.0017074374483452876,7.292847803679013e-05,0.005059451247239032
0.0009374863512947739,0.00034546733108186593,0.0010728867328353591,0.005329383886009634
0.001092724324781659,0.0005201887675712002,0.0024888774972751213,0.005036180670327064
0.0005322231580276985,0.0007122239816368016,0.0028654342939801007,0.004226710013163113
0.0010670525803309436,0.0009651612776929986,0.0006478201713198199,0.0054749491598674455
0.001835986662006141,0.0016308022399223422,0.00017956499363891006,0.005622612652133639
0.0014006460475896054,0.001620296588725714,9.590347937689595e-05,0.00500121369114187
0.000921036540659209,0.0003499954486791385,0.0011347742972040837,0.0052887840553238665
0.001100271380613606,0.0005242323503713906,0.002406335471204738,0.005084127723025569
0.0005202697624498322,0.0006958323446664335,0.0026048980172705756,0.004242434868029747
0.0010655150934605038,0.0009911900530945785,0.0005676192585359531,0.005518484524765081
0.001841351814906051,0.0016092624608359434,0.00017248746706192457,0.0057157322911004565
0.001409100666693349,0.001557884848743173,9.81291884617478e-05,0.005006430477075582
0.0009316384394544214,0.0003373047597181787,0.0011430486291949915,0.005222468964886277
0.0011182092221661518,0.0005020516416654049,0.002356132578656499,0.00510190874254369
0.000533301769317504,0.0006602396248880113,0.0024821867466084894,0.004243574551119567
0.0010509316724616055,0.0010005170694549334,0.0005433242626208481,0.0054968197885762755
0.0017852664771765257,0.0015965276802685456,0.00017414767009591966,0.005730155494808847
0.001320460494718829,0.0015191001315598381,0.00011831209986299816,0.0050129988282865846
0.000922858708863532,0.00034069302735818916,0.0012066224703791463,0.005196671782336201
0.0011347765743521282,0.0004974115649619384,0.0023862488982580197,0.005125909858278227
0.0005467220060533747,0.0006239586540585281,0.002446535050011082,0.004234683361101157
0.001079576404519692,0.0010111787989372457,0.0005335403528311184,0.005450769189990052
0.001793232246426838,0.0016064127497180298,0.00017546298978642666,0.00572058341834202
0.0012872180790785945,0.0015141874486700637,0.00012333326078951237,0.00501935055217033
0.0008992946379764712,0.0003536248829000988,0.0012093939139795574,0.005163594131687844
0.001124894557854766,0.0005065936297328319,0.002351962053889084,0.005109116306967954
0.000536591298863777,0.0006226711188516707,0.002368502513504784,0.004246445158358314
0.0010917029243958747,0.0010311094031066697,0.000502061983397478,0.005455117514890035
0.0018112505123570424,0.001619510500967564,0.00016973878470330855,0.0057109354198096925
0.0012958336345834881,0.0015038430418459353,0.0001223536503859292,0.005001944287699527
0.0009016784606269194,0.00035079288853262714,0.0012357267153311974,0.005135730321333526
0.0011374914373139793,0.000515776199595298,0.002380097863362889,0.005105274777232752
0.0005400421392300985,0.000625427814206764,0.0023618021167361347,0.004243695031873885
0.001076282208269385,0.001034514851122843,0.000490926769829015,0.005439520327332234
0.0018002251567831942,0.0016262645010367226,0.00016223611483536524,0.005695959070119218
0.0012848539291845477,0.0015007045079239206,0.00011940320134489,0.005002816024409973
0.0009038178726549464,0.00035035441909234404,0.001247942073704719,0.005120115254806714
0.0011458533800698895,0.000524166775241104,0.0024030146643848603,0.005082893875545424
0.0005459811460854185,0.0006238676189786642,0.0023648891854714115,0.004242100434390171
0.001090003041428772,0.001040127891761664,0.00047284343693213454,0.005444043015034786
0.0018140898450266553,0.0016467037962673262,0.000150026203910706,0.005694409631264658
0.0012855730486310655,0.0015180013080240515,0.0001098121639019984,0.005020133854863855
0.0008959459842224274,0.0003558201019588093,0.0012394293622613706,0.0051090365583732165
0.0011451477812977125,0.0005399824808337777,0.0024187207540748686,0.00505541164530838
0.0005426705597806872,0.0006348818415579957,0.0023846239359927154,0.004241488037787317
0.0010932534021409078,0.001045439368049122,0.0004658936687698803,0.00543676152469196
0.0018312292222145514,0.0016682055554738241,0.0001435294552790221,0.00565814686661303
0.0013024864586609923,0.0015364073479908142,0.00010201558949905515,0.005008365086835653
0.0008952047303637751,0.0003560184930993161,0.0012459540486125951,0.005103425084159672
0.0011487214270721998,0.0005575068625355777,0.0024560694181639735,0.005033557668527052
0.0005388563399193526,0.0006522198711421243,0.0024203422642884724,0.004239823447398957
0.0010853896458089358,0.0010500691641753175,0.00045875830420568644,0.005436362999480695
0.0018427484393037988,0.001691778201345031,0.0001338236688272002,0.005636642391999283
0.0013200921557214491,0.0015580444627916017,9.080857861195505e-05,0.005000936710804859
0.000895509491324021,0.00035478733683157843,0.0012349783363623775,0.00509931832203413
0.0011499841656773212,0.0005714132090866639,0.0024816565286014474,0.005000608436054887
0.000538450216597044,0.0006669830831972601,0.0024573958818488203,0.004240896311908619
0.001087519289153486,0.0010528698598342246,0.000448924381662023,0.005445675355658085
0.001857979827603464,0.0017174044053322626,0.00012253980209735898,0.005620481576648517
0.0013346698041737685,0.001583628795626879,7.96321030331236e-05,0.005001560475891216
0.0008941920313312148,0.0003554988736152308,0.0012237372303123887,0.0051008679648899425
0.0011508097769912609,0.0005886445953850444,0.002512005963090972,0.004964144265767735
0.0005386477142344243,0.0006856179509632498,0.002511919098182495,0.004240549813868773
0.001087334316883174,0.0010521648667113832,0.0004471368944756505,0.005443944739405087
0.0018764640197061868,0.0017419339563827158,0.00011463193941160636,0.005587976057343293
0.0013564835415471252,0.0016102735912266986,6.954434221036823e-05,0.004991415450043587
0.0008937358329917282,0.00035492999293053654,0.0012140106948286848,0.005104409518929607
0.0011505380501640292,0.0006068845741873658,0.002543248733568543,0.004927695545741979
0.0005368914418118037,0.0007087198762458615,0.002565335424843244,0.004243767910168014
0.0010846476908476313,0.0010541568287720337,0.00044203683529096523,0.0054502256108016085
0.001895917739837381,0.0017704809227066566,0.00010541299193868419,0.005563460622637422
0.0013833114570804888,0.0016419841656161553,5.911603229231729e-05,0.0049854216742153835
0.0008934331606482711,0.0003533249064003994,0.001198376673846006,0.005108498435034205
0.001149428145932439,0.0006238002587221314,0.002574162009697561,0.004889238105351917
0.0005367630343072783,0.0007324744226150613,0.002626669865727642,0.004248631603288339
0.0010826114196835369,0.0010549185915968776,0.00043876846063075795,0.005455545305313653
0.001914273306495711,0.0017997990905767116,9.656692707688075e-05,0.0055364183264227165
0.0014081393083404017,0.0016757209211066648,5.026212855657769e-05,0.0049819387317193145
0.0008931713050414368,0.0003522461599948988,0.001185078760570897,0.00511553461087615
0.0011492963549874899,0.0006426404645478993,0.002611188244082237,0.004851006658671885
0.0005384552241567669,0.0007585737680026052,0.002698251905805528,0.004254158495008752
0.0010817924443467792,0.0010540012798207707,0.00043773511251823103,0.005458500433958288
0.001936134158772633,0.0018295473226913864,8.850137653948492e-05,0.005506609586737917
0.001437965737122583,0.0017118083588762948,4.2079845861276084e-05,0.004979060974089566
0.0008929223818238764,0.0003511254358374672,0.0011686996397731067,0.005123484628318854
0.0011483170679660825,0.000662769814250277,0.002646616519367531,0.0048111551792281125
0.0005404095482248314,0.0007886795991349535,0.002771663784070506,0.004263147637746363
0.001080773597390204,0.0010536676046943635,0.00043563500312555637,0.0054644178385659945
0.0019599923545768785,0.0018613788557572835,8.037878734269147e-05,0.005477462317191049
0.0014721588676820778,0.0017509014509484923,3.488804433096456e-05,0.004977062443705156
0.0008934440669173561,0.0003495286609446511,0.0011521888111506674,0.0051321744662201005
0.001147487387309724,0.0006836998444719298,0.002686831392675657,0.004770248099456748
0.000543916902684695,0.000821918421748225,0.0028556680061111667,0.004273763124742288
0.001079065377489277,0.0010526688106488283,0.00043539821035894015,0.005468497425700251
0.001982401648333732,0.001893067980662819,7.258052127817423e-05,0.005441599792202433
0.0015080879198159185,0.001793307958426128,2.925769120642787e-05,0.004977620656904161
0.0008940196395966028,0.0003482597072366112,0.0011352985182393855,0.005142087218278933
0.001146278131016853,0.0007059654366242167,0.0027303405309218997,0.004727505086632394
0.0005488831074682896,0.0008584510848213751,0.002948217627017428,0.0042874329919811525
0.0010791163420173183,0.0010515551624755016,0.0004354888856470883,0.005472687630542613
0.002006353984654503,0.0019253515355170975,6.490430034636648e-05,0.005400810474716494
0.0015428995443427362,0.0018329998469911275,2.499129668692901e-05,0.00496396331044408
0.0008954191318518752,0.0003467123533798496,0.001114586652911997,0.005153536579454336
0.001144049440786849,0.0007280417694877993,0.0027731895387386523,0.0046829841313257
0.000555363815314309,0.0008978515184019573,0.0030472807224891847,0.004305622979092443
0.0010810924707470363,0.0010504821506905028,0.0004352410558995119,0.00547863160337919
0.002032115323253449,0.0019594785968824534,5.729417187346464e-05,0.005361939008677956
0.0015772090586282826,0.0018729368410827425,2.2796887909406986e-05,0.004948278867980181
0.0008973318801866027,0.0003455026846389743,0.001092401814821673,0.00516703992353445
0.0011414316319123348,0.0007507145228994363,0.002818765319326375,0.004638055154756499
0.0005638185569119699,0.0009404219206913547,0.0031577176472124373,0.004326953541268181
0.001084382567406755,0.0010480576551968551,0.0004371597480034037,0.005482457931725701
0.0020598559397926016,0.0019935265349523205,5.050918629042864e-05,0.005321575530419714
0.0016140179016367188,0.001914085274048719,2.275532615740673e-05,0.004935722642431986
0.0008998199646067896,0.00034467626506653136,0.0010700884756926518,0.005182289427463861
0.0011383088926496907,0.0007745014052493954,0.002866311283054606,0.004593075403728749
0.0005702177705952875,0.0009809751284527571,0.0032556258924261337,0.00432472088530006
0.001083381180512996,0.0010435279795113542,0.0004420128695655639,0.005487998946987925
0.0020821538001252744,0.002024471857474691,4.4412729823170676e-05,0.005287024552070613
0.0016472145350208678,0.001953773810247076,2.5342141412274406e-05,0.004928881599305187
0.0009040028746287957,0.0003436617105186874,0.0010502430832545727,0.005200807364108939
0.0011356965836626708,0.000795929739384608,0.002916649170320404,0.004552153216408168
0.000576360439764369,0.0010154279662147807,0.0033477901061957317,0.0043056437539776135
0.001081201815929408,0.0010356789970098368,0.00045202155284540475,0.0054929380126554845
0.002098292773342214,0.0020488019057462994,3.9594113228363264e-05,0.005260540606908467
0.0016729531618821123,0.0019895156917627754,3.0336416389738253e-05,0.00492952305017299
0.0009080708192023764,0.00034365229261103567,0.0010291768721949694,0.005223109874686013
0.0011322387707443033,0.0008131058748439095,0.002956859341011954,0.004518936218327047
0.0005825706837470653,0.001045452847139,0.003432458843555278,0.004289989911740913
0.0010720005438631882,0.0010243967680794398,0.0004683639283263294,0.005502513109792943
0.002097437739430991,0.002059862839858636,3.65537217723099e-05,0.005250171573738612
0.0016815047627453596,0.002015074199808413,3.6696398510365016e-05,0.004937189942544617
0.00091307245525322,0.0003438204434737264,0.0010140747220903773,0.0052501866430861265
0.0011302305504559717,0.0008202459138545635,0.0029857280665828573,0.004503634129068495
0.0005891126901321824,0.0010635834186680487,0.003510411813232188,0.00427894022143959
0.001065130127389028,0.0010104889566019094,0.0004912821635111815,0.0055080002652189404
0.002088717740809981,0.002054923193412076,3.6644171694856774e-05,0.005250033525790172
0.001679130467182083,0.002027814461646089,4.160221954489324e-05,0.004945606770980438
0.0009161860394280995,0.00034522822204739934,0.0009958184083373968,0.0052783177595215145
0.0011267875224935378,0.0008168768320785346,0.002976997554590263,0.0045079672679354775
0.0005908493432431954,0.001069697079205584,0.0035385158506298243,0.0042711303069058295
0.0010665267597802681,0.0010011099509374852,0.000506644470293117,0.005512389411639098
0.002086373117786853,0.0020409292609350977,3.908509098511781e-05,0.005252055899072729
0.001683107869836503,0.002028670874835197,4.171393247291868e-05,0.004943903651590533
0.0009191179548341397,0.000345484612238937,0.0009803832970621466,0.005296971203537984
0.0011236100398007065,0.0008078997926360752,0.002946340190205111,0.004524572147363728
0.0005886170997538005,0.0010712907026967293,0.0035267799464556095,0.0042653744566079595
0.0010638024526506927,0.0009967064029037269,0.0005147122453612516,0.005514590967697226
0.002080516320142983,0.002022387453964466,4.239400222812468e-05,0.005258341566098377
0.0016863895780668042,0.0020199871368923733,3.874214229506045e-05,0.004935707901652934
0.0009230371993354325,0.0003436890526079899,0.0009751885771370685,0.005304314861427198
0.0011219761739665053,0.0007940271007365348,0.0029156135869759024,0.004546086067962532
0.0005852928487922606,0.001064421206316897,0.003500345148265323,0.004261421491229725
0.0010644723855269802,0.0009967291670854258,0.0005163197262190088,0.005511690339869304
0.0020759904682921505,0.002006792250704655,4.5249420701047316e-05,0.005268246696040938
0.001685194130541955,0.0020085019281774856,3.585155010214833e-05,0.004927999812539175
0.0009240978873161469,0.0003431060264668721,0.000971655931693572,0.005303429063692345
0.0011194317714248595,0.0007805849765523861,0.002882712816445,0.004564555314488721
0.0005805492316330296,0.0010536703349406419,0.003461927288908634,0.004257808061602902
0.0010692299569818708,0.001000071979630287,0.000512634149276896,0.00550668007942939
0.002076269432680614,0.001996359475318602,4.747265901021152e-05,0.005273794965259952
0.0016858176236375282,0.0019978936739608873,3.301094510562448e-05,0.0049187505444207354
0.0009243846016309085,0.0003426140271830195,0.0009741556250414986,0.00529640288466401
0.0011178998105664062,0.0007709963684665269,0.0028623868234055956,0.004577263737810951
0.0005765564367594832,0.001045778276431277,0.003433353059852139,0.004253853854664828
0.0010708862500003523,0.0010035901045080313,0.0005097356027993869,0.00549997287949575
0.0020755460139807555,0.001989107245233061,4.904764042211205e-05,0.005276863225579688
0.0016864933369010956,0.0019896387211865573,3.097745785470367e-05,0.0049098520094217725
0.0009252559857722212,0.0003417260504065211,0.0009788296063426888,0.005288167029497718
0.0011167600484508333,0.0007626987720523674,0.0028508854984683717,0.004584614776691885
0.0005736334149845962,0.0010380007021942726,0.0034136726365058888,0.004249012451679194
0.0010700149600706063,0.0010062264753006,0.0005082529916852557,0.005496486247904031
0.002069858033570937,0.0019834015281049136,4.980340111436774e-05,0.005284949115646566
0.0016802026708466102,0.0019828784042970737,3.060732561709598e-05,0.004905190639586843
0.0009259218561447728,0.0003413209121296637,0.0009835500382207735,0.005282877828285437
0.0011162112085909164,0.0007541102494741076,0.002843674524076515,0.004591233940795927
0.0005721799371365836,0.001028357906526048,0.0034045253563825457,0.004244014528341904
0.0010710724345846343,0.0010067181755412584,0.0005102123377181714,0.005491561131890141
0.002064278611532583,0.001976555179454255,5.110637660343711e-05,0.005291386709064448
0.0016720847860834023,0.001976302889732212,3.0625754690679855e-05,0.004901363558544716
0.0009259208334650477,0.0003415798317855047,0.000986900297846648,0.005279844564620714
0.0011157408141369977,0.0007462266577997293,0.002832824745786908,0.004599430802886464
0.0005704736530189923,0.001019747636564567,0.003391503727007643,0.004239394030696805
0.0010720650774617613,0.0010068550957888383,0.0005119282539083142,0.005487816853724299
0.002060059491964773,0.001968186119915008,5.287415303251235e-05,0.005297150568474783
0.0016674898565653552,0.001968909721538626,3.0021692087230782e-05,0.004895532528649306
0.0009268008611800815,0.00034112927515811967,0.000989835992350422,0.005276500650323675
0.0011157271055668779,0.0007378302833684734,0.0028195279412239474,0.004609489133129931
0.0005686962676933071,0.0010118244020469306,0.0033747248812766653,0.0042356194247795236
0.0010709471965781605,0.0010071777905430951,0.0005130730743778337,0.005484843906122513
0.002053749317093911,0.0019587567855635156,5.475611250194838e-05,0.005305382586783972
0.001661677939695155,0.001960229216382668,2.940789250365134e-05,0.004889936738976157
0.0009279021333446838,0.00034037687062065585,0.00099337863125644,0.005272540246304508
0.0011160540467913158,0.0007283894715014807,0.002805247577860304,0.004621064055580424
0.0005670944720738662,0.0010021671680896748,0.0033560041769449536,0.0042328328957868784
0.0010704696015150638,0.0010078405945994887,0.0005137563167882745,0.005481139193489807
0.0020467184330434395,0.0019491746230247532,5.677794279263102e-05,0.00531509637077617
0.0016534212091193947,0.001950798843760993,2.9027065236724783e-05,0.004885368546154805
0.0009280610074125133,0.00034012248257417994,0.0009969330478394789,0.0052679666733115365
0.001116353522585933,0.0007190211804861791,0.0027889218301101132,0.004633746451048997
0.0005652969364995152,0.000991719409254373,0.0033337740321917617,0.004231029092641063
0.0010706876440541976,0.001008960693068563,0.0005137823872486023,0.005476567166242842
0.0020402861995402932,0.001939489750776919,5.907715698241926e-05,0.0053239855498004186
0.0016453477545707185,0.0019407216666730478,2.8527380788680616e-05,0.00488039381771407
0.0009279408833706244,0.00033986026822282203,0.0010014928446397781,0.005262172710715646
0.001117064216794306,0.00071013532807717,0.002772367847114705,0.0046470631084728296
0.0005635483899478714,0.0009816051904731535,0.003309235395004271,0.004230263956419627
0.0010702885477438708,0.001010502822386512,0.0005130016247791571,0.005471657995078265
0.0020337028495687327,0.0019299037232813061,6.141597144693884e-05,0.005332962597051747
0.0016374475847551744,0.0019301912328932775,2.802807179437513e-05,0.0048754376395446246
0.000927867118614323,0.00033939688870249327,0.0010065395580201514,0.005255177868514972
0.0011181595041670487,0.0007013994331814589,0.002755927952693445,0.004660136936620202
0.0005620769965131741,0.0009712332665241546,0.0032830972801996057,0.00423030789779652
0.0010698609195625478,0.0010124638634279887,0.0005112398565832165,0.005466846718038328
0.002026892239140838,0.0019210503230098288,6.356867147057593e-05,0.005342434092068844
0.0016286426539106943,0.0019196903746274846,2.7765254176324e-05,0.004871282280185704
0.0009275013760783752,0.00033901608514898035,0.0010119507665838187,0.00524738156176018
0.0011005822998712078,0.0006624516260954477,0.0026445291852218215,0.004704781755165115
0.000558167689450666,0.0009274457452268978,0.0031484476724580684,0.004189542951893597
0.0009554901196504071,0.0009440373802134907,0.0005934517026429389,0.005383128182436823
0.001844538470108773,0.001730947638541303,9.780172451971444e-05,0.005325981758774417
0.0015543594381783226,0.0017841805090969486,3.0191064862924964e-05,0.004876096155842756
0.0009326815437188636,0.0003294375086286913,0.0009489407007453204,0.00518392353076756
0.0010658766715967872,0.0005695500221123335,0.0024238643951068847,0.00473610863578913
0.0005244933340094273,0.0008168609135812386,0.002818201937028497,0.004214297143793689
0.0009858245508184479,0.0010091247338454086,0.0005034138762739048,0.005439394271182822
0.0017680925484835225,0.001755340391078626,8.978734184087496e-05,0.0054620718657878275
0.0013802629590894406,0.0017583895107570623,5.3732930366013925e-05,0.004942436948374201
0.0008889929742554994,0.00035011611830574176,0.0010170849405863542,0.005151578745389509
0.0010776711798632665,0.0005544422039952028,0.0024532652483635832,0.004803052148972024
0.0005325260286601165,0.0007399096338845915,0.0028048595988411336,0.004143508278208092
0.0010114703006640887,0.0009914030984995961,0.0005629851795126872,0.005295356800794237
0.0017620854804333483,0.001703162363656513,0.00012415076745355446,0.0053709012152153655
0.0013274879584073906,0.0016840074569251264,6.599347035829633e-05,0.004886281785646903
0.0008769570815104502,0.00035604278917747136,0.0010645865252518947,0.005120320533304846
0.0010845118616347909,0.0005592904624893082,0.002370090793646929,0.004843849875639479
0.0005209668855424885,0.0007281147102319541,0.0025671285294759424,0.004151047501772123
0.0010107018878837135,0.0010116001559237655,0.0004950688615441699,0.005339970965299647
0.0017708047114216644,0.0016776812743885623,0.00011915920676814207,0.005453223114571898
0.001343663374358855,0.0016238224922607563,6.37331350524063e-05,0.004879610588418627
0.0008906186046634875,0.00034285497604743756,0.0010672952069330872,0.005066967437355356
0.0011010499367657275,0.0005370468627884739,0.0023198946156381475,0.004865263745984995
0.0005301116464143078,0.0006960447627364285,0.002454603662328832,0.004145237066401471
0.0009920671607853415,0.0010182420817291282,0.00047731135645458944,0.005324275045119296
0.0017152501345933326,0.001660467040198758,0.00012167281617157594,0.005472211108178875
0.0012648914985735795,0.0015876466674395585,7.968259675249254e-05,0.004891318461911261
0.0008855802366843488,0.0003455985216591692,0.0011233557093486063,0.005044045158596365
0.0011161506426436568,0.0005290103791896665,0.0023431143923639958,0.004891214394104937
0.0005386748771978443,0.0006585140374383989,0.002418786620171838,0.004131549965227554
0.001014383146995094,0.001029460728519229,0.00047151407215392495,0.005283081992236869
0.0017169615131732358,0.0016671020872901338,0.00012474005661750512,0.0054701409585263695
0.0012314508939864752,0.001583130242752011,8.505699522652538e-05,0.004902704409836823
0.0008650043695184352,0.0003578783507703596,0.001123660359918724,0.00501608528846725
0.0011085402051735553,0.0005338674035101292,0.002300784363738915,0.004884439860940582
0.0005297743942823284,0.0006528644137546046,0.0023350633317825056,0.00414075855703765
0.001024482024110466,0.0010480207534347406,0.00044547577973965183,0.005284141212831607
0.0017296761236415068,0.0016748657768882354,0.00012296860466149486,0.005463915189586218
0.0012346606741486816,0.0015676705178311438,8.570062623402798e-05,0.004882003424358123
0.0008684593015746226,0.00035503511220454987,0.0011499010974230124,0.004989521319051239
0.001122288822250118,0.0005396022674555355,0.0023187200464550813,0.004888118437284485
0.0005340210808724419,0.0006521769278292592,0.002314121085210042,0.00413674312090275
0.0010089934020164476,0.001051654407272317,0.0004351231948683507,0.005270935395260643
0.001715468439737609,0.0016761874250544582,0.00011870429079814729,0.0054584504533744405
0.001220384185817812,0.0015580948685806227,8.556905116583224e-05,0.004883332286682215
0.0008719888885073647,0.0003541050624597914,0.0011624632429349715,0.0049723958694158615
0.001132172644357039,0.0005436572287372772,0.002330833278723885,0.004874410279723583
0.0005411186922119616,0.0006459508605209621,0.0023014985911800354,0.004136202949482814
0.0010208296104161972,0.0010579910281849744,0.000418128523688775,0.005273972679231682
0.0017228951721317788,0.0016913287308617526,0.00011034417896545819,0.00546317511108607
0.001212949909410211,0.001567231868700913,8.07854815231795e-05,0.004896906505701376
0.0008657009592689977,0.0003593882873400326,0.0011580570923869307,0.00495986028278923
0.0011341138949436146,0.0005553456354217642,0.002338808032875986,0.004855510716569287
0.0005405318199454955,0.0006514237612654133,0.002306940857028871,0.004135918208577878
0.0010246801613666126,0.001064469904763532,0.0004115753466162352,0.005264437571345431
0.0017348137646812135,0.0017089836748111755,0.00010674049158158967,0.005434575487349524
0.0012199606210110973,0.0015779512082520532,7.656171183795344e-05,0.004879901579147762
0.0008649184820074702,0.0003602715177083954,0.0011662817062254908,0.004951405448682639
0.0011388174200765119,0.0005691372155138958,0.0023651873336875723,0.00483936346961953
0.0005389095387970993,0.0006638548645421315,0.0023251421775772494,0.004135351521513542
0.0010189071973928084,0.0010708320009841664,0.0004034879442581692,0.005263605052043323
0.001742815547261396,0.0017290332032966979,9.98826117161437e-05,0.005419960232401676
0.0012314943944254672,0.0015942689123151197,6.942415876766884e-05,0.004874733652355691
0.0008653627154523135,0.0003595636750430168,0.0011592887132554617,0.004944826392394012
0.0011421561407412096,0.0005802389082022211,0.002383895296603782,0.004814559847740667
0.0005407266716197091,0.0006744893978018483,0.0023482360395835813,0.004137043768115476
0.0010205139098127336,0.001074280699691552,0.00039443386978792465,0.0052693746211041085
0.0017531878303834881,0.0017500679770126894,9.185821102986321e-05,0.005407382668649748
0.00124031284026455,0.0016135949883680203,6.232631768156303e-05,0.004875830864344786
0.000865095116784341,0.000360369892614491,0.0011527930751030814,0.004943604198755789
0.0011460443265909762,0.0005948961018138214,0.002409653568768222,0.004787909646692317
0.0005432786379693206,0.0006887518608279311,0.002388156340373987,0.0041371038814045965
0.001020702185371997,0.001074760259589753,0.00039174623402272047,0.0052670209208359004
0.0017671744414256927,0.0017712103745255493,8.604013868262719e-05,0.005382160861976152
0.0012561503238197986,0.001635457718026935,5.5350613279755555e-05,0.004868717037397709
0.0008650169821994219,0.00036029895049575345,0.0011453408295695592,0.004944245895525376
0.0011476795229465105,0.0006103395879733444,0.002433788954414146,0.004757446225487671
0.0005438412156255273,0.0007074354169048816,0.00242774843079289,0.004140424444073589
0.0010189337754426663,0.0010776517093701006,0.0003864753667307033,0.005271617559723534
0.001782484360061176,0.0017964049476631764,7.920247770457305e-05,0.005362065943897048
0.0012768348585817367,0.0016622676492670761,4.800916549330657e-05,0.004863573887945028
0.0008651195068983731,0.0003592005506147924,0.001133737739354765,0.004945889947311926
0.0011486724240203881,0.0006249727274452113,0.0024598055442465938,0.004725156161998059
0.0005456689047967085,0.0007271461501941929,0.0024766767201552663,0.004144721538097883
0.0010169909444607227,0.001079229346545766,0.0003833009552724463,0.005274999240235601
0.00179670735981253,0.001822459693932054,7.260788108090647e-05,0.0053393434128081885
0.0012962838673026115,0.0016913277651167075,4.1746083372581276e-05,0.004860596063015854
0.0008653702779717708,0.00035841516932923884,0.0011232220618593,0.004950245703335424
0.0011503158252882649,0.000641184287880509,0.002490667363745693,0.004692163791607995
0.0005490476792743786,0.0007488910181246383,0.002534467243912303,0.004149899478849992
0.001016426611192893,0.0010793070306492998,0.00038160416144376224,0.005277540908551067
0.001814221600367455,0.0018492207733861003,6.640588866611406e-05,0.005314876788394572
0.0013202521996077338,0.0017228042553553166,3.5840763087251315e-05,0.004858649157846033
0.0008655983933639823,0.000357525169913709,0.0011095997141999333,0.004955771659250659
0.0011512936732382233,0.0006586611026174686,0.0025206295986905138,0.004657454515555502
0.0005528434204620046,0.0007742149428611734,0.0025952726014916018,0.004157986363903256
0.0010155952615294615,0.0010794477275526374,0.00037952018199262176,0.00528219670613001
0.0018321731730253524,0.0018763804545564812,6.020826506770897e-05,0.005285962834617204
0.0013481917729629767,0.0017570441464088908,3.0666734710380324e-05,0.004856880101629843
0.0008664492932804043,0.0003561525861745943,0.0010959842293615882,0.004962161726303535
0.0011523063228607844,0.0006770131499932247,0.002555179421887244,0.004621490567114807
0.0005578123705182102,0.0008024996877001379,0.002665517317075247,0.004167555818993946
0.0010140946519979726,0.0010791510611342311,0.0003788314185810066,0.0052857246401574074
0.0018492208860113174,0.0019039033691002252,5.418901965926739e-05,0.005251784189489922
0.0013754664344773398,0.0017913298574686956,2.6627885955730017e-05,0.004848178008672455
0.0008675432978176111,0.0003547083526796095,0.0010803800813784215,0.004970004112225144
0.0011524699517772045,0.000695533150862626,0.0025909139166971225,0.004583669817356596
0.0005639059068964569,0.0008327789601929859,0.00274212171579505,0.0041803720386306845
0.0010149249053782547,0.001079040959065723,0.00037791133529501715,0.005290583175984189
0.0018686289792341677,0.0019336273418446566,4.8156703923777406e-05,0.005218617068206355
0.001401538738819187,0.0018246282020919925,2.3922925400353313e-05,0.0048317518125204715
0.000868711848595044,0.00035345840760678244,0.0010614722174644262,0.00497973403733531
0.0011517621009825318,0.0007142794798695086,0.002626720541085616,0.004544848944381655
0.000571293946863018,0.0008654679132950457,0.0028260050464678954,0.00419645414753421
0.0010172857281779107,0.0010782088890414472,0.00037794510710597727,0.005295158375264577
0.0018898749911232578,0.0019640501929909914,4.260466967498693e-05,0.005184530772519689
0.0014295697641272507,0.0018594398702306268,2.2835991071934027e-05,0.004817451517952207
0.0008702367219361327,0.00035246917661622414,0.0010425511062746985,0.004991159639385198
0.0011509249935729388,0.0007342491319553378,0.0026654590755700513,0.004505906492078504
0.0005801210367228913,0.0009016705655296993,0.0029183700961537195,0.004215073475301075
0.001019767449003866,0.0010761617384743279,0.00037943903362672757,0.005298577899894712
0.0019128354399987337,0.0019941958700540265,3.7653846019877174e-05,0.005149467394243641
0.0014610629640231642,0.0018951851654526665,2.3282018192626023e-05,0.004805236316544684
0.0008725097185088108,0.0003513020938947327,0.001022969471329591,0.0050038825272793516
0.001149496248529958,0.0007546285924272019,0.0027054047688626773,0.004466627953193409
0.0005857117979083307,0.0009337381183143818,0.002993502059183441,0.00420458833198632
0.0010170700845158504,0.0010718892936633197,0.00038349461755156605,0.0053047710812897195
0.0019282369652563938,0.002021290907214538,3.302644677829979e-05,0.005121769796196544
0.001485928599539014,0.001929165603078155,2.6213471947320154e-05,0.004799089522181756
0.0008761939800997499,0.0003500236180309275,0.0010068916692464202,0.005020175084521754
0.0011488218469848422,0.0007722495583961416,0.0027496654888581216,0.004431863796295848
0.0005922695475736925,0.0009606856254023399,0.0030730111406009394,0.004187423698274532
0.001016087961554223,0.001064476691190037,0.00039230577172318386,0.005308250690506361
0.0019410428199701348,0.0020427702977005207,2.9583857998881813e-05,0.005098863390289447
0.0015058825614792167,0.001960078892822396,3.092930624211183e-05,0.004798878095621298
0.0008788498095112866,0.0003500759807646448,0.00098736199804508,0.005039390120202964
0.0011465952876905541,0.000787024214433529,0.002780894841428669,0.004403218327787198
0.0005978256701762918,0.0009849454643808295,0.00313959981123335,0.004173035605986567
0.0010110677350403116,0.0010552319371908956,0.00040378920493664013,0.005316063060838151
0.001944040244549636,0.0020547206214092412,2.7300939841970314e-05,0.005086191784407201
0.0015168992933909482,0.001983397790428403,3.6099479878964346e-05,0.004802223063499612
0.0008828918920970806,0.00034976116095324593,0.0009739336680270307,0.005060705881095414
0.0011456543848406592,0.0007950587799309979,0.002806796210356601,0.004387469423030684
0.0006036903567739439,0.0010024084963338867,0.0032039217833840805,0.004162391632988685
0.001001798862507933,0.0010429908675760758,0.00042179417679412634,0.005321987464922719
0.0019340267355178913,0.0020525687035622057,2.684261563070513e-05,0.005086014795720835
0.0015135189609946189,0.0019955209746795183,4.073796406507072e-05,0.0048090043512817714
0.000886226620491812,0.00035021860901143776,0.0009610380543746736,0.005083874234306308
0.0011441013301607035,0.0007930911030054163,0.0028077249456586696,0.0043885600461715316
0.0006066878543309624,0.0010072996197446483,0.0032371348133840667,0.004155140278383125
0.001003867194781879,0.001034033577007995,0.0004351572399250639,0.005324352943606449
0.0019322393076698875,0.002042857612974902,2.829079870123414e-05,0.005087380251628188
0.0015146146075382385,0.001998443526011025,4.189167058132904e-05,0.004809652072491065
0.0008874351627720618,0.00035129220980565626,0.0009449889175685961,0.005100371654801645
0.0011411774511377681,0.0007876063641779381,0.002781043469540485,0.004399558091230652
0.0006051855380855306,0.001009862314788286,0.0032273414172036595,0.004149859711860905
0.0010029586084704528,0.001029999888060189,0.0004411958766153738,0.0053270153097060265
0.001929399358173391,0.0020288986384403023,3.056384429776733e-05,0.005089834433363491
0.001518840959029468,0.0019931426112860698,3.937047706762195e-05,0.004802539637366613
0.0008906751838346601,0.00034978521269947807,0.0009410498046882726,0.005106736878188184
0.0011405322449616043,0.0007783898266665155,0.0027593679166675656,0.004415767092799545
0.0006032740356206242,0.0010076555478327881,0.0032113554078344914,0.004146583807852968
0.0010008145045410047,0.0010291711611098051,0.0004439928130075562,0.005324530144195448
0.0019240531027841315,0.0020157737674219274,3.258742053618733e-05,0.005097157150409534
0.0015175472358307121,0.0019846339346174338,3.6941361378288294e-05,0.004796432805710771
0.0008919425431501022,0.0003489878828465468,0.0009376336344276124,0.005106908500887299
0.0011387378005675924,0.0007674132551593356,0.002732683512307512,0.0044304852973353764
0.000599895398769955,0.0009991891608324291,0.003181110736104131,0.004143904636954773
0.0010053539130834958,0.0010320801593517546,0.00044071823030347485,0.005321199823976749
0.0019245248006792865,0.0020076689031391917,3.401890447442939e-05,0.005102527913919024
0.0015170890160360094,0.001976684676857369,3.469865938603745e-05,0.004789902463973737
0.0008916388588595574,0.0003489377496621928,0.0009374558825168687,0.005101824518513961
0.0011374930804983335,0.0007600813497151865,0.002713457697079996,0.0044406210074789355
0.0005968544965382224,0.0009934654915436925,0.0031564451912273377,0.004141077858777735
0.0010067596110200888,0.0010350475608919842,0.0004383781700570476,0.005315611584958052
0.0019241329763438706,0.0020017048144619983,3.525214186344467e-05,0.005103164762296832
0.0015177553852388345,0.001970118229927523,3.261858263789106e-05,0.00478213019160678
0.000892418266682898,0.0003480261503607001,0.0009420392719347629,0.0050950534618609935
0.001137294145887732,0.0007540821743694377,0.0027048897106817867,0.0044467417620491214
0.0005949270364984119,0.0009883971488977201,0.0031410451470272106,0.0041377244161611305
0.0010076430659322715,0.0010378201356593575,0.000436023792452771,0.005311265172800653
0.001923289012145473,0.001998519936609249,3.5655389088007734e-05,0.005106115261883882
0.0015168829024665746,0.0019659752365418356,3.180284088827801e-05,0.0047768564469037045
0.0008927623285939564,0.00034754003265095943,0.000943531361128469,0.005089458133329291
0.0011364648640053972,0.0007486148266928722,0.002697311666213627,0.004449281273740047
0.00059345008961416,0.0009829906018463022,0.0031295816828936615,0.004133443881562093
0.0010091463806270356,0.0010396605331412345,0.00043462393969383666,0.0053083428614569775
0.0019218876843152728,0.001996309730320791,3.5827752669858874e-05,0.005108304959150977
0.001514176114421252,0.0019629744860608805,3.1660234361916055e-05,0.004772706549840823
0.0008931870502322791,0.00034728958627408416,0.0009466436998175601,0.005085599236705185
0.0011363886603950192,0.0007444861570953777,0.0026951241677011135,0.0044512007833626705
0.0005928695192899816,0.0009790519792457952,0.0031272174570249824,0.004128925535990864
0.001009281644989323,0.001039824367528412,0.00043608308994289176,0.005304405471951939
0.0019194419173218264,0.001992924425592991,3.630921895938497e-05,0.005109507242955518
0.0015114155530967348,0.0019603047928918823,3.162675539746126e-05,0.0047685078642316315
0.0008938677358026279,0.0003470205017257916,0.00094850339355564,0.005083479899264874
0.00113613027887977,0.0007399924657165245,0.0026904925882543776,0.004453962671432931
0.0005920970436493093,0.0009750598862569393,0.00312219095236222,0.004124402943030662
0.0010098239804464805,0.00103993330515888,0.0004369496382100701,0.00530221481071042
0.0019172273507042411,0.001988906937827493,3.679753478811771e-05,0.00511257458842377
0.001508967870058926,0.001957240649402141,3.155750984632762e-05,0.004764441010528286
0.0008946055647304722,0.0003467586967414722,0.0009491935433429423,0.005081806303994206
0.0011358595395398212,0.0007350806760174006,0.0026835995527708005,0.004458007732205376
0.0005912888448379271,0.0009710222142117561,0.0031158124210233585,0.004120236922784097
0.0010099849608640311,0.001039805395817542,0.0004381820653176346,0.005299503428682758
0.0019143599369551394,0.0019837597928889904,3.755710329202039e-05,0.005115594126673294
0.001506020965699452,0.0019531827916006122,3.12965713773119e-05,0.004760065573066459
0.0008953841212606304,0.0003464668783010033,0.0009508004799724861,0.005079883857433279
0.001135831295209914,0.0007299307715588117,0.002675961302477208,0.004463447430385375
0.0005903679467718631,0.0009666339711038215,0.0031075607080462836,0.004116626559873077
0.0010100459982524523,0.0010399327671538373,0.0004391094580220966,0.005296475881743724
0.0019112361935274729,0.001978055922012887,3.845490592668997e-05,0.005119554279811191
0.001502704941417989,0.001948432508672126,3.0915138180030946e-05,0.004755642272024294
0.0008959315912639544,0.000346247643684275,0.0009520788141867468,0.005077394490714586
0.0011357199038079405,0.0007243403107491536,0.002666088487655699,0.004469846518247397
0.000589185798543057,0.0009615311779917298,0.0030957652832938236,0.004113541408925916
0.0010101501400905154,0.0010404993873016732,0.00043937467821748784,0.005293477083775177
0.001907709881556176,0.001972091086234933,3.943695032346039e-05,0.005124210314878541
0.001498579074863052,0.001942927766497483,3.0464945103760272e-05,0.004751249288955926
0.0008963513961288486,0.00034603310393020324,0.0009542455282376143,0.0050741341237778535
0.0011359490367593007,0.0007186291649004128,0.0026561364097584124,0.004477037703039784
0.0005881041932050647,0.0009559476839561428,0.0030830315383160605,0.004111079739254276
0.001010190286794321,0.0010412476642134673,0.0004394737974559991,0.0052897490071942815
0.001903980323069269,0.001965915726359532,4.053906954790153e-05,0.005128874695343915
0.0014940063655076777,0.001936895755787044,2.995886489346861e-05,0.0047468480623721115
0.0008966169396268951,0.00034583442277590553,0.0009567348378612182,0.005070111367168291
0.001115378025232791,0.0006817215681186478,0.002551258077288037,0.0045165768500469074
0.0005896409747262356,0.0009295718776705459,0.003002885195752052,0.004116383329545934
0.000910257132433194,0.0009693756432695806,0.0005135687565545297,0.005212737356561517
0.0017536911690208283,0.0017868346746393047,6.623036104020672e-05,0.005122530359763598
0.0014445955014123887,0.0018126414566609363,2.350890875037005e-05,0.004751176862271453
0.0008981564554725272,0.00033562238791136454,0.0008892482719740816,0.005013822396168505
0.001073746267466546,0.0005944481345518689,0.0023415531083497694,0.004543686001262261
0.0005481951625785525,0.0008310926486562746,0.002690560392597242,0.004135119266874046
0.0009329650550969137,0.0010356615866765962,0.00043085426104383715,0.005270145301106625
0.001680940062821121,0.0018141207698094532,5.719480816403948e-05,0.005245520084565286
0.0012862771088819603,0.0017946870745399084,4.316023193590761e-05,0.004808341715423644
0.0008604939777905312,0.00035562802672729256,0.0009568015394770927,0.0049844583325031975
0.0010826851551324998,0.0005799265049033234,0.002390519033582253,0.004600328767515489
0.0005502101367622631,0.0007600760277671535,0.002719174732373527,0.004064772554749261
0.0009550373119505286,0.001020043174825695,0.0004920385532489788,0.005132612343232634
0.0016750118875222487,0.001768325912751412,8.456541756116674e-05,0.005159580735803532
0.001245137576642751,0.0017424348798880218,4.909978510570434e-05,0.004788199498307727
0.0008480489558302301,0.00036457368705395624,0.0009934752911325082,0.004959800944713806
0.0010872053912399998,0.0005881026822820323,0.0023061830469900484,0.004633554239049261
0.000538521309864913,0.0007537551297065827,0.0024982878421151646,0.004068453476778212
0.0009572882320226999,0.0010357608008476939,0.0004326182396546198,0.005176451346802724
0.0016920880993979643,0.0017406825003902652,8.132466306636429e-05,0.005227113904218721
0.0012739514380496698,0.0016836894622432846,4.290239726714689e-05,0.0047675244733996315
0.0008646659466107299,0.00034966709584809965,0.0009945128443849328,0.00491543772972887
0.0011028488303586102,0.0005671661278894974,0.002261390748268647,0.004656284449555168
0.0005447585746135634,0.0007277167128868797,0.0023979823708964016,0.004057585062990337
0.0009327557695604482,0.0010397446638065648,0.00041926321490444685,0.0051668820738806995
0.0016360681186283327,0.0017202886198826614,8.31865540400596e-05,0.005249328401261244
0.0012029048699867216,0.0016485900838623157,5.4829654307731897e-05,0.0047765270324793335
0.0008635433061152906,0.0003508743505534906,0.0010433251225740424,0.004895579317335121
0.0011159602590401455,0.0005552380939006906,0.002281565893691953,0.0046805803602898485
0.0005497294251293141,0.0006884746571415884,0.002367600028468459,0.004040319556494761
0.0009523535102003628,0.0010511251909431113,0.00041582748697404677,0.005132083658244543
0.0016336892018660256,0.001725914185067163,8.596364130669097e-05,0.0052549223283092986
0.0011666792555807945,0.0016454966971584056,5.9637210059156604e-05,0.004789327420674057
0.0008441258368635775,0.00036354924616055777,0.0010391468108781419,0.0048733337508317185
0.0011084689325992787,0.0005571446824466645,0.002233976136598883,0.004678949148653586
0.0005408317022278566,0.0006798441117851676,0.0022861744297202396,0.004046155126011379
0.0009624775724666789,0.0010679939388263202,0.00039594570093466283,0.005129525159990398
0.0016449060093961575,0.0017300954079175663,8.700456274573323e-05,0.005247059851873102
0.0011685490317815393,0.001628034371766394,6.009480537181219e-05,0.004764294201840209
0.0008482080009670896,0.0003608497370121279,0.0010647508815407828,0.004849505321331616
0.0011221437502229458,0.0005610840043244633,0.0022451167430626207,0.004688082290896816
0.0005441691819397832,0.0006785718607485203,0.0022570133142609107,0.00403989940312453
0.0009453339097357493,0.0010713455455176246,0.0003870848499667349,0.0051190692894088445
0.0016290863680914966,0.0017266074040444767,8.492266043749234e-05,0.005247881305429581
0.0011555167997587194,0.0016138541119367848,6.0833232506843794e-05,0.004764154563667203
0.0008537700960647325,0.0003586570088459878,0.001076119431227168,0.004832269854699391
0.0011326351432772,0.0005609232067950431,0.002248626809453161,0.004680835450946576
0.0005514946617927392,0.0006688529741709552,0.0022335552685230496,0.004039321809737475
0.0009548445274846556,0.0010775726504642365,0.0003712299539770503,0.00512285365883078
0.001630703169326963,0.0017367164676086245,7.900246367732268e-05,0.005259270702066535
0.001142627797033795,0.0016175974725100258,5.917204587650325e-05,0.00477943312211063
0.0008490596625841061,0.0003637330530834416,0.0010742496260791375,0.004819720865690833
0.0011364239736178505,0.0005689620744243333,0.002251340624862457,0.004669038179140889
0.0005526414727305813,0.0006694581926757956,0.002230803813432073,0.004037881946677544
0.0009590889932885823,0.0010840496202158111,0.00036644361759195554,0.005110683555006561
0.0016385831692549877,0.0017502995842039383,7.768626200895942e-05,0.005235693252740527
0.0011439189811100954,0.0016240677140691344,5.733177764610015e-05,0.00476473260232402
0.0008481973140271734,0.00036540819168749846,0.0010838637285234516,0.004809968475640202
0.0011417231663662002,0.000580118796732048,0.002268984571738878,0.0046583086638498725
0.0005519419251385844,0.0006785866786455158,0.0022355733833943937,0.004037431773435485
0.0009540510655290892,0.0010914386865557716,0.0003583889320072779,0.005109181558920886
0.0016441668820372523,0.0017665835474706,7.321252446715195e-05,0.005225761954785591
0.0011523260211963665,0.0016353687369306882,5.2902880217847926e-05,0.004759416571623306
0.0008493144374120922,0.0003646998500282632,0.0010798366060195065,0.004801422848988016
0.0011462618939410223,0.0005883231556009996,0.0022811896211793912,0.004639681995135619
0.0005550040746403537,0.0006859031422429855,0.0022466403127687673,0.004039302052741389
0.0009546254447664072,0.001095544800501272,0.00034973227280201763,0.005113338763273545
0.001649954517575829,0.001783518760290901,6.745642408691317e-05,0.005217785141734407
0.001156215837771429,0.0016494071759571678,4.881310758179221e-05,0.004761626646246765
0.0008500396554473073,0.00036554909859442294,0.001076950103870356,0.004798009752915087
0.001152566037222782,0.0006003944239198412,0.0023035278325216537,0.00462184335903409
0.0005593292397856489,0.0006959382316108004,0.0022756190489848314,0.0040391824719505625
0.0009554674819023248,0.0010967479361643736,0.0003469235050684531,0.005109940655201328
0.0016601818428306832,0.0018013440002262358,6.334851785837026e-05,0.0051982855336813304
0.0011666742285582003,0.0016669829609097862,4.436609496965359e-05,0.004757254416045739
0.0008501741577677573,0.00036613067484060776,0.001071617951140253,0.004796477330298262
0.001156039105831919,0.0006138031443084173,0.0023227212284885343,0.004598763348380242
0.0005614758707845534,0.0007109495947046861,0.0023038594509897908,0.004042441566157665
0.0009546488080358892,0.0011003507264434477,0.0003417182784091556,0.005113036045770335
0.0016726053694703549,0.0018233715199028769,5.843634595159157e-05,0.005181743517305932
0.0011830058930501393,0.0016893626097951597,3.9384323618033603e-05,0.004752499841535976
0.0008507242064873661,0.00036547529440123286,0.0010633224399156632,0.004795885631601859
0.0011585195724204435,0.0006264745984079277,0.0023442848686091072,0.004571666518887756
0.0005646316823728746,0.0007275369612914383,0.0023421190517231285,0.004046294870346261
0.0009525178742099558,0.0011026895164366476,0.000338552721295584,0.0051150964507953225
0.001683299454364257,0.0018464165649017797,5.354686173236712e-05,0.005162906860537412
0.0011981725247341098,0.0017142014282780262,3.522877336799141e-05,0.004750052495986209
0.0008515642222699316,0.0003649294389715584,0.0010555443255334496,0.004797858476994062
0.0011615076996285662,0.0006403498735671986,0.0023704885224923545,0.004543069491261128
0.0005693775250231137,0.000745580807036499,0.00238912489275709,0.004051149545800836
0.000952291670452012,0.0011035439456097203,0.0003364875455084434,0.005117062970945394
0.0016963107934318345,0.0018694831112794482,4.875527689964671e-05,0.005140203687427518
0.0012171787357958316,0.0017417158776616456,3.128757162769078e-05,0.004749471336533565
0.0008521194331081316,0.00036443338065632287,0.0010443741459246077,0.00480122566247061
0.001163841019615276,0.000655678126679448,0.0023960042299665087,0.004512448595885446
0.000574592821786306,0.0007670185492748942,0.002439835813652363,0.004058708794769376
0.0009520335668123563,0.0011041950368823289,0.0003343963210136259,0.005120553541490465
0.0017099938207381451,0.001892761575433924,4.405298974221425e-05,0.005111538503703833
0.0012377495112978684,0.0017683107441954652,2.7771618852824172e-05,0.004738444759261251
0.0008534661690385741,0.0003630688263155554,0.0010323857658045598,0.004805848842586095
0.001165786889943085,0.0006710468596748345,0.0024246564431721278,0.004480514465217824
0.0005806334076518394,0.0007906127479489417,0.0024979778674778233,0.004068239759012888
0.0009517037633017799,0.001104864335471257,0.00033282109827001194,0.005124663656537917
0.0017239986686247736,0.0019183087367392157,3.92865771186977e-05,0.005083937748201485
0.0012570276242701898,0.0017955420326333587,2.5344575040746245e-05,0.0047229183406150375
0.0008545477685085299,0.0003618338106396036,0.001017699452508271,0.00481236839441905
0.0011666957960030084,0.0006863284294513203,0.0024540659653564546,0.004447344114001746
0.0005875962430390526,0.0008154749289774922,0.002562913267360012,0.004080512927032507
0.0009535956646519409,0.0011051713020768389,0.00033191840340791157,0.005128787803515424
0.001740038933747987,0.0019452179367973363,3.4788906745531815e-05,0.005055637605633324
0.0012775886996108197,0.0018247377848306038,2.4150652477608724e-05,0.004709128173724554
0.0008553768298762984,0.00036106115229360744,0.0010018766283923348,0.004820640390833327
0.0011672693163825986,0.0007029599000225482,0.002485211662646966,0.0044137050892324396
0.0005956333251837224,0.0008434324001246097,0.0026348106569961307,0.004095062152883
0.0009557403907304207,0.0011043172499001159,0.000332289927051,0.0051319189896135275
0.0017580071276683924,0.0019720366226180616,3.083594963023487e-05,0.005025078479838905
0.0013018658756053364,0.0018548933591753794,2.3972406633481383e-05,0.004696112330600604
0.0008569438653073469,0.00035992708165560124,0.0009859094732998321,0.004830108819328295
0.0011676425384510075,0.0007203747132181411,0.002518322294172608,0.0043795345976718435
0.0006041016589133589,0.0008733877904704924,0.0027087502081256905,0.004107100544169365
0.0009568289480689219,0.0011024175222645446,0.000333256204763103,0.005136059771906985
0.0017756149282542272,0.0019986450785544722,2.707064265147267e-05,0.004996473706873054
0.001327107953461028,0.0018856279976066988,2.528606975362289e-05,0.004685868030180002
0.0008591548319505706,0.0003585658126797284,0.0009696752657606296,0.004841126033554003
0.0011675849989461176,0.0007374474472827776,0.0025537096143611873,0.004345393622656457
0.0006090945230500769,0.0008974153844809028,0.0027682963395589504,0.004089508866343753
0.0009538793186085658,0.0010978804178148921,0.00033749974172636626,0.00514151922317328
0.0017857147667352995,0.0020220414159053237,2.3664580703538037e-05,0.0049742039446103795
0.0013443849707248242,0.001914567616238201,2.8862109339272092e-05,0.004681509857937541
0.0008620643478827967,0.0003575719447889103,0.0009565300745495587,0.00485576489552608
0.0011672099892313127,0.0007515492036251957,0.0025898995021067547,0.004313118089157993
0.0006155704149972251,0.0009182862909836659,0.0028358440253618816,0.004074619142022488
0.0009543641123269578,0.0010910861424017128,0.00034514798082393235,0.005144018733765748
0.0017965166577104173,0.0020407060533146676,2.1315952274617232e-05,0.0049542390435198995
0.0013604952821386473,0.0019409687072594166,3.341618915148613e-05,0.00468081730004512
0.0008638041528723856,0.00035761887039066024,0.0009390041284690138,0.004872125620669276
0.0011653198722090686,0.0007637782815187496,0.002612581286567688,0.004286489813479425
0.0006206400790156702,0.0009380198701688417,0.002888154709014012,0.004062105620354272
0.0009502948424387874,0.0010830371670219128,0.00035398662855481213,0.0051512209288086756
0.0017987910405234022,0.00205146219563792,1.9671447048899193e-05,0.004942722280841293
0.0013698301934852856,0.0019608188926438035,3.795411452223392e-05,0.004682410241884876
0.0008673749349898157,0.0003568228961441329,0.0009287941902688487,0.004889576276923256
0.001165416721471856,0.0007706575294198888,0.0026359279353540582,0.004272388324480498
0.0006262863158029504,0.0009522955451513352,0.0029426380545432996,0.004052897178566886
0.0009419900995816496,0.0010721218534594653,0.0003685591944277531,0.005156027357532394
0.0017894068540056417,0.00205052306313447,1.9145590568556874e-05,0.004942634469655543
0.0013656655726740751,0.0019714242039383816,4.2353319253860936e-05,0.004688152425585494
0.0008700523286609349,0.00035706928868634106,0.0009181579361504262,0.004908708116590784
0.0011651345915459806,0.0007697600874226595,0.00263924530204204,0.004274147695398406
0.0006292523534766751,0.0009558061062415464,0.002970820358897375,0.004046554040220726
0.0009447864651014019,0.001064455878745939,0.0003788357434544509,0.005158057680590699
0.0017887490134164167,0.002043682055534258,2.002356191403957e-05,0.004943393524600638
0.001366183064400925,0.0019747886906838607,4.375643786471567e-05,0.004689020223510708
0.000870584836457453,0.00035824017056242975,0.0009039555180824967,0.004922227668750059
0.0011633427077598138,0.0007668035008429351,0.002618401811830428,0.0042829465986300285
0.0006284571424193008,0.0009589933055679894,0.002963889644359839,0.004041940591538169
0.0009440570311745793,0.0010607999792759761,0.00038381832361181027,0.005160006528776591
0.0017868631010541484,0.00203288203107846,2.1616345873629194e-05,0.004943746206477268
0.0013699477519414358,0.0019714634537876113,4.1588578704285775e-05,0.004682940641091506
0.0008733225226942648,0.000357043264397102,0.0009011112993511385,0.004927463939380439
0.0011639164192563597,0.0007609062568014448,0.002603824685021963,0.0042974170194986705
0.0006273877365480003,0.0009588509360442666,0.002953018005342002,0.004039104915747793
0.0009414559596088917,0.0010599132710534204,0.0003862907886216505,0.005158086476550606
0.0017821809668470258,0.002022412721621858,2.2948381251398718e-05,0.004949666925857329
0.0013687631314979135,0.0019652261468458346,3.959962946456292e-05,0.0046781533171887085
0.0008744872306837327,0.00035646184848055933,0.0008973779355072345,0.0049278590430157435
0.0011627237616253635,0.0007524658712024739,0.002581650067882356,0.004308998853735471
0.0006249319522799087,0.000952657142809441,0.002928572617387248,0.004036806489672454
0.0009453927533076527,0.0010624564556254617,0.00038351851508364935,0.005155632429418561
0.0017828595936731936,0.0020159957693851845,2.3924048547492137e-05,0.004953891622990703
0.0013681950557002398,0.001959118900248209,3.769012772797661e-05,0.004672983713521167
0.0008742630455148751,0.00035663853333067904,0.0008963900567508363,0.004923790684691877
0.0011621427448616807,0.0007471893139518354,0.0025651116006866763,0.004316929007658936
0.0006227998400998609,0.0009489289808016855,0.002908345555103552,0.004034553247135586
0.0009461581778424623,0.0010649744429919539,0.0003817552334099304,0.005150871768845471
0.001782424242439731,0.0020111150676083004,2.4856820391751387e-05,0.0049535222254361464
0.001368711048543311,0.0019539796719833793,3.5680021694406156e-05,0.0046663288429718225
0.000875148613474713,0.00035585896765620394,0.0009001081946763147,0.004918198033042891
0.001162596291391112,0.0007427578146962748,0.0025578195850555303,0.004321876341128425
0.0006216084191515052,0.0009455118729687981,0.0028952325632220733,0.004032037062518775
0.000946295503897144,0.0010674420699971986,0.0003796725000192467,0.00514748893029104
0.0017813383487771176,0.002008592693101469,2.5115315965245215e-05,0.00495592694692072
0.0013677150946915329,0.0019506835100484591,3.488110361873632e-05,0.004661930723641794
0.000875592293977546,0.000355359806531746,0.000900812088148789,0.00491351437608085
0.0011624319795459307,0.0007384180915062213,0.0025507452812472387,0.004323858944432695
0.0006207641250377625,0.0009412047124590608,0.002884815989725601,0.004028820341194113
0.0009485216566436954,0.0010694612395983887,0.00037774175319475354,0.005144708351623319
0.0017817298152777038,0.0020076889988749464,2.5182505738524874e-05,0.004956265025460048
0.0013667294770702396,0.0019488271274207883,3.458961471331095e-05,0.004658012994430189
0.0008758706397324108,0.00035517560850919144,0.000902386666403881,0.0049096913830635105
0.0011627204065039279,0.0007360325715270744,0.0025482503851621385,0.004324186057454686
0.0006205191874964232,0.0009392022928735803,0.0028813502043466043,0.004025176991156234
0.0009489547640755837,0.0010702680594327082,0.0003777417916514274,0.005141431066169541
0.0017813943588950382,0.0020066156686428635,2.532252637571425e-05,0.004954915431196449
0.001366627069870528,0.0019478811270580803,3.4383434913041655e-05,0.004653664140470048
0.0008767046283911983,0.0003546752193728398,0.0009039051878042253,0.004907118543164511
0.0011629977557281693,0.0007336996518274521,0.0025469249235354516,0.0043240764832751305
0.0006204304205464068,0.0009376478039462113,0.002879454928163149,0.004021223774808338
0.000949380291991384,0.0010707737671613472,0.00037770131100627415,0.005139509318987197
0.0017809134452140656,0.0020056709652708947,2.528380217941424e-05,0.004955311658888416
0.0013662363637971606,0.0019473585757587468,3.452332858042373e-05,0.004650133784524145
0.000877420226589503,0.00035434932469321503,0.0009037201986946867,0.004905530255996652
0.0011629348505396231,0.0007312076603954844,0.0025443071341492794,0.0043239794573290986
0.0006203403104026888,0.0009359999331351571,0.0028780061708955267,0.004017116340240968
0.0009504221296271514,0.0010709369774543774,0.00037805756057874803,0.005137337507028816
0.0017808003307134045,0.002004395947529932,2.53485480701269e-05,0.004954952554974638
0.001365916309404866,0.0019467482155018357,3.4633298080575555e-05,0.004646502994696063
0.0008780706894128484,0.0003541761846234151,0.0009038911685820008,0.0049042624756028734
0.0011629399119332448,0.0007291473375562551,0.0025418946343556672,0.004324306917849659
0.0006202063792451951,0.0009350190769173785,0.0028769380704097994,0.004013074133621736
0.0009509778090003787,0.0010709271893768453,0.00037873297738360526,0.0051349276143231315
0.0017805762403905032,0.0020026098319737284,2.5512092046136767e-05,0.00495452951961131
0.0013660714383898042,0.0019459407237602804,3.4597179559686395e-05,0.004642517904085232
0.0008788252880235146,0.00035390755710680647,0.0009038885657783736,0.004903042389101881
0.001162832188973806,0.0007267883439098528,0.002538547366896918,0.0043251314735433186
0.0006199187240366785,0.0009338651451130017,0.0028744509498371917,0.004009143127866239
0.0009510321843852749,0.0010709479945564876,0.0003792910717927831,0.005133078058140724
0.0017793205377893322,0.002000344836836273,2.5666996687856523e-05,0.004955564932920403
0.0013650094565997243,0.0019445802712418836,3.462795648723516e-05,0.004638954275330312
0.0008795714419486967,0.0003536710062657162,0.0009041964004705713,0.004901898466867831
0.0011628294313418763,0.0007239184457261914,0.0025348639655987425,0.0043268578413352705
0.0006196801710174291,0.0009318990411442621,0.002871941295774414,0.004005489533044073
0.0009514710108668948,0.0010708824504766436,0.0003801082854458697,0.005130575146731117
0.0017779377377191415,0.0019975027790497552,2.5961345789116187e-05,0.00495677929603486
0.0013632801410048245,0.0019426342057230132,3.459386782530169e-05,0.004635473590909532
0.00088008060949095,0.00035360299478843425,0.0009044477892794262,0.004900557280849227
0.0011403615369599798,0.0006902259016037225,0.0024387441336670987,0.004360433892554545
0.0006221686050282688,0.0009125796884585641,0.0028118183106489733,0.004014229294762684
0.0008599985290113299,0.0009958776156072753,0.0004492680642160842,0.005060247582542619
0.0016451679914231017,0.0018268240708365058,4.546185497622384e-05,0.0049564434898182914
0.0013243559778838624,0.0018255556966622984,2.3286354135226268e-05,0.0046385790159429695
0.0008785036565571317,0.0003426984591706749,0.0008373554398369618,0.004852489710672603
0.0010945310556779893,0.000606794736729118,0.0022412963904237023,0.004382053327187185
0.0005767710096232945,0.0008213752881767797,0.002520598816735346,0.004022078648859758
0.000879770076736423,0.0010609211056248672,0.0003744902535100623,0.005116280807238724
0.0015774333267326494,0.001854935449172776,3.698497004280443e-05,0.005070415281150575
0.0011773177531145694,0.0018128425500420799,4.121314098267378e-05,0.004687795488113268
0.0008442826713675232,0.0003632449184917465,0.0008996303539182205,0.0048265713583661145
0.0010998248475480867,0.0005925712135682637,0.002294230985186156,0.004432524257706585
0.000577802028539191,0.0007628843825868521,0.0025892529451528867,0.003988604228692192
0.0009028333794264399,0.001049407771731239,0.00043190083899130176,0.004984754034051639
0.0015793177467600757,0.0018164271272056826,5.875043945847585e-05,0.004986946374814575
0.0011499104237151685,0.0017741867417857796,4.2017344493863836e-05,0.00468260314134879
0.0008323938978815343,0.0003735774313006968,0.0009271672484299481,0.00480372010645399
0.0011029323476778841,0.00060457878565644,0.0022088608498828,0.004458043320043767
0.000566699061471443,0.000763871932868178,0.002380288307564064,0.003992211353392065
0.0009049960078758427,0.0010624095490871725,0.00037722248146213874,0.005028656584310056
0.001601366613038132,0.0017886905563819036,5.6118830113369936e-05,0.005042323017842314
0.0011928269735266542,0.0017241908958121179,3.318003362346715e-05,0.004670837796076764
0.000851047704188999,0.0003572292891580865,0.0009321039263387979,0.0047648103408442916
0.0011191942515998005,0.0005873118247989109,0.0021797893179987234,0.004479573354048491
0.0005723515706150512,0.0007446923058025674,0.0023014027475829857,0.003976983376644441
0.0008763526103732312,0.0010636734088480331,0.0003684161553346257,0.00501982752403868
0.0015469412507358303,0.0017683895453896022,5.6952738338727e-05,0.005061965999895545
0.0011299726192877948,0.0016935881467571817,4.219283703780154e-05,0.0046791431271168225
0.0008520718519190777,0.0003578237901791931,0.0009737849240588992,0.004747874393568113
0.001129164209456657,0.0005743721898622174,0.0021997913968300215,0.00449774267706325
0.0005742086798121623,0.0007071816774487517,0.0022799327249919386,0.0039600080280085
0.0008958540100241597,0.001075964619478786,0.00036482222174917046,0.004992914373837433
0.0015454284677794729,0.0017767496604495219,5.808421417283848e-05,0.005072229797613688
0.0010959765895028268,0.001695554831694945,4.604949699129346e-05,0.004694248709933621
0.000833573708639037,0.00037098261486334086,0.0009647390798502246,0.004730650683519658
0.0011213026180565489,0.0005762253409014754,0.002153951853794441,0.004495718026789302
0.0005652935756943821,0.0006995892912513845,0.0022121493468950835,0.003963149428474581
0.0009052031953334312,0.001090721935914018,0.00035125777209823816,0.004986943007725531
0.0015569040985214102,0.0017804071143582296,6.0306011147866526e-05,0.00505826681332932
0.0010997760610679216,0.0016801649007536148,4.506725150135812e-05,0.004664674062050203
0.0008385134907161019,0.0003683447274178763,0.0009889492574279993,0.00471103524656682
0.0011345204985139233,0.0005805680440652956,0.00216458789103667,0.004505460052092301
0.0005679332548399354,0.000700910785493048,0.0021855113086465465,0.00395508022951252
0.000887127882922681,0.0010932047124310126,0.00034397048231974597,0.00498049181944901
0.0015424581327431193,0.001775352833258031,5.88577032588008e-05,0.005062374867713964
0.0010919203063903648,0.0016662175668690207,4.497707280517008e-05,0.004663096431696769
0.0008456281386608335,0.00036499132684165666,0.000995943596510151,0.004695863230810679
0.0011443398810217613,0.0005780620295017239,0.0021632795871353275,0.004500058444670165
0.000574970867018868,0.0006908597502548467,0.002160959826980129,0.003954662350898697
0.0008947374447785413,0.001098495336216086,0.0003298995205326623,0.004986442526756427
0.001541121398416642,0.001782837363139532,5.426494335763937e-05,0.005076684249850472
0.0010776714268133539,0.0016683645410723496,4.482842774688831e-05,0.004678625394293028
0.00084260200364691,0.00036958919020588915,0.0009948191962783257,0.004685374327373325
0.0011491091756886255,0.0005840725884672676,0.002165660184651898,0.004491967605356118
0.0005769355539844332,0.0006894445507047691,0.00215992107075769,0.003951748329472857
0.0008985445748046021,0.0011041084508720065,0.0003277761159004962,0.004972994138543699
0.0015467493085499502,0.0017942643159378658,5.413382238047671e-05,0.0050556073639401854
0.0010767909686661228,0.001673964295487857,4.380311400016928e-05,0.004665431423034024
0.000841796576793372,0.00037166992938426425,0.0010031771608094583,0.004676589693256919
0.0011541307101658419,0.0005935978338577105,0.0021774680534676983,0.004483769746599947
0.0005766084638878314,0.0006974076441227953,0.0021589967458883266,0.0039514980377698804
0.0008941825043459594,0.0011116608994826368,0.0003203963991449434,0.004972408721511638
0.0015517234447548073,0.00180839209532652,5.112912766858648e-05,0.005048573745006623
0.0010849722205486185,0.001683219273499606,4.06810255025795e-05,0.004659561958320338
0.0008435164502596111,0.00037070859944737816,0.0009998157531828109,0.004668298351601147
0.00115907483708118,0.0005998808246817169,0.0021858574091849887,0.004469281595212494
0.0005803804459238272,0.0007034441084965993,0.0021652439084569428,0.003953509328367534
0.000893467994140881,0.0011155168683871313,0.00031304064994909975,0.0049757678502317815
0.0015545352635362643,0.001822341179677283,4.704226131633298e-05,0.005043035100028491
0.0010867463280249433,0.0016943006190083658,3.855599835649075e-05,0.004662132505924172
0.0008452299602506623,0.00037127192234230003,0.0009988438654619327,0.004664518073391406
0.0011661034357478158,0.0006096676844042948,0.002205183834501539,0.004454991072323864
0.0005858355784355529,0.0007110372096666076,0.002189047693727678,0.003953559126208544
0.0008945700302905789,0.0011168111470256775,0.00031068700563465016,0.00497230704979125
0.001562293688880385,0.0018377898859731755,4.410574577489621e-05,0.005027928507953831
0.0010942483349238939,0.0017095321559187665,3.594368028536889e-05,0.00466039731763805
0.0008455748419362144,0.0003721654376211519,0.0009941474726343088,0.004662412928821248
0.0011705881572046278,0.0006214589655476489,0.002220964257122845,0.004437330747423646
0.000589218633709741,0.000723751695517541,0.0022112512695458084,0.003957355929112
0.0008945888997669003,0.001120491910194649,0.00030609567961235136,0.0049745097460119755
0.001572957143588092,0.0018574821596043195,4.064493487620571e-05,0.005013714101958194
0.0011081185062581462,0.0017292595339954242,3.2795913380525246e-05,0.004656371198295111
0.0008464429000309172,0.0003717673551464937,0.0009879699508330258,0.004661058539624795
0.0011748552674162686,0.0006332540770500994,0.0022416601590175686,0.004418000740961855
0.0005934489812572597,0.0007386972347404173,0.0022437725735439244,0.003961521198190574
0.0008923704243098004,0.0011230680186975204,0.0003034082843184209,0.004975748580924538
0.0015804722705955777,0.0018770642624897278,3.706283987162076e-05,0.004994272460266843
0.001118866844640092,0.0017478783385871833,3.0308639415855843e-05,0.004644934784001925
0.0008479037787571673,0.0003710477028716039,0.000980717737023306,0.004662007184856225
0.0011780301350324356,0.00064447672396378,0.0022629585167074887,0.004392780152138652
0.0005991570732372561,0.0007538636729086802,0.0022827376988302206,0.0039675073101774466
0.0008933751500065885,0.0011247810641531791,0.00030068922707326485,0.004978732184019658
0.0015901375814164822,0.0018973764406886792,3.3244394487488725e-05,0.0049741837234820955
0.0011302353865191462,0.0017676479094063749,2.8307782696202256e-05,0.0046329736204458235
0.0008486368370895419,0.0003707846333311721,0.0009693201462516791,0.004664843687771291
0.0011803806764168522,0.0006567249461756192,0.002283046689597817,0.00436612266773473
0.0006053973119115335,0.0007712849049592159,0.0023262887205639255,0.003975781077964654
0.0008951596389252253,0.0011258082806479704,0.0002989039759672728,0.004981505486619459
0.0016017932185158632,0.001918572019914731,2.9866833997216426e-05,0.004950388551795218
0.001144717322246441,0.001789262698682616,2.6790211106087546e-05,0.0046198662664626204
0.000849716173877362,0.00037016391484776825,0.0009589068329792373,0.004669074063604798
0.0011827681364081704,0.0006701190309693686,0.002307156934104097,0.0043391514726664245
0.0006122110050716625,0.0007916734757285567,0.0023766142979526486,0.003985316039420669
0.0008956174445741224,0.0011262866978955918,0.0002980707473545782,0.00498401929094733
0.0016139828469161684,0.001940728265108761,2.6654379334159525e-05,0.00492610223357151
0.001161635945805019,0.0018126848290459438,2.5949616865183173e-05,0.004607140685748033
0.0008509810766197343,0.0003691088296741428,0.0009468312264709761,0.004674530611831919
0.0011843999933092081,0.0006834429031148916,0.00233201173906885,0.0043110036514106935
0.0006198680567784571,0.0008135733855334636,0.0024314365805963713,0.0039975976400327805
0.0008970656234305688,0.0011264029796858525,0.00029716995745579706,0.004987724433623592
0.0016272264851394955,0.0019639736504940535,2.344291993949189e-05,0.004902698152239858
0.0011794357767234381,0.001837456971767339,2.6196998433827265e-05,0.004596247160748543
0.0008521950175008278,0.00036816749354027037,0.0009338046532300397,0.004681383545533775
0.0011856561046916729,0.0006974048248030071,0.002359128945140729,0.004282047136682754
0.0006281279835334007,0.0008366747732183197,0.0024916434175817357,0.004008917319536886
0.0008987984089710937,0.0011253235678574923,0.0002976706878629892,0.0049904566089117725
0.0016411530590919874,0.001987310214691228,2.0592289492066927e-05,0.004877982288350715
0.0011984071365084485,0.0018631241481845535,2.7523632615013553e-05,0.004586783282357633
0.0008536345971971777,0.0003672462572366647,0.0009209751111223595,0.0046896776564527305
0.00118611053170559,0.0007117375653692623,0.0023874746245107067,0.0042509718846179285
0.000632692831666035,0.0008556014615259757,0.0025390316837399125,0.003993466466161907
0.0008966393691718432,0.0011220012035652565,0.0003005308922746574,0.004994795015006258
0.0016494033264921324,0.0020082586905804415,1.7985807468353396e-05,0.004857899872780476
0.0012124826422631886,0.0018876385167122267,3.049924479850974e-05,0.004581277965405352
0.0008560816094501626,0.00036615170907922773,0.0009106226823815003,0.004700869275447105
0.0011866900926713923,0.0007238230993232247,0.002418131622533569,0.004222063338381403
0.0006386158967830187,0.000872276638140932,0.00259367073719787,0.003980027928701309
0.0008968048252015231,0.0011166763777337707,0.000305891101878183,0.004997359609918457
0.001657834430020365,0.0020257409895593657,1.6013827047684848e-05,0.0048405736164312835
0.001225129259849846,0.0019103730760498842,3.449333118671634e-05,0.004579343222521334
0.0008575262133718011,0.0003659237137468293,0.0008962876845957555,0.004713704891962647
0.001186042288018146,0.0007345536851859654,0.002438754251659491,0.004197298815378893
0.0006435811419578714,0.0008878825048694942,0.0026379166289575273,0.003968421120041578
0.0008979451807348628,0.0011112554711216196,0.00031090713183212884,0.005001569962108523
0.0016663577911969988,0.0020395950984013925,1.4644344696898116e-05,0.004824981334470543
0.0012386788957305802,0.0019302661507311022,3.820961893748495e-05,0.00457759937088229
0.000859598643822677,0.0003652497217715078,0.000884798370188769,0.004726230740018255
0.0011857309109932007,0.0007434802527919713,0.002458164319237195,0.004177970151021162
0.0006484158223272436,0.0009031039476218591,0.0026808794353848204,0.003958992598892189
0.0008910416734100249,0.0011034726055011797,0.00031977911188789333,0.00500676450101794
0.0016622097091149202,0.0020456228838377924,1.362771179008781e-05,0.004819114547429693
0.0012405779410225636,0.0019439823410854578,4.2339051025922564e-05,0.004579882569306191
0.0008626973645065875,0.00036443455141253126,0.000878550047983581,0.004740515146392446
0.0011865140937908733,0.0007464625142056015,0.0024753139789451205,0.004170577745199452
0.0006529043304049558,0.0009100587975378223,0.0027205756652564986,0.003952031284025808
0.0008890859741622946,0.0010953953966874334,0.00032994112163859193,0.0050093115033114765
0.0016577126575936265,0.002044553468832627,1.3415763117243168e-05,0.004819919357925824
0.0012372633941761014,0.0019513095608841564,4.59766143972232e-05,0.004584036699912525
0.0008634540775816188,0.00036550626225769086,0.0008667958682297805,0.0047543689459623025
0.0011856131965229735,0.0007459756370152198,0.0024690813304440624,0.004172046179453724
0.0006543005624483461,0.000912794131113108,0.0027317078597541315,0.003946849721165392
0.0008915884835099262,0.00109029248405574,0.00033613306174727474,0.005011033291898136
0.0016582515573178157,0.0020388672104104956,1.417673945216628e-05,0.004818272712475646
0.0012395320645796012,0.0019529234732328909,4.6090778011298677e-05,0.004582036106666459
0.0008646976154849882,0.00036578184422253045,0.000859795496134091,0.004762542855578682
0.001185443924594903,0.0007442240933858062,0.0024568898432145198,0.004178737096499011
0.0006542951083878104,0.0009163623411812405,0.002728939136316714,0.0039432999908226825
0.0008888520310883887,0.001087435812410356,0.00034027898141458714,0.005011012772313696
0.001654999820179562,0.0020303031547465426,1.5170771263984314e-05,0.00481952861491374
0.0012409989262476499,0.0019500818076325017,4.4422240673101046e-05,0.004577482621460394
0.0008668176290388233,0.00036481107983796083,0.000857110004013908,0.004765790083112646
0.001185951830562159,0.0007390849088822251,0.0024441597783508183,0.004189905164336171
0.0006534267188219271,0.0009146695902927695,0.002716982911280316,0.003940953099468482
0.0008892723509414576,0.0010877149984956666,0.0003403822969251889,0.005010014335902475
0.001653258952068126,0.0020234834377954166,1.5867585562572425e-05,0.004824594617877964
0.0012399191857567359,0.0019456439760416695,4.307629624657063e-05,0.004574004970040344
0.0008671872544236003,0.00036482899555556776,0.0008533652393440502,0.004765210045099541
0.0011857942946877473,0.0007339989805339667,0.002427791967613595,0.004199606186644431
0.000651786274035321,0.0009109892341158363,0.00269869347555844,0.003938943517908135
0.0008916623545241536,0.0010896820280621657,0.00033875924220101624,0.005007116939772976
0.0016538139891424202,0.002018712498665804,1.6608056890625505e-05,0.004825390508876119
0.0012400677760347112,0.0019413022775907208,4.1252451960941204e-05,0.004568892355409165
0.0008676010758362597,0.0003647267958584206,0.0008542455530380205,0.0047615459555309225
0.0011863847637498045,0.0007307525396639679,0.00241791258273561,0.004205787486458394
0.0006506870058046727,0.0009091496577549546,0.0026850517446334217,0.003936994708884109
0.0008912594469022507,0.0010916916835332108,0.00033750598019183583,0.005003581024289046
0.0016528623461553287,0.002015246638670174,1.711465190966208e-05,0.004825860822272105
0.0012401312776814367,0.0019377997360482742,3.978040207903734e-05,0.004563857369524009
0.0008685219274778269,0.0003640903998141928,0.0008557971235130678,0.004757328010015034
0.0011872591413611393,0.0007273349019282589,0.0024115682704128304,0.004210208531030598
0.0006500624051810569,0.0009062373370332865,0.0026738727051059553,0.003934714187764465
0.0008921215107358854,0.0010938329807571854,0.0003354862238625727,0.00500131883265705
0.00165246766826336,0.0020137253554093973,1.7221065382586386e-05,0.004827546158866844
0.0012391177758309913,0.0019354858301023211,3.9232359996159984e-05,0.004560355333854489
0.0008689826444568879,0.0003638701638204793,0.0008561040710615799,0.00475353679845906
0.0011878932361794683,0.0007247412810311039,0.0024065804161765023,0.0042119064668725975
0.000649836539287199,0.0009036969880882878,0.0026666869375518497,0.003931956947294846
0.0008933068142847941,0.001095302116743997,0.0003344408468829589,0.004998564104391929
0.0016525382586594474,0.002012990471855694,1.733428351260037e-05,0.004826710435199441
0.0012385245439767358,0.0019342386984521058,3.8878149905661346e-05,0.004556642136352766
0.0008696175924771928,0.00036365924940204845,0.0008574644265395768,0.004750389963704286
0.001188705787310742,0.0007232074993832764,0.0024046039313741887,0.004211891193839781
0.000649980503571174,0.0009026089625373831,0.0026635399131290276,0.003928889277371657
0.000893335642228711,0.0010961281837151768,0.0003341935649452773,0.0049962227633604875
0.0016520374886736745,0.002012401558976578,1.7374820763052405e-05,0.0048259974323151935
0.0012382496283801219,0.0019337076566996669,3.875337197362337e-05,0.0045530864568577665
0.0008704801523795183,0.00036328820393580013,0.0008579662154546054,0.004748203585300641
0.0011893322974364413,0.0007214947314989068,0.002402702436442608,0.004211481898630174
0.0006502329195881555,0.0009014663689185966,0.0026613320129042187,0.003925601599009898
0.0008938049882728734,0.001096678677433548,0.0003339728996000138,0.004994587146862924
0.001651643397579542,0.002011928509846143,1.7335137346642915e-05,0.004825917314788089
0.0012376471485354814,0.0019334230319899698,3.8891914919645176e-05,0.004550080048938374
0.0008712010108589016,0.0003631040260389256,0.0008577853558213364,0.0047466713533148895
0.001189854604449646,0.0007199986553548557,0.0024006000837559745,0.004211059379909854
0.0006505413475843811,0.0009005835573383818,0.0026600988968898272,0.003922259606402296
0.0008943847959542803,0.0010968883450692157,0.00033421747502468673,0.004992617298416063
0.0016514144254170624,0.002011155500230349,1.7379087414506346e-05,0.00482511974073963
0.0012373095934750077,0.001933150280989247,3.8961438254711894e-05,0.004546882577775513
0.0008719372889417548,0.00036295099851066934,0.0008577508283916812,0.004745424181867943
0.0011903809268032353,0.0007187039349818229,0.0023984474027654054,0.0042109247194678495
0.0006507969277920973,0.0009001036244338782,0.0026587103416603596,0.003918978712687345
0.000894681535070782,0.0010970440108556212,0.00033448238013304753,0.0049907890571328955
0.0016510988822789096,0.002010127898458467,1.744077118089446e-05,0.004824628027015021
0.001237194640491462,0.0019327777400080736,3.896959279822491e-05,0.004543586588245068
0.0008727049205808456,0.00036274173953837116,0.0008574611149027985,0.004744254767205405
0.001190807729975231,0.0007171790532089062,0.0023956594817692873,0.00421110821922874
0.0006509766070774295,0.0008994584696859656,0.002656620442251463,0.003915793959687215
0.0008951199634039363,0.00109728616841229,0.0003345819563093071,0.004989006198676592
0.001650798472430792,0.002009007407997269,1.7503131872242647e-05,0.004824424623932496
0.0012369140373941125,0.001932227686756564,3.896901483434641e-05,0.0045403568798713136
0.000873391482269293,0.0003625820996658217,0.0008571788963689208,0.004742975400704753
0.0011679782410371528,0.0006865155114199078,0.002306887121160098,0.004240904555729016
0.0006540106860538057,0.0008837819203297627,0.002604201510304961,0.003923635137457516
0.0008124398661978607,0.0010218792769401107,0.000397358372372184,0.004922666459321557
0.0015325994101214504,0.0018465970528234756,3.27836816471241e-05,0.004821688813179666
0.001207906339122341,0.0018222079427086,2.5260537685235534e-05,0.004544623737492018
0.0008685648296371525,0.0003514096161877845,0.0007919563683390332,0.0046985441233442105
0.0011184403335827793,0.0006082339612630406,0.002119866815959788,0.004249810400584477
0.0006075233435461937,0.0008022106581905824,0.002335267740662804,0.003929297577859707
0.0008306312893534591,0.0010864358629237099,0.00032756108492030004,0.004977460888399068
0.0014724794743624621,0.0018785335222272661,2.4728774887848993e-05,0.0049280191694714036
0.0010733915199420336,0.0018156849671548004,4.2397934442758124e-05,0.004587110222240105
0.0008372441413140736,0.0003720273526862431,0.0008502572060547703,0.00467443845023687
0.0011210995923984484,0.0005957310561941629,0.0021788329106465225,0.004293411545286047
0.0006075539672752929,0.0007540968164395943,0.0024285619930491924,0.003916243761451978
0.000851256671398723,0.0010787714319057107,0.0003812841269796622,0.004852205398997637
0.0014771894935055997,0.001847934711584332,4.184793409526259e-05,0.004846799267538517
0.0010507641096168525,0.0017842028545488832,4.087651469359233e-05,0.004582281175408264
0.0008267465007149927,0.0003827657107233728,0.0008706617142277875,0.004654652224704703
0.0011238683702723374,0.0006098286991788156,0.002096979612294476,0.004311468337765833
0.0005993096635062276,0.0007591778985699005,0.0022379661902003686,0.003922221230462632
0.0008571625081894061,0.0010889623657671249,0.0003306490524932192,0.004896142074069931
0.0015050537231479984,0.0018222434057145777,3.917828218826221e-05,0.004893520975032155
0.0011011230568390485,0.0017416543254069369,3.0187590066983987e-05,0.004576089366880105
0.0008454922788694682,0.00036637641243296204,0.0008750317478882911,0.004621554269427859
0.0011399359631489997,0.0005970107742085047,0.0020782176039754563,0.004329677466250445
0.0006052086979806715,0.0007472524595939364,0.002177846399754494,0.003906310586767296
0.0008274174367215555,0.0010877732781876448,0.0003249767646623645,0.004888123140774145
0.001455388050461171,0.0018035358493281258,3.9397058840826325e-05,0.004907481120415635
0.0010508372385440886,0.0017196306373203876,3.719017825281332e-05,0.004591260975099027
0.000848112156381259,0.0003663951823205642,0.0009130091816036173,0.0046072133623985875
0.0011480363352993203,0.0005859805766875708,0.0021032837409468196,0.00434266296669421
0.000605012733315922,0.0007152804459699009,0.0021688836036648203,0.003890510168117935
0.0008441068957182968,0.001100271106295582,0.0003220050016799627,0.004866244450463499
0.0014548034606493853,0.0018148454608038175,3.930227925376927e-05,0.004918065919120681
0.0010209608232012708,0.001725095761310245,4.0525362208668694e-05,0.004602065907357593
0.0008311833890184973,0.0003790385910018275,0.0008997556501876104,0.004594005011567108
0.001139435735833755,0.0005878934318633976,0.0020613809659440745,0.004337274676436648
0.0005966121631600235,0.0007095454738777873,0.002115797295095122,0.0038936529715615695
0.0008540519967679419,0.0011139637409343412,0.000311729138842194,0.0048607529865279196
0.0014671339612089985,0.0018209924629479445,4.1072347714880525e-05,0.004902087553110757
0.0010290030665874592,0.0017201486626075159,3.8436732366783344e-05,0.004587130658546389
0.0008354714561331814,0.00037761441598824626,0.0009216507361596902,0.004578500320264888
0.0011520647957722618,0.0005949938678364382,0.002075961982380951,0.004344801709093324
0.0005992726251990392,0.0007152790500592173,0.0021008038607735918,0.0038840143807237068
0.0008356296141503414,0.0011145281364810466,0.0003080054983958643,0.004853888375305844
0.0014561235981319354,0.0018160042992647852,4.0360315082556556e-05,0.00490112325170266
0.0010285350134275034,0.0017083317684639839,3.7267444581382546e-05,0.004580996275047501
0.0008440752765637742,0.00037309577100027295,0.000926140098741786,0.004566234655143154
0.0011613094922218387,0.0005926691580720179,0.0020747906770283426,0.004338685300470145
0.0006061921225836408,0.00070834946450977,0.002079870485072569,0.003884966884923933
0.0008412449306606473,0.0011189429316956192,0.0002945416618188864,0.004864168100829842
0.0014545509183734378,0.0018233271289592968,3.604472330595111e-05,0.0049180323211901415
0.0010166171031044753,0.0017105007320486318,3.759060499585249e-05,0.0045929528177169575
0.0008427350689537479,0.00037664165888731915,0.0009223218466119186,0.004558109827779337
0.0011659316325052175,0.0005970823204228217,0.0020780755094709797,0.004330155264479826
0.0006089261511494226,0.0007065620081896583,0.0020858651896709926,0.0038820711258795637
0.000845067697357971,0.0011235788532770582,0.00029450324466615636,0.004851618529298152
0.001458618015308431,0.001835034245862118,3.605369070808309e-05,0.004898502592684263
0.001014130030794769,0.0017185079097099916,3.708367703628202e-05,0.004582910970947365
0.0008417117209279546,0.0003793303385730807,0.000929228049176339,0.004551854771503825
0.001170563069127221,0.0006064628183403009,0.0020896974255978184,0.004322319168842376
0.0006091473088955719,0.0007149223817600012,0.002089157150927669,0.003881822324761579
0.0008416898102408874,0.0011303099109852383,0.00028935216209513884,0.004850457155518949
0.0014648248098907011,0.0018487416016560742,3.4103740765184655e-05,0.0048903400109995224
0.0010235730362486712,0.001727255543912296,3.444824050979147e-05,0.004572238676774214
0.0008436396136456024,0.00037806918931360594,0.0009244480073132594,0.004545471279910793
0.0011749279941630896,0.0006119274487189077,0.0020952964115218938,0.004309273183673963
0.0006132516251635263,0.0007218188415180307,0.002094434459958142,0.003885325975119875
0.0008403376519285906,0.0011337552280605752,0.0002827110625965193,0.00485548801940307
0.0014670224637871668,0.0018615523650588916,3.092293879043407e-05,0.004886702331820585
0.001024563417444977,0.0017346712995028192,3.334087868265126e-05,0.004566479362315767
0.0008463385457372973,0.00037767875052315426,0.0009226886424291894,0.004542855740652342
0.0011816802889775787,0.0006193287572164276,0.0021127173025688693,0.0042967537875687675
0.000619568493119163,0.0007279924014833483,0.002118093424463686,0.0038865108918162473
0.0008418032585506299,0.0011345433398508658,0.00028113328310856055,0.0048531743341045114
0.0014727920213611844,0.0018756479996934919,2.8649831087034495e-05,0.004875251718024451
0.0010276005077977889,0.0017458697597160999,3.231040033358021e-05,0.004558858984274777
0.000846738363506509,0.00037853610398012926,0.0009169380736015897,0.004542239807156584
0.001185581656791273,0.0006287568270479123,0.0021249916587278593,0.004281367606229365
0.0006238647680868838,0.0007383753809435279,0.0021388319224672596,0.0038916754893235602
0.0008437788226734613,0.0011377218219299507,0.0002776246672364892,0.004855041241155119
0.001481490968799996,0.0018919251662711622,2.623492824450928e-05,0.004858663076720964
0.0010374518718829027,0.0017608469548172614,3.06812272923774e-05,0.004547726369531159
0.0008473237247419698,0.0003782970441750821,0.0009103301444826268,0.0045420431786700605
0.0011890921706133619,0.0006385099130524652,0.0021410401037320124,0.004265171660013042
0.000628484947838261,0.000751651329333259,0.0021670252695045575,0.0038972270106082856
0.000842523966479827,0.0011400970257862018,0.0002755706426982212,0.00485624409362429
0.001487825712624384,0.0019088498530607735,2.3785848019524743e-05,0.0048411655166482204
0.0010467495890103074,0.0017767972999777242,2.9705581311954852e-05,0.004536964179183419
0.0008487940481521853,0.00037761111110640053,0.0009041712118907998,0.004543323478936034
0.00119308899348749,0.0006484423612409942,0.0021610733249214087,0.004247812595234393
0.0006346849978372517,0.0007652106045042919,0.0022016633564040182,0.0039039303478679045
0.0008434433873685466,0.0011412583843996512,0.00027371922830728195,0.004858376276625439
0.0014958526134361532,0.0019262331749995117,2.1168576941534706e-05,0.004824765169108698
0.0010566726244365062,0.0017936760135681292,2.9380527372632316e-05,0.004528024967144815
0.0008498304909794193,0.00037743330991053494,0.0008945633409943206,0.004545987009004337
0.001196454791661173,0.0006593756528389918,0.00217984493718133,0.004228641966463582
0.0006415385254141858,0.0007805578077679297,0.0022398615339896642,0.0039127282105079
0.0008455696451200065,0.0011418192316115896,0.00027243114027418155,0.004860459256446133
0.001505867709403195,0.001944402527010261,1.8847284924155766e-05,0.004805387496008072
0.0010691589615040911,0.0018121219244093365,2.9418656930571673e-05,0.004518349799106917
0.000851027457641768,0.00037715610580181524,0.0008857200900564775,0.004549579851655343
0.0011990697742499067,0.000671164323153001,0.00220091665684115,0.004206476727376501
0.0006487392058713996,0.0007986265274060931,0.002284053513933003,0.003922499658308934
0.0008464793223843833,0.0011420265723977902,0.0002720689048493425,0.004861990608910623
0.00151634638620807,0.0019635679771757295,1.669321579886993e-05,0.004785056708524774
0.0010837947224320926,0.0018322361547846167,3.0002783001450087e-05,0.004508733994640085
0.000852333925911173,0.0003764872977907995,0.0008758990828968998,0.0045541171190209544
0.0012007380334250063,0.0006827470389702245,0.002222679502210022,0.004182419634172591
0.0006535778081704135,0.0008142045423602679,0.002321621205039166,0.003916757597743735
0.000845559192987668,0.0011410863978531655,0.000272589022018538,0.004865465988406524
0.001523531145647394,0.001982347205988295,1.453222087498923e-05,0.004768214316210294
0.001094982062256171,0.001852276926897392,3.1988906408835574e-05,0.004502074461866382
0.0008541701682509532,0.0003757603856746333,0.000867498057329762,0.004560850185325342
0.0012025784885951593,0.000693353754746619,0.002247834140643824,0.004158949018068876
0.0006583960800725116,0.0008270157286763579,0.0023624583962981427,0.003904366294009301
0.0008452938264415419,0.0011379152291238607,0.0002756906894254127,0.0048674656082151125
0.0015296426109613827,0.001998701772833952,1.280623552824246e-05,0.004752726193816927
0.0011040822394433388,0.0018712451806539472,3.4988016565896215e-05,0.0044982993498845995
0.0008556412044775094,0.00037553333458172035,0.0008575084205006481,0.004569501243100345
0.0012033083027251246,0.0007028925156401279,0.0022673511119988875,0.0041357438015900225
0.0006630981214637246,0.000839128030560975,0.0023995955097089734,0.003893316459113785
0.0008462889316283093,0.001134069943671758,0.00027904498422787725,0.004870334888439508
0.0015365819760650614,0.00201253057226743,1.152327937824065e-05,0.004738315148841136
0.001114412737879191,0.0018887043249929169,3.801409759244524e-05,0.00449519887539227
0.0008572521712680225,0.0003750556369011782,0.0008476857386412353,0.004578595483124227
0.0012038901013095293,0.0007113184387539395,0.0022841096522510174,0.004116085281470282
0.0006675987182998295,0.0008512884062834529,0.002434185211984702,0.0038839775374037043
0.0008460655804158026,0.001129863133688467,0.00028304821135106777,0.004872864827153665
0.0015420507447457255,0.002023674185207014,1.057914180889087e-05,0.004725723919780398
0.0011242874060128085,0.001904183619099998,4.0934987607965567e-05,0.00449273289841561
0.0008590557201716515,0.00037424946501161553,0.0008389618864789467,0.004587538127229573
0.0012042739344383226,0.000717848273694158,0.002298640606455454,0.004100502581474538
0.0006716269765772439,0.0008617666902301839,0.0024649471962489835,0.0038760643571566908
0.000845967638242415,0.0011258360537285128,0.00028697499350327846,0.004875456178645655
0.0015462270146641213,0.002032440342680847,9.810774325539422e-06,0.00471657200044648
0.0011321763394850865,0.0019173225184500185,4.395702412854918e-05,0.004491604733543782
0.000860495509035439,0.0003736723514769717,0.000830429269423688,0.004596125033884413
0.001204247409386464,0.0007226385929680189,0.0023094306030991088,0.004088689160120082
0.0006749816174232839,0.0008701753681520765,0.002491067325191926,0.0038692732660340796
0.0008428211103132379,0.0011207095783763138,0.000292577800929449,0.00487893790817011
0.001543414154514786,0.002036294838127461,9.25063232427254e-06,0.004713320465154088
0.0011322411730074163,0.001926133718960374,4.71038119929586e-05,0.004492913516134944
0.000862375379458508,0.00037335197200830204,0.0008262589990381904,0.004605382795619773
0.0012050086831809023,0.0007243199412498532,0.002319416189787039,0.004084124375756588
0.0006780609486798939,0.0008743332468266147,0.00251641879359863,0.0038640595343284435
0.0008419699702748576,0.0011152220143819688,0.0002995429282179764,0.004879339081582602
0.00154070874608804,0.00203504550861081,9.246905061408454e-06,0.004712642427076279
0.0011303478753041443,0.001930570619924418,4.940618046927148e-05,0.004494294882627408
0.0008631013790168053,0.00037398657039079415,0.0008190153876147864,0.004613845032978819
0.0012047897627772875,0.0007239211917515749,0.002314246287169738,0.004085220439855488
0.0006790834740551793,0.0008761793920665009,0.0025217037593800416,0.003859931230338051
0.00084367361871164,0.00111201584000472,0.00030314965011079566,0.004880255488001396
0.0015411605079382216,0.002031004905493889,9.670894414454767e-06,0.0047118248813505965
0.001131995108543661,0.0019313474321559644,4.9403627110884144e-05,0.004492103821291588
0.0008641617086693401,0.00037407161905340176,0.0008142628160280599,0.004618532940223355
0.0012049929992920254,0.0007225240876686602,0.0023053577697245177,0.0040896844850303775
0.0006792691080984777,0.0008782991913332532,0.0025188075648712536,0.0038568734929952638
0.0008422649870684428,0.0011102864503288851,0.0003056352223441476,0.004879596378496478
0.001539181901135499,0.0020253326134293237,1.0225932820042972e-05,0.004712438399913603
0.0011326740277162863,0.001929429450961283,4.8261831976120996e-05,0.004488486201112468
0.0008656562430934075,0.0003735177804299571,0.0008126285834639899,0.00462005684758493
0.0012056021065852108,0.0007192147581198116,0.002296528415155413,0.004096677456369843
0.000678871508645244,0.0008773605183883293,0.0025105869234324763,0.003854617535628943
0.0008427089471339154,0.0011106327265928907,0.0003056959794495177,0.0048782449617776535
0.0015383317503661724,0.002020770087885364,1.0634950827134472e-05,0.004715200237646327
0.0011321965243176653,0.0019265705067859323,4.7274234759569906e-05,0.004485258553403616
0.0008661193469420503,0.0003735145368505195,0.0008101155393323782,0.004619163769006118
0.001205805561437633,0.0007158633213646892,0.0022851157810481765,0.0041027802683017735
0.0006779918080519645,0.0008751905165819114,0.0024980179107959325,0.0038526009964793134
0.0008442363385034041,0.0011121075399527808,0.0003045902034281863,0.004875973686848416
0.0015387315512372258,0.0020175234708128776,1.1051280934830637e-05,0.004715495455247928
0.0011323594584039419,0.0019237481333457978,4.597187958867032e-05,0.004481084269870099
0.0008667117743334467,0.00037337017288882753,0.0008105965058971512,0.004616365108160379
0.0012065790666993823,0.0007135626282445423,0.002278024235062148,0.00410670491516901
0.0006775624376468271,0.0008740425813769787,0.0024886807542472407,0.0038506639728649607
0.0008439975255665741,0.001113527547086111,0.0003037953915148921,0.0048732119990454945
0.0015380817549629576,0.0020150818442701947,1.1342112535703632e-05,0.004715575293020425
0.0011323293769985295,0.0019213974305409668,4.4922870399331035e-05,0.004477025185858736
0.0008676179934455124,0.00037288167783647134,0.0008114974961637684,0.004613233248626529
0.0012075609907917404,0.0007111390536037971,0.002273086752874457,0.004109514288455228
0.0006774412656297327,0.0008721452431556022,0.0024806969170098904,0.0038485382661758508
0.0008446449846078023,0.0011150547802075699,0.00030244605223149257,0.004871318470254222
0.0015378801566247097,0.002013911531392389,1.1415045818866547e-05,0.004716398382555469
0.0011317289172812915,0.0019197863967901204,4.450420750221867e-05,0.00447385407114827
0.0008682386263530851,0.00037265506996044803,0.0008115961381491158,0.004610312754809181
0.0012084534107466894,0.0007092950441552629,0.0022691505133858466,0.004110723842582193
0.0006775649500608707,0.0008704971237256156,0.0024752806152104744,0.003846107105220159
0.0008454218743651156,0.0011161814340675045,0.0003017183945911173,0.0048690736354412515
0.0015378759121812472,0.0020133421358624766,1.148843409497408e-05,0.0047155989733651885
0.0011313018162017214,0.001918923478347346,4.42312662888088e-05,0.004470577544647832
0.0008689698551874563,0.0003724564509639849,0.0008124446609635297,0.004607766904281456
0.0012094687874068884,0.0007081694466773859,0.0022673142447613495,0.004110769491439474
0.0006779286320367589,0.0008697690257915017,0.002472547952697227,0.003843450369318776
0.000845497835613572,0.001116905104560379,0.00030148295972020673,0.004867066282081528
0.0015375274384162672,0.0020129466726261144,1.1514719181494724e-05,0.004714881699296269
0.0011310573273772906,0.001918559732048498,4.414223015940643e-05,0.004467439234745485
0.0008698184240328101,0.00037218846328511467,0.0008126908911510589,0.004605817119925148
0.0012104192768229683,0.0007070359954766895,0.0022656486885977737,0.00411067963820322
0.0006783628204297332,0.0008690471833947016,0.0024704173338349566,0.0038406197252408396
0.0008458878881295889,0.0011174462545126755,0.0003012457673452577,0.004865531270065242
0.0015372881830523135,0.0020126633809835455,1.1493452188225237e-05,0.004714522383230594
0.0011306429222938737,0.0019183802821188531,4.4246493898736656e-05,0.004464646475865168
0.000870590671600374,0.000372060017818945,0.0008125145095244689,0.004604268129864108
0.0012113119683387064,0.0007061115014000535,0.00226395367220581,0.0041104574016116845
0.0006788479566410542,0.0008685645099233886,0.0024690705623322353,0.0038377264204275167
0.0008462958124861409,0.0011177545728884575,0.0003013327005532334,0.004863770041044848
0.0015371096642650157,0.0020122243209578393,1.1514889854340502e-05,0.00471368977667434
0.0011303631752979484,0.0019182592469341845,4.4315108783019666e-05,0.004461761832488781
0.0008713783783702468,0.00037196725807399204,0.0008124226704800751,0.004602917293255522
0.0011878885288770713,0.0006775716548610695,0.002179849030778894,0.0041352795445743695
0.0006822565234123353,0.0008553604528876953,0.002421905467580941,0.003844723128620273
0.0007704662140416235,0.0010424956878415802,0.00036011971260312007,0.0048017805553483275
0.001428322366880809,0.001855245807184059,2.4143950825236145e-05,0.004709886468473271
0.0011071136694491381,0.001813507810502712,2.910513865462485e-05,0.0044681099205924665
0.00086454879564613,0.00036103173744144693,0.0007503928806512736,0.004562287469531607
0.0011364602261604263,0.0006031957506262455,0.0020011865249770795,0.00413541583644281
0.0006361897859095124,0.0007811516428825594,0.0021719441338280583,0.003849262006851723
0.0007876969482765328,0.0011057430371582196,0.0002946360983768099,0.004853843687269144
0.001373666000193598,0.0018872811354243072,1.723814103702861e-05,0.004807523043277239
0.0009830886092928898,0.0018105959917626795,4.6077260556875676e-05,0.004504882872110313
0.0008350791017235265,0.0003816477902068453,0.0008045374539477924,0.004539051264432846
0.0011366246235438545,0.0005915609027009071,0.0020592338760642946,0.004174657562699656
0.000635152097076598,0.000740826443601682,0.0022738139187874775,0.003851397819455095
0.0008052670492448553,0.0011018492306820065,0.0003443952321666152,0.004735530922164513
0.001378998153229617,0.0018620509589366285,3.1171591301530136e-05,0.004730147109805448
0.0009633316931199656,0.0017835245785893018,4.333523186487078e-05,0.004500954957160484
0.0008259832359768208,0.0003922207121141513,0.0008214946988955839,0.0045206689372233365
0.0011398044601999564,0.0006063659000856116,0.0019816616325593313,0.004188737036920366
0.0006294211038106759,0.000747442153355194,0.0020973876482550907,0.003858193527867963
0.0008137098210906275,0.0011099292845326051,0.00029725331000261037,0.0047774023734182885
0.0014098094409803277,0.0018373105980222537,2.866232809021424e-05,0.004770623512009189
0.0010152571902494417,0.0017432932200410103,3.142794808530762e-05,0.004493788758470905
0.0008446492662313442,0.0003759121583609425,0.0008250380798389824,0.004491672750487601
0.0011556787446262583,0.0005959356357744933,0.001967587034667707,0.004204971243843711
0.0006356506809204777,0.0007393445539667481,0.0020467767265038013,0.003842664818186222
0.0007848431369170858,0.0011075607837069967,0.0002926831010387949,0.004770679606575829
0.0013643042779920612,0.0018200172920998547,2.8663195606534533e-05,0.004782199676339527
0.0009716688930379555,0.0017242328086812537,3.746056973553352e-05,0.004507101534976348
0.0008481425433703595,0.00037547827417407694,0.0008595780956436321,0.004478860020641793
0.0011623468098006264,0.0005857298278538709,0.001993927069063187,0.0042149262060644
0.0006342957449230747,0.0007109393329534482,0.0020438885049800693,0.0038282263626443886
0.0007997386391314691,0.0011203152140242304,0.00028976581464678665,0.0047522393304832
0.0013638943302147707,0.0018328463956527323,2.798425950151258e-05,0.004793281214686552
0.0009440606231172684,0.0017314309954419855,4.1049492084699194e-05,0.004515996586093114
0.0008321714688522197,0.0003879601497519824,0.0008450190626633578,0.004467864071628287
0.001153464546690998,0.0005879331777431016,0.0019558726405310162,0.00420797893545816
0.0006263446112759441,0.0007063181491351694,0.002000896030620641,0.003831325562102626
0.000809952650566177,0.001133364298810316,0.0002818102909498547,0.004746125096338776
0.0013765053385570122,0.0018404736038301255,2.9490235343258855e-05,0.004775797871107027
0.0009522941556228686,0.0017300974874876495,3.841488141492445e-05,0.004502895820421682
0.0008358990289459167,0.0003872432578193819,0.0008646334716222986,0.004454949260496512
0.0011650566208538688,0.0005960273509905352,0.0019708314027098066,0.004213735818039676
0.0006288459080958912,0.000714041863519732,0.001990902190936899,0.003821839889540434
0.0007926851447775327,0.0011333049816557633,0.0002793125830969296,0.004740289971891848
0.0013681547016479265,0.0018360791659696527,2.900809455538491e-05,0.0047732656474231555
0.0009567223343259712,0.0017214283725935464,3.6662436078626824e-05,0.004499216106177104
0.0008448255747474662,0.00038232803864786554,0.0008677437123764217,0.0044445712869163375
0.0011739785833328744,0.0005942135501645232,0.0019704138825764068,0.0042077032023330975
0.000635975015506829,0.0007093206394295708,0.0019735904867629462,0.0038234906598087295
0.000796890565503514,0.0011366043846239343,0.00026717750252945935,0.004751340386741816
0.0013666077724812896,0.0018426073630254715,2.5279866070245874e-05,0.004789310813384713
0.0009462299632388859,0.001721461898064179,3.740753038405187e-05,0.0045041064008470525
0.0008448338297967485,0.00038488334453895936,0.0008632188899244453,0.0044380331570240805
0.0011783921326700756,0.0005973717999767152,0.0019744225887478395,0.004199210520181009
0.0006391008055310851,0.0007072189300566942,0.001982679885330712,0.003821345559862245
0.000800873869728395,0.0011408763319740115,0.000267569996888617,0.004740841070560259
0.0013696713593460647,0.0018545506805328885,2.5077747310026233e-05,0.004772907929009514
0.0009423389632790517,0.0017303579408992269,3.7394143403133804e-05,0.004495922310804453
0.0008434640642198777,0.0003879558522841276,0.0008681664353839922,0.004433331084810659
0.0011822541651393126,0.0006060703452101581,0.0019849725213677036,0.004191355328670025
0.0006395783883046373,0.0007150625462402227,0.00198874607850055,0.0038214733932429813
0.0007986879409958639,0.0011470250449706217,0.00026400004828762365,0.004739028041389148
0.0013763676428298472,0.0018679110212038812,2.3729958236112118e-05,0.004763646459740069
0.0009519977278803427,0.0017395501264840434,3.5154307189314434e-05,0.004485292841039934
0.0008451996282518136,0.00038685195439465045,0.0008636285170744017,0.004428431492119718
0.0011863309805096969,0.0006114350292978588,0.0019900308618912483,0.004179784534004711
0.0006438204132823407,0.000722562373577295,0.0019944227247287384,0.0038255376086205163
0.0007968781242599984,0.0011498911914401067,0.0002583946788959758,0.004744054883030804
0.001378584287086179,0.0018795641584005908,2.126516951343573e-05,0.004760126541315385
0.0009547134410772518,0.001746500349921764,3.451120675785249e-05,0.004479661986468384
0.0008484182151151097,0.0003859015621753678,0.0008618328351827887,0.0044264249400018125
0.0011928631270287278,0.0006176952238942698,0.0020062264428207357,0.004168563187170199
0.0006504781557824889,0.0007283480544114544,0.002017096333581979,0.003827541143350357
0.0007979477950147656,0.0011502039674584534,0.0002571367245463366,0.0047427966391611195
0.0013830370410053028,0.0018923453967370503,1.9367870395804916e-05,0.004750988294107592
0.0009570818300146481,0.0017566577598176732,3.4371280546430664e-05,0.004473691397026389
0.0008491669341368016,0.0003866070356629105,0.0008563432531100333,0.004426360240481819
0.0011967176341463606,0.0006258866553954059,0.0020177233153007923,0.004154670860343898
0.0006553925219016654,0.0007373881224942562,0.0020378269221180013,0.003833171492961405
0.0008004638342007189,0.0011527554203214574,0.00025454939046238196,0.004744125802043529
0.0013911285732328097,0.00190761152978598,1.7523510737470123e-05,0.00473653602051362
0.000965604417509641,0.001770629637317528,3.362515986304235e-05,0.004464234475378329
0.0008496104634898071,0.0003866460003016082,0.0008502598778515471,0.004426667836324167
0.0011999736781704298,0.0006348482940847146,0.002032175255837499,0.004140110521548629
0.0006602442025927317,0.0007497419484468482,0.0020643845630711577,0.0038392996908599895
0.000799614546738864,0.0011548167096099265,0.00025314249365703315,0.004744959883774899
0.0013971773557961795,0.00192330757913498,1.5711656213962674e-05,0.004720444462988016
0.0009746947820745604,0.0017854881911169265,3.331496792601473e-05,0.004454688561031175
0.0008510705052949081,0.0003859529606242137,0.0008448177162939897,0.004428030382157904
0.0012037288384492506,0.000643757739874825,0.0020503917027248127,0.0041246157843573775
0.0006666190396067395,0.0007623816449757562,0.0020963742498368884,0.0038466608686020406
0.0008003138571003803,0.0011556781887929269,0.00025168494594556294,0.004747066652171469
0.0014042046701328236,0.001939211335280749,1.3698167952703784e-05,0.0047063098051944455
0.0009838562905830903,0.0018007201669413987,3.3821697781684254e-05,0.00444723501049185
0.0008522934796003674,0.0003856509408137641,0.0008363480508469211,0.004430632588032732
0.0012070424999229606,0.0006533336532585517,0.002067759559262657,0.004107521819020937
0.0006735270280148656,0.0007757141063495178,0.002131108774617714,0.0038542777209687367
0.000802338819552724,0.0011557196549948753,0.00025091416464954186,0.004748964743462359
0.0014126294686954372,0.0019556155993538304,1.1931757814695425e-05,0.0046898150463743045
0.000994327783841345,0.0018171427719863608,3.479675915030888e-05,0.004439712669363369
0.0008535077171207139,0.0003854611475181775,0.0008287296091602989,0.00443419986147283
0.001210324237457663,0.0006641073411764317,0.002088371266273025,0.004090156478182288
0.0006771650950776181,0.0007872123777742393,0.0021600303031329817,0.003842805269350217
0.000800960883872957,0.0011544756535704888,0.00025211871028054685,0.004751012484265566
0.0014174898478320867,0.0019713649909274887,1.0392409259283423e-05,0.004674890673300303
0.001002654533428995,0.0018339237657892268,3.665665037370977e-05,0.004433533851238699
0.0008553252712272335,0.0003849609067954689,0.0008224732757614361,0.00443955609227434
0.0012136410600950382,0.0006736682657709371,0.002111303376506933,0.0040742410765741525
0.0006813654732435634,0.00079752374652348,0.002192985750874906,0.003832030062971688
0.0008009061441706288,0.001152251078324238,0.0002542945049108372,0.004753035475937398
0.0014224833465316404,0.0019856912733294666,9.046132727467291e-06,0.00466266476745172
0.0010100272318459495,0.0018500149546800888,3.9329993885835125e-05,0.004429747028781096
0.0008565452611516059,0.0003850201706394412,0.0008131283434046907,0.004446075727835061
0.001215990513161612,0.0006824565806373894,0.0021282831063127497,0.0040590601997552225
0.0006853134408353413,0.0008071876879216448,0.0022216923842288813,0.0038220588368227198
0.0008018627974538498,0.0011494932512272004,0.0002566808151723042,0.004755559050233541
0.0014278378736135237,0.0019979213395698854,8.064338922196036e-06,0.004650496515613169
0.00101787451100223,0.0018646894602971842,4.1923674796094346e-05,0.004426377349578199
0.000858143631890523,0.00038490579773699186,0.0008055708669765951,0.004452755767491234
0.0012180484474113098,0.0006904421869776589,0.0021440928236751136,0.004044460149722744
0.0006893837713793862,0.0008173205631907902,0.002250496966977139,0.0038135259724695605
0.0008015544231443732,0.0011462595817968513,0.000259932821531553,0.004757053622468184
0.0014322033907885332,0.002007880681615511,7.3626340955630255e-06,0.004639442733755328
0.0010258571735197771,0.0018778224300639924,4.4344828903928034e-05,0.004423433259216468
0.0008598213349328963,0.00038446092357990135,0.000797988600294324,0.004459280583701991
0.0012193787156554875,0.0006966183920694637,0.002156024066102648,0.004031645411167982
0.0006929305960373607,0.0008259609921055184,0.0022740321042205303,0.003806090616672994
0.0008015782314056951,0.0011433927573824487,0.00026248973905582666,0.004759579813304817
0.0014356424389694812,0.002016213294268581,6.738650478840406e-06,0.0046316386534607365
0.00103220018278216,0.0018891701525491705,4.6912439479645994e-05,0.004421663110754199
0.0008612497757453822,0.000384082568260914,0.0007909693754270945,0.004465543194166231
0.001220107059069686,0.0007011427948033439,0.0021654890534508454,0.004020452628105864
0.0006961590748239412,0.0008329926869783088,0.002295975404648291,0.003799795630905614
0.0008018979756927476,0.0011404411190742848,0.0002656540545709933,0.004760680797495422
0.0014383505364248632,0.0020225021007211712,6.33705133990201e-06,0.004624420103107556
0.001037170892245678,0.0018985962591811416,4.924638132240424e-05,0.0044203043000906935
0.0008624276506958695,0.0003838316643249846,0.0007851107077269078,0.004471356044780858
0.0012206372427453595,0.0007046752683976105,0.0021724113510709765,0.00401176183807486
0.0006988684388396848,0.0008389226238902259,0.0023136515446847542,0.0037944307663223494
0.0008024128562989652,0.001137742406064741,0.00026850184140062076,0.004761608422772358
0.0014408741168757723,0.0020268529629426588,6.074149847444159e-06,0.004618588608399656
0.0010419380611274554,0.001906077649337215,5.111497032112654e-05,0.004418824099402617
0.0008635547103966898,0.00038343735611050424,0.0007797702965361545,0.004476443399017851
0.0012210161281008649,0.0007070104135954224,0.0021766564772420817,0.0040056163986293015
0.0007010787369249024,0.00084372641624575,0.0023270595410671093,0.0037897746664692722
0.0008008530996945909,0.0011346351455339759,0.0002718406206933453,0.004763222921170774
0.0014392927977366,0.0020282989946352873,5.877778216506515e-06,0.004616591485186647
0.0010423632787310226,0.0019108062309239216,5.28786963157366e-05,0.004418465419438772
0.0008649961378143267,0.0003830329096283752,0.0007771329670046528,0.004481436459971442
0.0012217974667484202,0.0007072952110692382,0.0021806559921922685,0.004003739113501345
0.0007029792830851177,0.0008457563967474437,0.002339661026193262,0.003786007669804634
0.0008005249135652212,0.0011315666654295243,0.00027572594372457954,0.004763034854022157
0.0014375129400132983,0.0020270357293324004,5.9024428565424925e-06,0.004616468111116383
0.0010409988853714671,0.0019129490023287404,5.423224178772967e-05,0.004418280449189257
0.0008656660135509591,0.0003833147028873389,0.0007730062689661399,0.004485768798039746
0.0012220090638263837,0.0007064772059723763,0.0021764269824049174,0.004004936471994822
0.0007036930871188504,0.0008463121235927339,0.0023414588252025983,0.0037828249346807475
0.0008020058839681905,0.0011299036112938372,0.0002777546004980238,0.004762654958854322
0.0014379971605448976,0.002024330417601078,6.147024102275875e-06,0.0046156649168218435
0.0010418578352593985,0.001913124409519604,5.414186208793521e-05,0.0044159591156527666
0.000866430816306206,0.000383388277032449,0.0007701778208001988,0.004487833426406508
0.001222399974509481,0.0007054007098475137,0.002169813607450814,0.004007607100957251
0.0007039089371453532,0.0008474303531736362,0.0023381477964336153,0.003780178367622142
0.0008014597262432808,0.0011291082047988781,0.00027905416702592606,0.004761586204909024
0.0014371036362937845,0.0020207277752481876,6.449635601350934e-06,0.00461555407166237
0.0010425120007352467,0.0019118257906599173,5.3281490731206776e-05,0.0044126895333341885
0.0008676263403553618,0.0003829644927867124,0.0007693577595393115,0.004488039137790612
0.0012231354151331295,0.0007032466670257606,0.0021638577246570617,0.00401165728558792
0.0007038917573876811,0.0008469800203987629,0.0023324399663932046,0.003777979186386309
0.0008016798887387133,0.0011294393648750205,0.00027905607161994014,0.004760210790434266
0.001436567568439089,0.0020177191113670673,6.659447010129254e-06,0.004616994652972898
0.0010422873381021516,0.0019099458187231523,5.2616481481193984e-05,0.0044097647417534296
0.0008682697695945252,0.00038286452601504935,0.0007678769895605349,0.004486949825081266
0.0012236542273891243,0.0007009715148034031,0.002156387520084821,0.00401526629062884
0.0007036067526589924,0.0008455982364221174,0.002324351449806874,0.003775905351119797
0.0008028211310509267,0.0011304778603690017,0.00027836307153500357,0.004758294703910082
0.0014369378897188135,0.0020155952620271693,6.871478688969888e-06,0.004616960291394888
0.0010423808651553361,0.0019081831293576554,5.179621001235465e-05,0.0044063469579003756
0.0008689063730370862,0.00038276873662400893,0.0007679597980708906,0.004484791136092117
0.0012243782002378356,0.0006993570027236937,0.00215105679668901,0.004017207849294894
0.0007035601573032627,0.0008449193473122737,0.002318018150788607,0.0037738627350708447
0.0008028297356562743,0.0011314753885021077,0.0002779093239346183,0.004756051307210373
0.0014366702141370633,0.0020139537427095364,7.037537276438856e-06,0.00461655032233539
0.0010424947476975156,0.0019067256082927896,5.106476355174908e-05,0.004402859916397093
0.0008698002976257444,0.0003824025266514203,0.0007685252816329562,0.004482420365991565
0.001225223933438603,0.0006976308291111225,0.002147158474784633,0.004018283906297901
0.0007037455842003196,0.000843869109465607,0.0023126593687339053,0.003771753144856472
0.0008031937467492516,0.0011324981684721566,0.0002771412278786067,0.004754373682266193
0.001436514077454841,0.0020130114775910256,7.087687415080992e-06,0.004616788194061525
0.001042206523643603,0.0019056324058949194,5.0767230720619676e-05,0.004399940612056463
0.0008705522420243712,0.0003821597563039669,0.0007685185810082394,0.004480194027646844
0.0012260600158556076,0.0006961578965352861,0.002143796786814425,0.004018602184154058
0.0007040903932560303,0.000842770686150886,0.0023086656007264587,0.0037695031215528273
0.0008038249519612672,0.0011333101077024613,0.0002766575890771816,0.004752525955808375
0.0014365562349393565,0.0020124937830234666,7.131535227507813e-06,0.004616122846734511
0.0010419348098652196,0.0019049887662455035,5.059746053194307e-05,0.004397046442415248
0.0008713136778155075,0.0003819809261274036,0.0007689137948324096,0.004478161576381724
0.0012269975097154871,0.0006951969349811035,0.0021417146702434648,0.004018284190497693
0.0007045753196211389,0.0008422449158918021,0.002306267321479742,0.0037671341905970825
0.0008040213630085375,0.0011338793508204263,0.00027649658441069523,0.004750740069850741
0.0014364063272956126,0.0020121202391624854,7.159764946780565e-06,0.004615323849037338
0.0010418252566293219,0.0019046828765198918,5.051967867200446e-05,0.004394170997725428
0.0008721521135424359,0.000381751289612306,0.0007690831698686676,0.004476449156642429
0.0012279236414486619,0.000694287410411461,0.002139926854602589,0.004017869908736928
0.0007051078028474595,0.0008417921252652065,0.00230431732277004,0.0037646708583082542
0.0008043214920883166,0.0011343477229995025,0.0002763240508308295,0.004749265795706574
0.001436266141678075,0.0020118485319431086,7.156924547828831e-06,0.004614821438738179
0.001041600755083265,0.001904509703198062,5.0586794804478485e-05,0.004391520508673412
0.0008729491882749096,0.000381606178903528,0.0007689459851944055,0.004474971991967084
0.0012287698961917783,0.0006934677404394838,0.002138052811673862,0.004017226779722377
0.0007056734897433577,0.0008414341116330641,0.002302838731191975,0.003762165867068534
0.000804698542840201,0.0011346903929475459,0.0002763158325553139,0.004747671318136875
0.0014361852144804841,0.002011536436314625,7.169587410675587e-06,0.0046140528182697215
0.0010414025746409005,0.0019043940156399436,5.06562549648299e-05,0.004388870635206214
0.0008737372210846769,0.00038151237972703365,0.000768844747659952,0.004473608014457135
0.0012295985395678053,0.0006927851303343692,0.0021361785900749697,0.004016500483602193
0.0007062403048434675,0.0008412731970136272,0.002301424937850317,0.003759672315385354
0.0008049724136957146,0.001134996068059579,0.0002763378176856933,0.004746111835382385
0.0014360919164122306,0.0020111663117154855,7.187232915958915e-06,0.004613307541018058
0.001041311537316634,0.001904290198773708,5.070044212108414e-05,0.004386180135829616
0.000874538815350535,0.00038140036259978445,0.0007686551034539705,0.004472292321289743
0.001230404523299612,0.0006920647173680496,0.0021341375516708053,0.004015846834731191
0.0007067983319659453,0.0008411063896373305,0.002299819417616509,0.003757224533883368
0.0008052497182518822,0.0011353261446023482,0.00027630136873988103,0.004744613541480165
0.0014359715773996614,0.002010787687143213,7.200953057147268e-06,0.004612682631295772
0.0010411541600281293,0.0019041546053314993,5.0751064961863216e-05,0.0043835271730385894
0.0008753231542614931,0.0003812985106245952,0.0007684485084226444,0.004470963907549055
0.0012312188205108835,0.000691327366831076,0.002132034644693963,0.004015253959366532
0.0007073647861792838,0.0008408907136047344,0.0022981547224069218,0.003754838412988877
0.0008055589988273525,0.0011356804269778051,0.000276249745405852,0.004743053031677366
0.0014358717016192159,0.0020104206838353566,7.218589390350784e-06,0.0046120032704270435
0.0010409752195913444,0.0019040014506491048,5.0788718963932174e-05,0.0043808649405158275
0.0008760923460389636,0.000381203510621722,0.0007682766079658927,0.004469583060001995
0.0012320613948269253,0.0006906158739417756,0.0021299089537688033,0.004014680708980609
0.0007079415711397735,0.0008406730201580584,0.0022963492071412257,0.003752504770016576
0.0008058476123496515,0.0011360727024989459,0.0002761481313841216,0.004741500052385378
0.0014357764963016512,0.0020100936519380596,7.23447458270687e-06,0.004611305594902422
0.0010408148684403937,0.0019038492577198912,5.0812932796469705e-05,0.004378181260902003
0.0008768719028523373,0.0003810935352377651,0.0007681445394684453,0.004468137659835831
0.0012329441501363898,0.0006899163544098215,0.0021278499195159367,0.004014097482099304
0.0007085441284249223,0.0008404438904584707,0.0022945176608318713,0.003750208882382361
0.0008061056839670681,0.0011364947321204151,0.000276009768969528,0.0047399553942003405
0.001435649472611127,0.002009831266865894,7.244132526606606e-06,0.004610618891197037
0.0010406100491065068,0.0019037135114706263,5.0848234664237706e-05,0.00437551762333205
0.0008776569404266629,0.00038098444799812304,0.0007680420518601137,0.004466639998115141
0.0012338659920648864,0.0006892446370452443,0.0021258942346226817,0.004013469118493282
0.0007091742793475039,0.0008401966438006747,0.002292735213130719,0.003747932557781858
0.0008063723713877531,0.0011369431212239864,0.0002758468548688533,0.004738404047412733
0.0014355278235310268,0.0020096541225904456,7.2480801998027e-06,0.004609901093222518
0.001040378745693551,0.0019036201038557636,5.089971603709701e-05,0.00437287400404619
0.0008784394961045532,0.0003808900562370794,0.0007679458437064489,0.004465101729797067
0.0012348232463953973,0.0006886349615726194,0.0021240378185250763,0.004012769354269501
0.0007098291163761156,0.0008399741060614023,0.0022910161702341487,0.0037456607202985943
0.0008066234292150171,0.0011374088770439643,0.00027567178527879057,0.004736856164505946
0.0014354032457183782,0.0020095608281508305,7.247143190470204e-06,0.00460913121301942
0.0010401422089930843,0.0019035818471780214,5.0963290496177426e-05,0.004370240802636499
0.0008792320149818828,0.0003808045382265217,0.0007678698411005877,0.004463537818682763
0.0012358214281737929,0.0006880921299254183,0.0021223245303998352,0.0040120028372319415
0.0007105139427998564,0.0008397927278063808,0.0022894164957833296,0.0037433885452427492
0.0008068438546431344,0.0011378807638703459,0.000275495916260101,0.0047353189830978155
0.0014352569634284345,0.0020095424442822005,7.2403849207959e-06,0.004608338859887729
0.0010398845324450679,0.0019035986807384758,5.1046262069731556e-05,0.0043676358171055845
0.0008800327658019261,0.0003807311328285533,0.0007677845197359401,0.0044619681721597285
0.0012368514440618248,0.0006876066843000317,0.002120715006231624,0.004011172064974642
0.0007112263214204302,0.0008396395736122995,0.002287918978690987,0.0037411152580440732
0.0008070604594471823,0.001138357394956198,0.0002753167109984253,0.0047337962808559775
0.0014351065078672721,0.0020095947219854414,7.228520292913285e-06,0.0046075204310346216
0.0010396079806338414,0.0019036698651549925,5.1148617106676766e-05,0.004365062626840549
0.0008808358616090394,0.0003806748692068092,0.0007676798659748746,0.0044604013677158145
0.00123791098694878,0.0006871853592534216,0.0021191889209510257,0.004010285308446032
0.0007119643382874217,0.0008395267411602944,0.0022865164381972156,0.0037388444625738155
0.0008072618255008022,0.0011388344444101437,0.00027514266548578207,0.0047322819764562315
0.0014349462991815577,0.0020097063633391986,7.2135519409002465e-06,0.00460666111357011
0.001039320545003742,0.0019037928615955589,5.126358881112693e-05,0.004362512615260415
0.0008816450954213295,0.0003806307126428494,0.0007675670490266787,0.004458842541320063
0.0012390013547468072,0.0006868223117540219,0.002117746082341823,0.004009358379281277
0.0007127277450278704,0.0008394547044669275,0.002285198561531215,0.003736582148458574
0.0008074417210996078,0.0011393121215234107,0.000274971256335316,0.004730782854186364
0.0014347691685109682,0.002009869622851927,7.195293125703247e-06,0.004605781537189974
0.0010390174625074101,0.0019039614648452216,5.139118582963313e-05,0.004359990553893651
0.0008824592177299036,0.00038059716628711606,0.0007674326225105214,0.004457295663101437
0.0012401181187297417,0.0006865055707150452,0.002116355407071802,0.004008399568430239
0.0007135148145536925,0.0008394107100216984,0.0022839377902149492,0.0037343331236050943
0.0008076115599282785,0.001139792790888457,0.00027479761431285223,0.004729299586402467
0.0014345803063977372,0.0020100807233514963,7.174182925094717e-06,0.004604882267448344
0.0010386957134257424,0.001904170040879652,5.1529963699884976e-05,0.004357497734599652
0.0008832761690585577,0.0003805753539956983,0.0007672782253801442,0.004455759285523628
0.0012412623838359948,0.0006862357725200936,0.0021150087865654116,0.004007415514093213
0.0007143251752140706,0.0008393961563459216,0.0022827251430068175,0.0037321013832408065
0.0008077668088189039,0.0011402764967582484,0.00027462350901594733,0.004727827284658795
0.0014343777166516676,0.0020103347896642727,7.151130982908199e-06,0.004603956842959219
0.001038358483745962,0.0019044153808189677,5.167624294670635e-05,0.004355029748327693
0.0008840976627758707,0.0003805630647541826,0.0007671088489741862,0.004454231633824596
0.0012424352229793683,0.0006860101734418702,0.002113702664356626,0.004006411509034686
0.000715158242985443,0.000839410139163041,0.0022815476499590008,0.0037298894755244177
0.0008079049621487893,0.001140765390754789,0.00027444528489713584,0.004726369955662111
0.0014341588074646505,0.002010630289579753,7.1259098272096025e-06,0.00460301398805352
0.0010380042159780947,0.0019046948262290602,5.182969269552402e-05,0.004352587831039724
0.0008849238418021259,0.00038055969616763617,0.0007669205051800624,0.004452711650272998
0.001243635830292615,0.0006858247710708951,0.0021124277988974786,0.004005389196451877
0.0007160134377573829,0.0008394481344801428,0.0022803966621596002,0.003727698657029306
0.0008080290017563773,0.0011412609014864288,0.0002742613126864612,0.004724927095683859
0.0014339240844275538,0.002010966959436422,7.098611290549078e-06,0.004602053524794459
0.0010376303238157029,0.001905006719483683,5.199007009179364e-05,0.004350172889593272
0.0008857543311496743,0.00038056609169196147,0.0007667142149239522,0.004451198136733808
0.0012448651181696073,0.0006856806854214225,0.0021111828671511175,0.004004349408412533
0.0007168906429184505,0.0008395109230087207,0.0022792701504286764,0.0037255296644325996
0.000808137582220461,0.001141763182280158,0.00027407211734181453,0.004723497431479493
0.0014336731311147823,0.0020113438027418123,7.069491138132953e-06,0.004601072975463252
0.0010372380878428042,0.0019053504941822612,5.215633435441964e-05,0.004347783763577947
0.0008865899434601904,0.00038058179948152477,0.0007664903251212102,0.004449690868134834
0.0012461236742123056,0.0006855778232695269,0.0021099660444349015,0.004003292875335964
0.0007177897540489082,0.0008395991218715839,0.0022781639120963136,0.003723382955867828
0.000808229297547401,0.0011422724688512243,0.0002738767340823606,0.004722083254931618
0.0014334044800782787,0.002011760130228137,7.038470359235855e-06,0.00460007502474326
0.0010368269259615778,0.0019057254440557718,5.2328453457550254e-05,0.004345421225010559
0.0008874312384442286,0.0003806065282910687,0.0007662472417839482,0.004448190545365765
0.001247411652974024,0.0006855151667069917,0.0021087749018772724,0.004002220351255851
0.0007187108487132938,0.0008397118028900586,0.0022770767846541063,0.0037212590618164133
0.0008083045293937309,0.0011427885035678934,0.0002736752350621202,0.0047206849994280205
0.001433117437881398,0.0020122152001386126,7.005599234983723e-06,0.004599060168961425
0.0010363954019900993,0.001906130974300165,5.25065315266022e-05,0.004343086285097863
0.0008882782031398931,0.00038064054385922286,0.0007659839505799453,0.00444669824088261
0.0012487292342967032,0.0006854927803426556,0.0021076070089224397,0.004001132740708481
0.0007196538375510874,0.0008398490690918655,0.0022760071393091085,0.003719158637572975
0.0008083631465237404,0.001143310927938853,0.00027346787600141486,0.004719303079847743
0.0014328117825830817,0.00201270794535278,6.971015235500984e-06,0.004598027947830409
0.0010359437642316596,0.0019065666494734706,5.2690198656211705e-05,0.004340778983911907
0.0008891310770945429,0.00038068367064404034,0.0007656995050448325,0.004445215129772554
0.0012500765574086751,0.000685510421321931,0.0021064596573384265,0.004000031409737785
0.0007206186293749246,0.0008400113158186903,0.002274952444673832,0.003717082502930065
0.0008084042658002905,0.0011438393476313799,0.0002732546515705651,0.004717938653620564
0.0014324864448997004,0.0020132369983827565,6.934799301642223e-06,0.0045969793649319225
0.0010354716674079458,0.0019070316670668636,5.287920331334289e-05,0.004338499740078527
0.0008899902072795592,0.0003807355907721239,0.00076539292566943,0.004443742473624434
0.0012514537187562592,0.0006855672472312763,0.0021053300857040466,0.003998918098500772
0.0007216051983398417,0.0008401981263156668,0.0022739105144237255,0.003715031631699596
0.0008084277680033719,0.0011443733919503968,0.00027303553334462425,0.004716592453619711
0.0014321407098418992,0.002013800940460063,6.89704053167231e-06,0.00459591548894597
0.0010349783696359716,0.001907525029178965,5.3073397097341e-05,0.004336249220213731
0.0008908556406551112,0.00038079623884704775,0.0007650629215982232,0.0044422813958856
0.0012528606850769057,0.0006856625990570587,0.0021042146049339598,0.003997794466979186
0.0007226133750621332,0.0008404091136442371,0.002272878117664657,0.0037130070224276218
0.0008084336933691319,0.0011449128355760037,0.0002728103801862394,0.004715265041568183
0.0014317742576099126,0.0020143983697301438,6.857869231369866e-06,0.004594836697407438
0.0010344637047921613,0.0019080457525965737,5.327240390267303e-05,0.0043340276177128104
0.0008917275006553282,0.0003808654577509655,0.0007647087219693662,0.004440832723806088
0.0012542975560521949,0.0006857959618819137,0.0021031100823485586,0.003996662273531057
0.0007236430053554243,0.000840644228621272,0.0022718521290480864,0.0037110096979344987
0.0008084214746549833,0.00114545748150077,0.0002725790717706775,0.004713956996227569
0.00143138632062121,0.0020150278505744216,6.8174038413539785e-06,0.004593743712062774
0.001033927384978855,0.0019085927854580777,5.347584585773612e-05,0.004331835109966516
0.0008926060157954892,0.00038094298891899915,0.0007643296663163786,0.004439397157581644
0.001255764430638583,0.0006859665577128928,0.0021020135152506635,0.003995523262793643
0.0007246939526462681,0.0008409030438079055,0.0022708293779195345,0.0037090406641690507
0.0008083908939782151,0.0011460072394179298,0.0002723413050393444,0.004712668937323376
0.0014309762994595616,0.0020156880939828786,6.7757353626022315e-06,0.004592637557429946
0.0010333689198524663,0.0019091650403222885,5.36834607281911e-05,0.004329672053082873
0.0008934912971924133,0.0003810286883004308,0.0007639248690598747,0.004437975259383992
0.001257261375169224,0.0006861736934437333,0.0021009216746847,0.0039943789632237315
0.0007257660708446175,0.0008411850828129207,0.0022698065993747235,0.0037071008699210116
0.0008083418551288248,0.0011465620432484537,0.00027209679828855385,0.004711401311101064
0.0014305437608923355,0.002016377908958552,6.732970262026683e-06,0.004591518786781039
0.001032787978203561,0.0019097614922038233,5.389493155227241e-05,0.004327538635085327
0.0008943834979002405,0.00038112239911303647,0.000763493804878805,0.004436567448783734
0.0012587885764573843,0.0006864168623701796,0.002099831927056012,0.0039932308253790025
0.000726859263150139,0.0008414900890362306,0.002268780919437572,0.0037051912228272523
0.0008082739724446245,0.0011471218034242218,0.0002718453310282434,0.004710154559816982
0.0014300881065134367,0.002017096158367991,6.689206939038439e-06,0.004590388023642401
0.0010321842521092293,0.0019103811770290393,5.4109961414420683e-05,0.0043254350196252145
0.0008952828239809531,0.00038122391246517816,0.0007630359516422917,0.004435174119926994
0.0012603462138567926,0.0006866954749007767,0.0020987417827954226,0.003992080193211576
0.0007279734514883687,0.0008418176780146093,0.0022677495604401282,0.0037033125775155357
0.0008081870008043459,0.0011476864616129766,0.00027158660894879806,0.004708929208930553
0.0014296087958767304,0.0020178418305024926,6.644524930915694e-06,0.00458924604470257
0.0010315573306256488,0.0019110231783173856,5.432833817691625e-05,0.004323361475450234
0.0008961894338881156,0.00038133307129124675,0.0007625506984860497,0.004433795646453903
0.0012619344577213506,0.0006870090034501833,0.0020976488240449158,0.003990928273328155
0.0007291085747855551,0.0008421674619457929,0.0022667099789289704,0.0037014657375388123
0.0008080807522304535,0.0011482559361987734,0.0002713204052479311,0.004707725670191089
0.0014291053549000728,0.002018613980135903,6.599010789652432e-06,0.004588093387287941
0.0010309068477682476,0.0019116866474005528,5.454985197809307e-05,0.004321318226051882
0.0008971034927972811,0.0003814497294638007,0.0007620375720443122,0.004432432380869012
0.0012635535217054327,0.000687357033072055,0.00209655092104755,0.003989776205244061
0.0007302645976606429,0.0008425391702710099,0.0022656598649725625,0.0036996514676483814
0.0008079549433749434,0.0011488301217496993,0.0002710465298058525,0.004706544361576888
0.0014285772777305986,0.0020194116959528917,6.552748456482587e-06,0.004586930596467351
0.001030232487134641,0.0019123707864813736,5.4774307979618494e-05,0.004319305483195605
0.0008980251858136515,0.00038157372332799983,0.0007614960844476318,0.0044310846839073995
0.0012651881155337009,0.0006877307135741462,0.0020954203600761644,0.003988576213854473
0.0007314417690311798,0.0008429321369594935,0.002264597414405389,0.0036978711523199827
0.0008078088380138416,0.0011494084331134353,0.0002707651916792421,0.004705384711738729
0.0014280232158407,0.0020202335253745687,6.505842595541062e-06,0.004585757184172255
0.0010295328627577247,0.0019130738545548819,5.5001579141795987e-05,0.004317324007856126
0.0008989547237789197,0.00038170379565782495,0.0007609278055895649,0.004429753650593163
0.001266776058295773,0.0006880941614265922,0.0020941536654021826,0.003987132915417664
0.0007326422267535229,0.0008433423311670335,0.0022635234376707485,0.0036961303637006704
0.0008076410176066482,0.0011499878366538724,0.0002704776977419679,0.004704243733979638
0.0014274395589283066,0.0020210759680941302,6.458374937111238e-06,0.004584569601464283
0.0010288032015406507,0.0019137907703410109,5.523206127348437e-05,0.004315376978666121
0.0008998918024611594,0.0003818340831196015,0.0007603402161015413,0.004428444165619349
0.00126839172217729,0.0006884792767657093,0.0020928785789697904,0.003985682607711929
0.0007338694491687039,0.0008437600819785325,0.002262439097555638,0.003694437711070193
0.000807457616865823,0.0011505658078037049,0.00027018112539388287,0.004703130386360378
0.001426831340613023,0.002021940220690644,6.409793581906287e-06,0.004583374198875283
0.0010280465144306393,0.0019145239961112803,5.5467590976806035e-05,0.004313466368025008
0.0009008332396134477,0.00038196397842208546,0.0007597223753480751,0.004427160774578931
0.001270030934789713,0.0006888842544470446,0.002091584310029317,0.003984224566346696
0.0007351207546237885,0.0008441859829182427,0.0022613408964346376,0.003692792882254646
0.0008072577634286032,0.0011511433265613364,0.0002698766951016402,0.004702044212297923
0.001426197071323862,0.0020228284782786675,6.360334436101935e-06,0.004582166405249759
0.0010272616021302576,0.0019152762425977876,5.570781492148493e-05,0.00431159058749062
0.000901779520597772,0.0003820956329307488,0.0007590804369813721,0.004425903107914525
0.0012716936509911216,0.0006893140507208407,0.002090280845475283,0.003982756734852406
0.0007363946565581413,0.0008446274393077185,0.0022602411997803933,0.0036911924478526537
0.0008070373333503785,0.0011517203423371798,0.0002695674834058129,0.004700981394763139
0.0014255352124275405,0.0020237390942773933,6.310214218718744e-06,0.004580948137041877
0.001026449789747005,0.0019160471477110087,5.5952704750459605e-05,0.0043097498335675655
0.0009027315128602104,0.00038223176444361347,0.000758408141431898,0.004424670299700315
0.0012733787661403633,0.0006897713470250339,0.0020889578885763017,0.003981277921784971
0.0007376889871779493,0.0008450872743825419,0.0022591276771553263,0.0036896320388797852
0.0008067999559391383,0.0011522981380057788,0.0002692503618828593,0.004699944931348312
0.0014248495282976562,0.0020246703050869914,6.259453918799354e-06,0.004579722710203528
0.0010256140129416907,0.0019168345868421134,5.62017933538913e-05,0.004307944151303226
0.0009036902645694669,0.000382374532778675,0.0007577027972559094,0.004423460140165579
0.001275086737112894,0.0006902593345839148,0.0020876114562175404,0.003979787003447496
0.0007390031705173804,0.000845569805100537,0.0022579993007628084,0.0036881094188767815
0.0008065427738922931,0.0011528762555254328,0.00026892702011272314,0.004698932454126848
0.0014241380233175251,0.002025619597147126,6.20846777150154e-06,0.004578488560659339
0.0010247543590675057,0.001917637241667694,5.645394614474786e-05,0.004306172125775326
0.0009046570673211784,0.00038252420412408816,0.0007569666352872017,0.004422271643719719
0.001276818145327989,0.0006907778476966236,0.0020862410278468437,0.003978285475566293
0.0007403366081883319,0.0008460750853514253,0.0022568530321524444,0.003686624511279403
0.000806265137351233,0.0011534556231219961,0.0002685966607665143,0.004697945047819491
0.0014234001732899443,0.0020265863081473105,6.157303876019136e-06,0.004577249357876295
0.0010238704342088567,0.0019184544041545924,5.670907990493898e-05,0.00430443373639605
0.0009056316648733456,0.0003826804886817357,0.000756196832273865,0.004421104707792145
0.0012785725517764771,0.0006913243768454552,0.0020848402679670207,0.00397677527877806
0.0007416889334146306,0.0008466002152384091,0.002255682536634546,0.0036851784821904524
0.000805968114566704,0.0011540367126543181,0.00026825844143919385,0.004696983607620262
0.0014226359150110671,0.002027569824957798,6.10609481147544e-06,0.004576005258187648
0.001022961273522955,0.001919284848866658,5.696686783145136e-05,0.00430272885135786
0.0009066142869327173,0.0003828425868703518,0.0007553950327714815,0.004419959257240032
0.0012803508838476233,0.0006918976056455798,0.002083409122380541,0.003975258087122507
0.0007430610218322862,0.0008471439007903271,0.0022544875902625254,0.0036837732361875647
0.0008056504382183871,0.0011546187335663145,0.0002679129422593189,0.0046960479094016695
0.0014218438973542583,0.0020285686287561016,6.054998551566472e-06,0.004574756194113421
0.0010220264316532486,0.0019201271691337706,5.72269661755852e-05,0.00430105745082408
0.0009076054699652438,0.0003830093165135605,0.0007545618298003174,0.004418835676761908
0.00128215382240504,0.0006924957564240103,0.002081946220850513,0.003973735892754475
0.0007444534282592343,0.0008477041502456698,0.002253264874057649,0.003682410317920384
0.0008053125409213721,0.0011552015308143714,0.00026755924416869476,0.004695139443446286
0.001421023980619578,0.0020295820495275325,6.00400745168739e-06,0.0045735039065310686
0.0010210654722645025,0.001920980359939363,5.748948822839676e-05,0.004299420148987395
0.0009086052048536148,0.00038318018730801757,0.0007536965633810997,0.004417734161159142
0.001283981501093945,0.0006931178588306109,0.0020804499717683974,0.003972209724541735
0.0007458662993772084,0.0008482798843230676,0.0022520130495604076,0.0036810906705248498
0.0008049545389046831,0.0011557850113021572,0.00026719737487416426,0.004694258007897095
0.0014201758577147405,0.002030609776196778,5.953219556917826e-06,0.004572248006019265
0.0010200778476707683,0.0019218440139883383,5.775438742451498e-05,0.004297817113999234
0.0009096134757079758,0.00038335516234436673,0.0007527998649518875,0.004416654772387131
0.0012858339872153237,0.000693763963218065,0.00207892034405987,0.003970679934594428
0.0007472995580536224,0.000848871248976546,0.002250731836604782,0.0036798147597524138
0.0008045760755330383,0.0011563691861241046,0.0002668274187823845,0.004693403441787052
0.001419299335515397,0.0020316514971736583,5.902714759368919e-06,0.004570988668875061
0.001019063660528087,0.0019227178689085603,5.802163863897344e-05,0.004296248487875731
0.0009106303202150702,0.00038353428767902995,0.0007518712286950255,0.0044155976461081005
0.0012877111797305132,0.0006944340990085601,0.0020773560894449573,0.003969146896067826
0.0007487530345711911,0.0008494783656120244,0.002249419749671408,0.003678582758416523
0.0008041772413152729,0.0011569540526403825,0.00026644914694562264,0.004692576075115229
0.0014183944042958014,0.002032706793229071,5.8525519363457044e-06,0.0045697264145020565
0.0010180228954527475,0.0019236014586175294,5.82912929776074e-05,0.004294714637864069
0.0009116558631115714,0.0003837176898712956,0.0007509103216880376,0.00441456292135638
0.001289613148804879,0.0006951284756765067,0.002075756483984918,0.003967610984884157
0.000750226718914376,0.0008501015087253519,0.0022480763773780723,0.003677394854158006
0.0008037579108023337,0.0011575393856232132,0.00026606272871218913,0.004691775793921665
0.0014174608676338107,0.0020337750669935017,5.8028284887470845e-06,0.0045684613673340315
0.001016955463330601,0.001924494320901157,5.8563356438285816e-05,0.004293215849627887
0.0009126902462292689,0.00038390544152227824,0.0007499169449690043,0.004413550837407666
0.0012914562880505223,0.0006958020894427796,0.002073986290608341,0.003965815747259597
0.0007517220655544792,0.0008507387886635938,0.002246703052777285,0.0036762547784482207
0.0008033154160946641,0.001158122510333835,0.00026567033417751636,0.004690997347800831
0.0014164940726076297,0.002034852710320419,5.753733208413136e-06,0.004567188089372052
0.0010158559121275698,0.0019253909350408064,5.8837922513897174e-05,0.004291755009573661
0.0009137338818298153,0.0003840915823253849,0.0007489016530587175,0.004412565639576439
0.0012933168643021204,0.000696487234452514,0.002072175421727527,0.0039639953763377835
0.0007532434657015015,0.0008513799982659672,0.002245303336111869,0.003675171671603688
0.000802856304300088,0.0011587002772116754,0.00026526906563179123,0.004690249688803638
0.0014154995557464124,0.00203594042463609,5.704713740122229e-06,0.004565913842007566
0.0010147275773593931,0.0019262931429063538,5.911731650584743e-05,0.004290334715007641
0.0009147832744572703,0.0003842746919069159,0.000747852341157324,0.0044116123385365014
0.001295197481594428,0.0006971843824865168,0.002070322716365004,0.003962171084984759
0.0007547885211163749,0.0008520237130209005,0.002243871666678331,0.0036741460219680824
0.0008023812720764859,0.0011592736458567467,0.000264859439331115,0.004689533774997042
0.001414476826002629,0.0020370412223552885,5.655944378013915e-06,0.004564634041288429
0.0010135694398386871,0.0019272043803720549,5.9401370138798615e-05,0.004288953367628739
0.0009158385105424556,0.0003844567738136403,0.0007467757739585289,0.004410690807504294
0.0012970976827219704,0.0006978983886161048,0.0020684398307425937,0.003960339936543716
0.0007563557530415941,0.0008526777292385128,0.0022424236768253908,0.0036731745881719694
0.0008018850401780284,0.001159842528712623,0.00026444556308400144,0.004688844757038696
0.0014134234308768312,0.0020381540747823807,5.607686429883509e-06,0.00456334960412689
0.0010123823947343579,0.0019281250419392651,5.9690154306631017e-05,0.004287610916823847
0.0009169004209002959,0.00038464054294706226,0.0007456668525945029,0.0044098001957720975
0.0012990164816078233,0.0006986321458758414,0.002066518744775688,0.00395850129568814
0.0007579428084863417,0.0008533448713398746,0.0022409482362153836,0.0036722526246747178
0.0008013717081950597,0.001160408417120141,0.0002640241783609528,0.004688185875039495
0.0014123437582763028,0.0020392775885699974,5.559952944146512e-06,0.004562064708112901
0.0010111697578437547,0.0019290531796020889,5.99835343558441e-05,0.004286307709924201
0.0009179699269923837,0.0003848285214161821,0.0007445218218482769,0.004408938082826533
0.001300954185097997,0.00069938929224673,0.002064554820290713,0.003956653661106383
0.000759549040058123,0.0008540298224657561,0.002239444054324725,0.0036713772584400497
0.0008008388772661393,0.0011609708279082425,0.0002635970209627913,0.004687554582770882
0.0014112363102462549,0.0020404092996399465,5.513175558015262e-06,0.004560777173957513
0.001009932032549857,0.001929987516365255,6.028027546636763e-05,0.004285042227312132
0.0009190485344133323,0.0003850212656289811,0.0007433436987149595,0.004408103126279558
0.0013029115508462156,0.0007001704564636949,0.002062549077402401,0.00395479805561481
0.0007611739291458148,0.0008547335859499243,0.0022379096849738417,0.003670547909791248
0.0008002853893044675,0.0011615306105306688,0.00026316370703196234,0.004686951485896483
0.0014101004735260587,0.002041548538614668,5.467440181355047e-06,0.004559490601551001
0.0010086691619910313,0.0019309275308459263,6.0580306504615585e-05,0.004283814278519631
0.0009201360580691531,0.00038521857772851596,0.0007421297139280157,0.004407295040184943
0.0013048882434358157,0.0007009732898393265,0.0020604958381796818,0.00395293709849317
0.0007628169193422491,0.000855453229864919,0.002236338721125823,0.0036697653441348935
0.000799712704370161,0.0011620885286608392,0.00026272324292809,0.0046863775937560125
0.00140893659053444,0.002042695063498805,5.422874722953535e-06,0.004558205541154206
0.0010073803096544017,0.0019318722743382677,6.088340631297866e-05,0.004282623728239405
0.0009212326112840947,0.00038541985921330117,0.0007408813687658099,0.004406513565988933
0.0013068850214326578,0.0007017965453951741,0.002058395145733623,0.00395107220848167
0.0007644788487300589,0.0008561875261607916,0.0022347314706536855,0.0036690312285035443
0.0007991196295875311,0.0011626438741069224,0.00026227645313116696,0.004685832250483353
0.001407743456306354,0.0020438475263025546,5.379668948075926e-06,0.004556921436291289
0.0010060651674478332,0.0019328205017145265,6.118917284071266e-05,0.004281470371157076
0.0009223387932657759,0.00038562395412220256,0.0007395998531139483,0.004405758931136092
0.0013089026089156293,0.0007026385305193397,0.002056246409874383,0.003949205209210468
0.0007661603853752606,0.0008569345894141398,0.0022330852120514767,0.0036683470011562476
0.0007985065457136285,0.0011631964727136087,0.0002618225333395228,0.004685316852896157
0.0014065210495576583,0.0020450052772700593,5.337837754332423e-06,0.004555640111266685
0.0010047235643157976,0.0019337712255201622,6.149775445926826e-05,0.0042803547603931
0.0009234546647267731,0.0003858302972736454,0.0007382846089527654,0.0044050312207318644
0.0013109411734769326,0.0007034981442685319,0.002054048354075585,0.003947337250383253
0.0007678617486952544,0.0008576931391655208,0.0022313987136144456,0.003667713528727551
0.0007978737955967487,0.001163746278510842,0.0002613614906725376,0.004684831225220466
0.001405269258865238,0.0020461681557014323,5.297483607251405e-06,0.0045543612773870645
0.0010033550159845544,0.0019347241087467847,6.180917246722585e-05,0.004279277094199544
0.0009245802062736538,0.00038603887654002926,0.0007369365297115744,0.004404330358027045
0.0013130007572536807,0.0007043754307797482,0.0020518015087054773,0.003945468555323522
0.000769582909962647,0.0008584632749633205,0.002229672338469458,0.0036671311938447663
0.000797221099198855,0.0011642933534881928,0.0002608935681269098,0.004684374951477558
0.001403988033758276,0.002047336055276971,5.258707630068687e-06,0.004553084906796406
0.0010019597326907162,0.0019356790671974016,6.212344077370885e-05,0.004278237445531344
0.0009257154269988872,0.00038624977121930464,0.0007355554501101685,0.004403656348580892
0.0013150812188991376,0.0007052704749933325,0.002049505256156132,0.003943599406103491
0.000771323692602086,0.0008592451416096344,0.002227905073968613,0.0036666000505373867
0.0007965486322141085,0.001164837782750877,0.0002604186048176555,0.004683948269931085
0.0014026775572800615,0.0020485087795437088,5.221582446740566e-06,0.004551811495129371
0.0010005378885930632,0.0019366358112713707,6.244067385670076e-05,0.004277236140825174
0.000926860433696987,0.0003864631431521157,0.0007341412283296137,0.004403009216166441
0.001317182556584569,0.0007061835265319844,0.002047159387789015,0.003941730028179805
0.0007730840921999586,0.0008600390427321811,0.0022260970153634026,0.0036661201523662404
0.000795856374750277,0.001165379389508364,0.00025993685940034847,0.004683550958927393
0.0014013377972506803,0.0020496859192814087,5.1862148735503246e-06,0.004550541116298661
0.000999089517124575,0.0019375940188405924,6.276094811926981e-05,0.004276273475384209
0.0009280153672876901,0.00038667911905957835,0.0007326939256674548,0.00440238910327558
0.0013193047865150808,0.0007071147484977946,0.0020447636603561957,0.003939860740615572
0.0007748640906419355,0.0008608451466242086,0.0022242479044949828,0.0036656916340496045
0.0007951443971332141,0.0011659180752503437,0.0002594484458435382,0.0046831830854838965
0.001399968847792225,0.002050867139358693,5.1527044624366295e-06,0.004549274106441442
0.0009976147802405052,0.001938553451953355,6.308434444392834e-05,0.004275349681311822
0.0009291803055919459,0.00038689773240478534,0.0007312133565959953,0.004401796221086482
0.001321447882977541,0.0007080640662758948,0.002042317516963676,0.003937992046355715
0.0007766636702750681,0.0008616634154973639,0.0022223572937103255,0.003665314742807447
0.0007944127249197805,0.0011664537430469473,0.00025895350652250723,0.00468284475543773
0.0013985706635934955,0.002052052112875988,5.121155473159588e-06,0.004548010746272683
0.000996113678110325,0.001939513854170318,6.341092702172497e-05,0.004274464974363829
0.0009303553653467987,0.00038711894047724734,0.0007296996238283634,0.004401230813395176
0.0013236119043692485,0.0007090313002199263,0.0020398207049175643,0.003936124556403289
0.0007784829018210722,0.000862493703992561,0.0022204250227374177,0.003664989836694011
0.0007936613421586164,0.001166986240313546,0.00025845224114271837,0.004682536032592149
0.0013971431594416949,0.0020532404398611926,5.091674508624419e-06,0.004546751373030525
0.0009945861972243941,0.001940474896965905,6.374076356600641e-05,0.004273619596669119
0.0009315406759006557,0.0003873426598569172,0.000728152734545546,0.004400693136097874
0.0013257969262884738,0.0007100161871604037,0.002037272734162902,0.0039342589531789094
0.0007803218700708313,0.0008633357510260252,0.002218450560707013,0.003664717300742879
0.0007928903509652049,0.0011675154330405503,0.0002579447493616577,0.004682257093721436
0.001395686346109648,0.002054431710913839,5.0643671182589554e-06,0.0045454963663799355
0.0009930323820726565,0.0019414362124365626,6.407390931568107e-05,0.004272813779561604
0.0009327363780475755,0.0003875688089196316,0.0007265727292774377,0.004400183394677674
0.0013280030420161823,0.0007110184946568156,0.002034673167966225,0.003932395899772449
0.0007821806663629724,0.0008641893596615005,0.002216433475337622,0.003664497513211062
0.0007920997618837739,0.0011680411915628542,0.00025743118258021914,0.0046820080266207625
0.0013942001703937659,0.002055625519517494,5.039343563418718e-06,0.004544246045015558
0.0009914522599348294,0.0019423974488808767,6.441040001033466e-05,0.004272047723099704
0.0009339426231979391,0.00038779732169362633,0.0007249597332834932,0.004399701760095498
0.0013302303373736197,0.0007120380103050841,0.002032021651730433,0.003930536055725835
0.0007840593503228784,0.0008650543515455227,0.002214373327887083,0.00366433082312531
0.0007912896070329149,0.0011685634383855564,0.000256911660071657,0.0046817889238011156
0.0013926846199369574,0.0020568215015794047,5.016711702237661e-06,0.004543000801351964
0.00098984587808369,0.0019433582756720027,6.475028388597259e-05,0.004271321633849344
0.0009351595407890066,0.0003880281653569843,0.0007233137919128693,0.004399248373222045
0.0013324788717245645,0.0007130745438032744,0.0020293177434251965,0.003928680059992732
0.0007859579548859107,0.0008659305619379256,0.002212269606759683,0.0036642175472340922
0.000790459951355716,0.0011690821180322787,0.00025638629231740845,0.004681599860659758
0.0013911397169487092,0.0020580193093328453,4.996581817717361e-06,0.004541760982743727
0.0009882133028899732,0.0019443183651861628,6.509360110467928e-05,0.004270635707880753
0.0009363872703582361,0.00038826132460069093,0.0007216350111755078,0.004398823350809221
0.0013347487165473483,0.0007141279517974305,0.002026561090147314,0.003926828517052045
0.0007878765239354137,0.0008668178832392001,0.0022101218943054606,0.0036641579906177084
0.000789610820560332,0.0011695971647174973,0.00025585521467575464,0.004681440886309139
0.0013895654695976044,0.002059218585702347,4.979065507806373e-06,0.004540526929748227
0.0009865546181049146,0.0019452773895521874,6.544038886144342e-05,0.004269990139287394
0.000937625962658372,0.0003884967809238835,0.0007199235020941925,0.0043984268105503556
0.001337039945056617,0.000715198086735464,0.0020237513512413544,0.00392498203762161
0.0007898151020063579,0.0008677161953921466,0.002207929750339448,0.0036641524548253054
0.0007887422678168105,0.0011701085215449659,0.00025531854390516704,0.0046813120794533146
0.0013879619079084267,0.002060418989951204,4.964272781334748e-06,0.004539299019423673
0.0009848699095833717,0.0019462350288500913,6.579069519872035e-05,0.004269385135183224
0.0009388757618941339,0.000388734519675421,0.0007181793638077333,0.004398058872919731
0.0013393526260199922,0.0007162847988800733,0.0020208881972224747,0.003923141228866259
0.0007917737350355774,0.000868625370811116,0.0022056927762315777,0.003664201244430261
0.0007878543515772362,0.0011706161325890265,0.0002547764128189985,0.004681213501903111
0.0013863290651815283,0.002061620197261417,4.952315124757355e-06,0.004538077597484867
0.0009831592598145917,0.0019471909795885042,6.614456801757721e-05,0.004268820899228933
0.0009401368123017262,0.0003889745265424635,0.0007164027316679744,0.004397719664049354
0.0013416868303653105,0.0007173879434752814,0.0020179713512203305,0.003921306690677728
0.0007937524746052467,0.0008695452881297789,0.0022034106222311076,0.0036643046686765345
0.0007869471238991153,0.0011711199415998838,0.00025422896290356353,0.00468114521738828
0.0013846669778253965,0.002062821892045246,4.943304147407452e-06,0.004536863013398579
0.0009814227624351305,0.0019481449488484499,6.65020576307366e-05,0.00426829763602443
0.0009414092601132974,0.0003892167831473454,0.0007145937404681691,0.004397409318090544
0.0013440426290797383,0.0007185073698674574,0.0020150005484356613,0.003919479026847472
0.000795751376537611,0.0008704758188173498,0.0022010829467057134,0.0036644630381622786
0.0007860206483416532,0.0011716198923921615,0.000253676334526595,0.004681107301931381
0.0013829756914952081,0.002064023766173697,4.937351253177483e-06,0.004535655625559815
0.0009796605142100945,0.0019490966481195513,6.686321873236317e-05,0.004267815557422319
0.000942693253875955,0.00038946127273266893,0.0007127525342846724,0.004397127973056318
0.001346420095387664,0.0007196429314945338,0.0020119755525200176,0.003917658838225008
0.0007977705015259806,0.0008714168380726283,0.0021987094478024254,0.0036646766628129893
0.0007850749908285183,0.0011721159271996272,0.000253118678508084,0.004681099824627192
0.0013812552573594424,0.0020652255177262572,4.934568613716016e-06,0.004534455784964411
0.0009778726170359276,0.0019500457970313165,6.722810693966615e-05,0.004267374876641616
0.0009439889436999072,0.0003897079821895895,0.000710879269065494,0.0043968757694258735
0.001348819301857856,0.0007207944882276506,0.0020088961494370053,0.003915846721571277
0.0007998099101316798,0.000872368228033588,0.0021962898428014364,0.003664945848769286
0.0007841102210164371,0.001172607992591842,0.0002525561485894882,0.0046811228566295575
0.0013795057363806176,0.0020664268543062417,4.935068737332554e-06,0.004533263845849539
0.0009760591831214001,0.001950992125043381,6.759677885315127e-05,0.004266975806925028
0.0009452964801084223,0.00038995690222748945,0.0007089741048735031,0.004396652848714777
0.0013512403189928992,0.0007219619046326891,0.0020057621410149253,0.003914043271750123
0.0008018696619738848,0.0008733298770553536,0.0021938238671987747,0.0036652708977751233
0.000783126411266546,0.0011730960389316912,0.00025198890302156017,0.004681176468431139
0.0013777271959053304,0.0020676274914891574,4.938964545163508e-06,0.004532080163273926
0.0009742203303218995,0.0019519353691477624,6.796929166563858e-05,0.004266618562667505
0.0009466160154015521,0.00039020802757192767,0.0007070372123205114,0.0043964593531016045
0.0013536832172067069,0.0007231450506386191,0.002002573351279053,0.0039122490820096036
0.0008039498173871307,0.0008743016793279108,0.0021913112797962747,0.003665652108228266
0.0007821236369913179,0.0011735800190623312,0.00025141710515282675,0.004681260728692466
0.0013759197107510444,0.0020688271507876815,4.9463693940523e-06,0.004530905093697491
0.0009723561836888846,0.0019528752722448443,6.834570299182179e-05,0.004266303359641295
0.0009480294709579273,0.00039028294063503724,0.000704626088258988,0.0043966108272745046
0.001356053261032954,0.0007238304431037041,0.001998716913171476,0.003911095600586259
0.0008059150125741253,0.0008746833053427367,0.002187921259943502,0.0036660986309109945
0.0007817083987963436,0.0011741654783035188,0.00025053848427512604,0.004681788000872261
0.0013743965511218365,0.002069996956910744,4.944467455441357e-06,0.004530359345131403
0.0009702940225766952,0.0019536696058161727,6.884916425957945e-05,0.00426621365719822
0.0009492597500024644,0.0003904967411236462,0.0007019463162981168,0.004396742600060624
0.0013583590417163855,0.0007245681823641716,0.0019944017496231698,0.0039099599554808994
0.0008078646054053427,0.000875114431111952,0.0021846292207137264,0.0036666215494791108
0.0007811749166541584,0.0011746602602637026,0.0002499437312044464,0.004681830056279845
0.0013728468864807532,0.002070984664364511,4.987159322836458e-06,0.004529071200368512
0.0009683750554297879,0.0019543942478275236,6.912840215699899e-05,0.004265871089338737
0.0009505786235749189,0.0003906374906839925,0.0006997981824378862,0.00439684540109067
0.0013607277070970235,0.0007253327999000635,0.0019903635091092515,0.0039089368706375
0.0008098388914700009,0.0008756980284672542,0.0021811277257542698,0.0036672015454902542
0.0007804240926757182,0.0011751525332537734,0.0002492490726475452,0.0046820491351434335
0.001371224945140503,0.0020718146201064813,5.02023928057629e-06,0.004528235031358742
0.0009665925216981518,0.001954970395670128,6.939101292373569e-05,0.004265535833833654
0.0009519014519466089,0.0003906841970983739,0.0006973934876519499,0.004396922806221374
0.0013630389729781013,0.0007258585808031424,0.001985964548160599,0.00390818279866672
0.0008117483801181028,0.0008759920449996086,0.002177163626947013,0.003667795449835029
0.0007799085285498788,0.0011756947048711323,0.00024843398448834837,0.004682308411523686
0.0013696972564475262,0.002072631196189654,5.05107569161667e-06,0.004527526614886591
0.0009646832081210174,0.001955433193848541,6.968254452552939e-05,0.0042652820442513366
0.0009531619193216219,0.0003908101406108654,0.0006951529475245628,0.00439686177917559
0.001365338672228018,0.0007264960354678461,0.0019817512676963633,0.0039073005411697295
0.0008136479463661004,0.0008763732549430107,0.002173528941166585,0.003668380391720871
0.0007792927507179224,0.0011762190867634905,0.0002477627951477274,0.004682264665648091
0.0013681700897619825,0.002073439430256869,5.096204689292741e-06,0.004526495009389448
0.0009628711599776418,0.0019559102283747986,6.99036755800369e-05,0.004264922538256983
0.000954437264897964,0.0003909163867811269,0.0006930711440695314,0.004396742974099687
0.0013676168978075615,0.0007271562889193871,0.001977657567277066,0.003906365464258132
0.0008155114045699472,0.000876787302962466,0.0021697532492083206,0.0036689192857942967
0.0007786738406753784,0.0011767778590734722,0.00024699852407205844,0.004682354404492957
0.0013666847019667486,0.002074277193426653,5.131474995535701e-06,0.004525669158465422
0.0009611273074764942,0.0019563729357533624,7.016129315412281e-05,0.004264593624956677
0.0009557029137055341,0.00039100247752034997,0.0006908905656435212,0.004396598362150522
0.0013698587378361364,0.0007277691544525556,0.001973587156411271,0.003905424673655459
0.0008173535089750298,0.0008771234506650534,0.002166089351066469,0.0036694202230592434
0.0007781252929515824,0.001177315808030515,0.0002462613314463808,0.004682401762569935
0.0013652143075298113,0.0020751367916063117,5.16542387737183e-06,0.004524811795094502
0.0009593160687470218,0.0019568229479787905,7.045575370912391e-05,0.004264319083387534
0.0009569538045325,0.0003911205207921865,0.00068882260508682,0.004396427616913492
0.0013720925265105028,0.0007284531236916099,0.001969736783399769,0.003904362660747746
0.0008191995463121463,0.0008775030139067066,0.002162721531297174,0.0036698904824478823
0.0007775640350524271,0.0011778131490788465,0.00024559825972750006,0.0046823647390554285
0.0013637759491681868,0.0020760072166307758,5.202237807490492e-06,0.004523850123581535
0.0009575707997712674,0.0019572983609613664,7.07566644518834e-05,0.004264033115317254
0.0009582035081511986,0.0003912199451393016,0.0006867560669249395,0.004396281391851954
0.0013742953860303084,0.0007291333937018764,0.001965942106135478,0.0039032600122392304
0.0008210275658557999,0.0008778734143150843,0.002159374446393198,0.003670327036432859
0.0007770388187771576,0.0011782915308993147,0.0002449196426645375,0.0046824056581615285
0.0013623723176327696,0.002076893234173962,5.234539136105361e-06,0.004522959225823416
0.0009558498508710858,0.001957780516151035,7.109312738033628e-05,0.004263781054780655
0.0009594416629364779,0.00039130720951281506,0.0006846724895566284,0.0043961653617540526
0.0013764687290654073,0.000729797929257472,0.0019622430270982726,0.0039021427783623823
0.0008228469127813222,0.0008782194400551463,0.002156229509345205,0.0036707466079763675
0.0007765372505345609,0.0011787273324766648,0.00024429750933435544,0.004682410263012806
0.001360975200706346,0.0020777757541716965,5.266994292043898e-06,0.004522036325927254
0.0009541109210126175,0.001958264436545203,7.145397148462942e-05,0.004263559391111652
0.0009606643291465138,0.000391398710832438,0.0006826347871070915,0.004396076758524899
0.001378615851387133,0.0007304775812388141,0.0019586489844860555,0.003900990489873183
0.0008246556155679015,0.000878569871661066,0.0021532333377397017,0.003671150992588553
0.0007760568162768015,0.0011791284724093618,0.00024371254678409317,0.004682398343520905
0.0013596172858535707,0.0020786475454208516,5.300521522992631e-06,0.004521090819897242
0.0009524191923967985,0.001958749885955809,7.182666989259414e-05,0.004263343940953587
0.0009618751681166035,0.00039147762715108843,0.0006805881331981875,0.004396020663550803
0.0013807293417564877,0.0007311463838434339,0.0019550829657691044,0.0038998380656217113
0.0008264463331236299,0.0008789118057271947,0.0021502861103555237,0.0036715388292462804
0.0007756021363100716,0.0011795007523915176,0.00024314182899689033,0.0046824053031669696
0.0013582852364820576,0.0020795021298253957,5.333348638487337e-06,0.004520165773530968
0.0009507492435514211,0.0019592230589900637,7.221432564486724e-05,0.004263145934618696
0.0009630749982605693,0.00039155008901685373,0.0006785584957404602,0.0043959870921626044
0.001382814556251344,0.000731808620624263,0.001951586669899631,0.003898690359603331
0.0008282218950606918,0.0008792476296221672,0.002147460167604319,0.0036719150043158177
0.0007751624194220122,0.001179841783119887,0.0002426082202891214,0.004682385288267222
0.0013569710597777578,0.0020803352447023504,5.36690970173014e-06,0.004519232579963611
0.0009490930926609971,0.0019596832470862384,7.261221617893925e-05,0.004262960161775188
0.0009642603213725727,0.0003916222108282235,0.0006765517118767438,0.004395968482843194
0.0013848690719845212,0.000732470665354578,0.0019481376826629418,0.0038975405722096548
0.0008299763011848036,0.0008795801199538304,0.002144699590778289,0.0036722765874057975
0.0007747451301904955,0.0011801617894789407,0.00024209471578041748,0.0046823540404562995
0.00135569122309886,0.0020811509591999854,5.40126220720357e-06,0.004518297634115218
0.0009474724526455131,0.0019601313135296406,7.301617626942587e-05,0.004262776904356785
0.000965433121250277,0.0003916895859586167,0.0006745555711170735,0.004395960614157786
0.001386893284197835,0.0007331271354578659,0.001944723719087653,0.003896394883496082
0.0008317098428209305,0.0008799094132184719,0.0021419923436933274,0.0036726230885912323
0.0007743425024463154,0.0011804608839820327,0.00024160027016038578,0.004682314487419839
0.0013544332127346976,0.0020819473272454736,5.435812968651445e-06,0.004517367550783423
0.000945874895242755,0.001960563397928047,7.342641268424918e-05,0.004262598736314209
0.0009665962763949276,0.00039175340581349213,0.0006725846850423299,0.004395959180677172
0.0013888914574430268,0.0007337791730017548,0.001941364726781245,0.0038952527255377315
0.0008334249179103265,0.0008802338188777147,0.002139359865698511,0.0036729562359151943
0.0007739539517685213,0.001180739265021382,0.00024112838523588788,0.004682257888494493
0.0013531973885747399,0.0020827251973934975,5.470663721425165e-06,0.0045164392244168355
0.0009442995903731606,0.0019609798933329686,7.384348827335806e-05,0.004262425217850579
0.0009677484481092135,0.0003918148487094048,0.000670632996016651,0.004395962086219018
0.0013908628995954592,0.0007344269731804258,0.001938046927347035,0.0038941109038418973
0.0008351201280568497,0.0008805514265986837,0.002136780996598941,0.0036732752383689454
0.0007735835168658239,0.0011810001097870358,0.00024067336844881695,0.004682190807991843
0.0013519884577363067,0.0020834879422346395,5.505779846746816e-06,0.00451551132431721
0.0009427511812267878,0.0019613828030467947,7.426635337883484e-05,0.004262253156602792
0.000968890879789421,0.00039187263314774737,0.0006687012693110551,0.004395968625776138
0.0013928090296555248,0.000735070293815843,0.001934774617518631,0.0038929694197412283
0.0008367969058073149,0.000880864453385461,0.0021342626992825234,0.0036735808468904055
0.000773225396433411,0.0011812426911304793,0.00024023728809508668,0.0046821124839980174
0.0013508000737107435,0.0020842356534019023,5.540887651422289e-06,0.004514584634898209
0.000941225180508991,0.0019617727105185226,7.469534940244613e-05,0.0042620831180258355
0.0009700244407346781,0.0003919266742294366,0.0006667921871027271,0.0043959792479587815
0.001394730792536984,0.0007357083378173773,0.0019315513825001246,0.003891829149401506
0.0008384556042651149,0.0008811708927969596,0.00213180714378607,0.003673873955406333
0.0007728818292305387,0.001181467770038917,0.00023981922571631375,0.004682023589291232
0.0013496339587131864,0.0020849693563125926,5.575907268035241e-06,0.004513660635657686
0.0009397215478046542,0.001962150132284616,7.51314239452039e-05,0.0042619156561492875
0.0009711482687691049,0.0003919776496269071,0.0006649014335149545,0.004395994172097144
0.0013966278628641136,0.0007363413959476287,0.0019283708160947395,0.003890689582993003
0.0008400960132030952,0.0008814708607018131,0.002129408690156289,0.0036741548228463212
0.0007725535495185218,0.001181675814502796,0.00023941844038874585,0.004681924963562747
0.0013484907687798947,0.00208568948372331,5.610894010092963e-06,0.004512736580867086
0.0009382411711889215,0.0019625158162413173,7.557371054863236e-05,0.00426174940761414
0.0009722630209604103,0.0003920254446275324,0.0006630308017369568,0.004396013773520299
0.0013985009929555873,0.0007369701312128522,0.0019252349421239887,0.003889551396223382
0.0008417187064725493,0.0008817663594450332,0.002127069249773399,0.003674424171147602
0.000772238067574762,0.001181866754063133,0.00023903533858231138,0.004681816614642576
0.0013473684528132245,0.0020863955017250938,5.645745479338898e-06,0.004511813646480498
0.0009367832997097553,0.0019628699397726277,7.602207630272548e-05,0.004261584203873211
0.0009733687454626911,0.0003920700519442845,0.0006611792333606253,0.004396038575267337
0.001400350096620983,0.0007375937012339101,0.00192214125311478,0.0038884164989774705
0.0008433232646975061,0.0008820564038920092,0.002124785121641001,0.0036746825820732896
0.0007719367629386876,0.001182041542243082,0.00023866866002682203,0.00468169945805975
0.0013462678406349021,0.00208708760948436,5.680432955666075e-06,0.004510892917463762
0.0009353476614785428,0.00196321249870267,7.647654359946526e-05,0.004261419953835806
0.0009744649756503066,0.00039211208583503967,0.0006593455371673718,0.004396068323108399
0.0014021751571068654,0.000738212462469417,0.0019190869383963961,0.003887285452917096
0.0008449095622990281,0.0008823416851436451,0.0021225540563666557,0.0036749305691032284
0.0007716490170010513,0.0011822006605834649,0.00023831841685775296,0.004681572676642659
0.0013451885650117188,0.0020877655884583308,5.715006693563661e-06,0.004509972684330919
0.0009339344383090778,0.001963543643816438,7.693620594930822e-05,0.004261255516540926
0.0009755520163911049,0.00039215161006022497,0.0006575306991300029,0.004396102791905862
0.001403976612584482,0.0007388265600392151,0.0019160714732547515,0.0038861592670478818
0.000846477710153743,0.0008826229661935413,0.0021203738361122325,0.0036751686773142554
0.0007713738963048578,0.0011823446969763689,0.00023798390846175313,0.004681436765957516
0.0013441300199577583,0.0020884291153162628,5.749412603356553e-06,0.004509054095269042
0.0009325436367400744,0.001963863187743186,7.740070810926728e-05,0.004261090400332649
0.000976629937875751,0.00039218860895642117,0.0006557338027311767,0.0043961416845668825
0.0014057546334083069,0.0007394353872769765,0.0019130924166279673,0.003885039303880156
0.0008480275772066967,0.0008828997110193744,0.0021182410343867698,0.0036753973774220267
0.0007711117010432534,0.0011824744390004352,0.00023766426140784197,0.004681292026517276
0.0013430921656166113,0.0020890782453633896,5.783629350904329e-06,0.0045081374849699225
0.0009311747940247427,0.001964170992002806,7.786973683893918e-05,0.0042609241995757545
0.0009776987226563635,0.0003922234165731821,0.0006539549554875981,0.004396184340003569
0.0014075095840810766,0.0007400391256044727,0.0019101486598758085,0.003883925959720643
0.0008495592536826539,0.0008831722905884448,0.002116154113054422,0.0036756170978680183
0.0007708617535284482,0.0011825904887075328,0.00023735925485836578,0.00468113792114058
0.00134207455361755,0.0020897130458925354,5.8176612319716585e-06,0.004507222121661864
0.000929827869047663,0.001964467205501076,7.834270101244662e-05,0.0042607560750365795
0.000978758572599492,0.0003922560853152207,0.0006521944244485137,0.004396230248454562
0.0014092418501143666,0.0007406377029817114,0.0019072391919695941,0.0038828197906744513
0.0008510728025576546,0.0008834408641844578,0.002114110573408313,0.003675828168955994
0.0007706236426581232,0.0011826935678344792,0.00023706809599137427,0.0046809749321354
