rho_mass_loss,a1_mass_loss,a2_mass_loss,f0_mass_loss
0.0473803193183645,0.11599378968478974,0.021283160492584177,0.1928094610780077
0.022311339915346225,0.03113722628484463,0.02559099370241419,0.017756532050144054
0.05195786794181961,0.014514189987251486,0.052358531695748806,0.06866257796515488
0.049419732801474325,0.008005293844299075,0.05019947013879497,0.05799524484737071
0.03579577258265743,0.002969949603211049,0.04297974189324417,0.03222452463467883
0.01182531261348752,0.05593262036624726,0.010603417955210324,0.060123908559892095
0.014748519691740333,0.06721255388031863,0.008799543671294542,0.08366107455839501
0.013054071333718484,0.059502638178404385,0.009543459484406125,0.07379569401407801
0.013225028594467331,0.037205291305247176,0.016826973149768932,0.046302188267394545
0.033396773257410216,0.004989124649033256,0.042316879637962476,0.030811249344434476
0.0447160792031617,8.903924044098594e-05,0.05170933355682378,0.03395692235357291
0.044011734493155104,0.000184865475173176,0.050737857499427455,0.030000695890414562
0.03686058345878639,0.005558289258714386,0.04592328408584839,0.021838503316824832
0.02011360091958887,0.02854125063617164,0.027954371507532706,0.02573156550293878
0.01682772459462523,0.039054448033091146,0.02228008636350261,0.03406710004057682
0.018211381300927507,0.03766041386002377,0.024648845495472613,0.029974425650959164
0.026762072718738015,0.027239800432259983,0.03742502977487405,0.01865634017182084
0.0362041834160803,0.004621885355190399,0.042315214239287295,0.01819020986914656
0.03871883636671091,0.0013289859805794369,0.0420340297505784,0.02408975203219515
0.03399414931787509,0.003083385778418683,0.0377951483434892,0.023366098393747245
0.02727009840371636,0.014140375861023367,0.03671081796206928,0.021267711288897907
0.020336964200268304,0.029253483224783917,0.027819561889930438,0.02530575332063248
0.018230356302526445,0.030026242283970828,0.023219604430798915,0.029527724925843928
0.019987291917730125,0.027196562114917697,0.027628165226988133,0.025833887596395995
0.0280916832720942,0.016297479831948864,0.04021089628385782,0.021092217121967353
0.03238073490323167,0.0037682504229484288,0.039384638854294614,0.019617488312463755
0.03499334234234795,0.00222682547983887,0.04178591680981588,0.018918914292291984
0.03359145353363604,0.005505957419466183,0.04408808646468868,0.01585416074219557
0.02517262977800748,0.017469678971640576,0.037463406292840666,0.019948234639760584
0.02087189123067834,0.019892718940724474,0.03135149186886979,0.023797315716344535
0.023610060125273096,0.016654070908297038,0.035738649406916276,0.021004839098591015
0.03541021875565722,0.007799330551730366,0.05018185156990056,0.015825826590113737
0.03739445513691947,0.003726079189049814,0.05049839889950354,0.014436234556841348
0.03530733486467176,0.006131745094044507,0.05006725614076754,0.015313945436825094
0.02367566680888231,0.013271283004741787,0.037028246527455976,0.019619198939904384
0.020903682753477842,0.01501609069316654,0.03344401571836975,0.02194842991225805
0.024828625091197352,0.011075514148366255,0.0391970438035291,0.018596101076080652
0.029944413087165014,0.005069915132301461,0.04340426955300331,0.016280947600911706
0.028464781552510476,0.005552746698231046,0.042080540470958695,0.01717652985889121
0.02206055057585375,0.011454193543877977,0.036661091155951814,0.02091162705249159
0.018936920945369994,0.01353618928488218,0.03276208844424349,0.023005702524928957
0.02243722247790345,0.009739212458827664,0.03774190394205438,0.019911266568473848
0.026538315815507255,0.005388842317926765,0.04142206401079557,0.016514219442045886
0.024607035652314844,0.0071323966497229075,0.04099353673804447,0.017140232974867227
0.01708078005462227,0.011152450243617433,0.032042141103374354,0.020271370197178545
0.016772491861204313,0.010532085672362806,0.032193155012973144,0.01959901089980993
0.02213864947992003,0.00645443270464909,0.0394596869366735,0.015407865683771704
0.02094751842708686,0.006454916824545531,0.03837074148886913,0.015177139246111488
0.013909718994276794,0.010679580926436323,0.02996894227597271,0.019621394594875406
0.012882237079759091,0.010943574503208823,0.02908019938250227,0.019718644298681913
0.016661355872690277,0.007232301901652633,0.033764311987501155,0.014922265403177318
0.013265419840565356,0.009069012164859258,0.030036761489668877,0.016268979881981352
0.008541291433148556,0.01311968914729314,0.02411712641360105,0.020953690947810362
0.01050794058145977,0.010126371897272873,0.027575823425630613,0.015314427716709569
0.008855443995821744,0.01100755166365872,0.026203114454219918,0.015248656830033588
0.0038062751824147756,0.016652323155163035,0.01804477068586672,0.02076311413156766
0.005021916500864779,0.013774339491417584,0.021790642297525586,0.01617188534233966
0.0033852963361111887,0.01567198870130498,0.019136943326601902,0.01659369373008774
0.0012489932504528712,0.02290599216289821,0.012050991461846731,0.02011965807259478
0.0029252166014546942,0.014479193441845057,0.017336147799645443,0.017310581054791482
0.00134932907215061,0.02550493575670231,0.010461136800796137,0.017604528667566614
0.0022257851171585655,0.01684280157554649,0.013944991692684962,0.018289823705248384
0.00377646549552965,0.03035722926838236,0.004381068370437143,0.01778047773347114
0.002978638810168726,0.018621461543905826,0.010793306349217506,0.01705359207390764
0.004284680015302296,0.02680291472426769,0.004700464968588862,0.017587275060198367
0.0043235056525064205,0.013039269526987694,0.012839907142004683,0.01742322159359669
0.0038450575403048653,0.02023840541746029,0.006943590903479742,0.01680988057334084
0.004527617157260525,0.014465905842693135,0.011186780650575441,0.014203621698627248
0.004211218127185278,0.019437747314063652,0.0029064037719462614,0.020085942525308754
0.004567659779017136,0.01554049107950366,0.011507670412930607,0.013724300725546562
0.003859139442682432,0.014596771284954815,0.01086452363816,0.013994324671863395
0.0030774324671459315,0.014021557246335243,0.009847493873538792,0.015676237181126273
0.007945127214337142,0.011030457919973497,0.019705162147575325,0.012068151299150242
0.002265622624279701,0.012763859650934897,0.008296482736729744,0.01807339903941716
0.0048679548781543945,0.011473233864920513,0.014215682296058026,0.012880790687182833
0.0018512445741863627,0.01228344492697106,0.0056732887074498525,0.022124120274011762
0.0044626320959794035,0.010850590867838475,0.013525445713214585,0.013776971726363205
0.0031920769933098006,0.010780876053298631,0.010344285512296297,0.015523686102350276
0.005153615904672039,0.010645769446906001,0.0130741444166538,0.013432654383846235
0.002313649637949771,0.013267638328993862,0.0036098618895118333,0.025227418428767863
0.0033335763186866842,0.011279437398742825,0.0094258098743597,0.01657562149057993
0.011470951499659108,0.006583349018912643,0.019461510532357527,0.013559819100166067
0.007745570838867749,0.008796063991482304,0.016594319481687565,0.01345528263242036
0.004861932738465376,0.016583127612241046,0.0013257129668197054,0.033651738965422326
0.005151848586499376,0.017391848035106655,0.0013236083669960952,0.034836148497320904
0.0034666812695074724,0.011327243362713107,0.01058959398274672,0.017014010995495606
0.016144193988637926,0.004901270555727988,0.020916015190643213,0.022996640636513986
0.01635398473019745,0.004723826123645915,0.020144707453187485,0.02493289572743228
0.004760294639490417,0.009013329900358587,0.009187201020790787,0.01665792411055307
0.009047547235299299,0.020688841762240173,0.0022430400602355283,0.0428349346921559
0.012058007912643373,0.02314301250986876,0.00318535090957209,0.05503800876516638
0.0066185170700085285,0.020107139128953035,0.0019354771521083425,0.044178510725929224
0.003024075925085485,0.008802338233703131,0.014208613653527368,0.018094623421313513
0.01706349175607406,0.0048517776844484465,0.023549381473738112,0.022306003423540284
0.018657028277828305,0.0051671713857591025,0.023562941470159488,0.025675413787022778
0.010052308091218244,0.004445693638556519,0.019227534896456157,0.017204351145750384
0.002313376201605297,0.018581865991221098,0.004118684986500926,0.03259796278593645
0.0059488909589775025,0.020528312931921627,0.0036080526704746485,0.042473740591731125
0.0026719965330107304,0.018725504725417494,0.004465868873833821,0.03413895562326609
0.004794420957948545,0.006808363631766464,0.016390066576517093,0.017312361666349398
0.010306367531729569,0.004109141019872376,0.020820760769308826,0.01687218817817082
0.00543302340060892,0.008628248794690218,0.02167416421793779,0.017579706012201077
0.0020421400819851084,0.019528476707240942,0.006098688666063216,0.0357834721139645
0.003049892550097022,0.021249469365809626,0.005377504433024266,0.039632529455325416
0.0012259343190779684,0.017026504267181452,0.011260286936135108,0.02673566119891661
0.013365502551475958,0.0025236730212694286,0.023309830037776473,0.017337513109693458
0.017556047055387675,0.0022617202331409025,0.024371116186734248,0.022332981535522285
0.01256088654646897,0.0026544064462953373,0.02260394861216397,0.017575131448945968
0.0016004904603770813,0.018788400360518858,0.012363209451624738,0.024699432205010873
0.0018531602865729142,0.02230623674548333,0.008103451129524136,0.029976953215815567
0.001645489738858373,0.01916267140437171,0.01372685375726568,0.02332128607137241
0.01200275386435668,0.0026987248063280087,0.02019679449499362,0.021167926102474047
0.014346946898449777,0.0020889591468403225,0.02056816657657526,0.024053924534290845
0.0068786503917567824,0.006040412433790457,0.017607395237036905,0.01877922343669221
0.0020894397784303026,0.023068575794212804,0.006381960810236226,0.030320322984229986
0.004077538579169277,0.02487631140397822,0.0049632492142495715,0.03744843459395038
0.0014074786412437395,0.022286643841041794,0.007264966897438483,0.02958733527299523
0.008511542641047089,0.005604461636447319,0.021015299699771613,0.016967101984562766
0.012231307717982956,0.002734283340916118,0.021713069417103326,0.01763566415198832
0.007638038623342902,0.007225434188611047,0.021386070162645064,0.017723544317661138
0.0014268427093451395,0.02326794352551602,0.007188001309655991,0.030413061303408113
0.002509764872358314,0.024995405911482506,0.00562339703734181,0.03337497565399686
0.0008792251690788238,0.021791413881366555,0.01063447678126888,0.0249404587268874
0.011764634024632334,0.0027478806665370338,0.01995370805723255,0.019660591641313722
0.01551599404786433,0.0017502504753181046,0.021146014800246665,0.02364087994679605
0.01004028360046181,0.0038360223153495097,0.018910230634045618,0.019591323801014915
0.0007662555013098494,0.024087828776635904,0.009020136529275493,0.025958850462902316
0.0018954982490779384,0.02540014283805764,0.006045851812687689,0.029502483691641018
0.0006491007441744176,0.022580452932015747,0.010566060626115871,0.024826636774274637
0.010820573659909889,0.0032078108215548903,0.01921069134503104,0.01937454040976184
0.013714202302716463,0.002105221171940096,0.02042165404071429,0.021141636426420217
0.007795419747889467,0.006002074824445078,0.01882674580879521,0.018204209979458597
0.0012055307717993903,0.023873220425815782,0.006290390162447945,0.029402560592953368
0.0029250452235715604,0.025328696467876298,0.00464565356063625,0.03457621236345143
0.0006410760389592594,0.02261590648528177,0.007720672790969631,0.028075397482821153
0.00923072036968004,0.004374200761975284,0.01963412829240426,0.017405922548835
0.012723586347583943,0.0024471054339896513,0.020662089418040482,0.018958503444143494
0.007682018534832559,0.006093757719740765,0.01924305013610087,0.017865009266303678
0.0009204535562429456,0.023228790643199843,0.006703702730244192,0.02904844416989108
0.0022328043134426556,0.02459604982068432,0.005028021897460576,0.03227446347195999
0.000388690223006651,0.021739297469649307,0.009290600612157699,0.025918461330949532
0.01065193348993552,0.003214999403662544,0.01897696443265425,0.01913072160560078
0.014169706121070214,0.0021220345531549455,0.020318246917403485,0.02177660078742034
0.00879480768855314,0.004568904802812985,0.018337110008246157,0.01879108665241492
0.0005621368124695711,0.022778212008530026,0.007517906808298595,0.0276207294285357
0.0018655769512553129,0.023967687518193757,0.0052153209504460975,0.031232212863861075
0.00032843491383869336,0.020937224637993267,0.009341305812115895,0.026019480520498878
0.01029731051771673,0.0034042860358876703,0.01912985536338235,0.018343229125840518
0.013379405560705946,0.0023581889108333157,0.02035957790493056,0.0200404554951331
0.007880418662340898,0.005426945441298204,0.01864776382545856,0.018022692345756146
0.0007828956158971344,0.022290845458724753,0.006358205134749368,0.029534528528462826
0.0022907952876562855,0.02343433194464696,0.00450190258717485,0.03326153107544157
0.00029611235751401255,0.020860811328961462,0.007984176815075282,0.027491590386894048
0.009531772339575278,0.0038497263160223545,0.01890979792075336,0.017847548315086097
0.012867886787436006,0.002520427240676663,0.020040019757630003,0.01954232868473374
0.007665357524883769,0.0054989646201051645,0.018288326069721562,0.01822393788283482
0.0006782804519031269,0.02202073759927765,0.00629170336592786,0.02935017666493144
0.002057543439747757,0.023010926322760295,0.004499456064159124,0.03227567197159732
0.00017630472337396195,0.020499977301549278,0.008391814236390105,0.026908094339528364
0.010031106558825859,0.0034519408699804762,0.018513754454245815,0.01856217898964735
0.013401228712878757,0.0024364222053938345,0.019857483872649462,0.020537228803968587
0.008135186243757994,0.004850638347408087,0.01793012587809313,0.01839481209735962
0.00048766226725867524,0.021661367654698137,0.0065157237203666354,0.0289820038108967
0.001841448506157893,0.022580074050840247,0.004456093352603895,0.03192464136994482
0.00014339460677466258,0.0199726646028791,0.008360299035174677,0.026992749610632215
0.009939226639217376,0.003481532790253019,0.018486810358142095,0.018272184722664994
0.013107823617572706,0.002540210082291915,0.019746918171187264,0.019981417921393303
0.0077697100768039555,0.005139907003057939,0.01778873626625041,0.018303485572571464
0.0005940228663996554,0.021321170458332577,0.005874561191391515,0.029495812571129553
0.002050016951438845,0.022214598243557995,0.004046070466399456,0.03239351038822392
0.00013668615667756191,0.020050939363642568,0.007612221148230862,0.027698665038080182
0.009550742150401784,0.003682651546911022,0.018106289914968838,0.018265414931452513
0.01282175800537972,0.0026372026737497265,0.019401938314807285,0.01988160948322939
0.00762098216732364,0.005207475353345833,0.01745705208873299,0.018494437699835588
0.0005742070824236361,0.020941841216446117,0.005669066052497128,0.02938461638319138
0.001974869459999151,0.021825253696278055,0.003937121084890281,0.03211551924487009
0.00011029744108322443,0.019623781449402754,0.007614056476773818,0.02759640561111961
0.009702728576013531,0.00358055982973409,0.017982845975568873,0.018378552824612066
0.012965800692446988,0.002664314130746257,0.019348710558204495,0.02001599930746597
0.007796072299098587,0.004980283574111457,0.017350656952283473,0.01847159602683473
0.0005058616325749351,0.020470408948017774,0.005660917574765223,0.029250255891362004
0.0018838354695094315,0.021407365947054075,0.003857483909377731,0.03198080872528174
0.00011204233200822255,0.019129744735448678,0.007489832906881326,0.027558974254029055
0.009648088697968654,0.0036191292126331676,0.01785670379636163,0.01834416091033835
0.012814222447755694,0.0027508426331043093,0.0191784811523223,0.019861274302455663
0.0076324302076746136,0.005114489039219641,0.017143778474980872,0.018586304639202654
0.0005764565242146794,0.020111502834200906,0.005318353758081824,0.029376909155755294
0.001990499496387139,0.021046308637852267,0.003639347505093213,0.03210900817663646
0.00014160300618119273,0.018829129162318024,0.007034406825684214,0.027700192492554586
0.00945448044939412,0.0037458343415620724,0.01764967578704516,0.018323482579870473
0.012635115484737445,0.0028439198016689303,0.01899856621291108,0.019684378276166047
0.007789663187031718,0.004956436811669344,0.01705362255289692,0.018547932357427875
0.00036786464661490954,0.019350125369211196,0.005763565781250167,0.02876677159732834
0.0015782935092898069,0.020379700691540353,0.003777583146618937,0.031197541062541627
0.00015457888020917976,0.018111216517764896,0.007252112224805909,0.02732172340325914
0.0091052126642533,0.003978215168194809,0.01727906244680931,0.01837400026877552
0.011942327035968101,0.0030213016030010914,0.01841924169747896,0.019329474207782138
0.007016612543803238,0.0057338497320224,0.01643030526960306,0.01908910562588381
0.0007082531639541724,0.019317747053593556,0.004719332315914857,0.0292393348357231
0.002055324089528724,0.020238434308516906,0.0032414764394759037,0.031754252372783516
0.00027584869974757404,0.01812946896759723,0.006223155742839293,0.02766614344517567
0.008796212260618339,0.004190165268326779,0.016977121908939262,0.018352801941348952
0.011839665012412294,0.0030736201709130654,0.01827670366743933,0.019142462482014184
0.0072037255510612715,0.005566914943501152,0.016431839948875926,0.018988495818791126
0.0006538945362244182,0.018927349752546303,0.0048033797603326215,0.02905312991194804
0.0018529696078756347,0.01993071775405283,0.003274175964765152,0.03137457714341928
0.00028823100902553413,0.017595388667808593,0.006616652519618499,0.027268146369994438
0.009244189323857946,0.0038882684133330113,0.016918530701239172,0.018513127597591127
0.012210838003764919,0.003020488577588568,0.018208405387883365,0.01962956472322288
0.0074897530119749445,0.005223191932069064,0.016175958639067095,0.019057335394884
0.0006554194917852508,0.018654095831712268,0.00477761156619622,0.028811336709139036
0.001883891130286486,0.01964807146568226,0.003166847526502579,0.031179127796922758
0.0003579589755895788,0.01734916722134078,0.006327624332338202,0.02730014898612947
0.00909852927561146,0.004001880060633229,0.016691341143756977,0.018580239423135476
0.011968502444126223,0.0031228167535705953,0.01798149250406613,0.019430268510828658
0.007266320140679604,0.005507946817510276,0.01601831120145776,0.019241264856943815
0.0008339494660702936,0.018331902005926142,0.00437895552078708,0.029118958718550768
0.002088555252022025,0.019317717379760343,0.0029448999602732988,0.031598976077501666
0.00045738599537968865,0.017013569940928897,0.005904055766776409,0.027484660280321555
0.008970117856366326,0.004130688076218284,0.016634722167999876,0.018474631489851477
0.011879573904854715,0.003209314884106895,0.01792712836048621,0.01922447697932473
0.0073086328459543715,0.005501677351253584,0.015998189438458398,0.01925740218640163
0.0008535603415325914,0.017946949752438657,0.00436199238073447,0.02910720802181228
0.0020421196565226403,0.018964050125891016,0.002930305591156725,0.03146290246972873
0.000495124060437922,0.016638038325978394,0.005989584529276661,0.027381542338141173
0.009119730916885683,0.004066054463116902,0.016539433821496904,0.018616473190195663
0.011996511006195696,0.0032434944636674347,0.017839938604853087,0.019428089264548896
0.0074158298584574185,0.005375038452220928,0.015834892293715236,0.019287435518991976
0.0008792669457043495,0.01763563709334028,0.004339093720162456,0.029034572405948318
0.0020568745167589297,0.01866193435093235,0.0028745689294259924,0.03141839590850553
0.0005635416619221644,0.01628511559192619,0.0058607383935972675,0.027330157630651657
0.009088278067659925,0.004137157187646569,0.01648426164726364,0.018575954610895652
0.011896047665546748,0.003325735018017056,0.017761895990837724,0.019239453275528378
0.007339663094515278,0.005493115001834398,0.0157242874364334,0.01931832820194209
0.0009945657962344694,0.017383001511924085,0.004137136729392411,0.02915080566054134
0.002173530537321016,0.018424787930804917,0.002745427500716239,0.031530283458892416
0.0006539628200268794,0.016047876810475464,0.005607149007360305,0.027330710017512833
0.00903998993289046,0.00421710037349987,0.016354424743774163,0.01861570912084771
0.011842564942080415,0.003388818001692539,0.01763369694776993,0.01921290836086336
0.007300895238972931,0.00547587887589237,0.015455360337033262,0.01925559486975451
0.001056575904388571,0.01716311374493522,0.004060551754629662,0.02909126458862047
0.0021936991466908503,0.01820430346176293,0.0026940050355655975,0.031397580377475046
0.0007213683489859787,0.01576054208887153,0.005564255894937953,0.027167485175478838
0.009118983943862036,0.004211348408454272,0.01627282197196593,0.01866723886482243
0.011887528719405347,0.003429944484929812,0.017566209311578238,0.01924736451326039
0.00735127790356864,0.005417871994768339,0.015301784308726725,0.019196198474960617
0.0011126841122416908,0.016941563258779435,0.004012884368947466,0.02903587639038412
0.0022292884372391492,0.017992363359056695,0.0026379788316294676,0.03133149888011013
0.0008000385901384176,0.01550248896414806,0.005459881136338589,0.027070093232219965
0.009108275756606525,0.0042603038248854586,0.016174108092779013,0.018659529587874264
0.011834932101054988,0.003493845254473233,0.017470061631922426,0.01918297700112457
0.007289005494698082,0.005455910523409036,0.01507990158053258,0.019152686419093075
0.0012069055816591632,0.016752517565754688,0.0038904853346163784,0.029043378755090093
0.0023091544043623343,0.017797857524147042,0.002558653549850752,0.03131187501239042
0.0008832215856179556,0.015293916297579523,0.00531515416946582,0.027011816981802394
0.009056511538086445,0.0043011313634393426,0.016005301437718333,0.018615087930844296
0.011806824158169235,0.0035535697283984374,0.01738511181474069,0.01915566518548846
0.0072877028964931714,0.005447518974715133,0.014920081404777252,0.01910204440861017
0.0012655246635081669,0.01653905524407694,0.0038507831917415393,0.028993170102568477
0.0023330170355815964,0.017591188268340618,0.0025255444331382794,0.031230945447019914
0.0009522115505084749,0.015034642272500547,0.0052807673578849955,0.026883086364701575
0.00906444633373576,0.004312406428086005,0.01589486140042901,0.018573389753390054
0.011809316923357674,0.0036068572471141605,0.0173240466071368,0.019148308369278305
0.007296284812756622,0.005431031986185039,0.014772655661148161,0.01905108552418715
0.0013287816005227318,0.016330922154877962,0.0038035320662299743,0.02892651357082946
0.0023784780681956603,0.017400127835946095,0.0024823512581558316,0.031168065055168948
0.00102847857730043,0.014822573977472098,0.005196846402307158,0.026796279016979768
0.00902335266175132,0.004350532884186361,0.015750264308356732,0.018534154260010004
0.01176712150096742,0.0036679058733055762,0.017236772923569427,0.019118188798543673
0.0072622012579823736,0.005452737848269988,0.014596228218082843,0.019012453505469228
0.0014086454004622621,0.016150549558890708,0.003731459242401242,0.02889668981568515
0.0024386154293344862,0.017222669718309536,0.002432714072727523,0.03112622434260413
0.001106930866031861,0.014624067039564845,0.005112818029808458,0.026713242371829253
0.008992230927586699,0.004382990955470026,0.01561926001099206,0.018491402607576708
0.011743304216881252,0.0037232283233731935,0.017164051209058562,0.019097530771105535
0.007262241486524913,0.005452569151887563,0.014458663515819982,0.01897263087391698
0.0014726933127944377,0.015942408958349683,0.003686984910823492,0.028786880440207153
0.002481727044985619,0.017051478747368627,0.0023992260042135665,0.031051385781903945
0.0011821070763510572,0.014429021899843441,0.005060167022603488,0.026609828880433728
0.008972289148655225,0.004407559882423966,0.01548871996309879,0.01846592874999969
0.011691672838351886,0.0037664412371704106,0.017039934332208823,0.019053100832641175
0.007252775767813791,0.005452630111833094,0.014302414872092998,0.018933813785367532
0.0015403067316021835,0.015739026345736838,0.003634918219819929,0.028658327111289107
0.0025341732387155424,0.016890707333532314,0.0023628006132846435,0.030984962344131367
0.0012594174791460291,0.014250571933253457,0.004996324555413012,0.02651921219670141
0.008940374011426264,0.004439152982924296,0.015359741721592594,0.01843328664132497
0.011622493089726982,0.0038087312018908817,0.01690874049264622,0.018981234348056424
0.007241529475005305,0.0054632846760458206,0.014163697334833542,0.018901802729667395
0.0016091675906077113,0.01554297119237887,0.003584966925562939,0.028537899006947264
0.002587267253529589,0.016735744168977457,0.0023293683602444463,0.030922479951240568
0.0013356370904680445,0.01407918631705079,0.004941026811804107,0.02642657630889885
0.00883669328179961,0.004485787246788161,0.015082806239885114,0.018419022775069665
0.011333223211289128,0.0038325397345792393,0.016535050794890514,0.018830168754230422
0.007308476337505474,0.0054163078113483865,0.014023029995794488,0.01886713590742673
0.0015039916743952962,0.014816647879665986,0.004004927804565602,0.02752836537340434
0.0023117620955613884,0.016366396324545007,0.0025831140190567497,0.030307619317824587
0.0014433270878418086,0.013589824764785971,0.005113473776510474,0.02581760776988788
0.008510093799729874,0.004682009751185684,0.014639981071721197,0.01850795519033004
0.01082632192430906,0.003933095857456774,0.01595576059516569,0.01865253454309869
0.006741137595440723,0.005800873218295132,0.013157992688302856,0.018974767641535634
0.0018093610313335581,0.015077254644487814,0.003459711874890951,0.028072094308992084
0.00265643075441507,0.016318570036454386,0.002299965766846032,0.030525249447099174
0.0015868042500772608,0.01372210817075669,0.004719374959075702,0.026140936792532033
0.008409842249691908,0.004742742455634171,0.01449668842809184,0.018385037106988862
0.010852854759717936,0.0039262641270802244,0.015967542109259925,0.018481380755016114
0.00704528077315941,0.005652232342303565,0.01349723123066084,0.01892910244429813
0.0017648555745162044,0.014677574506030043,0.0036744414767359746,0.02758433310513342
0.0025288792303994,0.016168323875273772,0.0024324584400079352,0.03026594522517903
0.0016307014944510687,0.013304823328156495,0.005017458112072131,0.025569432912172126
0.008640403203547755,0.004545090030176776,0.014419557584720903,0.018481741066594642
0.01099914099008502,0.0038702773563373946,0.015800030970440103,0.01884574544139484
0.007041148831603543,0.0054648367647998995,0.013091638709757231,0.018823794696836146
0.0018607402755883452,0.014609971473937309,0.003591710609935292,0.027464054202755838
0.002656041792803789,0.016058992301286452,0.0023424594312229964,0.03020080061503975
0.0017284421716825685,0.013281461089587257,0.004809937371465827,0.025683028393828418
0.00849455717247978,0.004633960065918816,0.014241272983219031,0.018425902774172175
0.010805511555010397,0.003926976950104953,0.015651390064737356,0.018591632232074676
0.006973254075773973,0.005615380411953909,0.013073518563228304,0.01888057414354219
0.001970974351182439,0.01443025418890345,0.003460066638821764,0.02756341643130685
0.002764550597320199,0.01588758247482477,0.0022754267354864535,0.03035973521405593
0.001803079607520436,0.013131351803783066,0.004728937285331022,0.02569331675012798
0.008476639927543871,0.004636355703906433,0.014152016307570639,0.01840785148454313
0.010800501509927741,0.0039366486958504155,0.015549066313582119,0.018654469180732665
0.006997784250583124,0.0055078312817996525,0.012929384915247671,0.01881144639877688
0.00199585058537269,0.01422828110553873,0.0035013936504631657,0.02734609667162855
0.0027627076737844042,0.015743022648512406,0.002303113862697944,0.030200175431659888
0.0018502705338170413,0.012918488095726316,0.004790927106882123,0.025481240082248547
0.008521715635738626,0.004590005779605197,0.014061053787893303,0.01847111097161832
0.010807749569052264,0.003944589846900985,0.015458004350899033,0.018736034687221004
0.007007739160293694,0.0054678364245796494,0.012841171501246928,0.018778552081188404
0.00205447438763662,0.014054334535426316,0.003472262099744577,0.027268754284054637
0.002831957851853407,0.015599053227666738,0.002270691132981054,0.030244733733380817
0.0019174155655045926,0.012797681532993287,0.004714905479548339,0.02549022084574587
0.008453360128217397,0.004637306270814707,0.013980113702966302,0.01840440394145527
0.010702655991224679,0.003983043865701535,0.015349373619486016,0.01862109959603271
0.006958327347880658,0.0055143344260570135,0.012726934786693466,0.01878115608381181
0.0021348074051469107,0.013943591139478895,0.003398976806349302,0.02724193714652697
0.0029104852554089,0.015491545500351667,0.0022297693043731933,0.030206248545939264
0.0019846151897252745,0.01271219693042996,0.004657100295131383,0.025436952985578014
0.008435185576398808,0.004636763869179213,0.01384669023133036,0.01845056423009279
0.010681381522053729,0.0039936365667048515,0.015232461423600139,0.018686177043452205
0.006970903243896146,0.005461446713514279,0.012616804743334402,0.018741019139425913
0.002174915664495974,0.013794041735253863,0.0034128534106073294,0.027083243016240897
0.0029363329724168097,0.015382136173396715,0.0022378826882333428,0.030128458576189253
0.0020374785337253366,0.012559215814823802,0.004679072492433598,0.025305465902881498
0.0084384500424043,0.0046309864473629255,0.013792065674837886,0.018422857985427726
0.0106481170964879,0.004012773047438498,0.015158417499226523,0.018662252460799965
0.006963805569089608,0.005460413639449022,0.012535167835815398,0.01872334401488266
0.002237977677376105,0.01368339587905266,0.0033748760935159343,0.027007659371353115
0.003005897896640818,0.015285713722348099,0.0022064805681745662,0.030088524546732675
0.0021014843625466262,0.012491667060384687,0.004613560561260088,0.025279948885868635
0.008381864019302368,0.0046574922940884516,0.013662095398114292,0.018425710272435634
0.010574307329219773,0.004039884765483685,0.015035321090211662,0.018651379311215344
0.006927507818579049,0.0054692075589422035,0.012409340583915036,0.018708353081106126
0.002295810302279912,0.013574658022044946,0.003343543195865638,0.02692748651205822
0.0030570096726319777,0.015185486085697511,0.0021923692916694104,0.030040070230570114
0.002153627480033058,0.012383068507731371,0.004600188216217112,0.02520279763313118
0.008361673762507073,0.004662749264948547,0.01358809211949013,0.018409024731593684
0.010540691652573356,0.004061389951656708,0.014964844830858012,0.018647144315489524
0.00692752627092996,0.00545268830881954,0.012346329509983388,0.018683477839122203
0.002336772994000075,0.013445105882426705,0.003343700814778747,0.026811474062271162
0.003095872433642117,0.015084779352509896,0.002189882395011072,0.029977504377220788
0.0022027736094603016,0.012280364705929865,0.004589982881056825,0.025124613746764834
0.008319473853415365,0.004668762037604477,0.013478703819938036,0.018393163093567675
0.010485755974841846,0.004086321403930175,0.014866130167076077,0.01865620369187716
0.00689489354869345,0.005452853114829569,0.012235484672875063,0.018666048530431613
0.0023894643254076635,0.01334023580248689,0.003317803715671059,0.026731444286938737
0.0031495553737799047,0.014985618269337957,0.0021736399800640514,0.029929583974614527
0.0022538718699652597,0.012194025525520463,0.00456076088045005,0.025076804067550956
0.008273789093842758,0.004685530331225082,0.013386762858448987,0.01837275096219683
0.01042787265954423,0.004113078236296104,0.014782099945038006,0.01863885818382003
0.006873986842268765,0.00545574408460024,0.01215928607631534,0.01865121096139726
0.0024360443639832507,0.013226830832041412,0.0033041034847060627,0.02664001258368842
0.003191951578438795,0.014873011508560574,0.0021635976188443605,0.0298421818103237
0.0023025330900206414,0.012104281308485102,0.004545863431993255,0.025011882911788918
0.008230178101722229,0.004691763185459004,0.01328151344433037,0.018361120229378834
0.010375820464914996,0.004135758022106434,0.014687661215149948,0.01865559695843453
0.00684689905448481,0.005448320796973428,0.012058946332771464,0.018633980518998738
0.002483277101091605,0.013122779125101102,0.0032899382003961715,0.026545277734214327
0.0032358130705523575,0.014763115484241621,0.0021525195610762925,0.029748026401738747
0.0023512757325489055,0.01201951908002568,0.004528699283753045,0.02495356721358708
0.008186067058688018,0.0047025032163605434,0.013186864090314993,0.018348601926036556
0.010318062819471384,0.004159840260019661,0.01459881753676606,0.01865415909784351
0.006819853934516143,0.005449992397126046,0.01197325502838683,0.01862198384804996
0.0025321711983045453,0.013020327908710974,0.0032718026258585697,0.026460329603067035
0.003282587138333995,0.01465157241818272,0.0021384346636772263,0.02965569461631997
0.002400583687653376,0.011942258723537609,0.004506525919591554,0.024904102973486608
0.008135644323863066,0.004712533754740286,0.01308213275948725,0.01833841741552652
0.010258461916054019,0.0041829716000236095,0.014503284909070956,0.018665607882739698
0.0067884098025851125,0.005447247072849713,0.011876988490781571,0.018609930884874216
0.0025795533866272325,0.012920691575859325,0.0032563570006541704,0.026371262222662662
0.0033265196687265277,0.014540686097755993,0.0021272642767875063,0.02955575187000713
0.0024478240350259924,0.011862651874787598,0.004491596352278596,0.024849563809480862
0.007676560168506569,0.0048924418192528695,0.01266901616999578,0.01834717494364691
0.009731716082176595,0.004254903715787534,0.01411693193626607,0.018541266887440296
0.006544381373564626,0.005591548662159282,0.011645240965393697,0.018759231369761497
0.002538689277610263,0.012668995184543648,0.003476367516953959,0.025963333584345015
0.0031528141798251408,0.014252723991677216,0.002312707124647553,0.028877332165652757
0.0024743358575972994,0.011639550916413261,0.004716177551039529,0.024513479917860223
0.007761303279361716,0.004758694359057951,0.012577410954964997,0.018409338241358177
0.00977699877530234,0.0042165499210583875,0.013986907120892636,0.018772754349315662
0.0065235983034374915,0.005506514304039711,0.011430943956182854,0.018734874105517735
0.0026357663180364825,0.012631933063475285,0.0033916235756932004,0.02591477125627608
0.0032920875567451235,0.014203760024949448,0.002226019972597643,0.02891576022237538
0.002570211588493279,0.011652762053690174,0.004541753219460264,0.02462166309763416
0.00766687056765115,0.004825073641576064,0.012453694464626457,0.018383183866596216
0.009633696963576749,0.004245937131374721,0.013840456324104484,0.018625279638785762
0.006476015525694784,0.005584131095457861,0.011338002614768621,0.018784776896239093
0.0027373742217888034,0.012554391072949526,0.0032831713193859653,0.02593326627507398
0.0033984350257379114,0.014115678746365464,0.0021701110380064354,0.02892085503658607
0.0026418134701807774,0.011592987949065025,0.004491769604065359,0.02460688676753412
0.00763193468868686,0.00477035240160936,0.012283065905699482,0.018418854891202673
0.009637567978187859,0.004225579158972054,0.013721687644130315,0.01880661983519861
0.006487083485454348,0.005460222970803001,0.011233702306883694,0.01874360372565135
0.0027570571667974567,0.012393397813720217,0.0033445372671765724,0.025755489261732996
0.0033983197167502493,0.013952348154686994,0.0022043598151138028,0.028751741565461186
0.0026780551639587927,0.011430735911662594,0.004561393952553113,0.024494065902581633
0.007632497105951967,0.004735666507535563,0.012242166577758676,0.018440366826939482
0.009596878204838307,0.0042316286301870435,0.013642438299441843,0.018850197784498545
0.0064473135771268425,0.005448972148526382,0.01114044239688295,0.018750488830768595
0.002824811229917496,0.01228911763065527,0.0032792351337916836,0.02574232139265269
0.00349423151339855,0.013844934277176238,0.0021512876822271437,0.02878988993361285
0.0027323382875216588,0.011360943416067408,0.004450239230254729,0.024495226388539456
0.007535462764355106,0.00475281472836132,0.012089492003150421,0.01843718108093375
0.009505315178435468,0.004252774248751822,0.013516764095872793,0.018869843977901576
0.006396245954545618,0.005446226583638452,0.011030851707276716,0.018760140553411124
0.002876193665327022,0.01217818103906814,0.003248420657854904,0.02568920256556122
0.0035424196351507395,0.013722828982769112,0.0021399886876623457,0.028729180806735456
0.002771502164914638,0.011251923056306595,0.004453833095343576,0.02442792820443991
0.00751324173032446,0.0047241011987308856,0.01201225663595823,0.018459466218742913
0.009485909503404557,0.004253204048484673,0.013444761097946175,0.018954482657264803
0.006385462088218823,0.005389920502768337,0.010962182751012413,0.018746909846720082
0.002909769987500721,0.012062151480965037,0.0032583817097402456,0.0255823959274372
0.0035798417496564427,0.013610090855946598,0.002138001221773047,0.028631442956616526
0.0028122612076648076,0.011160796362222966,0.0044437547595092015,0.024365921553520933
0.007466935565111211,0.00471355942178411,0.011909930168577196,0.01847273192793307
0.009426179017574,0.004265151291723484,0.013341938713083167,0.01899673804155868
0.006338455545441118,0.00538363235721041,0.01084946717290703,0.018754357371555595
0.00296873599188821,0.011985440784172987,0.0032104506423583003,0.025540917518624945
0.0036513285168847712,0.013523135776805927,0.0021058943159603977,0.028601791857533882
0.0028563365070977957,0.011087863421309758,0.0043872277496296444,0.024320650550982367
0.007411823873504259,0.004716426812170318,0.011812680221339739,0.01847661932445495
0.00936943255638204,0.004278960030107466,0.013256020427841533,0.019020501944949503
0.00630676830765236,0.005367229631965719,0.010772122478460757,0.018755563365420995
0.003008871192051348,0.011890605883531597,0.003197543291114881,0.025464105901668737
0.0036929766320197843,0.01342246175933516,0.0020986913901040066,0.028515337027843517
0.0028910678019556293,0.0110045410400524,0.004381189509634286,0.024259993340156206
0.007369153005627259,0.004700788180131306,0.011719509812492576,0.018495261908193828
0.009327635178162662,0.00428888195048199,0.013174083090797168,0.019088703900201315
0.006270139725499763,0.005338654029858076,0.010684075608668341,0.01875482175609068
0.0030456452006406773,0.011797545439966514,0.003186682146981999,0.02538693431720727
0.003734248360441613,0.013312798207465388,0.002087778905028951,0.028424845275600054
0.0029234294555231556,0.010920546219705101,0.004359108753089867,0.024205574325102886
0.007315324384588424,0.004701038846726842,0.011635993868486124,0.018502268057665618
0.0092660035793441,0.004306647445604758,0.013093594854061079,0.019116073670796797
0.006222666261077054,0.0053324407222994,0.01059867403999432,0.01876183218956916
0.003088813719308048,0.011711261696569723,0.0031588650644048485,0.02533298891998042
0.0037859982571756944,0.013212680401977218,0.0020696205115270623,0.028360884016834377
0.0029561215523109968,0.010844098460506523,0.00432659147263893,0.02415684143823777
0.007255263852843989,0.004697915616407083,0.011539590111161097,0.018514826220840448
0.009209654439616285,0.004321849388013371,0.013012641481970472,0.019165176884026837
0.006179776329274033,0.005312899997030828,0.010518057536052856,0.018766721065964786
0.003123384719930853,0.011617441828722376,0.0031493101914715983,0.02525853355320907
0.0038234985197203885,0.013102082419906997,0.0020628217261823623,0.028262887530091978
0.0029854281751232913,0.010760105439535896,0.004316628724447967,0.024099877129484536
0.007204012714514662,0.004689843218941711,0.011456429743961605,0.018532250768040444
0.009152788407292197,0.004333714776230832,0.01293008797571953,0.019211666764471027
0.006134292505329937,0.005293486004583913,0.010433774765422534,0.018774632354850627
0.0031623462097289043,0.011530242690237892,0.0031326709881875233,0.025190637422249917
0.003870771892227528,0.013001025505741058,0.0020501444138087016,0.02818114853463542
0.0030175659155958537,0.010683321022182835,0.004291382282576774,0.024048431203501412
0.007144377540725899,0.004685334871700489,0.0113643180106331,0.01854923920031734
0.009077646265060867,0.004340890314871417,0.012826932118780752,0.01922895047223079
0.006087075827701407,0.005276975211656742,0.010350273943017105,0.018785792962379578
0.0032019956197644867,0.011442810365440585,0.0031163703593563904,0.025122808966377863
0.004209423244284391,0.013664928839900125,0.001984640729712469,0.02735281361481947
0.003640276936349685,0.012000004676456406,0.004217501268255442,0.024388508771197456
0.007149150723230598,0.004214219167182759,0.009894997677224016,0.020022682076721185
0.00903591197000353,0.0037616051960276025,0.011384549691562646,0.021119457901403828
0.006447671391536104,0.005015225822306518,0.009467728653776387,0.019531047534257977
0.004281065506346204,0.013417695248522541,0.0029796102570892793,0.02447496632996892
0.005049350348069628,0.015000442269793596,0.0018474170884687404,0.027331952424247723
0.00415585072819367,0.012513806328135396,0.004146464503940812,0.023930509206428884
0.006942187842167276,0.004471137677152482,0.010312229982773221,0.018959176370960742
0.008334615986000077,0.0038605645860887005,0.011261480655288113,0.020198428975858634
0.00592917478041052,0.005452701683575201,0.009231765076259054,0.019453631862165092
0.0043911759884412,0.013713591810230217,0.002825344221297327,0.024567804109502843
0.0051682650813906945,0.015074183948027661,0.0018835466381063848,0.027154170121231176
0.003896911761033991,0.012775004443684634,0.0041886501170319505,0.02385595409666361
0.006355254050941034,0.004669226765771785,0.010060954343848811,0.02020721348344785
0.007920793206802862,0.004133816607164519,0.011363238066634699,0.0212879525382126
0.005523886420143255,0.005543301660292268,0.009975768507938517,0.01967097685910816
0.0034835457864128166,0.012438917528273315,0.0036556966243487025,0.02446458890406556
0.004146924749493664,0.013545569081300408,0.0024651507572677317,0.027490111261072075
0.003164846813127869,0.011611787644453551,0.004716428111825804,0.023720164953556715
0.005762141435389608,0.005427972586198515,0.01085881169618565,0.019172315793743035
0.0070681251142612036,0.004675600936973134,0.011611212245379095,0.019856515404290488
0.004878168098400519,0.0062562776334508,0.009940441907965919,0.019546834088942595
0.0032655879753695437,0.012366054041068143,0.0036453680847543675,0.024485377353638347
0.003946711641793231,0.013496181528247705,0.0025777525163470038,0.026974981490132756
0.002952116561755714,0.011786290023586436,0.004893234768969652,0.02362314810999142
0.005623124131987042,0.005386463064041521,0.010601557495487295,0.01949120940329433
0.0072007423335521915,0.004753200714213326,0.011752000564931116,0.020212500556813555
0.0049653998752087385,0.00616098865633536,0.01023607064278898,0.019338897470314104
0.003005227314092767,0.0121369745491153,0.003976087204041366,0.024187653876695338
0.0036380348389700827,0.013230946786461398,0.002755206001892176,0.02666942953369536
0.002842583373227622,0.011546032888802916,0.005094546841496234,0.02340077373541743
0.005839464140781121,0.005614063542373626,0.011105403896748748,0.019089456878071898
0.007228699300043631,0.004897033868802337,0.011865538008873607,0.019543401317412355
0.004901061817797823,0.006409281549194153,0.0099168478989543,0.01922319011018354
0.0031797720833699333,0.01252705603173135,0.0035959550523064834,0.024236076823231305
0.00390387582994731,0.013691488361758361,0.002502150858522934,0.026645505956366732
0.0029618269997528403,0.011925007481217421,0.004668687585019343,0.02342647307154387
0.005779989605906655,0.005675984026338548,0.010722279545859633,0.018961740588466326
0.007321367646510692,0.004939873410954171,0.011866422636158835,0.019313016435537633
0.005094324190402692,0.006439282130501048,0.010145403417909538,0.019117713790136028
0.003108166216210824,0.01238831563780195,0.003731348174522312,0.02405185771378991
0.003742668865358801,0.013518028414215379,0.002599307400857241,0.02632946143745859
0.0029353596524659283,0.01176719299516803,0.004890949559507544,0.02330264063484874
0.005950087902022273,0.005635746533444019,0.010894832184316118,0.018890383466008475
0.007424539875147088,0.004942642025925523,0.01187764961782263,0.01934015271515626
0.005061790777751014,0.0063645806948244696,0.009894107967950939,0.019050529028725945
0.003155857685008647,0.012434868522084232,0.003642747023192452,0.024008927847659844
0.00381876104929125,0.01353107795590995,0.0025252902607424185,0.02626471749691246
0.00296806621872208,0.011741243930987974,0.004738614410492149,0.023296581957464403
0.005891117700552901,0.005699472371775638,0.01081449975204541,0.018789476975549422
0.007384357581677092,0.005023348314295837,0.011931933897492523,0.019105486362539344
0.00508674321501345,0.006469517825155825,0.010052865223809836,0.019017633600605648
0.0031537540771117804,0.01218833291337675,0.0036204262061080607,0.024010385045017475
0.003813412953975574,0.013287135237964886,0.002516992998926945,0.026323679662476306
0.002964658341606648,0.011544797885346052,0.004726117790392197,0.023240167737062355
0.0058535464523554815,0.005691569391498324,0.01077037728100418,0.018745632482560243
0.007369181473642654,0.005049534055222536,0.01188823013560214,0.01921395994515538
0.005030381247820424,0.006382298893702558,0.009908439077414146,0.018979160359561938
0.0031597469766396834,0.012050427927172187,0.0036325899023812204,0.02394327106576483
0.003809965247080407,0.01311067365555651,0.0025287649153881682,0.026204631224538245
0.002975686751671482,0.011388570371567326,0.00475889641208407,0.023194999805289173
0.005859185874961407,0.00566297614330802,0.010775870223285581,0.01872310877937986
0.0073734123118096235,0.005060447557932193,0.011909592315644407,0.01917094656743057
0.005052833783916101,0.00636337802285847,0.009947183932250372,0.01895810952461075
0.003200326357985612,0.011887180118604034,0.0036078182909387276,0.023904692639211744
0.003869957914952624,0.012966557549713353,0.002493637637956167,0.02619933701550998
0.0030335963551355715,0.011283236972346442,0.0046809827072298105,0.02315557847691687
0.005823462843758339,0.005647589591483881,0.010644172628131669,0.018714622059716038
0.007340885806908444,0.00506266772613837,0.011792714171540167,0.01922259088242064
0.005036159309938744,0.006328102900379222,0.00979897898441115,0.018957856825949894
0.0032796579624675853,0.011812260727076038,0.0035457538563596746,0.023862439992801292
0.0039465835374845794,0.012876131204800217,0.002454313960479672,0.026137496217751067
0.0031005163601230262,0.011191289204155908,0.004644582942462884,0.023105854065786826
0.0058511396897078976,0.005610592220755155,0.010599983487156848,0.01871632430319049
0.007359008938422059,0.00503890934942525,0.011743514552464496,0.01922257873544279
0.0050735432742588195,0.0062681271717798595,0.009755740071336824,0.018947125286882825
0.003342983946679708,0.011723229220748135,0.003525745155638523,0.02378747663518748
0.0040122831998780925,0.012792119657683095,0.002427710612854444,0.02603408293136762
0.0031711119873930743,0.01112711187309818,0.00460554373743476,0.02306749064555712
0.005845693808364555,0.005566626163346567,0.010479069069263283,0.018733726139672485
0.0073491728691817415,0.005022946623677422,0.011640698973435608,0.01928098695985527
0.0050737817887019565,0.006225750379358809,0.009645271878728618,0.0189489268189183
0.0034169250479756733,0.01164504488080871,0.0034764329632838813,0.023739775836161606
0.00408764877175936,0.01269965192711685,0.002391347506795468,0.025989196692210864
0.003232302938003693,0.011033793801854508,0.004556870012042215,0.023018250295181578
0.0058443293894585935,0.005550031306326218,0.01042565724626988,0.018729909817384642
0.007331371243378362,0.005017399092293226,0.011577423021779151,0.019277587136807554
0.005072674447716651,0.006191274063415783,0.009576563831995963,0.018948735034248886
0.003474611364645677,0.011554611174057858,0.0034451561245867285,0.023687678228731256
0.004147781825276896,0.012603142757875474,0.002367887144958126,0.02591760641303495
0.003281782017154885,0.010953137473557435,0.004526215873860455,0.02298213267702366
0.005822113021251439,0.0055176154594431025,0.010336697485094675,0.018743117692843404
0.007302543455073886,0.005005720195685116,0.011496116015352664,0.019297326512230317
0.005064855077547608,0.00614773841859035,0.009518647778093303,0.01894697275180664
0.003515721182496675,0.011445988510948454,0.0034346519933967272,0.023628832483321822
0.004188899823603755,0.012482085161189541,0.0023575819213512423,0.025849089733060215
0.003320027270316047,0.01084952495767665,0.004511884984966299,0.022934964433864086
0.005804026968823967,0.00549888003297646,0.010284275410136665,0.018745821165421523
0.007266062407614511,0.005002363754401615,0.01142308589786688,0.019299554539694445
0.005043715006007091,0.006116937191962185,0.009442229290621013,0.018950652134228908
0.00356588992161402,0.011358074874924202,0.0034050130769601654,0.023582538855707345
0.004245901213970169,0.012385877850572252,0.002335903211362406,0.025792129305603075
0.003362236099001395,0.010766817589876425,0.00447790664026905,0.022896909661998456
0.005778055364373571,0.005481526872943521,0.01021588137764615,0.018751310530739633
0.0072335725330448875,0.005000213346811095,0.011358776100158584,0.019300234658276617
0.00503275768661359,0.0060870601107941135,0.009392333297875546,0.01895257458503657
0.003608210748217444,0.011263037365233156,0.003389880669892478,0.02352724354407653
0.004291665741704687,0.012284313370546513,0.00232343487388807,0.02572026468491931
0.0034014180715909465,0.010683306826615802,0.00445936446061525,0.02285589079404004
0.005756002226738134,0.005460217456592831,0.010150300498435032,0.01876148644107739
0.007199718761248815,0.004993978901738199,0.011282987976265348,0.019311923397234313
0.005014194448422723,0.006052691502409939,0.009319677802114382,0.018958754625828793
0.0036548276124869776,0.011182800184061604,0.00336939834939285,0.023473318640235906
0.004343124599748776,0.012194215986426196,0.0023079761119662924,0.025648000767247915
0.0034418612295479974,0.010604869352833382,0.004435795703399799,0.022815959023797783
0.005734554166156501,0.005443626332663307,0.010092346080395966,0.018769226730705156
0.007167843729625273,0.004992002180556835,0.011221045128758544,0.01931379798361612
0.0049985996519888885,0.0060256921328350355,0.009262086298915784,0.018965638156758495
0.0037014071387991582,0.01110070984674566,0.003348577853507134,0.02342134823028944
0.004396353833570147,0.012105656165524172,0.002292203710296517,0.02557974820477984
0.0034823312248635874,0.01053037058661636,0.004409880122940886,0.02277849951658744
0.005706612646809123,0.005425843675309678,0.010024720951075202,0.018781461955081746
0.00713040500228243,0.004988383219828373,0.011150205935758184,0.019322793035273157
0.0049781478357700205,0.005995568772076963,0.009199457709032511,0.01897516237431863
0.003745505332682818,0.011017999137114168,0.003332598074709039,0.0233672431543441
0.004445371409966948,0.012013016598185542,0.0022809877378321434,0.025506055250259996
0.0035196438040451545,0.010451112589744729,0.004392720467226967,0.022739451113117176
0.005680289234168484,0.005408377947249557,0.00996820955445552,0.018794467012301613
0.007093443339985771,0.004985881185904367,0.011086588883459316,0.019332561292494853
0.004955521470565311,0.0059660100084287515,0.009139488337783618,0.01898662469781384
0.0037903495528684578,0.01093619250353622,0.0033162571518251683,0.023314394187205965
0.004497648135694057,0.011922838959562414,0.0022689978597934027,0.025434490860521707
0.003557929236306208,0.010374939928344918,0.004371775732868455,0.022702772573498498
0.005649191811604832,0.00539172694810134,0.009906766529444194,0.01880960736272414
0.007053020802047123,0.004983913422276112,0.011021455824319801,0.019342322219694737
0.004931679103936853,0.005938068059443475,0.009081632540844764,0.019000073930521482
0.0038357075116801976,0.010853365264945772,0.0033008252965141443,0.023261677945890645
0.004550371565550948,0.01183165665242909,0.002258232377262231,0.025363015663242484
0.0035963452209826583,0.010298001447324371,0.004353177106284273,0.022665816355342636
0.00561822284138568,0.0053744097595149875,0.00984750872584445,0.018826835762150433
0.007012561456570546,0.004980995043526851,0.010956257385999677,0.01935570445352336
0.004906452324714313,0.0059080389958234905,0.009021388734743991,0.019015887395718332
0.00388238576596048,0.010773220212890688,0.0032863334947536306,0.023208121471459595
0.004604821747242507,0.011742940866426074,0.002248184067294551,0.02528757950194786
0.003635873084658646,0.010222829612032646,0.004335617887875018,0.022630219479654642
0.005587425599088157,0.0053565324918848235,0.0097893446269528,0.018845881917490974
0.006972774940309338,0.0049780100270622385,0.010893580794180457,0.019369521917276172
0.004881725788066958,0.005878615968710955,0.008963673627095266,0.019033246931496262
0.003930905177871246,0.01069358653121597,0.003271572126831479,0.023154925046717914
0.004662097895026318,0.011655620275920653,0.00223781464896038,0.02521294471333006
0.0036770882471829137,0.010148910407403554,0.0043166469270117264,0.022595599781604938
0.005555364169295588,0.00533861385768568,0.009729799318413841,0.01886648148780167
0.006931743499898345,0.004974601250468381,0.010829610836115378,0.019384377605108936
0.004855915492398838,0.005848836870701488,0.008904641403841356,0.019052698569702414
0.003981035024790175,0.010614876694429485,0.0032570891614823708,0.02310179489318532
0.004720966948347547,0.01156875804334159,0.0022281591617197495,0.02513655917827636
0.0037190647684760166,0.010074810160500804,0.004299250217886998,0.022561815383232917
0.005523671421943978,0.005320172756312604,0.009672698739732933,0.018888403388612498
0.006891404439198362,0.00497103612942249,0.010768253461331354,0.019400241537214525
0.0048299545709797505,0.00581836226620891,0.0088473627689812,0.019073589833608712
0.004032312177399867,0.010536067513085615,0.0032435685526224127,0.023048555078781004
0.004781700314839365,0.011482170581224681,0.0022190848257715055,0.02505877627118457
0.0037621843213728463,0.010001049248335737,0.0042820550284243235,0.02252949797024527
0.005491081692879096,0.005301496651258055,0.009615632856862542,0.01891159498303285
0.006850410325925454,0.004967463047866079,0.01070759297278592,0.019416200511501624
0.004803443014358705,0.00578803141882202,0.008790907243463625,0.019095999457150743
0.0040852921513641,0.010456910101565029,0.003230156682251687,0.022995818018291477
0.004844647760209674,0.011395373066477532,0.0022103100297466488,0.024980964698398556
0.003806540939305387,0.009926833207287725,0.004265039201700684,0.02249814224869829
0.005458281949490611,0.005282700507025366,0.00955986475154068,0.01893555614379987
0.006809453877972106,0.004963797155791264,0.01064831876011341,0.019432259126498326
0.004776668390232517,0.005757194660637153,0.008735160137367415,0.01911981787352207
0.004139970658553424,0.010377761945420972,0.003217282999866204,0.022943284183086297
0.004909735759642744,0.011308753902912855,0.0022020654916873276,0.02490148468741585
0.003852287356547664,0.00985256435581676,0.004248676303538009,0.022468385447310096
0.00542570099580143,0.005263431160428502,0.009505416448496139,0.018960372538773314
0.006769164679650737,0.004960008164181986,0.010591109991945416,0.019448165028809795
0.0047502577454050935,0.005726020207566716,0.00868109304574931,0.01914470713362394
0.004196590391861146,0.010298243193167906,0.00320476437070563,0.02289109753988628
0.004977423612350173,0.011222202818352768,0.0021940618727140627,0.024821206325090793
0.00389983713545973,0.009778167512418357,0.004232179160424102,0.02244019112890203
0.005393184237316474,0.0052438844124465325,0.00945175050592639,0.01898572382472943
0.006729178302992047,0.0049560711904243614,0.010535183579748902,0.019463488092635234
0.004724061937973849,0.005694589394056629,0.00862788597582089,0.019170709293666783
0.004255538402047114,0.010218493872026837,0.003192288602692071,0.022839498682096747
0.00504793067442075,0.01113565231443424,0.0021862640062014853,0.02474007891378712
0.003949273372611575,0.00970334991997145,0.0042158132745660415,0.02241364802886283
0.005361190594843264,0.005223964630097151,0.009399654753457626,0.019011396996885643
0.006690089879803126,0.0049520037685767265,0.010481478361113768,0.019478118144722223
0.004698485038934941,0.005662686898155568,0.00857636627440083,0.01919753586736909
0.004316769414946321,0.010138166234824126,0.0031801811878978984,0.022788412095946717
0.005121321723709857,0.011048918562973452,0.0021787697279845204,0.02465779981472737
0.004000779577679767,0.009628091795264627,0.00419954874547303,0.022389103511940404
0.005329668884789381,0.005203613791123225,0.009348861053826882,0.019037314871383
0.006651835514124723,0.0049478120760252705,0.010429879708887944,0.019491785996320492
0.004673636165140418,0.005630454946190782,0.008526624155067525,0.019225035599735405
0.004380577159904817,0.010057007915653293,0.00316822795204217,0.022738042972278612
0.005197932724762309,0.0109617788965237,0.002171445791512737,0.02457490254480735
0.004054600248757355,0.009552112537227502,0.004183148386737268,0.0223665237959554
0.005298767103652793,0.005182892813852862,0.00929956132555316,0.019063187021712544
0.006614543705892788,0.00494348239224161,0.010380499888759661,0.019504237995161915
0.004649689461628957,0.005597810589156364,0.008478682338913631,0.019253063784031056
0.004447175908139836,0.009974976105588012,0.0031564262831924217,0.02268849067218362
0.005277954527784388,0.0108742088354016,0.0021643063758032253,0.024491181395280472
0.004110932081603863,0.009475331227823548,0.00416670669305194,0.022346181582366117
0.00526881508951904,0.005161695708407523,0.009252044232798797,0.019088839300316844
0.0065786292236152955,0.004938983524518177,0.010333819413138049,0.01951526051195949
0.004627058833682618,0.005564714485723829,0.008433053406967206,0.019281338426337
0.004516752246462637,0.009891875138424851,0.003144768218496689,0.02263984166331289
0.00536166773483041,0.010786166293475051,0.0021572692297212527,0.024406798278298496
0.004170083221766121,0.00939770351443983,0.004149977791490116,0.02232827366606902
0.005239969565886757,0.005139998746354826,0.009206218797148903,0.019114045620379348
0.006544231744073602,0.00493425983775233,0.010289823350259174,0.01952455216942777
0.00460601348128007,0.0055311939584898814,0.008389799081784603,0.019309659528951233
0.004589583517516682,0.009807616969119602,0.0031330961302885917,0.02259227024481439
0.005449337995005144,0.010697600260901507,0.002150242230014825,0.024321982398369753
0.004232292619968352,0.00931906482494706,0.0041328595283673785,0.022312913043460395
0.005212564578766396,0.00511775497633575,0.009162345546484946,0.0191385290718135
0.006511712598740317,0.004929250941020248,0.010248828476464201,0.019531872728394288
0.0045869251021302725,0.005497167472134254,0.008349212273526927,0.019337766617674536
0.004665815783785427,0.009722082498003999,0.0031214044355675555,0.022545905532047203
0.005541129395298411,0.0106084748690703,0.0021431902320781905,0.02423679116253915
0.004297768968042972,0.009239309925956573,0.00411528328748718,0.0223003264170794
0.005186918439603257,0.005094894314264955,0.00912058841441357,0.019162029776213375
0.0064814207481669025,0.004923897866025924,0.010211129949571986,0.019536925170792963
0.004570209249771075,0.005462634880721027,0.008311648704233067,0.019365363158846755
0.004745594593768237,0.009635095214255334,0.0031095943200096605,0.02250090556831817
0.005637226700983995,0.010518733785505578,0.0021360067526369508,0.024151565814629235
0.004366733309390135,0.009158306000959198,0.004097036540469667,0.022290630688784292
0.0051633307193263865,0.005071362457829361,0.009081001332363633,0.019184256462227267
0.006453672428337723,0.004918099946522537,0.010176847856089657,0.019539433651535352
0.0045562635317861,0.005427546990091087,0.00827728358189432,0.01939218281715157
0.0048290049153743375,0.009546547089962795,0.0030975762699147836,0.022457444887966492
0.005737681457923335,0.010428335894709794,0.002128618603477927,0.02406656156625224
0.004439308741119073,0.009075882120090703,0.004078040960418884,0.02228392421220133
0.005142241636053102,0.005047062560248451,0.009043796998629448,0.0192049009172964
0.006428936755541552,0.0049117316324237825,0.010146241652062134,0.01953914685609073
0.004545567364523439,0.005391820660940558,0.008246371913700578,0.01941792682324463
0.004916042853536075,0.009456342220574917,0.0030852592085358083,0.022415704931681768
0.005842482693280813,0.010337290987705168,0.002120920141005092,0.023982111684416368
0.0045155848006843665,0.008991910540887552,0.004058124521863474,0.02228028215681312
0.005124076293843412,0.005021890354619479,0.009009039152183528,0.01922365111840051
0.006407658837943691,0.004904637955125008,0.010119434703714087,0.019535790466179783
0.004538610462870063,0.005355392931434181,0.008219084735770273,0.01944230666764196
0.005006621435773013,0.009364390274192478,0.0030725017714905685,0.022375877207738776
0.005951497540059073,0.010245600615029372,0.002112784165284955,0.0238986722574036
0.0045955494377816165,0.008906232216290577,0.004037115771991013,0.022279671719840292
0.005109286405695963,0.004995715320023359,0.00897674633298636,0.01924020607464009
0.006390305041814531,0.004896616066480494,0.010096431862212058,0.019529170970016666
0.004535850115893126,0.005318134811317058,0.008195449610137542,0.01946507154314457
0.005100505220878577,0.009270646403250562,0.003059192615996322,0.022338167083027275
0.006064391979390166,0.010153260747927044,0.002104111466380512,0.023816675503370598
0.004679027359894766,0.008818651735449164,0.0040149285073201365,0.022281974569110304
0.00509836065385648,0.00496838982273029,0.008946967428946134,0.01925427276433014
0.006377362508133005,0.004887448118691074,0.010077208571945535,0.019519123998876266
0.004537713979355352,0.005279913048093729,0.008175429240715522,0.019485994327109145
0.005197328134915992,0.009175082714266043,0.003045195421207398,0.022302788420362922
0.006180696814597329,0.01006027661869193,0.002094780705302524,0.023736662109709327
0.004765714454306424,0.00872898244952819,0.003991435595955254,0.02228695640295239
0.0050917245051593585,0.004939765401634207,0.008919613546893947,0.019265592238671827
0.006369247141823353,0.00487689658506176,0.010061560416675884,0.019505535556172064
0.004544542260284854,0.005240582547037677,0.008158832064293967,0.01950490048334208
0.005296566294537772,0.009077692532653728,0.0030303868008624397,0.022269949901330032
0.006299729314335482,0.009966618916131426,0.0020846966143632036,0.02365918987026314
0.004855111996859282,0.008637006947580305,0.003966596080290113,0.02229424549972673
0.0050897702415763895,0.004909687877217308,0.008894571928994625,0.01927395215383646
0.006366324036105187,0.004864715743911074,0.010049157867195235,0.019488382228349085
0.0045565497845427546,0.005199971438150767,0.008145300953725395,0.01952167448032482
0.0053975538853149084,0.008978515489979667,0.0030146678943542924,0.022239865589006556
0.006420631992638717,0.00987224258399709,0.0020737903180366277,0.02358480570025264
0.004946542813174921,0.008542500008590458,0.003940432807172703,0.022303331400438473
0.0050928146022972106,0.004878030041107559,0.008871709729162063,0.019279182665034728
0.006368858480009571,0.004850689416980628,0.010039579907132674,0.019467681669474574
0.004573811776236968,0.005157934673700442,0.008134363835799546,0.01953625208138442
0.0054995290959711784,0.008877615794732022,0.0029979460382576427,0.022212730428570034
0.00654243955589059,0.009777084632388496,0.0020620094083627456,0.023514062205762888
0.005039194952079585,0.008445259326482447,0.0039130044997862335,0.022313581156523845
0.005101051773290729,0.004844704543821713,0.00885083834412308,0.01928117626284504
0.006376983142441107,0.004834645765893195,0.010032301353472696,0.019443512141170315
0.004596241163435548,0.005114352054462191,0.008125444752033088,0.01954861861789829
0.005601658522940722,0.008775077469448837,0.0029801758238908213,0.02218870229391535
0.006664095183359247,0.009681045763842296,0.002049349821641237,0.02344743001072295
0.005132141913552427,0.008345102894270007,0.0038844650973633363,0.022324264881741013
0.005114567622130289,0.004809679062225936,0.008831800724750673,0.01927988474691283
0.006390705415771694,0.004816484441034042,0.010026775591956624,0.01941599969735418
0.004623596053766116,0.005069151947450054,0.0081179138626933,0.01955879723949181
0.005703118822285569,0.008671012416063726,0.0029613420442373205,0.02216789117433909
0.0067845689825184454,0.009584024092234853,0.002035837348873799,0.023385291457130107
0.0052244369104909386,0.00824191263674393,0.003855008192867658,0.022334596486264114
0.005133325438486135,0.0047729953151521955,0.00881446439535355,0.01927531465403229
0.0064099033732150255,0.004796195754504421,0.010022484946736746,0.019385287807488775
0.004655519695201211,0.005022337412089916,0.008111163937300804,0.019566833999510723
0.0058031573230267995,0.008565549583946359,0.002941458619258185,0.022150327485125923
0.006902936238660594,0.009485933680600274,0.0020215240873508004,0.023327909703234912
0.0053151920652540425,0.00813566822525165,0.003824853943731536,0.022343804429941515
0.005157183278799928,0.00473476299385223,0.008798722961914439,0.01926753109571518
0.006434356661084893,0.004773857704525863,0.010018978119171275,0.019351544015259108
0.0046915860177905765,0.004973981503517998,0.00810465854332356,0.019572786707511426
0.0059011371041636325,0.008458839672139735,0.0029205741471177203,0.02213594763964933
0.007017020856316712,0.00938483634594256,0.0020060809805796955,0.023270706911046248
0.0054037706623084715,0.008026524140375291,0.003794007607832307,0.022351075134176696
0.005185752497025581,0.004695225509587385,0.008784172212251968,0.019256626152831795
0.006463437883910607,0.004749629794131867,0.01001548541909366,0.019314739577661534
0.00473125488698909,0.004924411532577562,0.008097584908937307,0.019576854661523944
0.005996875031342761,0.008351175797993288,0.0028984256102594533,0.022124586573854455
0.007126173572403899,0.009280533667421105,0.001989376033492669,0.023213005699430182
0.005489708089567666,0.007914760942191033,0.0037624924872312914,0.02235569734782037
0.005218718076430676,0.004654598427307871,0.008770662204289813,0.019242785764534167
0.006496840782093245,0.004723709304728038,0.010011726177007001,0.0192751563743134
0.004774082227351216,0.004873731511791348,0.00808967374085154,0.01957908892160984
0.0060898864236513,0.008242742744163443,0.0028753143277346713,0.02211600781654725
0.007231822162349264,0.009175748616855918,0.0019722360773574777,0.023161058857387284
0.005572265975710772,0.007800562626254484,0.0037311479658869214,0.022357477167705298
0.005256139289698681,0.004613021131438235,0.008758939504208883,0.01922623551250436
0.00653478207202799,0.00469639256266569,0.010008370269672835,0.019233305106802726
0.004819829645209315,0.004821979818103409,0.008081363045923561,0.01957937375740265
0.0061796829547795,0.00813365297974989,0.0028516943979249973,0.02210986897658781
0.007333743063680026,0.009070616861298342,0.001954841446216965,0.023114376783526937
0.0056513054148948335,0.007684455691620884,0.0037000599813354737,0.022356240708547515
0.00529758938771667,0.00457080353619355,0.008748725737063454,0.019207190202178162
0.006576660572873747,0.0046679767023099315,0.010005107438784867,0.0191891946831331
0.004868181375760902,0.004769652992997031,0.008072374206517276,0.019577925582064573
0.006266544794129946,0.008024260147099834,0.0028272731014226484,0.022105661652803452
0.0074323278412401625,0.008965453017252161,0.0019370189507185599,0.023072772820635832
0.005727049968693688,0.007567146700261292,0.0036689355614480884,0.022351806190445793
0.005342600669903868,0.0045281772284102555,0.008739506553821396,0.019185941169642957
0.006622100433376196,0.004638675832337606,0.010001637697146123,0.01914316067889319
0.004918835400914613,0.004716914053894674,0.008062679239948379,0.01957478479328519
0.006350229419369177,0.007914773424688404,0.002802444681114985,0.022102943296369144
0.00752730917977494,0.008860366646681035,0.0019190718260959979,0.02303557468927989
0.005799294036820317,0.007449052411158648,0.003638360443085159,0.022344229393295254
0.005391011775133836,0.004485360967201315,0.008731582880185636,0.019162736287756603
0.0066708550858281855,0.004608776546659597,0.009998121679279758,0.01909551902495615
0.004971485408643235,0.004664049466929386,0.008052262256402182,0.019570059055247033
0.006430945632410485,0.00780556158369836,0.0027772206672025176,0.022101307229374038
0.0076190937164896414,0.008755679105064439,0.0019009658329148741,0.02300232242929261
0.005868366234251683,0.0073308499765038174,0.0036081479753371096,0.022333498059318502
0.005442350247858577,0.004442655335268098,0.008724653540243734,0.019137831537272585
0.0067224195592363025,0.004578559720205547,0.009994485650879563,0.0190464195618407
0.005025911840383811,0.004611421001190662,0.008041244086931815,0.019563908901264377
0.006508787352351469,0.007696906342361838,0.0027517097125764863,0.02210022284151027
0.0077078622930603635,0.008651654236251555,0.0018827873862367493,0.022972487219270327
0.006208268977644635,0.007688837624208681,0.003606672767153338,0.023226285348568847
0.0058652757482073594,0.003943005398301139,0.00808961943329647,0.019668753545665846
0.007508187063195177,0.0039060188741584195,0.00952129798329922,0.020096286146639827
0.005940289049597309,0.003962650373332838,0.007934262121537776,0.019975901230718743
0.007371170996992552,0.008918215559190977,0.0029948390007948637,0.0222850304821874
0.00873001333913565,0.010472606762930317,0.0017541610298115345,0.022382829886827948
0.007587536652530955,0.008849764485578717,0.003261134599904374,0.022995094839783244
0.005834680663467051,0.003766502535004587,0.006985109317987169,0.02050632232672126
0.0066394466945290664,0.0037038325303608457,0.007980084147859483,0.02084787918415469
0.005523047868002027,0.004439347019355256,0.006487329167411961,0.02053072191222736
0.008794118365674918,0.009369919459243226,0.002211687997140174,0.021666571458167343
0.009694434930305187,0.010158790641103381,0.0015539897033068747,0.022748232800686326
0.008130973121547473,0.00863601708394896,0.0032270221680926396,0.022062714104977635
0.005075362301975808,0.004121154750404342,0.007445985733259081,0.020744885520590835
0.005970681698226769,0.004130212841251484,0.008566869780538555,0.02141720108770416
0.004683064733181146,0.004409748561650103,0.0073558638538427515,0.020768680287812973
0.007998379490504725,0.008442185473715587,0.0033366243971936285,0.02179982302784089
0.008666875236685837,0.009002278373020535,0.002369742364581817,0.022127980024807353
0.0068377833577603795,0.007535953040174586,0.004404271830763236,0.021697817761095854
0.004935387150174225,0.00444298017201126,0.00875188580969322,0.020539819384767833
0.005862000809398319,0.004542697686072238,0.009603406675403704,0.02070730048497548
0.0046837629866617455,0.004772533364215527,0.008016629656444433,0.020294070684455136
0.00746852536404788,0.008249005290606725,0.0029866495979022824,0.021449009021583615
0.00865463467689515,0.009260782732940707,0.001954806314401169,0.022485580475196207
0.006919564234826702,0.008196582991723734,0.0034431335859362432,0.02218873649468821
0.0047200931988859276,0.004467380343727796,0.0075695655553145004,0.01994356581629977
0.006005543810865883,0.004473058028766206,0.009086171484193313,0.019959062201117636
0.004961774973599371,0.004854959374550157,0.008067400350725817,0.019824824085285443
0.00640334049800817,0.008154164664479598,0.002973131930629749,0.021579314582653386
0.007414238135058545,0.009261110684484639,0.0019712187441530134,0.022824393195849023
0.006012621559331526,0.008257075490221484,0.0036584445098179993,0.02254492524150271
0.005083107597334781,0.004296569290675666,0.007423250340773364,0.019677561527062327
0.006445623641880955,0.004295267450111666,0.008570089425847116,0.01988126478314877
0.004778143069503358,0.004623877649279492,0.00734317307448701,0.019575328332801414
0.005978554705354883,0.008279228438699996,0.0029830952497669106,0.021772526349330686
0.006810876336156857,0.0090579949770099,0.002033230755274905,0.022924771437664245
0.00545152358440043,0.007783325610848684,0.0038480103809110603,0.021905603231625683
0.00513435364815147,0.004511531157802767,0.008038580190684772,0.01921497874520061
0.0062084529874992566,0.004500160962010439,0.008726349594687757,0.01936779689158047
0.0044310629988134126,0.004821885928693542,0.007078881679303265,0.01962188227574827
0.006012521897814681,0.008140680201731879,0.002795111947720915,0.021943327509812868
0.006873393624018338,0.00876298923064914,0.0020128918828162617,0.023094930460981808
0.005267069320819699,0.007419340977608614,0.0038697975349633673,0.02167645452799831
0.005042573705540913,0.0047329376608672095,0.008637140986515239,0.01901095078868103
0.006181615343506012,0.0047592594946225105,0.009449498998772801,0.01903516508960528
0.004432946300983563,0.004899346448737455,0.007702240821097397,0.019472126966876897
0.005820130295935237,0.0078069076446515865,0.0030090751876177624,0.02192281209068515
0.006822408061605289,0.008539700891309461,0.0021247945099511787,0.02286273703413772
0.005221781186052773,0.00732072971097426,0.003962152417762701,0.02193857057491221
0.0051025501619607625,0.004705483706258209,0.008720293633305495,0.01895566985044421
0.006367473955709513,0.00477614780963059,0.009762788513686688,0.018875573383332726
0.0046987180459265405,0.0048904205624553405,0.008040951957075219,0.01937405354767508
0.005881853548479948,0.007712988864808922,0.0029109336423480737,0.021828623288569108
0.007043812138885088,0.008645819650570855,0.001968586805630424,0.02294670539634756
0.0054764591164627,0.007441943543038659,0.003594042008392008,0.022117312004110868
0.005156214686611263,0.004565087836546146,0.00821257261937526,0.01897356261708152
0.00645784250908472,0.004608891107703338,0.009412407833050047,0.018827122341011956
0.004889330319564147,0.004783250950578614,0.007843674669545986,0.019377793333708128
0.006026655283841838,0.007707031469980644,0.002809602397061933,0.021806577164387424
0.007126353689450446,0.008630416521538247,0.0019161853683098288,0.022882927518105466
0.005598015776762693,0.007355386024337092,0.003590549046589479,0.02207707399014896
0.005300296408563284,0.004449569813147523,0.008167912288359563,0.018966558760715926
0.00654627371509296,0.004511609935478085,0.009245424060203244,0.01889370041477328
0.004869386622468605,0.004645538501484622,0.007599352858322536,0.019378543877602905
0.006213784790981732,0.007631296350273542,0.002807355293173885,0.021835828024775294
0.007271234385458955,0.00845150285364942,0.0019495897622678622,0.02273939737484073
0.005695542504300123,0.007106087881693732,0.003703748390801666,0.021872892823520604
0.005367195845167434,0.004465696400641295,0.008462188979904119,0.018926801420689723
0.006510444251443477,0.004550983560410238,0.009388270620985245,0.018840064004503297
0.004828320974044525,0.004629567445204552,0.007553039249940599,0.019426796715776195
0.0065036253318944935,0.007525614586549503,0.0027366554941925117,0.021868152350388394
0.007604345021933759,0.008337128653459277,0.0019219535776713724,0.02268508067488454
0.005867568523244046,0.0069471191830831735,0.003668521203543575,0.021794158485286624
0.005445951121704461,0.004468562889085861,0.008667349672011233,0.018898821491988183
0.006618383544436665,0.004573866488309138,0.009684031915448449,0.018758601206978063
0.004991139827175129,0.004588200216328363,0.007777153936119299,0.019388910086388073
0.006626142190938184,0.007414381518344618,0.0027217743127119273,0.021832166899931848
0.007816314372397904,0.008327553386277357,0.0018768400491921472,0.022627451664905894
0.006023202420593788,0.006931123611612961,0.0035569905684091708,0.021955062853493773
0.005557046140176794,0.00436925301694725,0.00854333477638549,0.0188772960690504
0.006801435839977488,0.004497287942129642,0.00973936631766343,0.01870449573681406
0.005225557078664561,0.00451474090757831,0.007903564455961958,0.019354718536065213
0.006683506125078294,0.007334828710769141,0.0026747705911733134,0.02175975779293723
0.007929790922022095,0.008328768367962376,0.0018050736663029645,0.022627133295777625
0.00616315609642816,0.006926576381576126,0.00339957509283201,0.02205596777037641
0.005603953968478618,0.0042741846429041,0.008265139390928855,0.01885909854105791
0.006852376309351568,0.004413619791335325,0.009527077492312422,0.018655709176302458
0.005293788758408194,0.004449818369705146,0.00779877067725921,0.019339057019737906
0.006738771761159334,0.007219794159256358,0.002655863403119178,0.02173015062311639
0.007939979818270137,0.008170259396754552,0.0018100092256554845,0.022585000725420572
0.00618407833785486,0.006756785061929505,0.003440081809600506,0.021948260051120667
0.005644859047638592,0.004256860540272524,0.008317372197109374,0.01881788380056574
0.006851770355496663,0.004413449801997864,0.009469485303730454,0.01861028266495286
0.00523605460098872,0.004407323715517323,0.007684261504275539,0.019319135307393088
0.006820660862035705,0.007083544015487995,0.0026563280339975824,0.02176108326072681
0.00799580773925298,0.007976226613459873,0.0018388626270113533,0.022533666485463337
0.006186909367280974,0.006549183555583968,0.0035214334333357926,0.021794214804518566
0.005725237572627982,0.004274991677821598,0.008551459656108953,0.018763890214565693
0.006903529437640929,0.004439721285218389,0.009612043248246365,0.01852721171814297
0.005267137639382808,0.004381828988872232,0.0076877067479732344,0.019306566842908855
0.006923717811464887,0.006998447839947097,0.0026053646180272576,0.0218018867412325
0.00814011555728126,0.007914334002554674,0.0018024229011402604,0.0225369392594131
0.006253003445298698,0.006465076192547553,0.003461245934534099,0.021794244490537237
0.005835478781016496,0.004237133395189315,0.008598955932002165,0.018721408963344684
0.007048755184676948,0.0044098340580981145,0.009741734004483527,0.018447667196332222
0.005435496764822627,0.0043332329076611956,0.0077968390063765354,0.01927846849592902
0.0069556739531855425,0.0069312250193360415,0.0025671157093728326,0.02177923079940969
0.008223622478378394,0.007902256768470669,0.0017479496431433263,0.022533617573718502
0.0063332956021641225,0.006449836587456844,0.0033451674362584283,0.02190369597341494
0.005900226400198058,0.004159514191453759,0.00842019591807187,0.018687052544938732
0.007149681713003551,0.004348855581932327,0.009678044113037439,0.01839075141849051
0.005558462520373058,0.004282393362079216,0.00783158998196768,0.019258818237458914
0.006968034096226313,0.006829487199776206,0.0025623819891839403,0.0217239564420234
0.008249087076133987,0.00781107017400137,0.001737651313384974,0.02252230373107786
0.006377099059493491,0.006360314137554482,0.003315578364579171,0.021889829167644707
0.005915040249655665,0.004124260215449571,0.008323107485023976,0.01865718508672404
0.007149332015331515,0.004326961077380104,0.009553400342043591,0.01834228651426962
0.0055418537883049,0.004248507194285115,0.0077442122179074355,0.019239756821196836
0.007019340582532945,0.006705374226758161,0.0025679352067004093,0.021706179187200865
0.008278629746583983,0.007646310409549512,0.0017644590635572575,0.022479077155960765
0.006387042299723525,0.006195927994020817,0.003383682180708668,0.021753917495881264
0.005964470390920077,0.004128851502686031,0.00845401315140239,0.018621146737794546
0.007169060165043167,0.0043362215669833755,0.009573084527863008,0.01829139382029677
0.005527099552830503,0.004216758109368088,0.0076711759574202175,0.019221898103415617
0.007105091267504248,0.006618132745514663,0.00254271049440749,0.021733952190816717
0.008369550864384375,0.007545879103945243,0.0017594361781141754,0.02244548253744336
0.006426964781177554,0.00608576916785943,0.0033962996260956464,0.021686045367003685
0.006067696733705268,0.004107012018076709,0.008567672363396393,0.01859011339918363
0.007272262910363862,0.004315771132954754,0.0096704779414858,0.018237707801381082
0.005627620153051866,0.00417104115647845,0.007691080137600857,0.01920523565586824
0.007176093527310849,0.00657287496414872,0.002496435058825009,0.02174346251685317
0.008474433737249876,0.0075267177681103406,0.0017132161299056186,0.02242954673598772
0.006503155401839017,0.0060572533887919425,0.0033118570210821743,0.021736531461863516
0.006148418873029318,0.004047131289220287,0.008485776031757706,0.01856311358470647
0.007379455007737006,0.0042668538631111886,0.009682134108302775,0.018192371196381663
0.0057571167122308095,0.0041251520609210356,0.007750146563150556,0.01919452535014029
0.007207080998006251,0.006504402031187306,0.0024841631012080777,0.02169867336430253
0.008530084550050039,0.0074767803345829,0.0016918149999982112,0.02241068492174702
0.00655888636764361,0.0060086676727901635,0.003257916588829552,0.021766496250692605
0.006170982531796061,0.004003483039044023,0.008364964019368874,0.018534941493159703
0.007410698748221396,0.004238298871332899,0.009600448024132645,0.01814939362246732
0.005791734579933545,0.004094650408302449,0.007740107915523106,0.01917851117179295
0.007036509110601496,0.006246669788297458,0.002690714407685953,0.021610414122292816
0.008291087498323762,0.007147248805605869,0.001826980808934247,0.022179932621263172
0.006558326633034506,0.005844187939463745,0.0033513602342782303,0.021695941213279335
0.006083778358548268,0.004018317739390254,0.00813349512919701,0.01859937028148227
0.0071021593591254215,0.004179164225536645,0.009173852230864504,0.01806942039018363
0.005753362199470705,0.00413717115257052,0.007390078718452141,0.019353926928586736
0.00730278345623197,0.006263996802599945,0.0024850988930639017,0.021620509677695923
0.00850981873300976,0.007122409393192239,0.001759739694553083,0.022221086781712272
0.006621066233619637,0.0057531598787403,0.0033435631500746054,0.02157486915445866
0.006183078572319366,0.003997950007767464,0.008312216817549064,0.018569327413072635
0.007254298743297143,0.004173541013757148,0.009366845217204085,0.01805506228142654
0.00580386434065458,0.004047870820202241,0.007535093778567186,0.019210415098536868
0.0071868892829334225,0.006137503706030291,0.002615837786589526,0.021639661670266538
0.00840622371177663,0.007002305222945942,0.0018296327181786158,0.022134194703635833
0.006577459857619068,0.005674619760929319,0.003448063398340917,0.021682776008026688
0.006270225253177814,0.003932017887261028,0.008311616452054096,0.018521335118778782
0.0073622699170953175,0.004124161591274099,0.009381840415060995,0.018033327415393582
0.005912975960922085,0.004007935422963666,0.007542895783975173,0.019231157460377606
0.007297865247241023,0.006126244031215939,0.0025354061647825093,0.021595354954254617
0.008584153834615802,0.007034197573619654,0.0017484100487199442,0.02217823449436682
0.00671360056281722,0.005682223793827809,0.0032607356493496473,0.021647881066445954
0.006263232136500965,0.003898396155725726,0.008109336807115834,0.018540442727619684
0.007337780299551224,0.004082248101125301,0.009232729569724606,0.017991677414378217
0.005944312143845785,0.003989989859853862,0.007484940130283359,0.019264426257255392
0.007337717658294461,0.00605256551738572,0.002534763594255171,0.021555733901809808
0.008586064634927906,0.006926929994368427,0.0017770497105623554,0.02212215439889264
0.006690329717940246,0.0055779691826188735,0.0033450403097269174,0.021617482729378266
0.006299338806151283,0.003875146900984814,0.008179185271849278,0.018493886411101106
0.007404629397576922,0.004081079410870072,0.009272966619256983,0.017969541844246678
0.0059392114184749515,0.003944858670814179,0.007521664598932503,0.019189120492269156
0.0073071856246537574,0.005946187181834349,0.00259456804396337,0.02153175651854939
0.008574126097046325,0.006817163143144129,0.0018108283452130747,0.022064894683817067
0.006700404982545235,0.0054953082154810245,0.0033785999908480875,0.021564475253689395
0.006336787696142154,0.003854131352672566,0.008186846233884519,0.01848042769746175
0.007422725951625066,0.004053213191840763,0.009213798108095028,0.017933509252417802
0.005965076659496027,0.00391928618442895,0.00742289866186549,0.01921233412607827
0.007394043067053421,0.005924739304154879,0.0025270900338242187,0.0215330897313459
0.008674792966427317,0.006800472339680684,0.0017727189026233749,0.022078425627477687
0.006757540703655657,0.005457447458329466,0.0033239890113346635,0.02152652675172173
0.0063928050500392354,0.0038206586311576047,0.008169252091054839,0.018471767966228767
0.007484882292684133,0.004020775765812658,0.009210320193470335,0.017903867042471072
0.006018457833659418,0.0038784269742564337,0.007423557791691922,0.019191944429351945
0.00739818775283231,0.005865744466572883,0.0025358321935863154,0.021522077666929415
0.008679411919487628,0.006736892930108354,0.00178103918541766,0.022050566811642528
0.006757399209948184,0.005399110218436807,0.0033407864040205103,0.021544135862895
0.006435355260343456,0.0037845898484697056,0.008150075064265475,0.01843820485671759
0.0075474394782358975,0.0039983539500916855,0.009211649157346251,0.017876796239292333
0.006061420137053747,0.00384515587434829,0.007450484425331819,0.019170949640281133
0.007412279801868948,0.0057982242350030485,0.0025476989013622883,0.021484588759065334
0.008713116955826168,0.006672427256499093,0.0017832537069317484,0.022022611012589975
0.006787136889012751,0.005344350642485356,0.003323422671786862,0.02151024763651236
0.0064528399577923196,0.0037622139216047156,0.008104843241279053,0.018426252462252865
0.007561706657550436,0.003976531686781936,0.009152373924032068,0.017843776483012518
0.00608044694182554,0.0038221157351744353,0.0074074757457617425,0.019175161693700267
0.007449612769450661,0.005743347056898107,0.0025355881668577577,0.021460116748479034
0.008750497042198836,0.006609469585284896,0.0017846391311191346,0.02199532155851687
0.006807168934461215,0.005282111153730375,0.0033317840687748504,0.02146819917797304
0.006493197991100586,0.0037380492716080683,0.008112990487919022,0.01840620676004692
0.007609725575384201,0.003956138704681041,0.009138812191875094,0.017815372309736226
0.006106003957569779,0.0037871365567475994,0.007387243438743043,0.019148733966651014
0.007458952287137991,0.0056845370283683345,0.002542126566788017,0.021445950066107007
0.00876563174210822,0.006547122625785417,0.0017913121450380805,0.021964721194314064
0.006821886929348551,0.005225762636372263,0.0033412124511526093,0.021447308376830773
0.006537300509099105,0.0037089819332000893,0.008105002122257643,0.018385771870315346
0.007656596910637567,0.003930646623233928,0.009116136710111817,0.017787477912486492
0.00614127741678663,0.003755750885634719,0.007361208307077539,0.019139576626576
0.007490078192449794,0.005637683737437137,0.0025305166657426394,0.0214274564150106
0.008807800474428537,0.006499768336238387,0.0017851310473216086,0.021945465391215065
0.006851788642491642,0.005177807601236624,0.003326897452155917,0.021418444155783083
0.006573288263505073,0.003682963791459216,0.008085305001636102,0.0183721017570126
0.00769397752830861,0.0039076968101608095,0.009090979705464195,0.01775942197611205
0.0061722688878410046,0.003727357371712699,0.007341688257576966,0.019130816823775067
0.007511996670849788,0.005584228835438449,0.002528802762514895,0.021406249410875607
0.008833641579446458,0.00644088804860576,0.0017888063692609478,0.021917566808414515
0.006867485141375559,0.005122880701433639,0.0033335842240160116,0.021394465844345394
0.006611104372140984,0.003657738023683311,0.008080655037943137,0.01835137566198854
0.007740218100846832,0.003887768385161983,0.00907971020819785,0.01773277959208896
0.006203565256967168,0.00369714238106013,0.007333380746659165,0.019112920037443616
0.0075265788507084715,0.005529977206251695,0.0025327796685769882,0.021384238205846076
0.008856583986967995,0.006385032747563435,0.0017922430805813196,0.021889664985062174
0.006886747004315799,0.00507285895778091,0.0033331274333181123,0.021370662051771856
0.006646883136387603,0.0036320280512361076,0.008063277109009358,0.018334816375924566
0.007779046249867072,0.0038647728580805006,0.009052779760962831,0.017706014442501087
0.00623501959925751,0.0036691323031874216,0.007309556029872941,0.01910529361694857
0.0075509683824655305,0.0054833537473054075,0.002526649958778461,0.02136375839545451
0.008885700917763214,0.006334713876369591,0.001791087216286187,0.021862299072880363
0.006908883880517293,0.005025123149640618,0.0033294845160763737,0.021342996388879282
0.006682768414706439,0.0036075766511357936,0.0080505312228795,0.018319446370874567
0.007818292938481707,0.0038436859898054545,0.009030738324373858,0.017679746760789577
0.006263542752823675,0.0036414420564581684,0.007289723502005418,0.019093014922213037
0.007566841687405154,0.005433273836256822,0.0025272671729940632,0.021343759964215454
0.008905024742262636,0.0062793014121438565,0.0017952712920936158,0.021831816922454724
0.006924345368448578,0.004974738123753493,0.0033354813751191315,0.021317121987749703
0.006719138001627004,0.003584138606757532,0.008044705518944763,0.01830186499814392
0.007859171051019955,0.0038240407394373207,0.009013214301159202,0.017654054003202215
0.006291749053183746,0.003614178752024148,0.0072711002030121825,0.01907996464645598
0.007582834658086916,0.005385147759491195,0.002526923966408394,0.021324255804736337
0.008926337930151736,0.006227292288203967,0.0017974998738433945,0.021802358319152868
0.006943048570214147,0.004927635178978799,0.003336292225292114,0.021290104500299476
0.006754818428467685,0.0035608794092271807,0.008035365376897644,0.01828731904328775
0.00789315032522024,0.003804016427274299,0.008983399779867174,0.017630730347822407
0.006356146583243377,0.003579652229318637,0.00735123759005407,0.01892908742437386
0.007273336622169468,0.005124559395989227,0.0028372411549162754,0.021269505837972415
0.008520583374479774,0.005886127546366525,0.0019812280057887595,0.02156236310199784
0.006897921938959116,0.004816574716506109,0.0034193526002825356,0.021319702669412653
0.006666795503015327,0.0035784026307665103,0.007657093590327896,0.018380597606898263
0.007598669765904245,0.0037560819274432425,0.008513384106137563,0.017621755765091823
0.006366868787952539,0.0036679450309494294,0.006959070355727747,0.019337253979974045
0.00767953764126808,0.005230890339493291,0.002502534581012379,0.021191948285676096
0.008903518604357688,0.005972395989801718,0.0018341575187576634,0.021614311711791144
0.007065334429594732,0.00480133277947011,0.00330510471156442,0.021128127220546973
0.0067284771260841605,0.003577150053145053,0.007790958153706247,0.018405226511694267
0.0077001437846429335,0.0037583007606236713,0.00864271066042714,0.01760294290549545
0.006356711345609017,0.003594257198863895,0.007048144643512787,0.01911297847573346
0.007455064488571472,0.005103127675153885,0.00270359992321475,0.02124145023639306
0.0086207203148776,0.005808768162296812,0.0019822057290010504,0.021505686013734204
0.006908933444658608,0.004709308147973126,0.003558235610214344,0.02130123252882155
0.006803413161152856,0.003523207265935407,0.007820655151580659,0.018268573787725163
0.007835662902293724,0.0037368109356670297,0.008690471778676148,0.017587429501418145
0.006426677031233063,0.0035570004555099738,0.0071141068133645825,0.01907533634318773
0.007542100682267009,0.005090410780041046,0.002684681814120404,0.021169563340321988
0.008793776781570646,0.005842238491791308,0.0019220238497107086,0.021497302854973466
0.007064530289300074,0.0047317767332473665,0.0033715437917024083,0.021181108365913314
0.0067714627983212275,0.0035234420928919796,0.007654584631597586,0.018372019124584246
0.007720274041439566,0.003708754573054371,0.008480377640976682,0.01758653890501143
0.006419417504702205,0.003579107419094163,0.006922422520809142,0.019218829226695905
0.0076582810172954345,0.005092822334296711,0.0025955142088069727,0.021153651062988693
0.00886831994153091,0.005807534467335739,0.0019162619312210563,0.021474035946205748
0.007068248635178615,0.004672531423943255,0.0034399386090277796,0.021127111026314566
0.006822830482979245,0.0035137387309603467,0.0077856488780530956,0.018326717959606116
0.007822781722141145,0.0037169677065212853,0.008594290991004375,0.01756399526688203
0.00642443000013009,0.0035339526453889744,0.006999392227698749,0.01907905293747144
0.007539495719929082,0.005012282962810712,0.00270369137929804,0.02117109191336238
0.00875546354203445,0.005724570355651475,0.0019779133762055584,0.021426514136980497
0.007025539365035565,0.004629285960658333,0.0035075957831529237,0.0211780368664417
0.006856510115669655,0.0034884799896675845,0.007748308342093994,0.018294649619368254
0.00785583853424969,0.003694417360627536,0.008544832249534881,0.017550992100586523
0.006463164871397714,0.0035221919209408887,0.006949509889895776,0.01911976377580501
0.0076235717436676466,0.0050150061883512944,0.0026439165087065357,0.021141272923203246
0.0088699648402512,0.0057399427915389165,0.0019323561060275644,0.021431716316469673
0.007106212516013745,0.004624111212358315,0.00341934545043742,0.021103070774265365
0.006867366996589138,0.0034840318772853297,0.007711703581102314,0.018340111950863817
0.007837630285546444,0.003682472966015971,0.008484273256682488,0.017541433822222233
0.0064642855011179156,0.0035181528864418397,0.00687867223998118,0.0191486394989255
0.007625766973768354,0.004981656579474691,0.0026370552742068956,0.02114553628528551
0.008850696775693924,0.005682188179992857,0.0019543456207719344,0.021405467354963667
0.007079107898604025,0.004569857964457199,0.0034875415283719445,0.02109574140221209
0.006907255939775329,0.0034724748267016972,0.0077774039392899015,0.018299452698102354
0.00790932363109604,0.0036837831920101226,0.008538546801168423,0.017521108241503422
0.006481334014407359,0.0034914310741150883,0.0069077751521514205,0.01908592387295338
0.007582586532507604,0.004932617017354745,0.0026761609270270336,0.021147642619758017
0.008824998056922844,0.005635949314727562,0.0019723669857736196,0.021383422483021237
0.007083526816965821,0.00453997811721755,0.0034924558352604444,0.021093132480592466
0.00693273525496874,0.003456836256104961,0.007748791019656837,0.018300466202338522
0.007923237752022154,0.0036658785929733553,0.00849034296710047,0.017510981078322958
0.006505697033284325,0.0034812829255080717,0.0068449284946838496,0.019122186557607793
0.007631797080094417,0.004922569317543712,0.0026353707083041854,0.021139419987123573
0.008883950043380794,0.005624139063381244,0.0019523440686222918,0.021379617037744644
0.007122760107479952,0.004516152478400047,0.0034673873904531413,0.021051000061563678
0.006960602947893938,0.003446668874207351,0.0077576136555158395,0.018314029922647378
0.00794551964123292,0.0036568145160690894,0.008479190417215503,0.017500179899262037
0.006516269402974807,0.0034660622533886024,0.006808864258933394,0.0191150976628735
0.007615824378567472,0.004885798617258415,0.0026434358443697147,0.021149760238500258
0.008863968899899684,0.005574036509950711,0.0019705927431034444,0.02135809693296107
0.00711226770822587,0.004473031098100317,0.003508757855570666,0.021046412031992527
0.006995730719949188,0.0034329855144702836,0.0077874260652998906,0.018292831207779043
0.007994049950264872,0.0036502990971015777,0.00849395404559575,0.01748676909011212
0.006535587304278369,0.0034461798159946527,0.006795641102933412,0.01909418852120336
0.007609383671520867,0.004854005120781121,0.002648442911481432,0.021153461931979586
0.008872950869424018,0.005542391293620197,0.001973369329894434,0.021344765235359314
0.007131601326987118,0.00444558994350678,0.0035044465046486705,0.021028146558234012
0.007023182884656975,0.003419132153866225,0.0077817935752230675,0.018301440343487196
0.008013178155936268,0.003635874972234333,0.008466829381134515,0.017480058299764494
0.0065535311063624445,0.003432934079859098,0.006740064543879936,0.01911294874769476
0.007628382759011514,0.004835875848562061,0.002627059572942928,0.021160989559893713
0.00889736174877879,0.005518153809134368,0.0019687286004684236,0.021336733567561175
0.007150446120440882,0.004416287523783565,0.0035073344627794107,0.021005514809193028
0.007054903458602019,0.0034064158837778897,0.00780250189881317,0.018304256965740836
0.00804738089743899,0.0036270820055387732,0.008469580778416842,0.017472215250168004
0.006567348084605189,0.00341580443433876,0.006707492642883849,0.019102829937104816
0.0076118800296824315,0.004805982844579797,0.002630905762385501,0.021178929864305106
0.008886461217340335,0.005480310449461957,0.001979502311788497,0.021323884765530505
0.007150756743351923,0.004382637489599633,0.0035298807952429366,0.02099839525447259
0.007085849794437538,0.0033930675123745972,0.007822102426672237,0.018298897837866986
0.0080837945772187,0.0036183118210611088,0.008472803879711091,0.01746574605460487
0.006583251235916032,0.0033997904471649914,0.006672673236211524,0.019100368769616214
0.007607816829626228,0.004783719352127502,0.002624022139049951,0.021195482409318657
0.008895353586066374,0.005454879137748656,0.0019797916813123363,0.021317890317403644
0.0071649609971094035,0.004356925785362578,0.003531160293600096,0.020982696860663293
0.007113827557081065,0.0033803388409975026,0.007834610792585066,0.01830846634339887
0.0081102856010094,0.0036075905362184858,0.008467095793836641,0.017463558437723865
0.006597071109558286,0.0033858980208704057,0.006624158427576231,0.01910860656274278
0.007601962303933333,0.004765793965397835,0.0026120452467143064,0.021221440347451097
0.008897420373914158,0.005430087293699769,0.0019812525523525658,0.021315382432905136
0.007170712314966893,0.004330058646206579,0.0035423509235996413,0.020973328713911468
0.007143876256311958,0.0033677363048598818,0.007859433131126376,0.018311923473375322
0.008146747637957119,0.0036000103225187607,0.008479766411709583,0.017462667753080204
0.006610478177071681,0.003370744382838528,0.006588745484209043,0.019104347403247856
0.007580026700057485,0.004745725763904939,0.002608646955569155,0.021256048529106404
0.008886900117900042,0.005403978657591794,0.0019863134084757254,0.02131606842957818
0.007169978666298953,0.004304988198643707,0.0035544218947982094,0.020971311549189853
0.00717162602119003,0.0033554356258880262,0.007881262507992972,0.018316892279881244
0.008181042735555458,0.003592503055815941,0.0084946258297792,0.017466185911538805
0.006624772371205077,0.0033574835605030525,0.006552903647836523,0.019107892647239857
0.007562193313026335,0.0047319569065209415,0.002598214593403558,0.02129573243561677
0.008882550312207242,0.005385911161962446,0.001985782296065462,0.02132540623848151
0.007170326310134228,0.004285446581495454,0.0035563582988514925,0.020972110853075092
0.007197935385595794,0.003343335210534453,0.007902223411678035,0.018327339976645048
0.008215343975732578,0.00358535110014549,0.008518632164936143,0.017475559896397642
0.006640616634877284,0.003344951226162997,0.006525725346254078,0.019111354045640756
0.00753586519005076,0.00472094111798011,0.002589036493662807,0.021345691849878383
0.008863562522720992,0.005368086205655643,0.001984930620087247,0.02133490292222488
0.00715994961714963,0.004269370746629407,0.0035574412149519193,0.020987029820868506
0.007222745314842931,0.003331266493578538,0.007922200003658572,0.01833493158049476
0.008254356770062518,0.003580074909189638,0.008560458742889888,0.017491861754641885
0.0066597880862324065,0.003333161627161107,0.006522015672765072,0.019111822275834432
0.007504066285694212,0.004711938716255899,0.002583066881178518,0.021398710637708318
0.0088336627165031,0.005352201014435452,0.0019811818787203615,0.021343893192613175
0.007141413260231451,0.004260310367548549,0.0035464880573426788,0.021016622814376603
0.007242374503279817,0.0033197583645908587,0.00793106392872935,0.018344871169442535
0.008291324995754901,0.0035753363425400156,0.008614277113167876,0.01751796816399173
0.006683129409070835,0.0033232698710970584,0.006544441762841679,0.019117440487451176
0.00747504311873277,0.004706143514024363,0.00257849179287912,0.02144601463023323
0.008798579548740186,0.00534176123116081,0.0019742142033096267,0.021360653102183064
0.007112921093595267,0.004259361266653586,0.0035217359103957165,0.021065938543396147
0.007256646101140495,0.003308643508579739,0.007924389293875036,0.018353874651979813
0.008329766975249548,0.0035717540533889277,0.008681090695361392,0.017555001656748996
0.00671133950588548,0.003314442384811579,0.0066013371422804995,0.01912471481425943
0.007447659489254951,0.004699441975567975,0.0025822245894965225,0.0214775771725286
0.008755514527134177,0.0053336243234242044,0.0019684273099614775,0.021383453615741028
0.007072206652452592,0.00426494215884381,0.0034871761692929185,0.021137938604341242
0.007264533132543303,0.003298876821648987,0.007896891397938345,0.018359498308210924
0.008368865491058985,0.0035703055349858128,0.008749659165022327,0.01760296755092601
0.006741874585702311,0.0033077879092444423,0.006682559165916404,0.019139101197060332
0.0074293297849773905,0.004690497303419336,0.0025930043199248703,0.02148404716436578
0.008714428442427502,0.005326383388024356,0.0019645498669335743,0.02140526935527024
0.007026684851185874,0.004274425403984542,0.0034460809461415347,0.0212218370727267
0.007267718834050725,0.003291779656739827,0.00785096860375447,0.01836451593310198
0.008409542963458909,0.003572109301963076,0.008804148560508276,0.017662102265942836
0.006770585387004283,0.0033040696656186914,0.006762471347520768,0.019162005121220706
0.007419510724276847,0.004679557757534635,0.002606336657981921,0.021473198519374608
0.008679962384782042,0.00531733960810728,0.001963672013938466,0.021420512104851235
0.006983220532967488,0.004282471632674049,0.003408559495403635,0.02130126022354362
0.0072716634984547985,0.003288575563795889,0.007802122354044286,0.018370578498822416
0.008458838237660894,0.0035801267949354416,0.008839856018864688,0.017737171073596625
0.006793945195006916,0.003304299590987378,0.006822633998520917,0.019190335452524153
0.007415639989454793,0.004666906680105398,0.0026164723726227355,0.02145575764753834
0.008657323994220752,0.0053043308947460545,0.0019639180901699473,0.021426355713518582
0.006949283124300384,0.004285157214463844,0.003376840909593981,0.02135640616852144
0.00727789195166757,0.003291205617781366,0.007763822447540458,0.01838277874224965
0.008444453140821349,0.0035657767361052264,0.008781175705750602,0.017680563109646594
0.006813484253758026,0.003309111954007884,0.006870022593198832,0.019220088839887954
0.007409692855909923,0.004648008842423551,0.002627349779370853,0.021432453936655507
0.008634312478743885,0.005281743579601454,0.0019684659237177654,0.021425538615152277
0.006916304187349671,0.004278068987896855,0.0033581447004311575,0.02139070548933117
0.007290673860080816,0.0033004839958794925,0.007742951079748622,0.018393736021780564
0.008404118581407773,0.003544428470542754,0.008667189783543427,0.017562187795856644
0.006834754067697021,0.0033202085889826147,0.006930755563450148,0.019257032893182507
0.007422752310985807,0.0046167881300463376,0.002639355101321503,0.021366853713163162
0.008639367538109797,0.005248396128625377,0.0019709203072001075,0.021404850248405115
0.006900070366827319,0.004261126694773756,0.003331912037049085,0.02138047835525573
0.00729986713116194,0.003320768479938294,0.007713915576651508,0.018410888733259412
0.008353284543588003,0.0035290922751427174,0.008491888364588392,0.017441502497914624
0.006853364538206425,0.003342006514182246,0.0069800257876122965,0.01930678143804331
0.007466211723662973,0.004570214455088527,0.002643310302203132,0.02125295436908039
0.008686548946714787,0.0051977890002272206,0.001969435933585803,0.021356112194525406
0.006912635963641971,0.004224012621224067,0.0033056144767140017,0.021292283933248994
0.007309500444901838,0.0033561276193837322,0.007690906163509636,0.018427775298676067
0.008300203951726271,0.0035257886729669814,0.008257361910382692,0.017330491993626178
0.006838339642494966,0.003361925070203907,0.0069684113169147435,0.01925718464989751
0.007511541520583291,0.004502122803854029,0.0026363731053636818,0.021125242705819582
0.008746120490549283,0.005118116088791987,0.0019654405053696616,0.021298021311622166
0.006947440754400194,0.004156871625554155,0.003291293081363961,0.02112323861317147
0.00732760981748536,0.0034127986397160695,0.0077069139557884945,0.018434560897741595
0.008262339270666658,0.0035529904128737094,0.008034257884621521,0.017255620704254786
0.006825362139238122,0.0034022728674072454,0.0068906915581275,0.019178997621964528
0.007499130652738231,0.004426750381158494,0.002586582822841197,0.021095978252880912
0.008744931845833243,0.005013468074621547,0.001941034323681365,0.021294107250018936
0.006968592659823476,0.004070621214523724,0.0032803341142856497,0.020950187158331815
0.007383512133672284,0.0034889575477341757,0.007821206041314904,0.018427347119686282
0.00827547926881444,0.0036312792582816637,0.008019931207675938,0.01718623157310056
0.006846756671829323,0.003453392569324131,0.006787351060930432,0.01904267070457526
0.007352750966407163,0.004379449619594715,0.0024735549011483493,0.021333838907916493
0.008564854880856764,0.004915959686709009,0.001873344663216636,0.02145004664945025
0.006898800610312732,0.0040099164771925985,0.0032401281208328113,0.020966709793266806
0.007495232314118471,0.003545333755611171,0.008023385587330241,0.018314716045533266
0.008381377373463058,0.003736609245395016,0.008406900502123203,0.017109766837490607
0.006953692763720709,0.0034714931505239618,0.006861385106994675,0.018820080680373708
0.00718490347600315,0.00435643494692736,0.002389201813063715,0.021645175312263367
0.008298167193342676,0.004866882882236264,0.001794750699326292,0.021736923505463707
0.007005476322578666,0.004259984348748604,0.0031344210764153555,0.021987580349256103
0.008261000755199288,0.0031356222506206646,0.00759266175969156,0.018049879484914603
0.008921695054653825,0.00303215456716938,0.008560258941004307,0.017343984279792942
0.008087790129831797,0.002827048237154744,0.007790036687475427,0.01884220500881823
0.009235350723367258,0.005090177990128395,0.003014283653775898,0.020962939268540075
0.010200640619459236,0.006229939321404978,0.001707864072611088,0.020989356516273948
0.007774347113084165,0.005087407087032224,0.0023227557509304915,0.022655488335952302
0.007691623073639212,0.0030783463119204778,0.004833400841565804,0.01834896438804107
0.0076506592290215706,0.0034957194865514758,0.008014715940649876,0.017985354820355796
0.007875733367786684,0.003444801852108129,0.00776050156816846,0.0190405912706094
0.009993142563494895,0.0047365563779286435,0.0029578133704554117,0.019309766401999044
0.008177558695514115,0.005170494109693746,0.0022041528173766998,0.021815889565714692
0.006892227302471382,0.004928769111674692,0.003180818010197088,0.020540655324255606
0.007014157895639105,0.004306424928825783,0.0049385812377004115,0.020276494574222512
0.007571983722607378,0.003791903624131104,0.007652466038011777,0.019288121141373158
0.007349298162051484,0.00408309091738641,0.0066418177292455124,0.019962315130273717
0.0062160759113770525,0.0047823305690206045,0.0034279982786680984,0.02251496252617905
0.007529578997094391,0.0045810645575392415,0.002631375205288485,0.0204695931543581
0.006441530990881603,0.005716622656379853,0.002368372135294685,0.023494901474278202
0.007117102147355429,0.00493453009426641,0.004078100240405483,0.0205093971542701
0.00683589319061866,0.0040511310766588385,0.008560865030390555,0.01908760151637428
0.006703609688447693,0.004276590195031339,0.008531540173103569,0.018674887883893616
0.00590828231153824,0.004805623258213442,0.004919122910701916,0.020731606308030524
0.005929298864787234,0.005588294133734722,0.0027142786773607223,0.023065516154857052
0.005316664971868157,0.005381368607600059,0.0033790891264171715,0.023031406940750336
0.006704662805021519,0.005054754152698717,0.006742105597491517,0.017808762926205132
0.006662998155725791,0.005103515642858631,0.007533424325059435,0.01751598287458347
0.005681301863128345,0.005064293779695859,0.005250720556353899,0.02028818983225778
0.00656915061715975,0.00521484484449986,0.0027288155399729456,0.0205148213482998
0.0062708453320278155,0.005162447110851903,0.003019209884562987,0.020538526681874336
0.005786696336114304,0.00512476036410664,0.005829735064643073,0.018579844213888853
0.006823008379377049,0.0056408298408214775,0.006271660313756059,0.01786829056678944
0.0058696129177984195,0.005740647689432006,0.004032762609386844,0.019914215566091097
0.009557148198756013,0.00496799273523878,0.0037091364313844655,0.03451709605397886
0.008189346752958506,0.007597056880009478,0.0008187903724214988,0.02477354009213705
0.012975495121565732,0.006637596356607742,0.0017851969994020687,0.027349822405930008
0.012892231794493692,0.006976227596231505,0.0011316473944858996,0.030832188462185293
0.008683585129491404,0.005521913775617759,0.0016571422414149747,0.03569868797822754
0.004730312544731738,0.0035694173747255835,0.005274007842458958,0.02717985073525586
0.006614227792545046,0.007491081126319835,0.014493499292155251,0.016243605057129497
0.009391981963438658,0.010531462004177438,0.014652696949662408,0.017417681420108234
0.008597370770588482,0.00986460933775278,0.01116642975104263,0.02501571872568632
0.004980432618500133,0.010885670067768775,0.008314077213297475,0.016747093226806432
0.005459338935258406,0.005826070813643168,0.0025538933847154715,0.02411319413582746
0.009188975489977031,0.004889750083080153,0.0016310202676556172,0.027640693450159532
0.008031119826845425,0.004634900872878592,0.0018514931195408345,0.028906265945975406
0.0053483987126455275,0.005081869530547878,0.0040290208051800116,0.024037663788692102
0.005585604720650249,0.010662484036428218,0.010674626102560123,0.015886129739943043
0.006950866639063452,0.012144329477451993,0.00941769250665222,0.015593737686982195
0.006767087299197952,0.011281075553096568,0.006148453113821398,0.02163680739778945
0.006604249341730823,0.012174703424388755,0.0023735210410069612,0.017540347485400506
0.008495620102466349,0.01012943886117044,0.0012438318979414627,0.01796889196274368
0.008976003513111263,0.010112499871502966,0.00032911218666087605,0.019483536325674105
0.00814484210627857,0.00813571133184692,0.0005972746318378328,0.021734424246321528
0.008229637647622022,0.010044588297722746,0.0030705686174100025,0.01726400388344846
0.009230242377026,0.010021907985789212,0.00547969429879978,0.026570415524999762
0.009370410605654767,0.010044072453310812,0.005257978753575135,0.027511812329881598
0.00983785706386997,0.011378865315890142,0.0025534309809946217,0.017158929075002417
0.009313301183191418,0.006371603898548579,0.00022158634248465846,0.029232032984445516
0.010235678681673849,0.005939101901310036,0.0002204060401179866,0.03050282907765169
0.008726988834144555,0.006987452965446829,0.0007621248555686672,0.02424117603426361
0.008960886500372455,0.011234575072861122,0.006561416675279667,0.014518052274823976
0.009129166569988483,0.011357908676657652,0.008460246236754015,0.015149544172362242
0.009097450239276677,0.011087003953536111,0.0075359306380027545,0.01374356075940707
0.008983066849852317,0.008529309486547284,0.0030235597390852065,0.01857736115844753
0.009952433263507306,0.008361211217720457,0.0008666041781079654,0.02001340863793486
0.011763732540154679,0.01107800340816403,0.000617846433725266,0.020301381721879737
0.012265128658005666,0.011388867766722958,0.0002810103216045188,0.01795935451419383
0.010338957724399156,0.006727043001092106,0.0003960360490013275,0.02538313024194159
0.008879157555960183,0.006061146985102555,0.0015163683342172185,0.021732636645104157
0.007712463002821417,0.00801652553701625,0.00622230656918875,0.0196787952354844
0.007995903315135512,0.012172009194431866,0.009905743203244907,0.01325302824348693
0.007866690464591144,0.01346936094848931,0.00784507158698442,0.012783010049202265
0.008081354545876492,0.013823576862903636,0.0032616144299569996,0.015208180930231829
0.009298259356754216,0.007581294561325622,0.001032131261610097,0.02155008330754741
0.010698308526700393,0.009521623255890082,0.002815323572610007,0.017213313047637593
0.00988581636962368,0.008664412367898562,0.0006243006207967628,0.03353949473064992
0.00815972513260951,0.009756165833095336,0.0014864959032944024,0.01889862658215076
0.008937743816863094,0.005867286748550339,0.0014290378499360113,0.022097362847195098
0.006246451451784871,0.004715934887085877,0.004521695914106204,0.023651535609828404
0.005384276818472484,0.004950737459321683,0.009141155494426335,0.02311752644976065
0.006982630138614201,0.008185032690075061,0.013766362697571963,0.015758028528012797
0.007402257903345182,0.010265611247097435,0.013020718085379742,0.014106590555279963
0.005859691551956244,0.009827318614595147,0.0062405328577765755,0.016475233576319918
0.007795526017609743,0.010473576800399922,0.001977261270095984,0.0184155455099103
0.008497175076630838,0.0091967630369808,0.002595449956338033,0.018654697689858734
0.009016749644455617,0.01048539434549857,0.0012411966948320946,0.018827935171008656
0.006433597024528015,0.007526895038159063,0.0013185210979283094,0.025314223683091087
0.005175029449139302,0.006168730636613525,0.004171236906277835,0.018738922405822436
0.007436317457070231,0.004459846188864473,0.005705132786356759,0.023361441693415974
0.007202614218330648,0.004389382548032026,0.006261163474554696,0.020920492589433425
0.004783932681735425,0.00499287695029508,0.00576447008528024,0.01921968423527026
0.005928974009106815,0.006404466992956099,0.002354516075693255,0.021488804462188857
0.00677411835980549,0.007014837543956708,0.001833570514586137,0.022906556643617612
0.005516510663179538,0.005929753255655282,0.0031201082347285768,0.021531196735059058
0.004747707730797169,0.004806317549049177,0.008038539176375127,0.01906501091928659
0.005279609789913531,0.004963033558756226,0.00912025147181017,0.01783471166311209
0.004554599275019376,0.005003791683682479,0.006713015748957098,0.018140193060558096
0.003775794005601413,0.007267975452253068,0.0032171156900672685,0.021883020596563982
0.00812336195213771,0.006494812087377802,0.002574727630306608,0.0306646195383093
0.008353312466354868,0.011606776893214169,0.0006046137418314425,0.02455860173795639
0.011242784321654866,0.00951392615832808,0.003369430860635119,0.03662773789086463
0.015210914627571313,0.009282655164075348,0.0021829941764069005,0.031384842629499275
0.009797860922884673,0.007775867332553015,0.0016449738148611504,0.02906983980166008
0.004260061161698991,0.004731411796798804,0.005215625595642007,0.024444050391221044
0.006018609374428272,0.005318715345005382,0.01672840555123414,0.018012276540913825
0.009641487450573251,0.007466261834363938,0.020694993969501942,0.01544560936801619
0.010262515199732841,0.007816816547051925,0.020568310849559346,0.015053867632226558
0.008135147609789626,0.006815588861746064,0.01892705150862061,0.01592369798661396
0.003194276982405007,0.0050152997453025965,0.0111805861557972,0.019864189417455526
0.004428133018319051,0.006682098253754417,0.002896199511884919,0.025843928412145188
0.00697961109400317,0.008480618250533508,0.0019095924666777814,0.029013871581566687
0.005352140059821956,0.00872690476503916,0.0019721048133011024,0.030779658016832228
0.0019154901652346016,0.008377260542436085,0.0029463135621727804,0.03039616059008065
0.0064297488289892105,0.0034217284778215043,0.006126594005737447,0.026875654298153105
0.008628524273750623,0.0029581066974264025,0.008811909798534233,0.03226627343834785
0.007165950376967813,0.00315400157979906,0.009159265244893619,0.021703359683481478
0.0033673353783238414,0.00415874329564374,0.008400400120596799,0.020800259197632204
0.0032692641560971895,0.007184401833134089,0.0033191915012008126,0.025040622071079516
0.00443225612937597,0.008414258796690098,0.0021680881583972566,0.028291781173772505
0.0039018300301287188,0.007295790756015666,0.0028068100737480292,0.027197674114312353
0.0029114872768910526,0.004878596781590584,0.006226941110294862,0.023023987784726398
0.005597517781942109,0.004403061163030259,0.011951123571799642,0.018143653806100023
0.007385691417616248,0.004842325444855297,0.010262218834751455,0.019349362421224994
0.006128524461733244,0.004958388585501524,0.007594316121243762,0.020388317974375868
0.002440358693436243,0.007186881986296824,0.0048601240669683115,0.021865048727977437
0.003813658569105738,0.009597902190604198,0.002423413600428014,0.02068399608013547
0.004134129875366595,0.006859213813498122,0.0021173606016832358,0.027697795131982967
0.003709304053191226,0.00750650814219881,0.0022513272728288194,0.023509401949427904
0.005958312376882997,0.007338854566466348,0.0029409652352372596,0.02507164726325929
0.005308028104830938,0.0071123335929818565,0.0033311995993028374,0.022393016528555673
0.0026479802925802615,0.006229175640990624,0.00309255275485309,0.027242063108267316
0.0028339615414028764,0.005995902672171023,0.004413676557786066,0.026280664440329855
0.005653906140729457,0.006756786211376215,0.007031299597841295,0.016712550078248112
0.006049168583831398,0.0064124244313420176,0.006840013403876782,0.016836584844072047
0.004094927507175339,0.005955772406700267,0.004516969177079784,0.020262118592599725
0.006087190269099485,0.00824212519330323,0.0026350767909673976,0.020144268679820502
0.005972403042964939,0.008060920333512184,0.0011397127164629872,0.02131670711189359
0.007627601186859757,0.009525991016804247,0.0008460567051302345,0.019297458882828654
0.005738512452396553,0.007369353180438051,0.0015288692503263445,0.022999454334532165
0.0063939261755490305,0.0061330171825416694,0.005077277105656994,0.017277614156045708
0.006423850250863852,0.0057414660438518065,0.006858962088489826,0.01690745038491805
0.004781519330652562,0.004786939900000999,0.004521433017537343,0.021191878528891
0.005406109374419966,0.005557484621995082,0.00386800015069926,0.019161720853553867
0.007880350385698813,0.00514794596007225,0.0036064797470570925,0.03142538942437024
0.008886688980257667,0.0062104652227980605,0.003058107869428699,0.03698617085666736
0.0077092223881751925,0.009741669416094459,0.0013693656003668333,0.019024385816874715
0.0069440841169878505,0.005906647920379107,0.0011513726326725275,0.032596304223362106
0.004982515388445327,0.005252926911682492,0.0012819709626692797,0.02914205478515349
0.003694800467173118,0.005623467903546135,0.006860644533967255,0.019801789862759517
0.006644740264836528,0.00758484056217916,0.014070723627846728,0.015221928785192499
0.00743232732960871,0.007602500927635877,0.015267214853221765,0.01507897791477732
0.0062123568429177265,0.006476574315434165,0.013508052286002194,0.016584420424440353
0.004034297507102448,0.004850432603517695,0.00755866312655468,0.02129445358494377
0.003946401941009067,0.004888157264397321,0.0022131091804176396,0.02509530107517031
0.004518268205115867,0.0059504985201244195,0.0011642673955776334,0.027380557658766985
0.005519073442684386,0.008241094677321927,0.0015786731250799727,0.020729745904883638
0.005610639042165591,0.00776504732117416,0.0015068578228434317,0.022302710023185887
0.005140955997799672,0.007793449399539102,0.001219105930226068,0.021534636371578837
0.0045902380500585874,0.007565087753141419,0.0019045945847554907,0.021579652014402425
0.004701951267758813,0.006378984783728688,0.003879991668066225,0.021126277134715786
0.00441417974927548,0.006536451622711446,0.004686935323693669,0.019239049505884138
0.0031864824845032435,0.006110683638069173,0.0035708956576180626,0.022288242921579972
0.003103913520463802,0.006246287302439853,0.003780876632440734,0.022057281135931958
0.004089846892382963,0.007062915087256993,0.004911174611990506,0.01905180638098419
0.003963855888888308,0.007441988572836009,0.004175604741543777,0.01967968728108061
0.0034165219243627565,0.006852352993857902,0.0023252924594676905,0.022078193995804806
0.003792525453771411,0.007570093326396139,0.0021377518938945806,0.02121592275256138
0.004484631537711611,0.007897346694603206,0.0026275053311255324,0.024667952350856094
0.004348258441310365,0.008422601722081407,0.0025722969185426377,0.02289511374473231
0.0037855586568733934,0.006401421211383226,0.0018194086845264841,0.024052381815663302
0.003439665132391665,0.005987235084268204,0.0021615559563524637,0.02447492153526068
0.004146245752508306,0.008091216109016119,0.004811792694802419,0.018162507478817876
0.004338405656234791,0.00751349285317047,0.004969841529481194,0.01786623075181827
0.0036709810760703083,0.0063392325530076295,0.003199095013751557,0.02164039097150839
0.004552053972190362,0.007653342832576904,0.0031450630001121993,0.020491673015461086
0.005952766217920801,0.006275385771875321,0.0031102783835890747,0.03133584691057835
0.006056429797448447,0.006844780258432836,0.002253435257971664,0.03185952070251768
0.005502013387436496,0.00817982581650908,0.0014710702079965686,0.019312169154183257
0.004840854183881528,0.006458580814727851,0.0012730712461375177,0.02265316266851321
0.0044661953033678465,0.00968304256304521,0.002727076884451625,0.02048264500352933
0.0044495934499502576,0.008290745822596828,0.004749189803243556,0.020154863434218486
0.004394419489361464,0.00920130951223474,0.006406744888203018,0.016602909690947514
0.003122785258366577,0.006291050030227704,0.004032377934464515,0.023030231996261925
0.003280022921814051,0.0062003513276716535,0.004003284973649667,0.02295766839641909
0.004925610318680946,0.009030959400631276,0.006674351742180836,0.016531135281882124
0.005092573879345675,0.008453910946632986,0.004323349225532239,0.017592661142334588
0.0059069193276033724,0.008737833851921782,0.0015437540322643796,0.01973926016920357
0.0068247723809159964,0.009139773567936382,0.0007957093240157215,0.01880902894948453
0.0057026497579108085,0.006737401219140303,0.001056752947334245,0.021734320824453836
0.005853781012688288,0.007435131388954313,0.0032785788552700994,0.018272420568931115
0.006574286182064897,0.007152215717425238,0.004850984274840408,0.023667208446327383
0.006548669010873716,0.007453185673885306,0.004495594104752243,0.024736462000714256
0.006583398139711444,0.009570256069210891,0.002684144190590291,0.01855056724707826
0.005940948134027205,0.005594770849112547,0.0006994251565055517,0.02905835409331208
0.00604707151728916,0.005737508849015878,0.000708563175507288,0.027870192824577332
0.006177473529112584,0.0100984649886573,0.0015749526146191751,0.018391630390053072
0.005801454116408385,0.009861639217650368,0.003778928574521858,0.017567369122146285
0.004666625690749255,0.0067339129954888995,0.0034786440175511796,0.020774527378849814
0.005655992934045018,0.007978476017159761,0.004887434411518809,0.01755186174532796
0.005980249153296024,0.007280431045098826,0.0024105481221843575,0.02353695842544956
0.006240937134855036,0.0076871506049287055,0.0009073662941916275,0.021147926085712025
0.006927744217268004,0.0050306423075420215,0.0009136199347921248,0.029287053372761395
0.006624653995579956,0.004640766736931536,0.0008280635736581774,0.03359469222789752
0.004469503418891973,0.005050536149586145,0.001791851708615747,0.024152936066672234
0.005950555556943546,0.00442629606939476,0.005346416716047774,0.024286515800242974
0.007366067290117348,0.00414288809840157,0.0075395780377301635,0.02862326609107843
0.006598069920264298,0.004155511762244146,0.008050401389440007,0.019100461764681657
0.004025767851944996,0.0032722393176774656,0.0058908392671700276,0.022546190946545294
0.003999308286526861,0.00330339412098126,0.0037096796539551544,0.02412624142248867
0.00422098036857906,0.003055631935907186,0.0046342033151536895,0.022625700583935805
0.004932471746802649,0.002693794157779921,0.008092714216475068,0.01982221608122454
0.00576444050326038,0.0029502427109509297,0.009988356946093985,0.017908373419943308
0.005017768799440234,0.0029298539078381194,0.007634613496999001,0.019229899180951894
0.004410517777168727,0.0033539362768226777,0.004264474819200505,0.023503387239256195
0.005745901984948131,0.004680666312752548,0.003986667247510773,0.020280662616892264
0.0061882242541587305,0.005013422403132937,0.0018187600583180956,0.02832994859781966
0.0064223219747892475,0.007100345802665983,0.0006254704223567785,0.026324711572265645
0.0072681928145972435,0.007125469740735937,0.0016394542636184405,0.022931670312498133
0.006944982031739208,0.006229122302532608,0.0014050628871824108,0.02816016391473608
0.004549150977925243,0.006955263591540052,0.0018148619076676757,0.021230250463315666
0.004020948606286746,0.004805100432123132,0.0038401162357121505,0.031332690466974775
0.004609006467556389,0.00460061602203946,0.006103718089447899,0.030474760042988196
0.0035937840550352707,0.005580860387645469,0.008493684265502203,0.01837039554809691
0.002325718324221329,0.0039303354523108295,0.006345884661649467,0.023916009369331265
0.002890478416471795,0.0033409687799484124,0.006077270017035416,0.022894579906213262
0.003206108763964559,0.0032126296421535454,0.007975977380768478,0.022299067869571455
0.0038704789591346676,0.003762667415408645,0.010929697758375646,0.020673409439524244
0.0038526463213591007,0.00438500633250086,0.010889574104043405,0.018975306266838843
0.002902966534464964,0.004717392701443963,0.007718622235696412,0.01996229266607975
0.00339312919754653,0.005880409692716128,0.0039981086936277475,0.02429521627806353
0.004713241540197977,0.006873236092402373,0.0013424298398365107,0.03239099632350355
0.006597505983598443,0.009518594333284057,0.0014448503881570008,0.020338368565330438
0.006966653886134544,0.007471284448271118,0.0014459340716107074,0.026113831374083685
0.004998331775444092,0.006335156641511015,0.0007500985447775883,0.028907577633443555
0.003639645537623148,0.00595304838632694,0.0033895007973544825,0.021418770095322413
0.0057485863535185365,0.004488107761685765,0.008341204198523071,0.02803988334392002
0.007283984833394066,0.005007345987696817,0.010880599633665921,0.03437162546625845
0.0066460627979460195,0.005253862634543581,0.010944085604600572,0.02647080549838398
0.00426846001693471,0.005102316212051986,0.00881953876304967,0.017512024145327064
0.0029112475237402682,0.004313593203050362,0.0028862124338034476,0.026367400505877263
0.003731467315615916,0.004658980646804453,0.001663945105535736,0.029553756871369675
0.003413868075547197,0.004311062422363264,0.002305568913305408,0.027701499040681123
0.0031949381302507868,0.004056345907552278,0.0058077300452056505,0.02284738026525779
0.005742363059760811,0.005669330652022094,0.011984336168279208,0.016109300376746693
0.0068285861349333095,0.006350482806299106,0.012458082585273585,0.01726732816987043
0.0059747272586421875,0.006210144943539761,0.010398805357253182,0.016738844140429608
0.00409548370880653,0.005640816458924517,0.005142503157072896,0.018595442324367766
0.005891413053839732,0.008190513914115235,0.0014301428744211639,0.02018386234312675
0.006927455496111957,0.008403180150292715,0.00046339419927883844,0.025832307230309094
0.007717918376314626,0.009131709050550368,0.0004730690104967264,0.02299574225453358
0.008182683552807752,0.007507551864784006,0.0016099725867923403,0.02013712441170468
0.006483982366479611,0.006309087291206751,0.0009691560143464631,0.024757135970448707
0.0048210420482487455,0.009137303175403812,0.0024525350281178406,0.019841305319803843
0.005193956218931747,0.007216509034810288,0.005782060047867745,0.029377373104985543
0.006211529499089014,0.007615987648007224,0.00801816952432894,0.03205698121060862
0.005461904077168571,0.008916799223384923,0.009019318473158455,0.01988478968338732
0.003445657161625535,0.008122097295395142,0.007818015233163614,0.018090765881721507
0.003019071482141563,0.006513812147445362,0.003743577947856532,0.024524438370034034
0.0035950586139992823,0.00815016597140004,0.0029562952853674973,0.02038196336957269
0.004740232286696823,0.009631943656577173,0.0027399858038520556,0.023394158336172952
0.005487436356137433,0.009118541908734047,0.0018818599354162497,0.027646112055348688
0.006681004762449935,0.010835462302625786,0.0007868387512624909,0.01797362089664889
0.005761280818532316,0.005863817552395564,0.0006131582364976303,0.0325146036863749
0.004954184081490458,0.004967879141959836,0.001340140720716424,0.0300226103701346
0.003979630347747943,0.004780215618905915,0.004598809548378982,0.02448534153065808
0.005514509243479485,0.006897342402047183,0.011688753761151228,0.020427123845597178
0.006331377394053448,0.007833292760992363,0.013374857415022222,0.016726921276871885
0.006192553232391414,0.007959098626917618,0.012317889674289897,0.016065707341741352
0.004939020870479615,0.006804126991360198,0.00705720826786477,0.018309378308433426
0.005870925210255903,0.00747066529260978,0.0018768609031295739,0.02073856702986703
0.008731882993301346,0.00971495075837582,0.00028865206354307843,0.019774741724610558
0.010429381912160673,0.01047557546414809,0.00010699192851699741,0.020948919363878788
0.010455264923967497,0.009768908400529502,0.0014184154161993997,0.017161939438080143
0.007991650878009902,0.008400276096641806,0.0007083312387752675,0.018970331197717273
0.006101513392101792,0.009941287993963144,0.0016024137475095226,0.01861370581912286
0.00439025030380867,0.008508697658473603,0.005837755711671747,0.01661550107263243
0.0036089320503726046,0.007271513669922767,0.007449817819774487,0.017033251124361597
0.003156421192908806,0.007373264214757105,0.006850395155368836,0.017747580318713357
0.003316712763753104,0.008610758051154735,0.004303194719293325,0.019503929162902275
0.0037452025121975773,0.009582076400090237,0.002003037143213302,0.021101894255971677
0.005238783161384569,0.00756849070483502,0.0020039750327856005,0.0206597930719722
0.005494187413153165,0.00748726087005675,0.0022231355720728975,0.021458840518807913
0.003671883702421658,0.009350140467716768,0.0023950696430862163,0.01968485907012243
0.0023664000118729612,0.007672668550202875,0.004929489760925874,0.020584706919880718
0.002563480482885351,0.004966135643262154,0.007815747528539758,0.02026046530077176
0.00421910795500167,0.004920654057094615,0.01018203439681288,0.018159304896859477
0.003582118831041933,0.004457434248076924,0.008068352897897691,0.019186176506781387
0.0028342800247907543,0.006553485308663772,0.0035003843075325403,0.02464473989056428
0.004390188132150023,0.009069914472487332,0.001801441589749438,0.023753728728121
0.0049877352743285365,0.010948605981514663,0.0019330442571685812,0.02296414009328993
0.004397468621666107,0.010659372796292548,0.0021827471229992107,0.025104759851057496
0.003054273928541342,0.004934394973392496,0.0037063660618440915,0.022515371650621934
0.002655128557074908,0.0038526650996467708,0.006503587549475494,0.021514307142701833
0.002093231750118258,0.0037115257819635146,0.006626884768472303,0.022842314102679947
0.002461241167522748,0.0038368035989783857,0.005553711612026083,0.021694208198512914
0.0016045140920006964,0.005351088987144664,0.0047278698038672375,0.023825807189990434
0.002671381963166229,0.005839048330271166,0.0031148614775897854,0.028265195457469465
0.0029508962386535996,0.006151853454164772,0.0030108285808764026,0.027025777815594905
0.0014356234300803318,0.006422401619836613,0.003797918258546415,0.02561922034682778
0.0012937396161440357,0.005572835847797688,0.004542993226950283,0.02489066386207642
0.0019353334994590126,0.003723699553292476,0.004295377293310866,0.03253048919823823
0.0022280186199904748,0.0025894968871412374,0.006627652857798997,0.029469022719238937
0.004312842398151161,0.0013666573552451934,0.010462782150608675,0.02209471409282799
0.0055210363128554265,0.001128341556435429,0.012143682516471202,0.021424309766335033
0.004791502378747756,0.0024278174748469214,0.010022448795274131,0.023300040935853316
0.0038902138741814508,0.005815984921557623,0.0053169123699151,0.023098512783228192
0.0040798070007766595,0.00698193024571718,0.004406353761654876,0.023151068779728022
0.004425318408374784,0.00509686917870005,0.006166745952600358,0.0227351215634693
0.005885555189056071,0.001968332123749548,0.00999113560366606,0.02279004784067997
0.0057536413804302475,0.0012861807298077132,0.009639465259294619,0.02222039412929375
0.0045846511366360865,0.002501856376777343,0.006962554762997343,0.02430870134958802
0.00457076285649293,0.004593173483096695,0.00452457669517758,0.02607052053242751
0.004913376556698253,0.003978287911890006,0.005070621734204965,0.025617974905020335
0.0051720702061818355,0.0016941678900936792,0.008206823555004206,0.023391329169673084
0.0059378763930723515,0.0008911938629918692,0.01067001140945517,0.02189537724835096
0.006374413597256782,0.0012602586074653191,0.010247569864276227,0.02241240297118076
0.006848748733381208,0.0024504419669831422,0.007686058938433745,0.022988854684023424
0.007078150776555811,0.0026315934607519997,0.006857099262640833,0.022634407446124924
0.007131521750416945,0.0015691106269299809,0.008733653335688091,0.022812827868793257
0.006671566708918999,0.0008006304169794306,0.009614179305868352,0.02137369115001582
0.006528366453850354,0.0008717828503291163,0.008494845445509188,0.021655322262117048
0.006867088592062942,0.0017077034712686492,0.006270584142153951,0.02289283986296691
0.007226278498552334,0.0023846621244128403,0.005067334546953626,0.023061813145435255
0.007168178478647824,0.0018503138000607762,0.005850096251667124,0.022362472874053414
0.0073583112558081275,0.0011535063129696009,0.007327873195929445,0.021595426024168845
0.007695336871596291,0.0011956495667270117,0.007564273289576944,0.021473287990641715
0.008020922221199675,0.001960288757467347,0.006430487899918992,0.02191996693897718
0.00829841273785254,0.002489889447922905,0.005666786387765183,0.02230648543366538
0.008093322882646893,0.0018677882689633384,0.006309392754685211,0.022091027091512873
0.007632261369786823,0.0010944310168273467,0.0073448011699802085,0.021419442438382442
0.007339024832114218,0.0009527535561865383,0.007373987824435756,0.021293060508073332
0.007421681819960723,0.0012482698226949462,0.006551343542747114,0.022040504153217542
0.007571292593926145,0.001507209317223364,0.005993494905583409,0.022385202407994617
0.007485476132171521,0.0013343843889157712,0.006625294248078341,0.022193788380777464
0.0072641172602762845,0.0010641311954563758,0.007586392872184266,0.021350666297891546
0.007345794061843962,0.0010972114006487122,0.007818307415607018,0.02129654665927544
0.007614298370240012,0.001461664729021436,0.007161442794193918,0.022042782230673134
0.007732037533228337,0.0017920972164635757,0.006561266802982294,0.022577840552583953
0.007432314764733765,0.001628398648949154,0.006716454427806259,0.02231920610883921
0.00707123422274587,0.0013524102593885279,0.007053775412475403,0.021808329899108875
0.006906736369422405,0.0013771866174335987,0.006824874765794993,0.02192328629833277
0.006892263394601132,0.0016672604509158882,0.006157708125495742,0.022565317959914136
0.00687483926128894,0.001849752168911841,0.005842724800154481,0.022876456156652614
0.006736523533417356,0.0016830291990912651,0.006266068972460298,0.022520763601034454
0.006646257796696518,0.0014988904665754266,0.006886831007680928,0.022071791137274845
0.0065899639941225455,0.0015372843984675665,0.006944296554602049,0.02195402938107021
0.006569895021040128,0.0017290637400673734,0.006554884523546691,0.02213942916915866
0.0065209197290241536,0.0018111215683184574,0.006416828353060386,0.022219718127919265
0.006361142114112255,0.001686661627274895,0.006742517134162223,0.02198715836452331
0.00622779195294924,0.0015946933629929904,0.007014668750060146,0.02183019419124668
0.006101842529126837,0.001636843460522181,0.006808920796737733,0.021998833475090022
0.005970587712108333,0.0017658267909243463,0.00635827031776301,0.022307403771802434
0.005302314124097626,0.0016423161869698272,0.005096099498774853,0.021948621414603933
0.005234262869568542,0.002353527406992057,0.0038630439288217544,0.02366583253327292
0.006710743872031233,0.004149568787043602,0.0023621611898106665,0.023584195213771416
0.006892052160888125,0.004617570409280839,0.0021938428804700954,0.023694739536067995
0.004912095079025993,0.0036434594703839054,0.003011703783910908,0.0244459700000361
0.0049946323346211135,0.003405754375981682,0.004193023080513288,0.02294058316430444
0.0053404122590927075,0.0030172076393620564,0.0045498467641214525,0.023695598175984402
0.005452155229749436,0.0020638392853072067,0.00791196733084646,0.02112734781481424
0.0062086071059201525,0.001612956794070555,0.011363226623530141,0.020454595754795312
0.00584738415153914,0.0017092314957051968,0.010365899037172747,0.02046255774496465
0.005234507983372925,0.002495552055130576,0.0070639315530654535,0.021283276048970033
0.005025926327307064,0.0030651183658129922,0.0054947176774849844,0.02321700332537458
0.004717598214128908,0.0025771254536316604,0.006549090611906509,0.022453437797826915
0.0051975417991325995,0.0016766388749206002,0.00464873039717882,0.034075808682648236
0.006061743118993342,0.0018667968782711511,0.004906894875664871,0.04592933982019421
0.004574922186581208,0.0029782380962777542,0.002952114183587721,0.03906407730862284
0.005550188963230441,0.005525315840080463,0.0024778603755168465,0.022560748873272175
0.006783038654731909,0.004499250374549284,0.0018372342885625112,0.028976267809153772
0.005117439277587252,0.0039896517185809225,0.002375488035419111,0.02584867623211335
0.002791687294748263,0.004561083101819621,0.005107809780103794,0.021700878461884173
0.0031472144972687958,0.004262516449472757,0.006774114361010783,0.020745746169470752
0.0035041602725828427,0.004230028457779425,0.00813326028348267,0.02101693333196416
0.003404608299383966,0.004800017525151442,0.006828080666466235,0.02226319529761731
0.0031128024262960558,0.005205753061371529,0.003785466577156129,0.022781823146705536
0.0043780228218688,0.005216541650541439,0.0023035704052445133,0.0222842870714717
0.004516539290884531,0.005873823872493528,0.0023216689908893084,0.022248593266852072
0.003780845956795817,0.004722621809135678,0.0026968285437031347,0.025503152186794987
0.00374980310417723,0.0043896616238528864,0.0036378227232027114,0.022820791831438047
0.0032715599862620844,0.0037136336444302765,0.0034321824336455246,0.023647671693392536
0.003233441478841651,0.003181234862155687,0.004611004832899235,0.023845733309948006
0.004712917279799226,0.003145559442459592,0.00788817353697692,0.01912643487522149
0.004715753779708155,0.00300741028510793,0.00710755071843869,0.01894909096218953
0.003970977816404458,0.0036986641908987594,0.004712822345053089,0.022362873977776733
0.004409855331837793,0.004973127500309088,0.0031439556398564945,0.023038028136910867
0.004668315298618712,0.005970244331708933,0.0023157922371176407,0.024086926894279628
0.0041554329330397355,0.0053077460998524305,0.002523649424048632,0.023383190874124025
0.0034558449806239553,0.003940277194243847,0.003211530846868881,0.023293641627489797
0.003867246130025788,0.0035710877767695616,0.00591514525827821,0.021459633091761056
0.00452986473605562,0.0034253320430944778,0.005788678337213245,0.021732785751162338
0.00405047101767324,0.0037677699607031384,0.005206086445554408,0.021635405946323467
0.0031928670414532612,0.0035527528939241246,0.003392866884178689,0.023465508106884445
0.0034817243523700765,0.0037271272461365376,0.0028291453866083126,0.023665400738679794
0.0037048219219409494,0.0041295015265891966,0.003057054861391514,0.022216673754332054
0.003915741655799425,0.004088107223487481,0.003092148210675872,0.021634782883947403
0.003890212643624944,0.0029527033518335806,0.0024663316762635833,0.02614315567069218
0.0040158692856124036,0.002632935828366732,0.0031153558012133957,0.02583132952760413
0.005931262081900288,0.002744663124512355,0.005292904895289103,0.01977312566380047
0.006374241956779444,0.0023054546222176907,0.004988491006274338,0.019560007142426193
0.005891603874185931,0.002432214161735593,0.003526257092833058,0.022160265198092548
0.006893379850698014,0.003267288469388046,0.0025980448726295293,0.02308700778693806
0.0065418442063457155,0.003593314903326665,0.0018325152451728883,0.022465922205194958
0.005413284454558781,0.003233304547148526,0.0015446685924560806,0.026385857627934255
0.004915803531901725,0.0027651654534364776,0.002305712730386887,0.024311350228453533
0.005747530781788755,0.0022354063493260426,0.004041009172644367,0.021943506095639925
0.00559312240238716,0.002214960098336887,0.004698833403974294,0.02145775484019022
0.004240548804308353,0.002269352982352446,0.004701991528536359,0.022320014739373926
0.004107196403510822,0.002732194095341606,0.004271350541985797,0.02242436378778633
0.004554759334604991,0.002848805584036428,0.003444174915319779,0.024749551666741032
0.0037527020662277946,0.0035550429586462444,0.0025415110432961715,0.023655328712922596
0.004369372329642925,0.003230162503339846,0.0019226141728238635,0.028224902001651325
0.004332932399804922,0.002989924774498508,0.0019168652270735605,0.030265249403227012
0.0034944102645481927,0.0036635468421181913,0.00359326857378913,0.024003716164411815
0.00600498381802506,0.0024645431299759133,0.005945863793975934,0.028040639355130265
0.006788071907874148,0.002514617059342911,0.007087195146684162,0.028042594595191466
0.005587629886879566,0.0027010401177990097,0.0068961781684491,0.019129345262015464
0.0034570386186244906,0.0019838421948904835,0.004494007913226685,0.028594231589317686
0.0037798371788151353,0.0018682345075897947,0.004044640953448052,0.02652530334840581
0.004480122306219723,0.001502066061116122,0.006796588934305533,0.02289121706438544
0.005764336862186373,0.0014299212509182278,0.010148124200132827,0.019779894029021694
0.006276656418549571,0.001412150483773569,0.010778783226621163,0.019419991084274495
0.005697545292303176,0.001313842478104467,0.008367107635246656,0.02096962187981214
0.005261471963308037,0.0015612327598527106,0.005488162745554923,0.023211347584425796
0.005389083212899327,0.0017430527214462367,0.00448056380195138,0.0243517158358388
0.00678183235440608,0.0020219189059325214,0.006133980825850616,0.01879314834441465
0.007719980352869742,0.0025871297528813346,0.005408644245867124,0.023283858230135835
0.007918045954346331,0.0031213134385192124,0.0041665414061406135,0.032717057885352036
0.0072108644611702175,0.004829120757902684,0.0009404486561087883,0.025261936583505784
0.007492447937860654,0.005075411003024292,0.001236130086709122,0.0234261837894184
0.00781445815997618,0.004423914422666345,0.0012649211519561053,0.03248628884498268
0.005952466465749345,0.004513410241355172,0.0012953038119461438,0.025572593612728556
0.0034501208727584468,0.006289826263208911,0.002218035832291549,0.021451309195888973
0.003294788710257877,0.006223117041155048,0.005142762203388485,0.021739036022355822
0.0033256596372204746,0.006532240923891546,0.008113013770027488,0.019182764131388
0.002196370240669545,0.003787047745460578,0.004726007593767147,0.02437972186798571
0.0022206217885299222,0.003742745679210648,0.0045718046810628524,0.023873508431728762
0.0032676884857194568,0.005278807672612821,0.0065389801745229514,0.019644919093785414
0.003442497830220896,0.004827952996241009,0.004569562980453877,0.02131387966331859
0.003833690479446818,0.005278358016440311,0.0024622689473686164,0.022652113974825853
0.004595101212781651,0.005874432729750674,0.0020912331326504133,0.02361673909607225
0.004396583869193865,0.004350778174609685,0.00309337160992148,0.022527612206238022
0.004542755643706653,0.004230901931989027,0.004202865862944388,0.021827148965100112
0.0035184754386821393,0.003166232110022464,0.002951795843425839,0.024027229438589155
0.003835744002349213,0.0032960835777508675,0.003972381544173934,0.022238920448901786
0.0048414032738543075,0.0033585811510563096,0.005023573893268088,0.02142684852932987
0.004857362045765693,0.003437990958910076,0.004564051967232812,0.023188041415337122
0.004553406018935084,0.004424750136994176,0.0035547431373315003,0.02252707786144178
0.00412551174052564,0.0033891596078564163,0.0018574501095314651,0.02475156966333094
0.004234526803222224,0.003867267470252609,0.0021012197118119406,0.022512153933380567
0.004333999163111671,0.004010079033714235,0.003014596929854468,0.02370659369331893
0.004383234645488096,0.003993101910099277,0.003438137938835313,0.023752593708565133
0.004104491360565139,0.004170195346852161,0.0034287593252034644,0.021771881212108525
0.004094889887598326,0.0043226102696097115,0.003723192575549137,0.021542331196236966
0.004359614890337266,0.004506288600672122,0.0038746675385808527,0.022900144982847308
0.004161307612738643,0.004808447979861765,0.0034178744951973246,0.021661589411088752
0.003978034799387292,0.0040844461071921365,0.0023015595117092166,0.02164897756684654
0.004068801776414285,0.004050109329887798,0.0021509255073204805,0.02183562243265089
0.004616365741547248,0.005354208787376363,0.0031673473436714204,0.02002213380139452
0.004973586445264756,0.005325091506477716,0.0033382209900008272,0.019688679326311197
0.004446586583726454,0.0036914243398278486,0.002116176070916553,0.022350578406700575
0.0048724955916844915,0.003845316791109353,0.0023810303592991175,0.021369379943382394
0.006085878098183253,0.004522997120795081,0.00378333581945479,0.020081959042303858
0.006286526646495749,0.004428540612409707,0.0035628422105422027,0.020460404080651855
0.005867067654917384,0.004219013566074409,0.00205584460314998,0.02081125543146747
0.005935498139321524,0.0045637111257034735,0.0018721291463067245,0.020877516741526443
0.005868037065596145,0.005046765969672358,0.002763417543366664,0.02144594481250859
0.0053245323368686865,0.005500735576373524,0.0026097229227441433,0.02018295471733781
0.004272988880038947,0.004225840004001683,0.0017499518437623998,0.022353461293149777
0.0038742118139304302,0.004262537351953255,0.002111653292500876,0.02237407294774068
0.004507759918094217,0.006307469496491506,0.004086490940587837,0.018959923887614416
0.004533384214746554,0.006225106984360787,0.004161669904132128,0.019098772933279513
0.003944655846298223,0.004744486173225825,0.0025957807896676427,0.02080018878840842
0.004533709191831767,0.005388674501007692,0.002557027537016424,0.0206139173527376
0.005162099535544243,0.005448315924387622,0.003288436337801402,0.02378636058580892
0.005124906085564508,0.005556269820177626,0.0029297629872481576,0.023376661422510846
0.0047094555151577676,0.005387781764182634,0.0018510226662316,0.020784067439796466
0.004276496527221143,0.005031722418181962,0.0019949933216646927,0.020781003372711236
0.004634340823243866,0.006272639931000263,0.003528222609349687,0.01917491294902175
0.0046427669774305146,0.006415644891323557,0.0038921378893023283,0.01880869144001759
0.0038107692458587065,0.004306667458769192,0.0021798550366341055,0.022558489340449798
0.004120594995296861,0.004586325166128868,0.0022617690857990366,0.021291056029075522
0.005311324507841487,0.0057517178036665525,0.003601405445700921,0.020090946413352722
0.005519765371341021,0.0055620292718690355,0.0033512249779592746,0.020673420471639028
0.005135940759717717,0.0050533723628033485,0.0019524068960618238,0.020633030884417092
0.00522126893928001,0.005249547024570113,0.0019608098398563234,0.020623651012416207
0.005385791392433108,0.0057037002645864265,0.003127193957084576,0.020932579375186285
0.005037428091318143,0.006001585442451843,0.0031033409710076645,0.019659234094036214
0.004033363679116747,0.004549163805546874,0.001969860214806204,0.02186105573589711
0.003860843421691247,0.0045801084865009,0.0022168884574535128,0.02176916249988333
0.004732027690149883,0.006367469469906586,0.003954133241936267,0.018884919007056793
0.004806040031058732,0.006234865241570686,0.0037943378236090907,0.01907962247500506
0.004256577174425011,0.004826918680259258,0.0021911227043888977,0.020835460207061587
0.004756929002416785,0.005297768106407225,0.0021424461893452132,0.020482862335656788
0.005322965158120415,0.005665327832983142,0.003125544642958401,0.022293779048181667
0.00522002594501031,0.005754462364228462,0.002937171904319229,0.021614931512549486
0.004576533236665487,0.0050588022399757505,0.0018964647673793975,0.020675373278613195
0.0042936614094226675,0.004949089733064264,0.0020964515006655143,0.020737588993692147
0.004801493442172914,0.006245888552984434,0.003589021665600814,0.019379394753837015
0.00475097384945991,0.006341001921488127,0.003705302829669116,0.01896971659033688
0.003969977995528256,0.0045183880820426564,0.0021886268736530687,0.021706433195406334
0.004234074515658337,0.004761768581477157,0.0022453474724028737,0.02089539775370088
0.005207740757122172,0.005854236976805101,0.0034486115566810882,0.02031308976357673
0.005326462428687735,0.005740287945061088,0.0032273138016886567,0.020511619115317178
0.004838377419777097,0.004919129469108103,0.0019406244819022383,0.020632439833400632
0.004894481169849175,0.005053946071910951,0.002008755692069252,0.02052301245701876
0.0052808899453135215,0.0057894462518149935,0.0032278228844696806,0.020605932984515865
0.005073184417245715,0.0059706553561197865,0.003233264070015236,0.019716203385488906
0.004166964000233866,0.004554824480285319,0.0020476951382476538,0.02146689271371262
0.004103120886032439,0.004639136532686853,0.0022368063187821596,0.02120847532016243
0.004937902074317341,0.006102361479939425,0.0037279793976134562,0.019423232707090295
0.004971330577433147,0.006027064895906552,0.0035775154900732453,0.01948411669263015
0.004364687133005679,0.004721974052730119,0.0021168589996604487,0.020901094652951285
0.004660549280561011,0.005031266145039997,0.0021205084106093036,0.020529276915620568
0.005215002669895307,0.005697115668984052,0.0031840399099861546,0.021270216979266423
0.005119674058667427,0.005790129077265502,0.0030744298918953016,0.020743741326179246
0.004412832742190249,0.00480881724982743,0.00199640441958158,0.020859731574711708
0.004262259665562507,0.004825563709245248,0.00218696138463938,0.0207942939056191
0.004850528167333055,0.0060564499149537215,0.0036085595856176753,0.01974015793212961
0.004795759932102622,0.00610689177234614,0.0036118454178151503,0.019393268596796683
0.004065027759798666,0.004562510166331732,0.002193009825054375,0.02133951819558273
0.004270976163317712,0.004778980780399517,0.002246844504544894,0.020795609536038807
0.005060131280230268,0.005775911025468185,0.0034072342184708285,0.02046555054917889
0.005104181756655412,0.0057466908493967565,0.003246375507321354,0.020411615361419683
0.004524616037089166,0.004761356655868897,0.0020240045596989936,0.02082095288147157
0.004548479763528849,0.004872985801638675,0.0021338763642872994,0.020655015110794234
0.005051273126554943,0.005761888067963306,0.0033892089100811392,0.020389465487527132
0.004938385859592879,0.005881464017964713,0.003390234724470441,0.0198412369643834
0.004131194563765122,0.00452474429550115,0.002142739912530379,0.02132847128973498
0.004153921856524633,0.004645118212705672,0.0022805000550434897,0.021003401836325323
0.004906334999546988,0.005847444467035448,0.003606236994369025,0.01993116916832425
0.004924076633288033,0.0058270078873075065,0.0034759826439835096,0.01989124603059476
0.0043041302054974565,0.00461661015327936,0.0021311349690591322,0.02101357443535783
0.004468744380819627,0.0048222623076006384,0.002189346787554576,0.020695780337899934
0.005027737558491364,0.005629896643671472,0.003329863916222901,0.020765043148649784
0.004956734325799181,0.0057094722335594966,0.003269145244852243,0.02034271971155544
0.004247296530529933,0.004588633563251349,0.0021231433108485696,0.021081107939206888
0.004208618082154689,0.004667131922952485,0.002281509911231473,0.02089599951628546
0.004831779774253823,0.005770874335200983,0.003600003427553145,0.020021666303189543
0.004808550921068114,0.005811439575076893,0.003542161100633231,0.019804638082384897
0.004134117414849182,0.004483938325806149,0.0021991765221338697,0.02124277123227126
0.004287764070820364,0.00466499179391151,0.002264600780885592,0.02085231057275106
0.00494707351163354,0.005584807124154652,0.003417219440231106,0.020535796410093326
0.0049408239981802845,0.005602695205817645,0.003316413355773686,0.020317827311255716
0.004314964039858082,0.004533182980863374,0.0021323864589969208,0.021059589780441493
0.004337756523079228,0.004640770037563689,0.0022621039885890146,0.020847414447621067
0.004895087194516613,0.005575845829598982,0.003505755581005555,0.02033038773955584
0.004836535538538828,0.00564999259367371,0.003469979366402324,0.019990324401709877
0.004128937709056771,0.004404917572354534,0.002210648375088513,0.02130148516526533
0.0041998164935878055,0.004543197962646887,0.0023143431405367927,0.020978844846801688
0.004850029422314205,0.005547627387161659,0.00352347877564713,0.020305718522094812
0.004842235887104911,0.005562914821162504,0.0034246132894630893,0.02014003070361141
0.004226281224781986,0.004430761398796988,0.0021870579120116806,0.021171367303064945
0.004312482174998801,0.004575870668813783,0.0022887390979356164,0.020893304090112037
0.00487158817963993,0.005445122429156648,0.003468437758770152,0.02054073293900414
0.004821942118395403,0.005503238091709166,0.0034169495785657507,0.020209510456467506
0.004155254936385356,0.00436857146460331,0.0022236156172548735,0.021259011533313544
0.004190892934769398,0.0044826300693157975,0.0023459600013438346,0.021003247849686782
0.0047919071394678355,0.005453094471144629,0.0035623253118534587,0.020320474145186618
0.004769257325005588,0.005487857489841033,0.0034829819326551263,0.02010207732667492
0.004142016090005907,0.004323737838369273,0.0022325248576648762,0.021299706576569967
0.004238145992182964,0.004467682961796982,0.0023265566652689233,0.020993735355228665
0.0048224444045960905,0.005350727885792617,0.003493027776280343,0.020539179402821406
0.004793997622752503,0.005386903371118375,0.003426359005304586,0.02027310468284467
0.004164873636817702,0.004297564418835727,0.0022398331805565785,0.021283885560068612
0.004211251090034477,0.0044146111114627936,0.0023613048586752726,0.021031386042044672
0.004777176115246419,0.005318045832622174,0.0035572426401519874,0.020446639114866667
0.004739332855530052,0.0053655641447895135,0.003490914914406262,0.020184323847769105
0.004105484925800648,0.004237720156843788,0.002265278698751332,0.02136882944178805
0.00417828168423924,0.004369129495194506,0.002367619110116911,0.021079184435935313
0.004754476162609038,0.005264671058838615,0.0035376881757178866,0.0205137670603003
0.004728504365567064,0.005297920752043559,0.003467254874567091,0.02027479071112851
0.004118529385892252,0.0042112717131441635,0.002272216748458127,0.021359280642208645
0.004182930197071712,0.004334854232854108,0.0023868973392567427,0.02109005297274544
0.0047385180712993255,0.0051998562970573484,0.003559516695978145,0.02054941166693749
0.004703796526129166,0.005242168496761513,0.003494951170699917,0.020283693777310232
0.00408798501150257,0.004160482364098965,0.0022942826234758663,0.021408613204361188
0.004150786546740941,0.004282057420899286,0.0024023851562903742,0.021139077623228926
0.004708444504934537,0.005155118937556534,0.003567022435071282,0.020550860986064838
0.004679099894184335,0.005192745053328302,0.0034977395263036306,0.020305179413894887
0.004076733343674561,0.004117312134161378,0.0023016532045336264,0.02144247215898471
0.004144229395348029,0.004239084901140924,0.0024133131805186706,0.021167835615185017
0.004694720907688007,0.005090537578354523,0.003575663867404876,0.020595805005025145
0.004664300190374454,0.005127009613648111,0.0035111038668845366,0.020343950206617188
0.004065678526854614,0.004073925873277103,0.0023214799824301064,0.021465692554602317
0.004129716851248679,0.004193531215682878,0.002431858998550762,0.021198936640369048
0.00467044724153629,0.00503593652324665,0.0035850078527744486,0.020622222338717574
0.004637270042354177,0.005075759243328616,0.0035174519096309257,0.020370052240637183
0.004044434990043301,0.004028946485517392,0.002331695676286894,0.021506932200893305
0.004106927736079931,0.004146157145417825,0.0024438758493409824,0.021238898818690902
0.0046439642906465585,0.004983339241851313,0.0035971595154413237,0.020640469891502096
0.004613933692606473,0.005019003741887621,0.0035333491625609567,0.020393111278109746
0.004029794854910044,0.003983463865712068,0.002350349854618739,0.02153649174464664
0.004096834346255611,0.004100837753935915,0.0024610536485027007,0.021268059340906066
0.004628013611507491,0.004920882188602794,0.00360362979141065,0.020684624043583906
0.004596905818402401,0.004957754333132042,0.003536639551527829,0.020435785394981736
0.004018628662276504,0.003939694021322965,0.002360243793895035,0.02156746207648994
0.0040803471610479135,0.0040533625102218435,0.0024725089473609215,0.021305296262739647
0.004602984276341662,0.004868044814024817,0.0036149524889281517,0.020701540720583174
0.004571059840912019,0.004905030858827025,0.00355190763607948,0.020452200186484575
0.0039972219794694955,0.003891497612777216,0.0023769758744235235,0.021607995305479345
0.004062020519909433,0.0040052163787527165,0.0024889986746482527,0.02134161378015164
0.00458255158961243,0.004809677256392246,0.0036247703218438335,0.02073529841802325
0.004552273017625958,0.004844569066991263,0.003559033488468223,0.020492050926410026
0.003987394240592563,0.0038488276896886907,0.0023891256744408775,0.021634150073665467
0.004050798897073683,0.003960728565744313,0.0025011818146650714,0.021372942238354356
0.004561025725329035,0.004752961952610757,0.003632017955238053,0.020769773472490635
0.0045283949071708305,0.004789694715905802,0.0035691988819116236,0.020520433154402978
0.003966777071981992,0.0038018907336966196,0.002404007159317239,0.02167354842824882
0.004028780484459649,0.003911547279783083,0.002517274568566063,0.021412407360534323
0.0045367853087363115,0.0046988670325699925,0.0036454999510648622,0.020790418646277023
0.0045063649511024465,0.004733325701067202,0.00358109580758266,0.020548602239476924
0.0039534403473998,0.0037570935100864115,0.0024169263778571503,0.021705367822609276
0.004017904821257421,0.003866452403701875,0.00252889122295986,0.021444668786760573
0.0045184791443709784,0.004640255880383688,0.0036504627770587734,0.02083166510695577
0.004486708304740288,0.004675356950995296,0.0035876951064681114,0.020585940549503943
0.003937863128183162,0.0037118271543438957,0.0024302706231750003,0.021739498115189534
0.00399899044019316,0.0038184500839329527,0.0025441964631637165,0.02148208892459822
0.0044943753536119775,0.0045865930644262655,0.0036638983164575907,0.020853284518240166
0.004462780637951497,0.004621299530643459,0.0036006777064768016,0.020611204186606977
0.003920504033379711,0.003666372102078177,0.0024436197607158217,0.021775544483788153
0.003983694629367468,0.0037726500654369547,0.0025562846660955128,0.02151714059646203
0.00447380326341161,0.004530565773336177,0.0036701818747868157,0.020890226831723913
0.004442460051404956,0.004564481945115871,0.003607812924177308,0.020648131309910958
0.0039061573772931884,0.0036220208494624766,0.002456665303971502,0.021807811923830765
0.003967697046140249,0.003726128133646562,0.002570727916737906,0.021552368674827117
0.004451966103532565,0.004475764091714252,0.00368147407144996,0.020918706888085115
0.004420175875642358,0.004509887380664931,0.003618960776482334,0.020677382086477885
0.003889354782849411,0.003576946542077653,0.002469410724038045,0.021843734076489315
0.003951209916537616,0.003679980363252234,0.002582816025938137,0.021588687115266302
0.004430432398464148,0.004421762822962167,0.0036892417906773554,0.02095055218863127
0.004398963712629445,0.004455150641948743,0.00362740512964274,0.020710469413889446
0.0038740940185337347,0.0035325553565594015,0.0024820397349837055,0.02187768769080927
0.003935573444535633,0.0036340735823009954,0.002596293005630723,0.021623935369429602
0.004409560792616597,0.004367280069726847,0.0036990799201463385,0.020982174987048647
0.004377854301701053,0.004400523367785812,0.0036371663082293186,0.020742954593633855
0.0038585381576150147,0.0034885355784959617,0.002494458133884798,0.02191177401755543
0.0039196088873298535,0.0035887832460137848,0.0026084676086696045,0.021659477091290145
0.004387919869050381,0.004314337235380263,0.0037071954562124974,0.021014009115873155
0.004356032453917683,0.004347390434612001,0.0036459023657249897,0.020775211863246674
0.0038422258060550837,0.0034446497222387793,0.0025067481836777354,0.021946735304737768
0.0039029708206270667,0.0035434319546925426,0.0026213723395542314,0.021695305520658698
0.004366688830954175,0.004261479787058958,0.0037167356319349996,0.021044867990312337
0.004335079259796826,0.004293969420649595,0.0036553675478923258,0.02080770795499234
0.003827165092596132,0.003401355874040439,0.0025187567379776716,0.02198034942958839
0.0038878988608349336,0.003498983633490857,0.002633150278085763,0.02173022310374923
0.004346050065469425,0.004209061453219987,0.0037243803081753813,0.021078216461897625
0.004314057803051107,0.004241538264454298,0.0036635367912615717,0.020840980444286936
0.0038112378402708727,0.0033582899519480026,0.0025305065702418516,0.02201493792209864
0.0038711716305633863,0.0034544094887026993,0.00264554128008333,0.021766015960704568
0.004324615788241636,0.004157815517516477,0.003733769209941713,0.02110828382101094
0.004292787479469592,0.004189846084309202,0.0036729301300717568,0.020872722204120765
0.0037957233882636703,0.0033157725084467645,0.0025421458625426744,0.02204884580179318
0.0038558667318843794,0.003410862995340868,0.0026569507606965183,0.02180076378924243
0.004304150520991034,0.004106663703475228,0.003741159862570208,0.021142028250850018
0.004272135215653919,0.004138504668300047,0.003680754912298619,0.020906632515211528
0.0037802637093052437,0.003273757809424661,0.002553525171919508,0.022082566254677475
0.0038396101604441252,0.00336738846022742,0.0026688929520989483,0.021835913255555547
0.004283059693729025,0.004056666273749846,0.003750047887695865,0.021172691944634836
0.004251035630592329,0.004088261314396489,0.003689655020422873,0.02093849059859395
0.0037646373394022003,0.0032321427788081338,0.0025646276866997737,0.022116496722173272
0.0038240215673138937,0.0033247066043365337,0.0026798509127654866,0.021870617241234968
0.004262626972251096,0.0040071044558583485,0.003757391622966093,0.02120561785188161
0.004230571757089035,0.004038391687419218,0.003697394269620985,0.020971948363207572
0.003749398555619604,0.0031910993577356924,0.0025755839446604083,0.022149799500967574
0.0038082332944893113,0.003282362574310242,0.0026912328266730737,0.021905152511140565
0.004242064768052676,0.003958334994633525,0.003765607062083747,0.021237175245279
0.004209904680832482,0.003989455145219373,0.0037056159159545715,0.021004414257508056
0.0037339998138626166,0.0031505933357215063,0.002586181235184188,0.022183157999067307
0.0037925949984714187,0.003240754082352054,0.002701812363822786,0.021939448423077077
0.0042216233945962705,0.003910427253988916,0.0037728676907568346,0.02126950803186913
0.004189422900185297,0.003941278890451536,0.0037132483127670516,0.021037317903903677
0.003718692554770387,0.003110605092569869,0.002596709030413907,0.022216189996126012
0.0037769180108348298,0.0031995732653527257,0.0027126398514979028,0.021973484515098254
0.004201389581152902,0.003863141240130261,0.0037805303840558685,0.021301352499301603
0.004169166764156586,0.0038937724643807333,0.0037209012804924313,0.02107004891862194
0.0037036493488214546,0.0030712460686559036,0.0026067955001459094,0.022248857452523495
0.0037615573088443464,0.0031591243627390195,0.0027227661898466295,0.022007168444273164
0.004181274494620455,0.0038167415068168964,0.0037874918628149276,0.02133355812962275
0.004148939305456232,0.0038471867006096413,0.003728201403178249,0.021102704041592372
0.003688432538954636,0.003032388512384897,0.002616813003466385,0.022281462788334642
0.0037459521561899497,0.0031191393441058436,0.002733035903724837,0.022040683061026668
0.004161241114149922,0.0037711104079734925,0.00379472321522914,0.021365222364122145
0.004128919316189238,0.0038013166026629776,0.003735431346053951,0.021135276657096896
0.0036735692147434958,0.00299421941018093,0.0026264213775437986,0.022313512136914255
0.0037307984704010133,0.0030799358936517457,0.0027426950763689037,0.022073683618030377
0.004141450428701429,0.0037262722810254842,0.00380129837014342,0.0213974385027861
0.004109007533675333,0.003756317529665367,0.003742302764960302,0.021167862764823825
0.0036585657639239062,0.002956588272150683,0.0026359295066701984,0.02234544321020485
0.0037153641639985804,0.0030412210611447995,0.0027524282603247395,0.022106526411594836
0.004121662569860507,0.0036823141895815717,0.003808101943744455,0.021428897676678292
0.0040892276741933105,0.003712147036421367,0.0037491093513711982,0.02120015229274825
0.0036438401672058904,0.0029196324976115025,0.0026450260081759235,0.022376909874738577
0.0037003598209891376,0.0030032780620916823,0.0027615785408451367,0.022138852798404003
0.004102184756838046,0.00363911631772574,0.003814290607240588,0.021460901777888553
0.004069658133863127,0.0036687795120360655,0.0037555571869211475,0.02123253445032865
0.003629100358097996,0.002883257441014928,0.0026540137108657653,0.022408087792850036
0.0036851888036794696,0.002965880336549794,0.0027707607821101004,0.022170914108029245
0.0040827209732004445,0.0035968123504492755,0.003820613802020799,0.021492265103469393
0.0040501667056048124,0.003626305425597147,0.003761888935454872,0.021264599396997888
0.0036145329771462525,0.0028475651235141584,0.0026625963765204556,0.022438864366272744
0.0036703014712028675,0.0029292375832391483,0.0027794144648233955,0.022202501224781925
0.004063495534573326,0.0035553255104672334,0.0038264387847958574,0.021523911520313126
0.0040308790072732985,0.003584645271752621,0.003767937216702103,0.0212966357419841
0.0036000141795256672,0.002812469323418118,0.0026710618822999863,0.022469273600495932
0.00365538894941806,0.002893181734696128,0.002788031999805,0.022233728708252534
0.004044389916122513,0.0035146829303961996,0.003832256612077602,0.0215551565321628
0.004011737647540666,0.0035438520729444024,0.003773767605668585,0.021328468947994006
0.003585674319210293,0.0027780590549466504,0.0026791206761605834,0.02249926131934688
0.0036406845766362556,0.0028578563737998025,0.0027961793205228493,0.022264499700481957
0.004025460820973881,0.0034749009228604516,0.0038376953274882773,0.021586422620804006
0.003992749186448911,0.003503913450895966,0.003779393961230424,0.0213601054979043
0.0035713678385627073,0.002744254623374879,0.002687048388333898,0.02252887638059445
0.0036260026097087723,0.0028231513390479445,0.0028042264483765407,0.0222948594932308
0.004006691125915369,0.0034359491989415037,0.0038430213225227527,0.021617439412188345
0.003973947005759651,0.0034648184642964894,0.0037847413637523697,0.021391625905520167
0.0035572602308041497,0.0027111387301476924,0.002694594174780858,0.022558011790480476
0.003611510454034716,0.002789162101130547,0.0028118669809727302,0.022324740491451285
0.003988086770884682,0.003397858479890556,0.0038480414343384714,0.02164835918072905
0.003955283032717486,0.0034265903407210132,0.0037899116257588154,0.021422872127398962
0.003543184376868407,0.0026786349688830554,0.002701976821672571,0.022586772082187925
0.0035970571778670777,0.002755807516325206,0.0028193475932826715,0.02235419029462293
0.003969649612016237,0.0033606033238697437,0.0038528930495740034,0.021679047946233
0.003936817883475348,0.0033891993438162557,0.0037947929861917983,0.02145398768194038
0.003529307188209001,0.002646808306771342,0.0027090068412664193,0.02261503057725928
0.003582791857146359,0.002723153223143613,0.0028264687682152435,0.02238313858169648
0.003951393430511438,0.003324188637591462,0.0038574717528163964,0.02170960907361954
0.003918504461311915,0.0033526613563300634,0.003799488482900222,0.021484830873541798
0.0035154832406027775,0.0026156029074090076,0.0027158458109157874,0.022642878249698187
0.003568579560244313,0.002691144016318297,0.0028333927324136936,0.022411629470373808
0.003933293377117686,0.003288615972373863,0.0038618565581669106,0.02173992875310543
0.003900373105765879,0.0033169656557374165,0.0038039086348953463,0.021515495169695104
0.0035018298737811648,0.0025850597575292657,0.002722361908599891,0.022670227278621433
0.003554535504705614,0.0026598180975933266,0.002839992717497526,0.022439608674345878
0.003915383415130853,0.0032538662517311353,0.0038659893064420456,0.021770090509007956
0.003882415077938828,0.0032821008264422805,0.0038081292930402847,0.02154589661974801
0.0034882655381506915,0.0025551393063692994,0.0027286628800219396,0.022697125028492457
0.0035405776980141496,0.0026291389204221634,0.0028463667642921586,0.02246710201293925
0.0038976390516001044,0.0032199459464253926,0.0038699071944312074,0.021800017464637795
0.0038646345229887673,0.003248070898208876,0.0038120842137140468,0.02157608462811426
0.00347484767077409,0.0025258642971582998,0.0027346641503185613,0.022723529675014387
0.0035267615819506294,0.0025991244251845013,0.002852445144244025,0.02249408016730625
0.0038800775299440734,0.003186838345353353,0.0038735941089020945,0.021829741143103716
0.0038470313857649624,0.003214856694953277,0.0038158353937907817,0.021606002757208954
0.0034615392341361237,0.002497208599375092,0.002740435897710166,0.02274945335416765
0.0035130575401192466,0.002569754086426977,0.002858279096201237,0.022520546631994497
0.003862693687078547,0.0031545396462936658,0.003877049522371354,0.021859249253360337
0.003829609261400888,0.0031824589234977635,0.0038193265866035466,0.021635693180959308
0.0034483659481329997,0.002469181095540694,0.0027459276927247925,0.022774879633331146
0.003499478799650051,0.0025410287702300797,0.0028638403465902186,0.02254649322126039
0.003845487006626467,0.003123039868935538,0.0038802904050050076,0.021888514005941516
0.003812364790028071,0.0031508620077431372,0.003822611659777579,0.02166509942913574
0.0034353123905297538,0.002441763369147238,0.002751178613374255,0.02279981071118592
0.0034860266767327776,0.002512938017047724,0.002869144508851213,0.022571912666530254
0.0038284667356526807,0.003092326790333316,0.003883292393108612,0.021917568332751082
0.0037953065452063905,0.003120058020522163,0.003825645819411162,0.02169426477639102
0.003422389925782674,0.002414955426173897,0.0027561675021599255,0.022824235757887022
0.0034726942387046894,0.0024854733542448316,0.0028741938478559995,0.022596804137303368
0.0038116220896756967,0.003062393144258877,0.003886087626467126,0.021946362398174372
0.00377842518453656,0.0030900369290296084,0.0038284691512227714,0.0217231410586127
0.003409590864583779,0.0023887448242446126,0.0027609097679232707,0.022848156328870165
0.0034594911528109565,0.0024586289592747634,0.0028789827837719223,0.022621159734317255
0.0037949643238315077,0.0030332250475476026,0.003888647858550523,0.021974934293459307
0.0037617307991147653,0.00306078512215484,0.0038310552879986222,0.02175175768375325
0.0033969204979020623,0.002363124146671774,0.002765404426366582,0.022871565156895993
0.0034464090638120404,0.002432391271483301,0.0028835276986457423,0.022644980094760726
0.003778486531950409,0.0030048115968194554,0.0038910017873700796,0.022003244298859876
0.003745217203962334,0.003032292520709973,0.0038334248570262713,0.021780087384911155
0.0033843772785386024,0.0023380846636862854,0.0027696516918655064,0.02289446245587235
0.0034334557577488586,0.0024067552827273042,0.002887816245537189,0.022668259918768648
0.0037621932458946337,0.002977140970175149,0.003893130906502445,0.022031314338580594
0.0037288879143478454,0.0030045454510559413,0.0038355714647724673,0.021808138822143785
0.003371959375429636,0.0023136149554156583,0.0027736623803909038,0.022916845552773256
0.0034206244812860728,0.0023817065637545564,0.0028918675118140055,0.022690999459687146
0.0037460826619152253,0.002950199106153847,0.003895052843412767,0.022059125192414625
0.003712742343478084,0.0029775313553575006,0.0038374996360370896,0.02183590595353172
0.003359670703105742,0.00228970745178422,0.0027774306293683743,0.022938712041615926
0.0034079209333126898,0.0023572382761693064,0.00289567147583119,0.022713195986280185
0.003730155263796562,0.00292397430647775,0.0038967611168095996,0.02208668199958095
0.0036967794056180932,0.0029512369946506816,0.0038392156444044356,0.021863382389735786
0.0033475056640600727,0.0022663489800660453,0.0027809698397883876,0.0229600640288833
0.0033953402049253754,0.0023333365933125437,0.002899242841777078,0.022734850392353016
0.0037144115908125004,0.0028984516356504644,0.0038982635682469347,0.022113979345883227
0.0036810012509099176,0.0029256481267983647,0.0038407166998553487,0.02189057297897159
0.0033354696476002327,0.002243531388842925,0.002784275309281531,0.022980897998633766
0.0033828859187692525,0.0023099925410017684,0.002902577927166472,0.022755961423055936
0.0036988505430647837,0.0028736181585945183,0.0038995620247740167,0.022141014975087518
0.003665404923247548,0.0029007512989325315,0.003842013139905864,0.021917467786460924
0.0033235567832521945,0.0022212417041772123,0.002787358336147603,0.023001217714682748
0.0033705544916018677,0.002287193376816345,0.0029056860347158797,0.022776530698729446
0.003683472362177574,0.0028494594233456055,0.003900659263070019,0.022167788710742698
0.0036499923107861827,0.002876531866922139,0.0038431020134641497,0.021944072704818095
0.003311770891484027,0.00219947022582932,0.002790217956713833,0.02302102144972456
0.0033583478685746556,0.002264928147662542,0.002908568828696082,0.022796558636663848
0.0036682765577595628,0.002825960854199204,0.0039015607202582446,0.022194296885827306
0.0036347615238430074,0.002852975299286524,0.0038439924244791394,0.021970380746977134
0.0033001084728358065,0.002178204645703266,0.0027928620109320765,0.023040312585712798
0.0033462641226993683,0.0022431848825517245,0.002911231780037223,0.022816047311437798
0.0036532624373090006,0.0028031083986151924,0.0039022678015346863,0.02222054064046246
0.003619712598444749,0.002830067191629561,0.0038446843066934694,0.021996395219863414
0.0032885702859459464,0.0021574340382013646,0.002795293359644453,0.023059091990213856
0.0033343030302548557,0.0022219515533457926,0.002913680002609731,0.02283499867887393
0.003638429465850032,0.0027808868537707986,0.00390278686079282,0.02224651703845258
0.0036048446610420022,0.0028077923257682825,0.003845184309652406,0.022022113261716506
0.003277155198447724,0.0021371466268831456,0.002797517277795422,0.02307736235529708
0.0033224642580863156,0.0022012164433332544,0.002915917146927416,0.022853415234178373
0.0036237769175867917,0.0027592818489309092,0.0039031196562670477,0.02227222751305281
0.0035901568262959958,0.002786136135528409,0.003845495072042334,0.02204753592951011
0.00326586203771106,0.0021173306870781398,0.00279953887848804,0.0230951267117208
0.003310746231530805,0.0021809670339550434,0.0029179496704956616,0.022871300294703273
0.0036093038521199175,0.002738278224284975,0.003903272252220323,0.022297669966572113
0.0035756484372301335,0.0027650833246053042,0.0038456215081975062,0.022072663012399376
0.003254690677295172,0.0020979747131263725,0.0028013623286910075,0.02311238776686634
0.003299149190958091,0.0021611916214811346,0.002919781030180103,0.022888656900306295
0.0035950095592353175,0.002717861204246912,0.003903247397627539,0.022322846032559466
0.003561318253482007,0.002744619020836719,0.003845567941156726,0.022097494875496723
0.0032436392599576934,0.00207906672275109,0.002802993711209945,0.023129149617044355
0.0032876711685201118,0.0021418776697802286,0.002921417820596601,0.022905489240043774
0.003580892731918746,0.002698015863602332,0.0039030504805668566,0.02234775464343373
0.0035471653972012954,0.0027247281402537865,0.003845338464888169,0.022122032575215198
0.0032327076463359683,0.0020605952530421603,0.002804437055835487,0.023145415719516546
0.0032763121850782045,0.002123013321602693,0.002922864040083757,0.022921801193675196
0.003566952628544028,0.002678727194256079,0.003902685309305447,0.022372397122671757
0.0035331886774072774,0.0027053955624975817,0.003844938183801696,0.022146276560894622
0.003221894157131273,0.002042548365494565,0.00280569850288902,0.02316119065268456
0.003265070612534726,0.002104586263840285,0.0029241258067464813,0.02293759747529285
0.0035531878399185477,0.002659980446660672,0.003902156575701596,0.022396773718663488
0.0035193868787323497,0.002686606451996436,0.0038443710222366852,0.022170228550135947
0.0032111981198679183,0.0020249146209816416,0.0028067825470359203,0.0231764787420643
0.003253945765870566,0.002086584560488102,0.0029252079632910563,0.02295288280567192
0.003539597267659813,0.002641760718401099,0.003901468951252209,0.022420885281371615
0.0035057587437677443,0.0026683457443638947,0.0038436422924317732,0.02219388938004952
0.0032006182122019766,0.0020076823099071197,0.0028076949718273334,0.023191284892616414
0.0032429365281904147,0.0020689961992829773,0.002926116025457865,0.022967662313383177
0.003526179639467955,0.0026240533580244264,0.0039006266782865844,0.022444733162242627
0.0034923029504720683,0.0026505987399628563,0.0038427561082338855,0.022217261090988958
0.00319015333799161,0.0019908400307725137,0.0028084408247615556,0.02320561417586599
0.003232041676118995,0.0020518092766106614,0.002926855480364515,0.022981941436615128
0.003512933524636313,0.002606843735194155,0.003899634852149607,0.022468318005979218
0.0034790180845601267,0.0026333506632547107,0.0038417176379385576,0.022240345021184982
0.0031798023652725503,0.0019743763973397396,0.0028090254987591864,0.023219471847184075
0.003221260317659023,0.002035012104606802,0.0029274314806407445,0.022995725707522792
0.0034998576618653424,0.0025901173847754175,0.0038984976603728327,0.02249164173985178
0.0034659027336956054,0.0026165869805379527,0.0038405313638777507,0.022263143340101887
0.0031695639627654856,0.001958280151944258,0.0028094544534218234,0.023232863482739147
0.003210591019998526,0.0020185929751047643,0.0029278497915080576,0.02300902106772328
0.0034869504630735235,0.00257386000440598,0.0038972201806183313,0.022514705282108253
0.0034529553731032776,0.0026002932921738056,0.003839202157922193,0.022285657926641625
0.003159437034520531,0.001942540240951994,0.002809732830860806,0.023245794732331102
0.003200032846043713,0.002002540492057772,0.002928115491362816,0.02302183348736083
0.003474210568393119,0.00255805741786598,0.003895806822836214,0.022537510583340855
0.0034401745060954336,0.002584455323560798,0.003837734829094887,0.022307890955020265
0.003149420194674933,0.0019271456655640406,0.00280986621732833,0.02325827151935269
0.0031895844094107736,0.001986843280828225,0.002928234271218263,0.02303416924215228
0.0034616363640396354,0.0025426956834943113,0.0038942624066961523,0.022560059122161368
0.0034275585320564356,0.0025690590757430176,0.0038361340153838927,0.02232984477164837
0.003139512257082729,0.0019120857082832177,0.0028098597227476634,0.023270299837912234
0.0031792445686588985,0.001971490246663698,0.0029282113467272155,0.023046034692225652
0.003449226313318232,0.002527761016852365,0.0038925916057392547,0.022582352682274723
0.0034151058497142455,0.0025540906573894304,0.003834404653949417,0.022351521598457234
0.0031297118723464246,0.0018973497302064673,0.002809718813398407,0.023281885864249615
0.003169012066165305,0.001956470423548487,0.0029280521540843963,0.0230574363595603
0.003436978835750073,0.002513239867261169,0.00389079898811642,0.02260439321308163
0.0034028148318915688,0.002539536469235339,0.0038325513027475952,0.022372924040609407
0.003120017752866905,0.0018829273525173273,0.0028094486668128814,0.023293035868098926
0.003158885593704463,0.001941773056346521,0.002927762040125261,0.023068380904654174
0.0034248922586365468,0.002499118901877052,0.003888889329897738,0.02262618243985775
0.0033906837881890147,0.002525383092466379,0.003830578815573896,0.022394054476586687
0.0031104285866189844,0.0018688083610003698,0.002809054533878182,0.02330375620954736
0.0031488639499139964,0.0019273876199610883,0.0029273462108258498,0.023078875042672076
0.003412964983200791,0.002485385017113505,0.003886867086128363,0.022647722523868655
0.003378711050415435,0.002511617364043044,0.0038284917791499336,0.022414915585960597
0.0031009430176624614,0.0018549827508512686,0.0028085416280626842,0.023314053344717568
0.0031389457684703227,0.0019133037611992585,0.002926810005521035,0.023088925626384423
0.0034011952857029054,0.002472025364712672,0.003884736940032602,0.022669015309442573
0.0033668948880133374,0.002498226375738536,0.0038262948536324777,0.022435509947935788
0.0030915597479012472,0.0018414407510725706,0.002807915004718918,0.02332393376994922
0.0031291298243632908,0.0018995113964434787,0.0029261584935389878,0.023098539527377667
0.003389581511490122,0.002459027334832074,0.0038825033338970713,0.02269006294630158
0.0033552335857589097,0.002485197451660496,0.0038239926429801123,0.022455840229463946
0.00308227740509681,0.0018281727792899911,0.002807179800459981,0.023333404046335108
0.0031194147755706884,0.0018860006314834834,0.002925396861324705,0.02310772369730182
0.003378121933903878,0.00244637859230933,0.00388017075625047,0.02271086747132264
0.0033437253947081803,0.002472518212292958,0.0038215896236417557,0.022475909160105136
0.00307309467171485,0.001815169512422693,0.0028063409418639332,0.023342470751257637
0.0031097993350358046,0.0018727618314462436,0.0029245301036070234,0.02311648510841032
0.0033668148367229727,0.002434067058440407,0.0038777436304750046,0.02273143095642215
0.003332368562941359,0.0024601765175902425,0.0038190903236414438,0.022495719402053187
0.003064010197840247,0.0018024218296259073,0.002805403385605976,0.023351140485554256
0.003100282210556695,0.0018597855898194768,0.002923563182706892,0.023124830748899178
0.0033556585066860573,0.0024220809324970185,0.0038752262545398023,0.022751755560726998
0.00332116133666505,0.0024481605264321353,0.00381649908898207,0.022515273729784787
0.0030550226437669257,0.0017899208604018138,0.0028043719527004046,0.023359419852434775
0.0030908620756110606,0.0018470627390561579,0.002922500996512195,0.023132767624180643
0.0033446511926995396,0.0024104086919904573,0.003872622953412389,0.02277184332252014
0.0033101019445435534,0.0024364586679034485,0.003813820284083982,0.022534574830654654
0.0030461306856810646,0.0017776579664297398,0.0028032513846314145,0.023367315438015394
0.00308153766264324,0.0018345843689419141,0.002921348294323391,0.023140302711564698
0.0033337911817030823,0.002399039092230372,0.003869937880500286,0.022791696408250066
0.00329918862962068,0.0024250596561575157,0.003811058147452707,0.022553625444667155
0.003037332982294452,0.001765624743004831,0.0028020463638414963,0.02337483381440076
0.0030723076519456973,0.0018223418008964432,0.002920109808348458,0.023147442983643678
0.003323076725158683,0.002387961179869047,0.003867175186181913,0.022811316870609947
0.003288419623444868,0.0024139525016852363,0.003808216845451229,0.022572428276133268
0.0030286282268429596,0.00175381303652654,0.0028007614277006706,0.023381981510449065
0.003063170775678723,0.0018103266191964017,0.002918790105566459,0.02315419536524815
0.003312506102848003,0.0023771642828054112,0.0038643388986233772,0.022830706807820466
0.0032777931701260536,0.002403126493507302,0.0038053004836215275,0.022590986002107565
0.0030200150997500962,0.001742214922963837,0.002799401067663419,0.023388765014613372
0.003054125749444229,0.0017985306487810564,0.0029173936981313885,0.02316056674065493
0.0033020775883715954,0.0023666380244565153,0.003861432965122289,0.022849868285254697
0.0032673075159953447,0.002392571226058116,0.0038023130394898076,0.022609301302064063
0.003011492304835679,0.00173082272978844,0.0027979696342530992,0.023395190757644062
0.0030451713029409685,0.0017869459678982343,0.0029159249769210973,0.02316656393769602
0.003291789462799635,0.0023563723150471843,0.0038584612661620907,0.022868803319345765
0.00325696091731355,0.0023822765769001973,0.003799258441173116,0.022627376790369354
0.0030030585573064938,0.0017196290200607338,0.002796471393032514,0.02340126510292285
0.0030363061909567234,0.0017755649061037713,0.0029143882176780353,0.023172193711600057
0.0032816400275792966,0.002346357357655338,0.003855427554588412,0.022887513942883117
0.0032467516428846457,0.0023722327236888295,0.003796140491667192,0.022645215075440133
0.002994712578304959,0.0017086265992649666,0.0027949105029595276,0.023406994343241155
0.0030275291584177656,0.0017643800373747806,0.002912787611790524,0.023177462748053324
0.0032716275816336154,0.0023365836477093798,0.003852335525538769,0.022906002107748194
0.003236677971522412,0.002362430136817759,0.0037929629135180594,0.022662818707377307
0.0029864531168047564,0.0016978085144253256,0.0027932909989849854,0.023412384683581637
0.0030188389891067265,0.001753384188741875,0.002911127208649634,0.023182377640363107
0.0032617504532263058,0.002327041968416351,0.0038491887504139843,0.02292426976853113
0.0032267382009525786,0.002352859576861154,0.0037897293309864686,0.022680190197376292
0.0029782789256090902,0.0016871680464229698,0.0027916168261901326,0.023417442242865245
0.00301023446369386,0.0017425704284447633,0.0029094109705596425,0.023186944893232062
0.0032520069756935047,0.0023177233960892493,0.003845990715674711,0.02294231881947089
0.00321693064239466,0.0023435121014959205,0.0037864432572789395,0.022697332014274763
0.0029701887842465066,0.0016766987164089395,0.002789891797000136,0.023422173039888784
0.0030017143898000763,0.0017319320711826132,0.0029076427292258887,0.023191170908127137
0.003242395505998958,0.002308619291458423,0.003842744808440445,0.02296015111750612
0.003207253628171123,0.0023343790527740214,0.0037831081203496706,0.022714246565344723
0.002962181486998688,0.001666394275383114,0.002788119623839764,0.023426582990093668
0.002993277592337911,0.0017214626720156493,0.0029058262045879818,0.023195061978405027
0.003232914420289719,0.002299721303302953,0.003839454304699789,0.022977768485893287
0.003197705509261064,0.002325452065198907,0.0037797272307034456,0.022730936216043142
0.002954255846495834,0.0016562487067016641,0.002786303899429965,0.023430677900885474
0.0029849229089591034,0.0017111560230451362,0.0029039650058462693,0.023198624285833018
0.0032235621121745454,0.002291021362319489,0.0038361223930232845,0.022995172685663555
0.003188284658955579,0.002316723055639747,0.0037763038055480553,0.022747403267476457
0.0029464107008914087,0.0016462562208126351,0.002784448098766803,0.02343446346239952
0.0029766492072423427,0.0017010061530278405,0.0029020626138056803,0.023201863889774185
0.003214337003119643,0.0022825116789724695,0.003832752146099641,0.023012365448646648
0.003178989473404571,0.0023081842235841243,0.0037728409550445256,0.022763649967083834
0.0029386449030874176,0.001636411250986302,0.002782555589261865,0.02343794524826718
0.002968455365416064,0.001691007319882574,0.002900122404497119,0.023204786728073527
0.0032052375324269134,0.0022741847415940547,0.003829346542837151,0.023029348445529858
0.003169818372303937,0.002299828048140249,0.003769341683037976,0.022779678503559646
0.002930957333889175,0.001626708452107435,0.0027806296139630264,0.023441128706725843
0.002960340290704041,0.0016811540100816575,0.0028981476274546423,0.02320739860817052
0.003196262168446196,0.0022660333094861465,0.0038259084561104795,0.023046123304608347
0.00316076980151016,0.002291647280813871,0.0037658088952062774,0.02279549100156818
0.002923346893076982,0.0016171426935023684,0.00277867330855485,0.02344401916039082
0.002952302908940558,0.0016714409324835812,0.0028961414203401816,0.02320970520576248
0.0031874094027078224,0.0022580504124212514,0.0038224406543989377,0.023062691604544616
0.0031518422317496925,0.0022836349459477287,0.003762245387221207,0.022811089528641762
0.0029158125044723006,0.00160770905733164,0.002776689690354921,0.023446621802185017
0.0029443421682394284,0.0016618630143629225,0.0028941068050985057,0.023211712061320854
0.0031786777534638516,0.002250229343144238,0.00381894580883943,0.02307905486964252
0.0031430341618322115,0.002275784331809557,0.003758653856592887,0.022826476086492714
0.0029083531170244915,0.0015984028325277144,0.002774681663601097,0.023448941692029282
0.002936457042961292,0.0016524153974712828,0.002892046685029102,0.023213424576047952
0.003170065767403358,0.0022425636545025537,0.0038154264835360517,0.02309521458015126
0.0031343441173457393,0.002268088988842659,0.0037550368961650773,0.022841652615880836
0.0029009677007987076,0.0015892195104929769,0.002772652022545248,0.023450983757044328
0.0029286465267436453,0.0016430934318856368,0.0028899638546240804,0.023214848011799214
0.0031615720169243765,0.0022350471540519843,0.0038118851464050817,0.02311117216043242
0.0031257706525782626,0.002260542723341157,0.0037513969972122595,0.022856620994755817
0.002893655253168358,0.0015801547808434089,0.0027706034465969477,0.023452752787429917
0.0029209096408558187,0.001633892672309345,0.00288786099129162,0.023215987487278007
0.003153195104778072,0.0022276738980779188,0.0038083241635502763,0.023126928988434055
0.003117312350505013,0.002253139591804932,0.0037477365528063855,0.022871383036726048
0.0028864147936405525,0.0015712045253678418,0.002768538509004584,0.02345425343758916
0.0029132454280374107,0.001624808872017697,0.0028857406642982413,0.023216847978273
0.00314493366088042,0.0022204381876432524,0.003804745803001931,0.0231424863910307
0.003108967822922599,0.002245873896859223,0.003744057854615272,0.02288594049447274
0.0028792453674104834,0.001562364813986819,0.002766459672664023,0.02345549022418454
0.0029056529560264432,0.0016158379778828664,0.0028836053328436693,0.02321743431618469
0.0031367863449395707,0.0022133345613575533,0.0038011522373883905,0.023157845645127816
0.003100735711623592,0.002238740179745324,0.0037403630991904024,0.022900295056826954
0.002872146044374901,0.0015536318987941753,0.002764369294981384,0.02345646752609335
0.0028981313172271876,0.0016069761251684192,0.002881457347837458,0.023217751187521667
0.003128751845791851,0.0022063577909188473,0.0037975455422223914,0.023173007980606678
0.003092614687338334,0.0022317332160920085,0.0037366543862996857,0.02291444835152056
0.00286511591805168,0.0015450022090821524,0.002762269629674116,0.023457189585114512
0.002890679626833323,0.0015982196315872791,0.0028792989565868195,0.023217803134482497
0.003120828881198827,0.0021995028744357724,0.003793927701385367,0.02318797457747606
0.003084603451131924,0.002224848008849488,0.003732933722033086,0.022928401945224008
0.0028581541077382657,0.0015364723460165681,0.0027601628269219975,0.023457660505394974
0.0028832970255793337,0.0015895649922369952,0.0028771323013554707,0.02321759455459874
0.0031130161989325607,0.00219276503052107,0.003790300606238032,0.02320274656987062
0.003076700733418832,0.0022180797825718077,0.0037292030213515177,0.02294215734366866
0.0028512597558472998,0.0015280390769729809,0.002758050938369529,0.023457884255253088
0.002875982676869979,0.0015810088736715948,0.002874959424766921,0.023217129702034822
0.0031048779875656163,0.0021858337426887016,0.0037861361157841516,0.023214075785034025
0.0030689496485203477,0.0022113661926482665,0.0037255195271744587,0.0229558072851108
0.0028444790917617757,0.0015197053251472716,0.002756023036832648,0.023457693125993828
0.0028688006880433162,0.0015725796557147643,0.0028728142797330835,0.023216301964327148
0.003095990201896637,0.0021784311258468293,0.0037808252925294666,0.02321913652480668
0.0030612975636713172,0.00220471792604864,0.003721851562146123,0.022969557519094456
0.002837735520321586,0.0015114983018488998,0.0027541893214666313,0.023456990180710395
0.0028616420011020618,0.001564290740528412,0.002870829627678465,0.02321508866281516
0.0030871244572006225,0.0021711942968475322,0.0037754796316489085,0.02322424706736704
0.0030536305285856122,0.0021982820924374043,0.0037180618591330264,0.022983184639129257
0.002830972756094279,0.0015034013991831264,0.002752278698288765,0.023456190196417443
0.0028544398346871482,0.0015560552039885463,0.00286885693929859,0.023213766867236547
0.003077200919876143,0.002163192652655764,0.003768849775422155,0.023219643844232543
0.0030463569754219954,0.0021916908868165404,0.003714538430253821,0.022996649381464555
0.0028245955711616814,0.0014953601260748002,0.002750501471159925,0.023454675681227173
0.002847742902755188,0.001547996640735677,0.002866760651106824,0.023211840797258056
0.0030673959711383036,0.002155225080974539,0.003761571685757441,0.023215168999456148
0.0030388775276366403,0.002185405070967588,0.0037107592443539677,0.023010430792863936
0.002817750493401269,0.001487509287313218,0.0027490237517867064,0.02345303113406066
0.0028403553782596716,0.0015400277129172814,0.002865221343715148,0.023209866449092374
0.003057307969924552,0.0021475841919804005,0.0037549734150528324,0.023209894741011032
0.0030305306656320985,0.0021784907884091,0.003705789189731889,0.023015790369934695
0.002811513154740975,0.0014796805872813144,0.0027471789924591824,0.023450998474413925
0.0028339191543485277,0.0015321090448799722,0.0028632024860081318,0.023207420016922355
0.0030480692674015185,0.0021396175294192193,0.0037478312790493085,0.023205228965609833
0.003022315444187082,0.002171313115048828,0.00370050167430619,0.023019790857553485
0.002805003541600725,0.001471982625428473,0.0027458030429711347,0.02344855514798906
0.0028268482908341773,0.0015243770046844338,0.002861720111148043,0.02320472161490135
0.0030381388127766573,0.0021322133513409364,0.003741027915239306,0.02320011179145754
0.0030136073478507623,0.002164623867774491,0.003695113414058241,0.023023220772322404
0.0027985149303155162,0.001464432537990665,0.0027441483901968753,0.02344606188437354
0.0028200769698149045,0.0015166689440525806,0.0028600220531756334,0.023201870418544983
0.0030289196794094017,0.0021245801947104835,0.0037342822674042127,0.02319482597161537
0.0030057025754195196,0.002157629073454333,0.0036898864170676372,0.023026648842779694
0.0027924410049110318,0.0014568409413176979,0.0027424675308238044,0.02344324456236479
0.0028135978306578695,0.0015090383254570457,0.0028581388512998597,0.023198747152813302
0.0030196753104933718,0.0021171899300480713,0.0037272741063326476,0.023189517704407053
0.0029974282639582996,0.0021510099083774,0.0036845776375920014,0.02302975273372663
0.0027859542415095556,0.0014494288676190617,0.002741027429524718,0.023440311418981175
0.002806693562287753,0.0015015332911555294,0.0028566592009456994,0.023195416230377335
0.003010354453680862,0.002109949634429238,0.0037206185642615266,0.023183946733705385
0.0029894267930555395,0.002144387040067707,0.0036792491273734624,0.023032787096932582
0.0027799179587201903,0.001442067114485099,0.0027392975542852205,0.023437004702021945
0.0028003269384489736,0.00149407386221185,0.00285478897527541,0.023191813426105344
0.0030014813771715647,0.0021026715362991557,0.0037137345566576573,0.023178343486923988
0.0029814953458720786,0.0021377478601123075,0.003673911816750008,0.023034778859981304
0.0027737189809205073,0.0014347480151202861,0.002737817883939061,0.02343362253086455
0.0027937201472760576,0.0014866952050726166,0.0028531794372756206,0.023188040261660155
0.0029924830883817782,0.002095618994994099,0.0037069716304394444,0.02317253117958269
0.002972442175757385,0.0021304965151245927,0.00366707087648596,0.02302809547353065
0.0027677162891533817,0.0014275486764512239,0.0027363743531757137,0.02342964903868749
0.002787433935838272,0.001479431977559317,0.0028516985339861506,0.023183733165871363
0.002983801998093207,0.002088452885743446,0.003700095531249511,0.02316718356757596
0.002963506791079845,0.0021232700416900594,0.003660127359741232,0.023021531497259835
0.002761620977102815,0.0014204895476255391,0.002735007727087825,0.023425400696105513
0.0027808637047656,0.0014722838429363778,0.002850316286964352,0.023179316448718727
0.00297490508006748,0.002081615446049667,0.0036934918453967475,0.02316121362576914
0.0029545720433781686,0.002116290238592754,0.0036533710487498317,0.023014551835826395
0.00275567001873369,0.0014134365921244802,0.002733475626642402,0.023421214993367377
0.0027746630405441745,0.001465119367712178,0.002848719595597782,0.02317476795440916
0.0029666024700524215,0.002074612444166383,0.003686763777019664,0.023155255702305377
0.0029461091116840497,0.0021091552007251003,0.003646574226396369,0.02300753481920653
0.002749853592538876,0.0014064516718471408,0.0027320423032119213,0.023416607305652645
0.00276840681628346,0.00145810201380252,0.002847229680956919,0.023169882779905063
0.002958021679350336,0.0020679073059711606,0.0036800494220380776,0.02314925930035154
0.0029372884341651024,0.0021023893349876865,0.003639821103789816,0.02300043463246902
0.0027438047778161096,0.001399615872845985,0.002730700245907846,0.023411877679968596
0.0027620245864536028,0.0014511546534500212,0.0028458648830015317,0.023164844120514227
0.0029496700221234864,0.002061216321974365,0.0036735046820887025,0.023142986787516674
0.0029289394497116236,0.0020955190978305233,0.003633067983642325,0.022993149651491022
0.0027381693582532274,0.0013927564616893996,0.002729154802014663,0.023406921659556316
0.002756055150216777,0.001444216188970198,0.0028442468001700816,0.02315959746196921
0.0029416097829306257,0.0020545402293794144,0.003666818404190816,0.023136672990082926
0.0029206077152180384,0.0020887798828045905,0.003626393339061649,0.02298573072076011
0.0027323278471244345,0.0013860032706490772,0.002727816069842259,0.02340179882102075
0.0027498142978413446,0.0014374045041603291,0.0028428646658972614,0.023154124145735235
0.002933380133342657,0.0020480789404547393,0.0036602721569509887,0.023130207167241398
0.00291228823030604,0.0020821836726553685,0.0036196858669226345,0.022978253490390167
0.002726645834711229,0.0013793263181250473,0.00272637602864184,0.023396399482849002
0.0027438155785065362,0.001430629315164628,0.002841379012061397,0.02314842608008241
0.0029254936457801593,0.0020415728514163725,0.003653711009558397,0.023123651427536744
0.002904246843874655,0.0020755684144144046,0.0036130434234637214,0.022970607410304694
0.002721033696509261,0.0013726759052361804,0.0027249655278486396,0.023390864827460608
0.0027378249443166754,0.0014239127078054035,0.002839904113801172,0.023142563531544612
0.002917612864455681,0.002035216522074467,0.0036471834840303367,0.023116911454705978
0.0028961955408612697,0.002069111131005011,0.0036064274145797704,0.022962841116174495
0.0027154122123104417,0.0013661150384784943,0.002723582262560803,0.02338512112416772
0.002731858525303842,0.001417273877913857,0.002838479881839203,0.023136466725343616
0.002909862183797993,0.0020289050321795564,0.0036407065826097235,0.023110114902420327
0.00288830872315112,0.0020626816291025186,0.0035998337320833685,0.022954994782921248
0.0027098946379305027,0.0013596081519452962,0.002722192807816074,0.02337914096633456
0.0027259841372782004,0.0014106921215292815,0.0028370272813232423,0.023130170140846135
0.002902224007146603,0.002022677128938195,0.003634239652378717,0.023103171929850883
0.002880500890355264,0.0020563546979957773,0.003593286906390253,0.022946995804852592
0.0027043835739843165,0.001353157544897399,0.0027208309255921915,0.023373028736979863
0.002720122669381471,0.0014041637444533752,0.0028356152551028625,0.023123699860535973
0.0028946963727327496,0.0020165134416212527,0.003627836041882373,0.02309609044155627
0.0028728339814004314,0.002050075937997324,0.003586760379668705,0.022938897312250264
0.0026989706005037984,0.0013467654558113789,0.0027194540084633833,0.023366679743105818
0.002714357553344492,0.0013977004200505815,0.0028341820488375974,0.02311700438568472
0.002887276798444694,0.002010416335571777,0.003621437082070676,0.023088938982868144
0.0028652343224663747,0.0020438817195309877,0.0035802838942440834,0.022930691239414464
0.002693555343802303,0.001340435933481693,0.0027181324304806076,0.023360156193665223
0.002708591226566831,0.001391296229125054,0.0028327986645767934,0.023110127652890045
0.002879943080176108,0.002004398207988513,0.003615090956270468,0.023081636181579254
0.0028577620791309833,0.0020377511684669756,0.0035738192503412852,0.02292236779885497
0.002688235179617435,0.0013341536920515947,0.002716782878253373,0.023353448438095233
0.0027029263601801245,0.0013849368533666434,0.0028313972486006165,0.02310306010749604
0.002872756385219768,0.001998419053415721,0.003608774904323773,0.023074232188803064
0.002850403293728295,0.002031672348509605,0.0035674066116898424,0.022913933393662676
0.0026829470417766895,0.0013279295843005162,0.0027154692697070413,0.023346546345849463
0.0026972834816280313,0.0013786447018732091,0.0028300193405983863,0.023095792949153583
0.0028656279006399193,0.0019925290435976583,0.0036024862950597243,0.02306672090277977
0.002843111533297926,0.002025679244200087,0.0035610225013586634,0.02290539565934443
0.0026776967712568932,0.0013217622292024927,0.002714175816301877,0.02333946335760629
0.002691692877699603,0.00137240056673506,0.002828666342045245,0.023088342448862938
0.0028586328388748128,0.0019866812553825937,0.003596241916356258,0.0230590901691212
0.002835961809666665,0.002019726629921775,0.0035546644236911784,0.022896746794108434
0.0026725233947913255,0.0013156417546514227,0.002712876367992013,0.023332198165108627
0.0026861681261655013,0.0013662087062692014,0.002827308263000099,0.023080706636586523
0.0028517305622285188,0.001980899138932051,0.0035900303455737937,0.023051345535726932
0.0028288841516568314,0.0020138475004018693,0.0035483587099501297,0.02288798454290334
0.002667370933837189,0.0013095793909463885,0.002711613986317761,0.023324754119282837
0.0026806725467609653,0.0013600753057693476,0.0028259796282126405,0.023072881847909926
0.0028449210205366477,0.001975178716083857,0.0035838514988221306,0.023043498136909833
0.0028219143043433387,0.002008023678160166,0.003542074373791262,0.02287912432011833
0.0026622814511541235,0.0013035662320170444,0.0027103588877768476,0.023317125506555993
0.002675239611965917,0.001353988789527286,0.0028246626033361574,0.023064876235335055
0.0028382236810996736,0.0019695080390423475,0.0035777121066913756,0.02303553368932535
0.002815046630180553,0.0020022559419060853,0.003535830058688362,0.02287015024980374
0.0026572365999183987,0.0012976041199575519,0.0027091188184077994,0.023309326901421283
0.0026698492466705657,0.0013479558026928155,0.0028233587439264168,0.023056690819107956
0.0028316147822756246,0.0019638985762051794,0.003571609584440582,0.02302745722302752
0.0028082685662999384,0.0019965473726935826,0.0035296253629125748,0.022861070942522654
0.002652237426040741,0.0012916932006881887,0.0027079007783707594,0.023301346683693387
0.002664510741065621,0.001341973809732623,0.0028220722345640736,0.02304832132593408
0.0028251093845358516,0.0019583402729933487,0.003565536739889687,0.023019280385898174
0.0028015913240092296,0.0019908921512964035,0.0035234498038581867,0.022851890060473265
0.0026472860187942687,0.001285831711537212,0.0027066993946103313,0.023293193110467333
0.0026592164758243095,0.00133604094305847,0.0028208053963942074,0.023039776591920212
0.002818696682114272,0.0019528371661880475,0.0035595068449104732,0.023010984587420284
0.0027950076965285874,0.0019852927481693377,0.0035173128798762737,0.022842599503977237
0.002642383640771281,0.001280019392905669,0.002705511448895148,0.023284868289192632
0.002653974930545061,0.0013301577286001956,0.002819549328697481,0.023031054052864132
0.0028123836491659427,0.0019473842351430126,0.003553509546734889,0.023002585178835085
0.0027885194775036253,0.0019797443991656175,0.003511213544525312,0.022833206219090872
0.0026375255922521383,0.0012742560845857194,0.002704346758025295,0.023276368135318613
0.0026487778853238335,0.0013243245994261272,0.0028183135372389307,0.023022154208470886
0.002806161163770783,0.0019419853663251566,0.003547546699766913,0.022994078663373923
0.0027821212257156534,0.001974251565252245,0.003505146574091411,0.022823709649250918
0.0026327126942578584,0.0012685416583246172,0.002703198619668871,0.023267699487749503
0.0026436271074173796,0.0013185391037588159,0.0028170962116200226,0.023013082082609555
0.0028000352131305043,0.001936634945209546,0.0035416244329249565,0.022985459922060858
0.0027758201824581914,0.001968807237063742,0.003499117207896532,0.022814107393824737
0.002627949992286795,0.0012628743932033967,0.002702065693771949,0.023258860330251672
0.002638527435696048,0.001312802153147526,0.002815891058201861,0.023003835506926675
0.0027940018464451175,0.0019313349358026318,0.0035357346787287976,0.02297673731511104
0.002769606011091193,0.001963415510109343,0.003493125585812406,0.022804402450954924
0.002623227128863369,0.0012572557802762226,0.0027009567911883874,0.023249852314410447
0.0026334691802279136,0.0013071138198190158,0.0028147081446696894,0.022994416611773556
0.0027880584188845477,0.0019260849637307538,0.003529881776191947,0.022967907008317433
0.002763484415586042,0.0019580735548706003,0.0034871663895427564,0.022794595490296443
0.0026185534340033355,0.0012516838276187608,0.002699862449417984,0.023240676886664917
0.002628460814853201,0.0013014717029152263,0.0028135405588315763,0.022984827579159164
0.0027822093586540955,0.0019208812466834056,0.0035240664321489726,0.022958968619214183
0.0027574534867943804,0.001952779739088343,0.0034812457545984393,0.02278468440688108
0.0026139238892334605,0.0012461589147507051,0.0026987875966525154,0.02323133492979097
0.002623497434459013,0.0012958777100987055,0.0028123895565163393,0.022975067752874407
0.0027764477846915748,0.0019157269693002312,0.003518285325190027,0.022949925607134346
0.00275150862728631,0.0019475359304206082,0.003475360913742726,0.022774672114500537
0.0026093373978094965,0.0012406809093857525,0.0026977335327238146,0.023221826656528374
0.002618579179052829,0.001290330195739158,0.002811258206689254,0.022965138859309474
0.002770777415901333,0.0019106185797700512,0.003512540479807367,0.02294077671837856
0.0027456546079253057,0.0019423389314230269,0.003469510084597584,0.0227645583668511
0.002604797454481092,0.0012352488150355993,0.002696696047628624,0.02321215392716984
0.0026137073328380404,0.0012848288529435073,0.0028101433254500577,0.02295504242385338
0.002765195224331187,0.001905556688507012,0.0035068326878523117,0.02293152096876249
0.0027398862445385634,0.0019371897412026455,0.003463697220120231,0.02275434218035249
0.0026003003622841734,0.0012298630653298326,0.0026956785033529925,0.023202317157779755
0.0026088803161775785,0.001279374224921535,0.0028090458017668543,0.022944778160606173
0.0027597007162211747,0.001900540834359467,0.0035011592830676693,0.022922161841598024
0.00273420442047167,0.0019320872057366077,0.0034579193664714533,0.02274402593622011
0.0025958470217347708,0.0012245229819770566,0.002694680664390446,0.023192316767140602
0.002604097991416542,0.0012739652116920152,0.002807967113040594,0.02293434777720229
0.0027542936238328774,0.0018955699678711746,0.003495522201615765,0.02291269724885461
0.0027286087092035435,0.0019270309042565075,0.0034521766850841686,0.02273360876968122
0.0025914377161963898,0.001219228406825973,0.002693700696253706,0.02318215458300206
0.0025993604450450466,0.0012686018388209548,0.002806905558985868,0.022923752196695103
0.0027489726065895036,0.0018906438105209234,0.003489921467007706,0.02290312779438999
0.002723097474562696,0.0019220201627132135,0.0034464708637165697,0.022723090989553527
0.0025870714621087578,0.0012139791372044757,0.0026927403211643858,0.023171830329095408
0.0025946675655227377,0.0012632840752560396,0.0028058613640248174,0.022912991463629073
0.0027437371905879547,0.0018857619961028592,0.003484355159734673,0.022893455570867707
0.0027176700584980017,0.0019170548231743707,0.0034408001213078396,0.0227124738048521
0.0025827476409697233,0.0012087749380281262,0.0026917996231478384,0.023161345323186082
0.002590018029734878,0.00125801134432357,0.002804835990624017,0.0229020671817299
0.002738586414098005,0.0018809238966607934,0.0034788251298412615,0.02288367882960586
0.002712326446739676,0.0019121341113512253,0.0034351646091655553,0.022701756852788857
0.002578467340432241,0.0012036154568757403,0.002690876919681082,0.023150700348715112
0.0025854130554453757,0.00125278346886205,0.0028038275085437046,0.022890979823604166
0.0027335198847066988,0.0018761289112628186,0.003473330570906682,0.022873799020822084
0.0027070650204332244,0.0019072576045244503,0.003429565420705303,0.022690940599187213
0.00257422888839998,0.0011985006634379965,0.002689974058867195,0.023139895704107714
0.002580851268689359,0.0012476005306187477,0.00280283690210776,0.02287972985870153
0.0027285362019254557,0.0018713771379649277,0.003467870706639751,0.02286381685449889
0.0027018851686328956,0.0019024252148267889,0.0034240010974982216,0.022680025819825266
0.002570032498022163,0.0011934302268549668,0.0026890903353047196,0.023128932510787254
0.0025763326511684323,0.0012424618753901387,0.002801864511688715,0.022868318573727335
0.0027236354072259247,0.0018666675257999741,0.003462446596525237,0.022853731651784105
0.0026967869455109482,0.0018976360064496542,0.0034184720156880963,0.022669012421730653
0.002565878495660285,0.0011884039147443586,0.0026882250195708313,0.02311781133143773
0.002571857379132392,0.0012373675645288552,0.0028009092120509856,0.022856746348665184
0.0027188161081321822,0.0018620001263745898,0.0034570575281942877,0.022843544533198996
0.0026917683534875905,0.0018928900587655525,0.003412978755604551,0.022657900884247108
0.0025617654920464367,0.0011834216959714363,0.002687379390074717,0.023106532708807033
0.002567424555692833,0.0012323174436413887,0.0027999718127171393,0.022845013856961086
0.0027140778548618207,0.0018573744890122055,0.003451703086863083,0.022833255963296682
0.0026868296288521097,0.0018881867647288606,0.0034075201251836692,0.02264669182834491
0.0025576940518704165,0.0011784831692746663,0.0026865525672794995,0.023095097553163028
0.0025630342803501017,0.0012273110362200934,0.0027990522191168885,0.0228331221320276
0.0027094200466974776,0.0018527900375129166,0.0034463839295315753,0.02282286564916148
0.0026819698236059484,0.0018835257516125019,0.0034020966825695506,0.02263538526147673
0.00255366374891559,0.001173588278214895,0.002685744455341999,0.02308350643503726
0.002558686272809516,0.0012223484266434908,0.0027981498702859507,0.02282107156697532
0.002704841586873442,0.0018482467014839421,0.00344109941835093,0.02281237461619425
0.0026771878026478004,0.001878906798771516,0.0033967084808623187,0.022623981762398597
0.0025496739573705645,0.0011687368188094426,0.00268495567017924,0.023071759910108854
0.002554380139643773,0.0012174293114995643,0.0027972652128596094,0.02280886292358813
0.002700342139194537,0.0018437439826048919,0.003435849321574743,0.02280178315126837
0.0026724834290385354,0.0018743294584673419,0.0033913547780059887,0.022612481761522495
0.0025457247992852206,0.0011639285329583177,0.002684185614098134,0.023059858872982557
0.0025501156383506444,0.001212553423735086,0.00279639817273398,0.02279649706666427
0.002695920789632373,0.0018392815481595864,0.0034306340710216314,0.022791091245102098
0.0026678557076309025,0.0018697934277930477,0.003386035990082647,0.022600885453003452
0.002541815930841224,0.001159163316150544,0.0026834342710755094,0.023047803800291596
0.0025458926600793598,0.0012077207203855587,0.0027955483074120257,0.02278397443750004
0.0026915768321077037,0.0018348591610572893,0.003425453043665953,0.022780299849184706
0.0026633038149414365,0.0018652984226720265,0.003380751990283851,0.022589193379583032
0.0025379468292161707,0.0011544409606656578,0.0026827020310912254,0.023035595373038863
0.002541710711977514,0.0012029309372881066,0.0027947160095901573,0.022771295842993276
0.0026873096550601248,0.0018304764723288058,0.0034203062053089995,0.022769409100243918
0.0026588273562271774,0.001860844108666061,0.0033755022935093287,0.022577405915152886
0.002534117536161975,0.0011497612486455321,0.002681988387133307,0.023023234376606395
0.0025375696587609316,0.0011981838463030925,0.0027939010863044385,0.02275846202705114
0.002683118516740402,0.0018261331265021037,0.0034151937217603125,0.022758419301213324
0.00265442546201585,0.0018564301555750245,0.003370287185308203,0.02256552337825026
0.0025303276718298927,0.001145124052576934,0.002681293428623061,0.023010721307221378
0.0025334692679018175,0.0011934793715624053,0.002793103287261978,0.02274547350479372
0.002679002654825758,0.0018218289400125007,0.0034101151010073813,0.022747331202917376
0.0026500973347574203,0.0018520563449003927,0.003365106464567276,0.022553546263486664
0.0025265768118776896,0.0011405291687378166,0.002680617349532873,0.02299805690670364
0.0025294091370964907,0.001188817245487163,0.0027923228822689184,0.022732331084593542
0.002674961516829133,0.0018175635374690193,0.003405070353074772,0.022736144996635243
0.0026458425816851257,0.0018477223091776592,0.0033599597934075996,0.02254147496151885
0.0025228649554029387,0.0011359763866034978,0.0026799597493349153,0.022985241871950977
0.002525389124313249,0.0011841972793540654,0.0027915596487143603,0.022719035442389415
0.0026709943120865787,0.0018133366493897486,0.003400059487992662,0.022724861124413194
0.002641660267183613,0.0018434278078004785,0.003354847368288682,0.02252930984861434
0.002519191652367641,0.0011314655802520624,0.002679320776818044,0.0229722767671588
0.002521408926043261,0.0011796193599630973,0.0027908134744683297,0.022705587166675003
0.0026671003580785086,0.0018091480566973113,0.003395082125161047,0.022713480216844627
0.002637549765314188,0.0018391725732393588,0.0033497689327593645,0.022517051409804457
0.0025155566306093633,0.0011269965225713845,0.0026787004615798802,0.02295916233517992
0.0025174682433684176,0.001175083220894135,0.0027900844992261066,0.022691987048054328
0.002663279075049796,0.00180499741478826,0.0033901382674787913,0.02270200254338952
0.002633510541617548,0.001834956296229507,0.0033447242779125396,0.02250470004954554
0.0025119597467447375,0.0011225690354586934,0.0026780985513803037,0.022945899248985508
0.002513566851238896,0.0011705887069507462,0.002789372549968562,0.022678235739068735
0.0026595296643132423,0.0018008845003110257,0.003385227841903751,0.02269042861305555
0.0026295417353714595,0.0018307787463911446,0.003339713491408938,0.022492256193710192
0.0025084006132455464,0.0011181829610207143,0.002677515159095274,0.02293248811916176
0.0025097044847817366,0.0011661356538989623,0.0027886775567263176,0.022664333888375333
0.00265585152512104,0.001796809056565689,0.0033803505416632896,0.022678758993670983
0.002625642776485289,0.0018266396479922347,0.003334736323386352,0.022479720318919837
0.002504878980809974,0.0011138380798139647,0.002676950258979082,0.02291892969495058
0.002505880838470868,0.001161723824751854,0.002787999604344377,0.022650282266657315
0.0026522440001960613,0.0017927707968885798,0.003375506358086016,0.022666994022218126
0.002621813040310235,0.0018225387355198317,0.0033297926316371374,0.02246709285752069
0.002501394648493514,0.0011095342184623722,0.0026764036851620807,0.022905224638938352
0.002502095688340961,0.00115735305755687,0.0027873385442149946,0.022636081530926812
0.0026487063669400983,0.0017887694898485024,0.0033706951565666433,0.022655134254989922
0.0026180517616300257,0.0018184757676243065,0.0033248824205809996,0.02245437426840963
0.0024979472670526586,0.0011052711978579999,0.0026758755222525228,0.022891373609570054
0.002498348759487385,0.0011530231666486866,0.002786694345461315,0.02262173237467992
0.0026452380122932574,0.001784804888824256,0.003365916697667043,0.02264318021473897
0.0026143583563374238,0.0018144504889756664,0.003320005465413309,0.02244156502988327
0.00249453659277565,0.0011010488067773353,0.002675365719656768,0.022877377355599696
0.002494639763852818,0.0011487339289811978,0.002786067048014273,0.022607235555024315
0.002641838278819999,0.0017808767253310344,0.0033611709400298588,0.022631132315947735
0.002610732186654904,0.0018104626430068577,0.0033151616508808983,0.02242866560592157
0.0024911623967799885,0.001096866865241655,0.002674874172647827,0.022863236547153117
0.0024909684676849477,0.0011444851732968953,0.002785456535239755,0.02259259174894302
0.0026385064730801064,0.0017769847767765694,0.00335645772209935,0.02261899112775151
0.002607172529384899,0.0018065119992602447,0.003310350928027124,0.022415676475840203
0.0024878243493931355,0.001092725183734458,0.0026744009424488893,0.022848951885135995
0.0024873345915829436,0.0011402767003686834,0.0027848627996087715,0.022577801683087165
0.0026352419869593853,0.0017731287973074346,0.0033517768485003714,0.0226067571626628
0.002603678808047486,0.0018025983051233095,0.0033055730936470814,0.022402598131478612
0.002484522217203237,0.0010886235513985752,0.0026739459696970584,0.022834524115744995
0.00248373786439631,0.0011361082943667355,0.0027842858499671653,0.022562866109838205
0.0026320441618273432,0.0017693085380427174,0.003347128244840272,0.022594430896182773
0.0026002503667645663,0.0017987213217119644,0.0033008280451553786,0.022389431061789818
0.002481255741725266,0.0010845617841531573,0.0026735091987741388,0.022819953932173113
0.0024801780358543906,0.001131979774686417,0.0027837256062579747,0.022547785733433044
0.002628912331343988,0.0017655237794890976,0.003342511741191663,0.02258201290093246
0.002596886530781902,0.0017948808186978734,0.0032961156935192738,0.022376175765505876
0.002478024623108738,0.0010805396805283279,0.0026730906648200214,0.022805242065535455
0.002476654836556495,0.001127890930909396,0.0027831820672316408,0.022532561305094654
0.00262584589170602,0.0017617742790989736,0.0033379271663471744,0.022569503699287723
0.002593586715295328,0.001791076552829404,0.003291435858145642,0.022362832750598333
0.00247482861886949,0.001076557032428734,0.002672690320062583,0.022790389266959775
0.00247316799523829,0.0011238415534283782,0.0027826552316688965,0.022517193580890764
0.0026228441850131984,0.0017580598052143559,0.003333374419881535,0.022556903810757128
0.0025903502666476713,0.0017873082957608932,0.0032867884346331846,0.022349402528382276
0.002471667462788906,0.0010726136468874824,0.0026723081365397695,0.022775396255868822
0.0024697172606569424,0.0011198314482913719,0.002782145045569638,0.022501683294188314
0.002619906575510084,0.00175438013601188,0.003328853329449981,0.02254421381293288
0.002587176546403821,0.001783575817599546,0.0032821733091044298,0.022335885615309616
0.002468540871508242,0.0010687093156286527,0.002671944135376622,0.022760263787817973
0.002466302363789701,0.0011158604011161934,0.002781651513949335,0.02248603121511567
0.0026170324532724704,0.0017507350394681328,0.003324363737606684,0.0225314342449665
0.0025840649592905164,0.0017798788863860725,0.0032775903179473286,0.02232228253685869
0.002465448595435963,0.0010648438304039715,0.002671598283604246,0.02274499262373089
0.0024629230383155887,0.0011119282019966396,0.0027811746322559928,0.022470238110760113
0.002614221177324855,0.0017471242914052394,0.003319905521985851,0.022518565660344596
0.002581014868481797,0.001776217277874656,0.0032730393486997697,0.022308593823701105
0.0024623903672005916,0.0010610169895178346,0.0026712705713811593,0.022729583510078886
0.002459579030015176,0.001108034646964954,0.0027807143691545733,0.022454304741779268
0.002611472127981077,0.0017435476731753894,0.003315478512609971,0.022505608641933992
0.0025780256553409966,0.0017725907675793836,0.0032685202734439147,0.02229482000898779
0.002459365912720299,0.001057228580697977,0.0026709610137278243,0.02271403722260222
0.0024562700720653055,0.001104179518824114,0.00278027073397856,0.022438231894823683
0.002608784698530792,0.001740004960076091,0.003311082556425455,0.022492563750270148
0.002575096725177141,0.0017689991301967358,0.003264032938420113,0.022280961635691238
0.002456374978923017,0.0010534783929939443,0.002670669592684045,0.022698354535887127
0.0024529959019238346,0.0011003626050322755,0.002779843724777737,0.022422020352382492
0.00260615826365502,0.0017364959348406287,0.0033067175151961204,0.02247943156304275
0.0025722274562918596,0.0017654421470295772,0.0032595772223928425,0.022267019250931497
0.002453417298334618,0.0010497662181366395,0.002670396311571314,0.022682536222129564
0.0024497562631093667,0.0010965836940643333,0.0027794333290466237,0.022405670899500078
0.002603592217795966,0.0017330203820832353,0.003302383221515684,0.02246621267158746
0.0025694172475447647,0.0017619195977490077,0.003255152988497406,0.022252993404293802
0.0024504926046281035,0.0010460918401554277,0.002670141184125978,0.022666583074237665
0.002446550892415751,0.0010928425661790473,0.002779039559782255,0.022389184338407017
0.002601085960602646,0.0017295780842268836,0.0032980795214340008,0.022452907657391774
0.002566665507264695,0.001758431263979279,0.003250760088321386,0.022238884654504153
0.002447600641126341,0.0010424550453597644,0.0026699042074393143,0.022650495883340258
0.0024433795289692203,0.001089139005635365,0.002778662422034156,0.022372561469033197
0.002598638882644413,0.0017261688296543053,0.003293806265687326,0.02243951711617933
0.002563971631134179,0.0017549769313094689,0.003246398391694866,0.022224693563487913
0.0024447411435516886,0.001038855619710871,0.002669685393912535,0.022634275444332115
0.002440241916763575,0.0010854727948711894,0.0027783019177235113,0.022355803097846585
0.0025962503914647756,0.0017227924068507119,0.003289563287960417,0.022426041650083245
0.002561335031483041,0.0017515563844600515,0.003242067756362897,0.022210420696029947
0.0024419138495476622,0.0010352933447462978,0.002669484760843879,0.022617922566082888
0.00243713779469482,0.0010818437123734023,0.0027779580650925707,0.022338910042255983
0.0025939198951296953,0.0017194486052367454,0.0032853504310943614,0.02241248185890545
0.002558755124037747,0.001748169411118371,0.0032377680352957865,0.022196066624829782
0.002439118501658421,0.0010317680035584688,0.00266930231809943,0.02260143805702164
0.002434066904569806,0.0010782515386252324,0.002777630877316462,0.022321883120051036
0.002591646801051951,0.0017161372177091334,0.003281167537773989,0.022398838352837007
0.0025562313215246146,0.0017448158010457595,0.0032334990905783013,0.022181631925048913
0.0024363548386997233,0.001028279377929259,0.002669138086092257,0.02258482273188569
0.0024310289907522142,0.0010746960521098967,0.0027773203685277177,0.022304723156304763
0.0025894305280681597,0.0017128580379713108,0.003277014441449341,0.022385111745434068
0.0025537630479945043,0.0017414953446048087,0.0032292607761004056,0.022167117175124644
0.0024336226012640293,0.0010248272473345986,0.0026689920879835656,0.022568077414602834
0.002428023794929889,0.001071177029400418,0.0027770265628623654,0.022287430983366458
0.0025872704963091505,0.0017096108612656884,0.0032728909805215855,0.02237130265201588
0.0025513497303433197,0.0017382078346482048,0.0032250529436213407,0.022152522959892416
0.0024309215326199242,0.0010214113919431557,0.0026688643447083035,0.022551202930464535
0.002425051061116373,0.0010676942478621957,0.0027767494823213185,0.02227000743598725
0.0025851661284795645,0.0017063954855118585,0.0032687969917733245,0.02235741169463357
0.0025489907966521866,0.0017349530658290547,0.003220875448855483,0.0221378498662178
0.00242825137449692,0.0010180315906923218,0.0026687548842567093,0.02253420011136323
0.0024221105349028107,0.0010642474832501677,0.002776489151360872,0.02225245335555272
0.0025831168558035212,0.0017032117096735652,0.0032647323070079766,0.022343439497994395
0.002546685683499195,0.0017317308338691438,0.003216728142224866,0.022123098484391094
0.002425611870209073,0.0010146876213040874,0.0026686637367732027,0.022517069795447712
0.002419201960768758,0.0010608365104828727,0.0027762456007052834,0.022234769588735513
0.0025811221116843097,0.0017000593347308605,0.003260696760039549,0.022329386689929735
0.0025444338302465378,0.0017285409369333514,0.0032126108729748836,0.022108269409548645
0.0024230027645081205,0.0010113792617827953,0.0026685909329453097,0.022499812823581974
0.002416325084922928,0.001057461104621221,0.002776018861120098,0.0222169569857178
0.002579181333880811,0.0016969381637374588,0.003256690182947391,0.02231525390252117
0.0025422346800847632,0.0017253831746885436,0.0032085234914350537,0.022093363238683057
0.0024204238021554914,0.0010081062891412174,0.0026685365080769416,0.022482430042470147
0.0024134796548422282,0.0010541210396482403,0.002775808966056264,0.02219901640224482
0.002577293966757257,0.0016938480012015737,0.003252712404937284,0.022301041770382057
0.0025400876824292003,0.0017222573484235138,0.0032044658447239194,0.02207838057195306
0.0024178747289547425,0.0010048684799333365,0.0026685004998156982,0.022464922303416023
0.0024106654176989178,0.001050816089297508,0.0027756159532867485,0.0221809486982723
0.0025754594579134225,0.0016907886537670298,0.0032487632555117177,0.022286750931205156
0.002537992290409358,0.0017191632615896997,0.0032004377788601253,0.022063322013039784
0.0024153552919494066,0.0010016656106870384,0.002668482947399002,0.02244729046111126
0.002407882122186957,0.0010475460271231292,0.0027754398618233694,0.022162754737635813
0.0025736772601290428,0.0016877599298738728,0.0032448425626801928,0.022272382025405067
0.002535947961869375,0.0017161007192260627,0.0031964391396453857,0.022048188167333747
0.0024128652387698994,0.0009984974574119897,0.002668483893416526,0.02242953537499915
0.002405129517970868,0.0010443106262172804,0.0027752807332870476,0.02214443538861093
0.0025719468316067156,0.0016847616398164204,0.003240950152602001,0.022257935695730424
0.002533954159812966,0.0017130695282687237,0.0031924697708677436,0.02203297964285542
0.002410404317967309,0.000995363796007621,0.002668503382873493,0.02241165790820302
0.002402407355123519,0.001041109659614045,0.0027751386125039594,0.022125991523108963
0.002570267634891358,0.0016817935959072584,0.003237085850829329,0.022243412587402627
0.0025320103517880535,0.0017100694976264288,0.0031885295151368774,0.022017697050076078
0.002407972279251168,0.0009922644023445532,0.0026685414627630726,0.022393658927277287
0.0023997153849339113,0.0010379429002547935,0.0027750135461993546,0.02210742401667625
0.0025686391377039547,0.001678855612341244,0.003233249481753269,0.022228813347374553
0.0025301160101770773,0.0017071004380215737,0.0031846182143561727,0.022002341000925754
0.0024055688732159833,0.0009891990521731031,0.0026685981827167297,0.022375539302507373
0.0023970533597046885,0.0010348101210096113,0.0027749055834317667,0.022088733748416956
0.002567060812934992,0.0016759475052967117,0.0032294408683499233,0.022214138624565144
0.002528270612309142,0.0017041621621237961,0.0031807357090278764,0.02198691210929355
0.0024031938514017287,0.0009861675213436265,0.0026686735947574628,0.0223572999072577
0.0023944210324730775,0.0010317110948683986,0.0027748147759092618,0.022069921600577157
0.0025655321383321428,0.001673069092995634,0.0032256598326806255,0.022199389069507223
0.0025264736403662227,0.0017012544846112649,0.003176881838484631,0.021971410990647602
0.002400846966490859,0.000983169585834507,0.0026687677529591797,0.022338941617949658
0.002391818157412732,0.001028645594917586,0.0027747411774308433,0.022050988458530773
0.0025640525968475786,0.0016702201956206569,0.003221906195856083,0.022184565333852043
0.0025247245815284754,0.0016983772220712876,0.0031730564411995748,0.02195583826153513
0.002398527972252082,0.0009802050217934959,0.002668880713626122,0.022320465313884635
0.0023892444897675633,0.0010256133944637215,0.00277468484389599,0.0220319352104728
0.0025626216765359164,0.0016674006354437324,0.0032181797778295307,0.022169668070561865
0.002523022927798956,0.0016955301931490946,0.0031692593545863705,0.02194019453973708
0.002396236623420691,0.0009772736056772894,0.002669012535339547,0.022301871876923233
0.002386699785739106,0.0010226142671089574,0.002774645833492121,0.02201276274723523
0.002561238870645226,0.0016646102368105074,0.003214480397616965,0.022154697933430313
0.002521368176316484,0.0016927132185082707,0.0031654904149713524,0.021924480443859452
0.0023939726759958646,0.000974375114246899,0.0026691632786178584,0.02228316219139798
0.0023841838026542636,0.0010196479867756677,0.002774624206464152,0.021993471962160175
0.0025599036775746415,0.0016618488261410922,0.0032108078734255805,0.02213965557680578
0.0025197598291633286,0.0016899261208611583,0.0031617494578475764,0.021908696593126324
0.0023917358871041344,0.000971509324693491,0.0026693330059874647,0.02226433714382006
0.0023816962989927156,0.0010167143278351312,0.0027746200249661648,0.021974063750786817
0.002558615600921788,0.0016591162320172227,0.0032071620225297246,0.02212454165557675
0.00251819739339938,0.0016871687250253845,0.003158036317837649,0.021892843607216408
0.002389526015025208,0.0009686760146793417,0.0026695217820129095,0.02224539762270844
0.002379237034356166,0.0010138130651325562,0.0027746333531555077,0.02195453901072989
0.0025573741495778807,0.0016564122851503264,0.0032035426613628336,0.022109356824769628
0.0025166803812138104,0.0016844408579157455,0.0031543508286461094,0.02187692210601727
0.0023873428192959577,0.0009658749623977622,0.002669729673081579,0.02222634451841883
0.002376805769523548,0.0010109439740640426,0.0027746642570936047,0.02193489864146949
0.002556178837632343,0.0016537368184301154,0.0031999496056873697,0.02209410173935525
0.0025152083098107145,0.0016817423485887056,0.003150692823236185,0.021860932709405197
0.002385186060731145,0.0009631059466543833,0.002669956747364249,0.022207178722871812
0.0023744022665044945,0.0010081068306540082,0.0027747128045647416,0.021915143544129267
0.002555029184431307,0.0016510896669579202,0.0031963826705259657,0.02207877705407783
0.0025137807014404367,0.001679073028256455,0.003147062133856291,0.02184487603704827
0.0023830555013910257,0.0009603687469189727,0.002670203074845547,0.02218790112940169
0.002372026288550204,0.001005301411597711,0.0027747790651325727,0.021895274621298512
0.002553924714640222,0.001648470668059467,0.003192841670248551,0.02206338342315558
0.002512397083476284,0.0016764327303220128,0.003143458592022066,0.021828752708163306
0.002380950904709194,0.0009576631433772605,0.0026704687271471104,0.022168512632546277
0.002369677600187488,0.0010025274943275698,0.0027748631100400567,0.021875292776839982
0.002552864958151421,0.0016458796613109232,0.0031893264186931393,0.02204792150008405
0.0025110569883510757,0.0016738212903994773,0.0031398820286488265,0.021812563341327838
0.002378872035454931,0.0009549889170027209,0.0026707537774814947,0.022149014127842367
0.002367355967266561,0.0009997848570824804,0.0027749650120847246,0.021855198915672492
0.0025518494501721506,0.0016433164885591256,0.003185836729159978,0.022032391937412767
0.002509759953574429,0.0016712385463196304,0.0031363322741030323,0.02179630855424547
0.0023768186598005676,0.0009523458496038877,0.002671058300641716,0.022129406511627397
0.0023650611569850763,0.0009970732789519859,0.002775084845602088,0.02183499394360578
0.0025508777311894796,0.0016407809939598598,0.003182372414496539,0.02201679538651129
0.00250850552175856,0.0016686843381903947,0.003132809158207074,0.021779988963533628
0.0023747905453428892,0.0009497337238822169,0.0026713823728632593,0.02210969068085899
0.0023627929379071394,0.0009943925399325407,0.002775222686396072,0.021814678767147197
0.0025499493469795156,0.001638273023972619,0.003178933287181016,0.02200113249734109
0.002507293240609012,0.0016661585083735902,0.00312931251034707,0.021763605184524634
0.002372787461156617,0.0009471523234799103,0.002671726071774104,0.022089867532912574
0.002360551080011971,0.0009917424209901081,0.0027753786116423576,0.02179425429329363
0.0025490638485933122,0.001635792427413095,0.0031755191593745573,0.02198540391822839
0.0025061226629005833,0.0016636609015398592,0.0031258421595310934,0.021747157831033922
0.002370809177799184,0.0009446014330365677,0.0026720894763479263,0.022069937965383556
0.0023583353547461977,0.0009891227041028605,0.0027755526998286756,0.021773721429352882
0.0025482207923618687,0.0016333390554504577,0.003172129842982434,0.02196961029566608
0.0025049933464778647,0.0016611913646683203,0.003122397934425814,0.021730647515175595
0.0023688554673701135,0.0009420808382302109,0.002672472666799262,0.022049902875928173
0.002356145534999332,0.000986533172309299,0.002775745030689763,0.02175308108279446
0.0025474197398877444,0.001630912761630828,0.003168765149738833,0.021953752274058495
0.002503904854281799,0.001658749747075955,0.00311897966344355,0.02171407484711668
0.002366926103521835,0.0009395903258311676,0.0026728757245446195,0.02202976316205128
0.0023539813951878076,0.0009839736097635003,0.0027759556851421944,0.02173233416102361
0.0025466602580288497,0.001628513401901491,0.0031654248912590865,0.021937830495552514
0.002502856754286689,0.0016563359004211923,0.003115587174787813,0.021697440434927474
0.0023650208615074017,0.0009371296837377479,0.0026732987321182004,0.022009519720954777
0.0023518427112591343,0.0009814438017735465,0.002776184745209867,0.021711481571235144
0.0025459419188938745,0.0016261408346180384,0.003162108879115941,0.021921845599765576
0.0025018486195327186,0.0016539496787354438,0.003112220296528565,0.021680744884315935
0.002363139518215039,0.0009346987010300452,0.0026737417731055564,0.021989173449326705
0.0023497292607298427,0.0009789435348515894,0.0027764322939662633,0.021690524220212212
0.0025452642998058006,0.001623794920574963,0.003158816924915986,0.02190579822362489
0.0025008800280729507,0.0016515909384282176,0.003108878856655935,0.021663988798485048
0.0023612818521827786,0.0009322971679995064,0.0026742049320839017,0.021968725243193314
0.0023476408227028223,0.0009764725967441385,0.0027766984154495096,0.021669463014211937
0.0025446269833387727,0.0016214755229887689,0.0031555488403382,0.021889689001144984
0.0024993419492875773,0.0016488580255594773,0.0031048066329754445,0.021641902767119865
0.002359455803220476,0.0009299120341691245,0.002674811393012946,0.02194794911251386
0.00234564627092009,0.0009740353695445549,0.0027770725485418007,0.02164806292257463
0.002544129084706217,0.0016191513887805478,0.003152135499713095,0.021874098644378545
0.0024971134800970286,0.0016457983518573603,0.0030997673140366333,0.021614469528516797
0.002357495785035982,0.0009276331386319791,0.0026756506221899653,0.02192677604036095
0.0023434875169057144,0.0009716853385447411,0.0027777784211871063,0.021626414555765628
0.0025431498493454683,0.0016165696503084555,0.003148198111294364,0.02185451712813998
0.002495072169901024,0.0016427074389180952,0.003094641068865994,0.021587105632314977
0.002355683409717446,0.0009253597105520624,0.0026764006298115543,0.021905367842441095
0.0023414174925872606,0.0009693509248671453,0.002778463431612143,0.021604633336319123
0.0025413657476509696,0.0016135198533797513,0.0031433332427208945,0.02182789475007711
0.0024930351473670003,0.0016395857969166137,0.003089789751136541,0.021559950162421557
0.002353828162102783,0.0009231541637233424,0.0026773601252494564,0.021883456306890935
0.002339424441016575,0.0009671291914125041,0.002779074975653829,0.021582453147907837
0.0025395704622208585,0.0016105927572151843,0.0031381038314096214,0.0218014821809607
0.0024908165956321147,0.0016366431820415803,0.0030847822382333127,0.021532724863612702
0.002351750542667836,0.0009210350425017182,0.0026785758193056735,0.021861587169882013
0.0023372121181347307,0.0009649036343686826,0.0027800813416713425,0.021560409928426054
0.0025379618075748143,0.0016076163662592108,0.003133153089166716,0.02177460992137573
0.0024891044600798364,0.0016335916878523868,0.0030796111601998234,0.02150518407634777
0.002350069648361225,0.0009188399890472706,0.0026793550260145937,0.021839748713258694
0.0023351961280490842,0.0009626816354182772,0.0027809049876441,0.02153823186658769
0.0025362119990568143,0.0016047062371053647,0.003128397566950966,0.021747932731079424
0.0024869950192835063,0.0016306859176803388,0.0030747845333418643,0.021477822233598953
0.0023481847778943203,0.0009168114454696484,0.0026803286178233316,0.02181754874483752
0.002333194898773859,0.0009605923658973425,0.002781560842067235,0.021515799538879728
0.0025345664553455037,0.0016018682044255422,0.0031233378877959716,0.021721165174586048
0.0024850865367710283,0.0016277624142312028,0.0030699053533084332,0.021450335026870493
0.002346350845310452,0.0009147156546413388,0.0026814619061863204,0.021795442900718075
0.0023312337555032874,0.000958419448981566,0.002782448449734961,0.021493438629522223
0.0025331343281950786,0.0015989783819455282,0.003118375190657152,0.021694216784251773
0.0024833549598488824,0.001624863700628005,0.0030648324177971467,0.021422708491506886
0.0023446066387496716,0.0009126940414448409,0.0026824030854134566,0.021773175948211803
0.002329194033014221,0.0009563652811753003,0.002783359453392229,0.021470861861104522
0.0025314654560565017,0.001596204801397371,0.003113598340558045,0.021667374578402794
0.002481466020112676,0.0016220392632250692,0.003059965470148142,0.02139515499437033
0.00234289107031979,0.0009107125793697512,0.002683357029630384,0.021750729264420867
0.0023273367595882523,0.0009543096503662817,0.002784078641723372,0.021448190699298684
0.002530040749949124,0.0015934105562378496,0.0031086953913176457,0.02164039109758366
0.002479704573905826,0.0016192134592265428,0.003055155215691094,0.021367457273054342
0.0023411228745715703,0.0009087468853490352,0.0026844523149310755,0.0217283050831578
0.0023253960006794586,0.000952292458593702,0.002784951734640887,0.02142546971747957
0.0025285913606523077,0.00159067901529242,0.003103831377862659,0.02161331042733904
0.0024779951339401465,0.0016164399748412814,0.003050246846454454,0.02133970842420406
0.002339426071488166,0.0009068232042876991,0.0026854702520463067,0.021705703309503478
0.0023234863884487875,0.0009503135193824802,0.002785845378626057,0.021402593921792893
0.0025271605081013736,0.0015879679252560912,0.0030990640920842668,0.021586275512641737
0.002476281586009528,0.0016137013175509122,0.003045426422592448,0.021311944949615975
0.0023377414652379293,0.0009049396755459523,0.002686488558175466,0.02168300892454298
0.0023216149556989714,0.0009483689759190927,0.002786683270332538,0.021379640457730394
0.002525772648000216,0.001585295319245192,0.0030942999122266805,0.02155910317039426
0.0024746210475672195,0.0016109839994655904,0.003040668832151489,0.021284089387398057
0.0023360840291069356,0.0009030671112529617,0.0026875466135958545,0.021660251623564435
0.0023197900780372615,0.0009464387490577048,0.0027875386152232395,0.02135658859516769
0.0025244584782677616,0.0015826382235809605,0.0030895298322485857,0.02153193379438342
0.0024729976122921686,0.0016082994304787753,0.003035894566049008,0.02125622936786969
0.0023344267274258315,0.0009012430106092974,0.0026886291568490885,0.021637346337568045
0.0023179428330755976,0.0009445600856050353,0.0027884437910394837,0.021333409242042942
0.0025231287570824296,0.001580029327194389,0.0030848017003774434,0.021504721480858583
0.0024714051083020725,0.001605649743650952,0.0030311381353796234,0.0212283116660182
0.0023328204554557033,0.0008994346217790274,0.002689692851849215,0.021614372344282092
0.002316155050642907,0.0009426875587608297,0.0027893391272648185,0.021310160355619473
0.00252188210415039,0.001577423987987471,0.003080121359314315,0.021477449896883175
0.002469865617935942,0.001603016073387965,0.00302643257048646,0.02120034884604372
0.0023312293137922545,0.0008976594107074007,0.0026907691895464896,0.021591297640138667
0.0023143750961022126,0.0009408606591028067,0.002790233128657183,0.021286793921015394
0.002520623803083329,0.0015748701192531763,0.0030754491464118107,0.021450157017010682
0.0024683209788059273,0.0016004256221541662,0.0030217600902295574,0.021172364230570208
0.0023296453609703686,0.0008959147722795491,0.002691882523506937,0.02156811601637936
0.0023126258369030616,0.0009390528222106802,0.002791148136249604,0.021263337271336797
0.002519443555741647,0.001572326779198768,0.003070793992667767,0.021422817346038837
0.002466848262999937,0.0015978518542819745,0.0030170937609972706,0.021144325035952375
0.002328088290509983,0.0008941938683951095,0.0026929988894720484,0.02154486258574767
0.0023108792272220195,0.0009372759998795787,0.0027920941722781537,0.02123979560100361
0.002518262381714268,0.00156982084408494,0.003066191968220863,0.021395432275101253
0.0024653886670780592,0.0015953129820319464,0.003012461819410316,0.02111625218448738
0.0023265598253850105,0.0008925023385465224,0.002694112636168266,0.021521504428522666
0.0023091731131224436,0.0009355252433314747,0.0027930275343041808,0.021216151000330773
0.002517129147268452,0.0015673354871840219,0.003061606967201273,0.02136803207426661
0.0024639588296956885,0.0015927977591411262,0.0030078719730982154,0.02108815572137413
0.0023250391204481563,0.0008908389064313514,0.0026952605433259824,0.0214980591212404
0.002307480813929746,0.0009338030399073765,0.002793979208460272,0.021192420531455803
0.0025160258749695147,0.0015648809197904567,0.003057036293899703,0.02134057919916637
0.0024625680003846377,0.001590310425736385,0.0030032940078712545,0.021060013652352716
0.0023235445005050227,0.0008891982436871539,0.0026964191244211047,0.021474533489133665
0.0023058110300082407,0.0009321028560629239,0.0027949553448047386,0.02116860356874233
0.002514960745755865,0.001562446449503967,0.0030525020811099017,0.021313106023793774
0.0024612110249898475,0.001587848006502028,0.0029987394733430265,0.021031848504390806
0.002322071465738606,0.0008875872689314509,0.002697583479699478,0.02145091205371927
0.002304159027609941,0.0009304342684305306,0.002795937983890744,0.021144692858698716
0.002513912659169788,0.001560044100544405,0.0030479943620440857,0.02128560050817615
0.0024598747418419415,0.0015854146186221616,0.002994221549009376,0.02100365072305264
0.0023206174332378884,0.0008860000474335673,0.002698767354520781,0.021427212202943555
0.0023025368381291212,0.00092878617042967,0.0027969293066669584,0.021120702617028562
0.0025129140033432365,0.001557660864427629,0.0030435057923271997,0.021258060714396683
0.002458579283014703,0.0015830036501583871,0.002989725935235367,0.020975421272987894
0.002319179990396839,0.0008844392516604242,0.0026999695795050438,0.021403429479506783
0.00230092565460276,0.0009271676437158094,0.0027979431499904326,0.021096624991061554
0.002511932218436687,0.0015553086873646602,0.003039044167741125,0.021230494787935338
0.002457306966962021,0.0015806223932902366,0.002985252421840617,0.020947165291714885
0.0023177638979055993,0.0008829041171082709,0.0027011833028286686,0.021379562166604617
0.002299339663864561,0.00092557200747248,0.002798968992383218,0.021072465331042824
0.002510989983405076,0.0015529772273989587,0.0030346097581344074,0.021202900896730333
0.0024560697478986627,0.0015782639837153439,0.0029808075178844535,0.020918879944270195
0.002316366857929786,0.0008813937047392587,0.0027024121412575217,0.02135561824353248
0.0022977718560122907,0.0009240027141575395,0.0028000080631783004,0.021048225011113378
0.0025100717687552387,0.0015506737849838835,0.003030199206140401,0.02117527709799466
0.0024548577084731724,0.001575932768585666,0.002976388977175853,0.02089056823108588
0.002314988435524508,0.0008799081893504737,0.002703658102598997,0.021331593084973958
0.002296226904408229,0.0009224571178344686,0.002801061139973595,0.021023902765912157
0.00250918931190997,0.0015483928725977228,0.0030258101312004098,0.021147631643245953
0.0024536775972430055,0.0015736258312343252,0.0029719933965570767,0.020862232602390254
0.002313627421967794,0.0008784477743577694,0.0027049214047878685,0.021307490008399328
0.002294698320134125,0.0009209370771012452,0.0028021323696580435,0.02099950179569706
0.002508332476790951,0.0015461382023650421,0.003021446532636146,0.02111995763669426
0.002452526240405635,0.0015713446052194645,0.002967621483053579,0.020833869941700025
0.0023122874596191545,0.0008770108349191474,0.002706197925125546,0.021283311342667924
0.0022931922994256465,0.0009194399267996331,0.0028032171700854737,0.020975023119016827
0.0025075080979613073,0.001543906245407138,0.0030171078678417223,0.021092261965974655
0.0024514034679091437,0.0015690877703930682,0.002963275951180077,0.020805485487601763
0.002310964390284435,0.0008755989669955824,0.0027074917120261275,0.021259055163124603
0.0022917042339145642,0.0009179682849777,0.0028043164891325394,0.02095046589001675
0.002506709765271411,0.0015417004019635417,0.003012790927488574,0.021064542354015954
0.002450307620435337,0.001566856490618627,0.0029589547814018093,0.020777077480469055
0.0023096594812375437,0.000874210433037727,0.002708803194975172,0.02123472533114086
0.0022902367997523626,0.000916519055538024,0.0028054323314221467,0.020925833915619682
0.0025059442388136095,0.0015395169919342065,0.003008497410984215,0.02103680006936354
0.0024492423725102877,0.0015646491207477217,0.002954656313383322,0.02074864701449531
0.0023083725400294343,0.0008728459413480823,0.0027101304703640613,0.021210321549342288
0.002288786428393227,0.0009150945419002855,0.002806564924154104,0.020901125928666872
0.0025052032012804096,0.0015373591002176643,0.0030042282321822798,0.021009036868043455
0.0024482026928575183,0.0015624670700932002,0.002950382542066394,0.02072019605998996
0.0023071040138931704,0.0008715048067968656,0.0027114739615913454,0.02118584425709736
0.0022873571315953213,0.0009136925681622979,0.0028077116884538413,0.020876343845285826
0.00250449340194671,0.001535223939743001,0.002999981309259951,0.020981253314528766
0.0024471915351987625,0.0015603088337709247,0.0029461331657274223,0.020691724624515028
0.002305852286070174,0.0008701870860990315,0.002712835553229811,0.021161295636482332
0.002285945303874865,0.0009123142863084412,0.0028088753614847087,0.020851488486907738
0.002503809845760338,0.001533113416339135,0.002995756749829976,0.02095344935242948
0.002446207192285621,0.0015581752328822718,0.0029419065629756255,0.020663233682171607
0.0023046185743167812,0.0008688922546251345,0.0027142139168980428,0.021136675512179327
0.002284552869407652,0.0009109584824983699,0.0028100554051385474,0.020826560505871235
0.0025031552681279248,0.0015310258709833944,0.0029915549933641765,0.020925627587620104
0.0024452501126432835,0.001556065606305064,0.002937703320496053,0.02063472450210668
0.00230340187183388,0.0008676205597546797,0.0027156094889273295,0.021111985083972003
0.002283178156770808,0.0009096258516395747,0.0028112518613248776,0.020801560911085266
0.002502526834674838,0.0015289624367883783,0.0029873757795616422,0.0208977869618948
0.0024443193450120067,0.0015539801442251196,0.0029335236630516383,0.020606197121367655
0.0023022027160217885,0.0008663712582410637,0.0027170223584572,0.021087225583347288
0.002281822637898807,0.0009083152937327378,0.002812464389630196,0.0207764907957702
0.0025019267704623383,0.0015269219578232275,0.00298321850128328,0.020869929520037998
0.002443415097845745,0.001551918523664226,0.0029293670894036204,0.020577653001683023
0.0023010199484012526,0.0008651447471350538,0.0027184532573382067,0.021062397253181687
0.0022804843932989027,0.0009070275393801114,0.002813694010207271,0.020751350527358593
0.0025013525603982266,0.0015249053231193425,0.0029790830949174424,0.020842055359673824
0.002442536821602974,0.0015498808727882835,0.002925233183006878,0.020549092445365885
0.0022998543502140336,0.0008639403178099489,0.0027199016714911407,0.02103750145865268
0.002279164664285584,0.0009057615361863294,0.002814940408834215,0.020726141565716054
0.002500805887344897,0.0015229115028527682,0.002974969732244537,0.020814165447351138
0.0024416846703434747,0.0015478668293665264,0.002921122061682396,0.02052051629067662
0.00229870519979771,0.0008627581742191273,0.0027213678747677068,0.021012538786992083
0.002277862254266612,0.0009045178382271004,0.002816203743477626,0.0207008642190609
0.002500284690899211,0.0015209412387668106,0.002970878003620198,0.020786260509787245
0.0024408577426165076,0.0015458765362129146,0.002917033676004587,0.020491925466139174
0.002297572672690392,0.0008615978600380132,0.0027228521112071837,0.02098751001081787
0.0022765779942137136,0.0009032956610135719,0.002817483909059095,0.020675519616657676
0.0024997904244359387,0.0015189937520496489,0.002966807516708162,0.02075834131813383
0.0024400563984876013,0.0015439097028295563,0.0029129676148585922,0.020463320460164948
0.002296456206133933,0.0008604594150794855,0.00272435466083798,0.02096241614559876
0.002275310722705366,0.0009020953000880889,0.0028187816005946047,0.020650108482815076
0.0024993214749528298,0.001517069494933603,0.0029627583934466817,0.020730408338057137
0.0024392801344564124,0.0015419663620942817,0.0029089236643341327,0.020434702039152805
0.002295356170232549,0.0008593424537880522,0.00272587520667723,0.02093725783163006
0.0022740611093047276,0.0009009162055637445,0.0028200964501224513,0.02062463165181535
0.0024988785261260793,0.0015151679777183626,0.002958730442691105,0.020702462636992755
0.0024385286736620035,0.0015400463768815284,0.0029049019231253428,0.02040607096390549
0.0022942719265155714,0.0008582470271826846,0.002727414216104488,0.020912035915381103
0.0022728284143554178,0.0008997585261212976,0.0028214287296736726,0.020599089899142463
0.0024984606861635757,0.0015132894553482935,0.002954723370906012,0.020674504475753606
0.002437801859114401,0.0015381496663897484,0.0029009021220266175,0.020377427765026077
0.002293203658502597,0.0008571727474118711,0.0027289716944425262,0.020886751282900663
0.002271612940878905,0.0008986217983446003,0.002822778528264075,0.02057348412525483
0.0024980683232938643,0.001511433571637434,0.0029507370484485192,0.020646534806534035
0.0024370994468744527,0.001536276159127788,0.002896924031697561,0.02034877320817569
0.002292150935644615,0.0008561196522533327,0.002730547808394398,0.020861404584539937
0.0022704140752853453,0.0008975061329296323,0.00282414608758468,0.020547814984379426
0.002497700619621476,0.0015096005002049103,0.002946771369585998,0.02061855413316372
0.0024364212053625944,0.0015344257673103737,0.0028929675535505684,0.02032010789549044
0.002291113898259029,0.0008550873979614248,0.0027321425345540277,0.020835996714807146
0.0022692321144607494,0.0008964111135582873,0.0028255313190560707,0.0205220834114369
0.002497357867756161,0.0015077899507736534,0.002942826150906788,0.020590563145670825
0.002435766894882995,0.001532598409284294,0.002889032576168526,0.020291432459201498
0.002290092142565234,0.0008540759689169267,0.0027337561225102506,0.020810528396596552
0.0022680665561849683,0.0008953367893139638,0.002826934450363139,0.020496290066739968
0.002497039432814247,0.0015060020431166745,0.0029389011868545096,0.02056256245138646
0.002435136306166382,0.001530794010761847,0.002885118895252746,0.020262747571802756
0.0022890857112210362,0.0008530850902269869,0.0027353886107439307,0.02078500040162972
0.0022669175254312027,0.0008942828298501307,0.0028283555316350193,0.020470435808487453
0.0024967454440018235,0.0015042365578932396,0.0029349963375400953,0.020534552691788617
0.0024345292279454394,0.0015290125028842797,0.002881226351369824,0.020234053790789564
0.002288094313104771,0.0008521146979572858,0.0027370401360781674,0.020759413521988006
0.0022657846349105636,0.0008932492132993687,0.002829794743636341,0.020444521369930226
0.002496475396270959,0.0015024935480479952,0.0029311114898873387,0.02050653441691741
0.002433945462706334,0.001527253797945501,0.002877354819125459,0.020205351753776583
0.00228711795640457,0.0008511645527416821,0.0027387107249521978,0.020733768497274718
0.002264667961299017,0.000892235673747882,0.002831252073643458,0.020418547537342086
0.0024962292944468033,0.0015007728648302517,0.0029272464551365067,0.020478508292764062
0.0024333847323936126,0.001525517849692771,0.0028735041753251206,0.02017664205332669
0.0022861563485946303,0.0008502345797116658,0.002740400574014801,0.020708066083318138
0.002263567188261342,0.0008912421481259171,0.0028327276971408903,0.020392515055024527
0.0024960067887436605,0.0014990745134073231,0.0029234010729135727,0.020450474827364926
0.0024328469188367075,0.0015238045598094242,0.00286967423692536,0.020147925259439294
0.0022852094767628344,0.000849324554059303,0.0027421097152273053,0.02068230705186675
0.0022624823035868047,0.0008902684059649569,0.0028342216852309276,0.02036642470671747
0.002495807782264325,0.0014973983811581823,0.0029195752158263804,0.02042243465107126
0.002432331746701811,0.001522113889397725,0.0028658648674471,0.020119201959365965
0.0022842771151046688,0.000848434388065992,0.0027438382659595944,0.020656492117253754
0.002261413065580861,0.0008893143647994259,0.0028357341451626904,0.020340277210739603
0.002495631973163284,0.0014957444546232809,0.0029157687352621546,0.020394388302189963
0.0024318390624440537,0.001520445747364768,0.0028620759408988375,0.020090472721621098
0.0022833592066605814,0.0008475638800195731,0.002745586297187348,0.020630622045362475
0.002260359437924795,0.0008883798164558767,0.002837265133654913,0.02031407334730346
0.002495479255178301,0.0014941126413400667,0.0029119814744851986,0.02036633634131108
0.002431368626386247,0.0015188000896201137,0.002858307312355835,0.020061738091586324
0.0022824555492350286,0.0008467129256863762,0.002747353931408799,0.020604697559549977
0.0022593212016651463,0.0008874646620828376,0.0028388147772597577,0.02028781383416415
0.00249534936281573,0.0014925029160560883,0.002908213291831407,0.02033827931500732
0.0024309202844641454,0.0015171768359861309,0.0028545588332710586,0.020032998632862238
0.0022815660718961306,0.0008458813450923138,0.002749141227415793,0.020578719394151353
0.002258298287434275,0.0008865687186364903,0.0028403831433678126,0.02026149942734189
0.0024952421513500336,0.001490915204249155,0.002904464052211432,0.02031021776112338
0.0024304938063082994,0.0015155759413409992,0.0028508303739930756,0.020004254868308417
0.002280690603444914,0.0008450690212523428,0.002750948285446309,0.020552688279851385
0.0022572905182534457,0.0008856918702147636,0.0028419703283603342,0.02023513085319423
0.0024951573952876663,0.0014893494692315538,0.0029007336180488707,0.020282152200672178
0.0024300890338617826,0.0015139973295598132,0.0028471218028243606,0.019975507339749655
0.0022798290544525195,0.0008442757887044822,0.0027527751766985506,0.020526604937988333
0.002256297805946605,0.0008848339524453693,0.0028435764000459985,0.0202087088467451
0.0024950949316905227,0.0014878056519074733,0.0028970218443878305,0.020254083162321877
0.002429705746020565,0.001512440957218146,0.002843432984633515,0.019946756563679453
0.0022789812680471104,0.000843501525652678,0.0027546219996198787,0.020500470086782532
0.0022553199917101996,0.0008839948409524543,0.0028452014563080056,0.02018223413172088
0.002495054562439602,0.0014862837085246475,0.0028933285986778535,0.020226011146951887
0.0024293437927532207,0.0015109067523639938,0.002839763782737732,0.01991800305450508
0.002278147152303956,0.0008427460749273476,0.002756488817518194,0.02047428444650979
0.002254356974256133,0.0008831743825152737,0.0028468455694565103,0.020155707435517388
0.002495036109408004,0.0014847835884590423,0.0028896537507652324,0.020197936663305348
0.0024290029609114415,0.001509394671098292,0.002836114070181985,0.01988924731690579
0.002277326567593909,0.000842009311461305,0.0027583757145227482,0.020448048722771155
0.0022534086160003277,0.0008823724491043395,0.0028485088181480138,0.020129129472100625
0.0024950393889177124,0.0014833052472521444,0.002885997167208631,0.020169860203429257
0.002428683092285158,0.0015079046477759707,0.0028324837202549366,0.01986048985032268
0.002276519411651781,0.0008412910868733657,0.0027602827628765945,0.020421763628593607
0.002252474809162699,0.000881588895127168,0.002850191275804085,0.02010250096230298
0.0024950642260363437,0.0014818486388171327,0.0028823587168167026,0.020141782250842215
0.002428383992135782,0.001506436636615741,0.0028288726028617003,0.019831731139451886
0.0022757255575476,0.0008405912728069669,0.0027622100393100866,0.020395429865856154
0.002251555424255361,0.0008808235907632864,0.002851893021875742,0.020075822614668812
0.0024951104426053565,0.0014804137192880543,0.002878738274165056,0.020113703286314837
0.002428105499184364,0.0015049905779202424,0.0028252805920952334,0.019802971669816174
0.0022749449027555046,0.000839909727892978,0.002764157609256437,0.020369048135742217
0.0022506503520501645,0.0008800763970708446,0.002853614124924914,0.02004909513971701
0.002495177862812029,0.0014790004463749813,0.00287513571403538,0.020085623777474526
0.0024278474268948744,0.001503566425182172,0.002821707565390954,0.019774211910939248
0.002274177329677459,0.00083924632215664,0.0027661255440499877,0.020342619136155832
0.002249759474043819,0.000879347182690856,0.002855354655915622,0.020022319242155896
0.002495266317401238,0.001477608776865147,0.002871550912650448,0.020057544187351742
0.002427609613928759,0.0015021641225463436,0.0028181534003486794,0.019745452331486862
0.0022734227346425276,0.0008386009191908688,0.0027681139088026564,0.020316143560294854
0.002248882679814643,0.0008786358137519748,0.0028571146826242132,0.019995495623417767
0.0024953756322038246,0.0014762386715835344,0.002867983747193631,0.020029464970752992
0.00242739188222742,0.001500783623872298,0.002814617974861181,0.01971669338843477
0.0022726810076986897,0.0008379733890767652,0.0027701227690133125,0.02028962209849843
0.0022480198569214257,0.0008779421592454326,0.0028588942729446277,0.019968624982371987
0.002495505642422528,0.0014748900885893906,0.0028644340991386677,0.020001386574729718
0.002427194071724635,0.0014994248765323064,0.002811101169384221,0.019687935533427684
0.002271952047869775,0.0008373635986344576,0.0027721521846092298,0.020263055438509568
0.00224717089699264,0.0008772660884499148,0.0028606934907341236,0.019941708014084108
0.0024956561763863606,0.0014735629906195728,0.0028609018508880283,0.019973309439306877
0.0024270160103593685,0.0014980878346540372,0.002807602866437045,0.019659179210279522
0.002271235751330051,0.0008367714186305065,0.0027742022159263032,0.02023644426329023
0.0022463356935743407,0.0008766074716049043,0.002862512397851717,0.019914745410414405
0.002495827072577867,0.0014722573378507207,0.002857386886225986,0.019945233998071698
0.0024268575383549983,0.001496772448631117,0.0028041229497938838,0.01963042485635215
0.0022705320188220026,0.0008361967187705494,0.002776272920707533,0.02020978925417332
0.0022455141406718033,0.0008759661803337784,0.0028643510556547545,0.01988773786048767
0.0024960181639453755,0.0014709730941858722,0.002853889091043786,0.019917160675871775
0.002426718490946017,0.0014954786728477898,0.0028006613037363393,0.019601672901026584
0.00226984075242118,0.0008356393705087104,0.0027783643537404403,0.02018309108843374
0.0022447061357235977,0.0008753420863906291,0.0028662095228578254,0.019860686050035048
0.0024962292902739507,0.001469710221797693,0.0028504083538756463,0.019889089893066158
0.0024265987093345545,0.0014942064601717472,0.0027972178149918113,0.019572923768337587
0.0022691618565708503,0.0008350992458055928,0.0027804765676616517,0.020156350440365536
0.0022433170337649837,0.0008745032950887681,0.002867327932485946,0.019828335588444965
0.002496324171909416,0.0014685709772778628,0.0028468129846186724,0.019860602457290044
0.0024263454767653645,0.0014930817653908321,0.0027936876686267638,0.01954370223204883
0.002268489396739699,0.0008345476918116476,0.0027826108972857405,0.020129978699585084
0.0022418205026205154,0.0008735333501114567,0.0028684631680407167,0.019794956846470785
0.0024966918897092586,0.001467297334863634,0.0028434102120438298,0.01983204438199784
0.0024263994818771117,0.0014918541585551713,0.002790123257477095,0.01951456197927829
0.002267945054926344,0.0008340117847725201,0.0027845731318253465,0.020103395779551426
0.0022402907787578857,0.0008726838247467231,0.0028695002046987806,0.019761328276213498
0.002496685569786786,0.0014661966359756412,0.0028399786292274175,0.019803764102893674
0.0024261076205621614,0.0014907569865110944,0.0027866725821759255,0.019485587111324372
0.0022673627879700848,0.0008335043656561671,0.002786656448012856,0.02007674350699192
0.0022389412976197023,0.0008717503827863136,0.0028704572148275176,0.019727783200928366
0.00249709971607241,0.0014649745219670004,0.0028364856642454053,0.01977530141361104
0.0024260937621350246,0.0014895827653473442,0.0027832242763944463,0.01945644770199906
0.0022667639452566882,0.0008329993667654798,0.0027888205875623304,0.020050215900814482
0.002237442578914202,0.0008708974739036321,0.002871584390945552,0.019694254405083204
0.0024972796245671483,0.0014638654922977553,0.0028330391898358696,0.0197468749797708
0.002426008870911334,0.0014884799944030504,0.0027797133747175296,0.01942740791667182
0.0022662266924645402,0.0008325083252994624,0.0027909176180009806,0.02002352495284746
0.0022360262958676957,0.0008700254324786322,0.0028726761004381055,0.019660598638168554
0.0024975746782799663,0.0014627285180757548,0.002829640056867211,0.0197185498605233
0.002425918365100464,0.0014873946875146463,0.0027762772291019377,0.019398360794914554
0.002265643634448826,0.0008320544518988233,0.0027930655035543457,0.019996888682721564
0.002234571714988283,0.0008691939349669993,0.002873792916142979,0.019627061243991183
0.002497841431544859,0.0014616309191999703,0.0028262763551114758,0.019690079028778708
0.0024258985637669464,0.001486304441166153,0.0027728826679467612,0.019369261681050857
0.002265126266103572,0.0008315773123000775,0.0027952099394129458,0.019970245505052893
0.002233183849287046,0.0008683484913095019,0.00287489458764284,0.019593455374464528
0.0024981472578504806,0.0014605439747182487,0.0028229028878369892,0.01966173597698866
0.002425810654740185,0.0014852629613795057,0.0027694944820556306,0.01934025261962146
0.0022645528384015712,0.0008311595838168684,0.0027974208062288447,0.019943510596897234
0.0022317615211149694,0.0008675487885917903,0.002876035010015249,0.019559824573020614
0.0024984671267974986,0.001459480748931893,0.0028195241873752485,0.019633364214914326
0.0024258195527893187,0.001484211987296031,0.002766103170419895,0.019311210673009824
0.002264045299515328,0.0008307160863716016,0.002799633026987624,0.019916817899450507
0.00223038261699565,0.0008667300409893853,0.0028772119311199214,0.019526215520374694
0.002498817011886659,0.0014584211267080521,0.0028161917003138416,0.019604989573669622
0.002425811241157622,0.0014831941428199678,0.0027627210053829234,0.019282183943923167
0.0022635322320495653,0.0008303113854552796,0.002801844169923918,0.01989006193705366
0.0022289940550582472,0.0008659527650454555,0.0028783884357366186,0.0194925572821584
0.0024991486845086816,0.001457393079992655,0.0028128709394819465,0.019576679055267228
0.0024258179796783634,0.0014821862646425452,0.0027593794067430153,0.019253204029176345
0.0022630407663044283,0.0008299075894751684,0.0028040891635763487,0.019863281662482662
0.0022276473565871744,0.0008651701777455828,0.0028795667245802934,0.019458910447161373
0.002499531282466484,0.00145637567774854,0.0028095529787358084,0.019548333639408007
0.0024258345821017015,0.0014812045588118966,0.0027560509322502647,0.019224192907864823
0.002262539041185426,0.0008295268970938069,0.0028063696736198435,0.019836501668071056
0.0022262846354405437,0.000864412646399051,0.0028807910690749165,0.01942525841200272
0.002499919113592024,0.0014553792074299726,0.0028062610342638097,0.01952001428757992
0.0024258890437688107,0.001480234123743197,0.002752728688074849,0.01919521802385845
0.002262064692616982,0.0008291550015385439,0.0028086528408003525,0.019809672483002923
0.0022249405266288012,0.000863667934647046,0.0028820252052924366,0.019391576994743552
0.002500308100651371,0.0014544071793340628,0.0028029876079822573,0.019491717143278096
0.0024259271992401305,0.0014792947851893041,0.0027494311171156072,0.019166248341358855
0.0022615909627577498,0.0008288028835831557,0.0028109618956435644,0.019782831409272558
0.0022236114275608117,0.000862935250641022,0.0028832752230891325,0.019357907245355098
0.0025007352964861915,0.0014534448065566066,0.0027997338960858683,0.019463413021997895
0.0024260093176419954,0.0014783615191629126,0.0027461553118626027,0.0191372854506724
0.002261137050249567,0.0008284594349959114,0.0028132891590659653,0.019755966394225416
0.0022222944143896316,0.0008622192681544417,0.0028845409538613,0.019324217611932103
0.002501157925242635,0.0014525107017895617,0.0027964880223509247,0.0194351397330858
0.0024260810061605986,0.001477458007788304,0.002742891571154597,0.019108349210617583
0.002260687152453812,0.0008281356262456344,0.0028156433233085558,0.019729064006345925
0.0022209925017193425,0.0008615156700503595,0.00288582593639035,0.01929051543332044
0.0025016166601019942,0.001451588280613341,0.002793255786703541,0.019406875842330754
0.0024261875330111988,0.0014765668833362842,0.0027396417913697355,0.01907941774721774
0.0022602517559028837,0.0008278231044579841,0.002818017200149743,0.019702148718127765
0.0022196970897561934,0.0008608279330056035,0.002887136889174779,0.019256812789476406
0.0025020770548230624,0.001450689645289978,0.0027900449858254215,0.019378618959419558
0.002426302088698963,0.0014756987890737895,0.002736407375128402,0.019050499837642457
0.002259518236460223,0.0008274110728433428,0.0028200156482363643,0.019672486079564355
0.002218414563620439,0.0008601717424195489,0.002888400300318521,0.019223290129609657
0.0025024425330743122,0.001449864854621861,0.002786845167434265,0.01935002257121616
0.0024263969234131284,0.0014748631228085657,0.0027332542181789086,0.019021349767022782
0.0022584557172967393,0.0008268194041666533,0.0028215478360934295,0.019639563498282758
0.0022172398745858367,0.0008594869941054073,0.002889578189817262,0.019190011668630397
0.002502835807938634,0.0014490636710232448,0.002783631769703721,0.019321149149597868
0.002426477693677657,0.0014740487057708692,0.002730163610879496,0.018992082983758186
0.002257401453493052,0.0008262389148235151,0.002823141590733458,0.019606634619357903
0.0022161075112902043,0.0008588174657368868,0.0028907515112738882,0.01915660011224992
0.0025032945562115565,0.0014482729514894081,0.002780328091181871,0.019292547347995744
0.0024265649820563707,0.0014732553780633486,0.0027270129436301636,0.01896303461457862
0.002256307833700033,0.000825704562572371,0.002824815369891782,0.01957351233079174
0.002214935366713079,0.0008581886211044571,0.0028920042048658215,0.019123137700907546
0.0025037456462574195,0.0014475199346173878,0.002777007574121587,0.019263868633158397
0.002426723602680902,0.001472484428106503,0.0027238155174604223,0.018933866657440856
0.0022552794258624376,0.000825149596022689,0.0028264714730632506,0.019540570534744273
0.0022137846350414065,0.0008575356974723457,0.0028933388164336794,0.019089765568686114
0.002504248270920673,0.0014467490530295527,0.0027738091357962184,0.01923516198739451
0.0024269179982783344,0.0014717237707938691,0.002720652562455207,0.018904726133240665
0.0022542680113160894,0.000824629602527271,0.0028280731500210047,0.019507565722377974
0.002212622067686201,0.0008569427923060995,0.0028946187653539415,0.019056321861230078
0.0025046483842683805,0.0014460501728105015,0.002770613044390689,0.01920656782776029
0.002427024642104285,0.0014710065069956605,0.0027175735658319647,0.01887565643894297
0.0022532423055851773,0.0008241189762583623,0.002829747055433299,0.019474541577166833
0.002211529181386894,0.0008563258163601897,0.00289588030698757,0.01902293438595736
0.0025051927803261854,0.0014453360543046482,0.0027673938071638023,0.019177886917659696
0.002427202667101258,0.001470294966107673,0.0027145001154482043,0.018846515981658648
0.0022522015167509833,0.0008236292053663608,0.0028314806731720736,0.019441589311499852
0.002210386341757112,0.0008557481107246438,0.002897230098915609,0.01898954894085094
0.0025056911998709848,0.001444661331150098,0.002764192140227607,0.019149258274519347
0.00242740953435597,0.0014696042890153696,0.0027113936666746043,0.01881744963031061
0.002251206494793068,0.0008231442584318038,0.0028331886187846905,0.019408556841468
0.002209279273507861,0.0008551739913085011,0.0028985847136424846,0.018956111137012684
0.002506205714596773,0.0014439997345423831,0.0027610129846993943,0.019120681608610513
0.0024275953729249434,0.0014689427593002724,0.002708313557653353,0.018788392022430316
0.0022502152332541494,0.000822681209410123,0.0028349198683098567,0.019375573933421753
0.0022081879399475017,0.0008546130301799854,0.002899950792889692,0.018922722979562847
0.002506753170957238,0.0014433473434831913,0.0027578570116947236,0.019092077183508693
0.0024278356168736135,0.0014682792401204715,0.002705264346138522,0.01875933989299685
0.002249252824041916,0.0008222187079725317,0.0028366645886925587,0.019342584338867944
0.00220711826483289,0.0008540646402098722,0.0029013211055774315,0.018889312547217738
0.0025072913438991995,0.0014427267497153014,0.002754696209765495,0.01906353356582583
0.0024280406371420932,0.0014676539245512428,0.0027022252550267115,0.01873033539113477
0.0022482773443337285,0.0008217829506593731,0.0028384498765359513,0.019309570082898294
0.002206054428004593,0.0008535304319284996,0.0029027195638280977,0.018855903383931675
0.002507873717302006,0.0014421158047882915,0.0027515468128627677,0.01903498881943227
0.0024282996885480997,0.0014670352995485784,0.0026991952089363727,0.018701323850403996
0.002247322107219875,0.0008213517083075661,0.0028402522636144143,0.019276593280934565
0.0022049916602809535,0.0008530090952213674,0.0029041569175249702,0.018822513989007934
0.002508445434394673,0.001441529513261177,0.002748429873514915,0.01900645298053299
0.00242884666952964,0.0014662198978611413,0.0026963951395664277,0.01867300725598954
0.0022463776932179712,0.0008208733434686913,0.0028421394017776346,0.019242360968978224
0.0022040242013037616,0.0008525603120690552,0.0029052857157016027,0.01878826742592485
0.0025087521502735522,0.0014412171445282664,0.0027447226592847815,0.018978633680978397
0.002428904001059292,0.0014655878107600361,0.0026935702448973014,0.018645336489934668
0.0022450032931282727,0.0008205027175857201,0.002844623516349009,0.019207509077917434
0.002202940186099051,0.0008520546589337427,0.002906726242302529,0.018753966088661977
0.0025095793442188163,0.001440795703158899,0.0027408038298843153,0.0189504715354036
0.002429435072545526,0.0014649374307117813,0.0026903129381546736,0.01861705543052694
0.0022436378721732986,0.0008200833818159432,0.002847068471766891,0.019173642521990737
0.0022014441070695094,0.0008515705566789918,0.0029088191517291466,0.018720187300224414
0.002510091739882986,0.0014403363504560008,0.002737484047289372,0.018922089609434825
0.0024301659915355587,0.0014642159838052114,0.0026869943022767525,0.018588863591921665
0.00224260137735078,0.0008195760429610849,0.002848857585472927,0.019139661892859778
0.002200109556359024,0.0008510849293507214,0.0029104440902396663,0.01868619120240693
0.0025102468639245468,0.001439946591137201,0.0027342649105226366,0.018894321577745465
0.0024303227966158266,0.001463531691688718,0.0026841424137585444,0.018561197350530002
0.0022413837183831993,0.0008191027024367489,0.002850860125218853,0.019105462898862342
0.0021990326104932745,0.0008505091749974946,0.002911626083661443,0.018652400285337403
0.0025108195514798055,0.0014394774432625124,0.0027306255180214833,0.018866370389673006
0.002430593606586223,0.0014627779925348806,0.0026812706493053247,0.018533268641129804
0.002240011921065183,0.000818584946993231,0.002853243120117359,0.019071814619026177
0.0021977818152596217,0.0008498915642149319,0.00291319833595163,0.01861894345543218
0.002511481990289838,0.001438938130588197,0.0027269597548537214,0.018838365442443085
0.0024311653298806743,0.0014619632807764322,0.002678025626820285,0.018505455049054015
0.0022387611140528185,0.0008180246108413408,0.0028553752235959094,0.01903810610115033
0.0021963900043875653,0.0008493077852055535,0.002914899259906855,0.018585321365910762
0.00251182629221326,0.001438435351896686,0.0027234649502995744,0.018810768826372688
0.002431562556485271,0.001461165546060219,0.0026748259714429617,0.01847795740578183
0.0022375568111928,0.0008174360615381505,0.002857346273164531,0.019004403938521753
0.0021951192252996437,0.0008486522092425693,0.002916374557085673,0.018551890506823706
0.0025122544844553133,0.0014378800673321972,0.0027200142043106563,0.018783100380034397
0.0024318850036098858,0.0014603395983605644,0.0026718209790101244,0.018450346956530674
0.002236275404763397,0.0008168275424827631,0.0028594155905797398,0.01897109837462416
0.002193808481387479,0.0008480380415387324,0.0029176763628345793,0.018519328490668376
0.0025123465612791147,0.001437475733112052,0.002716535695662232,0.018754355521145794
0.0024320289217904484,0.001459618002172851,0.0026688792811620267,0.018421771570584413
0.0022351780367894335,0.0008160796977234618,0.002861463134931983,0.0189388749281367
0.0021927350352825645,0.000847245074896743,0.002918964148362644,0.018487488038073083
0.002512733542437089,0.0014368953079097239,0.002713249402030397,0.018725294173649418
0.0024323542201217783,0.0014587939558306476,0.00266600592523915,0.018393282970364147
0.0022341766610504367,0.000815381701557611,0.0028633839784677996,0.018906310552023464
0.002191688064498139,0.0008466109269791479,0.0029200340312410824,0.018455103871185298
0.002512810962485847,0.001436491998452819,0.002709678449774433,0.01869709546917583
0.002432437821097363,0.0014580320152678744,0.0026631483514023635,0.01836553104070866
0.0022331275342407125,0.0008147164277189588,0.0028655474855578426,0.018873107645028583
0.002190843170270521,0.0008458902370226145,0.0029211102172859117,0.018422451169183212
0.0025133895595080423,0.0014360067022553154,0.0027058993007402234,0.018668904128105776
0.0024327245267761186,0.001457315925200234,0.0026601075924165044,0.01833753283255238
0.0022319755957959935,0.0008141400913848675,0.002867876719678312,0.018840333631589604
0.002189684622555701,0.0008453099256436754,0.0029226288529051406,0.01839017883314003
0.0025137104616017297,0.0014356261611164385,0.0027024218610049635,0.018640210960414957
0.0024332300913326907,0.0014566443643634745,0.002656998417197522,0.01830917308784094
0.002231116728400827,0.0008134869787420798,0.002869837937364039,0.01880781742579411
0.002188654170592989,0.0008447001735305319,0.002924077010756829,0.018357895333616536
0.002513936948262931,0.00143527357711613,0.002699255188516238,0.01861173512710477
0.002433478424100038,0.0014560548925130821,0.002654196729783665,0.01828110528177023
0.0022301922276567756,0.0008129638240541102,0.0028717818984337912,0.018774914489191056
0.002187733844549933,0.0008441958033841431,0.002925198995751256,0.018325368046037998
0.0025142048366423283,0.0014350290394334658,0.002695885258576616,0.018583490153920076
0.002433674520221149,0.0014554992062295433,0.0026515550776279855,0.018253148941316136
0.002229195504981071,0.0008124613941651669,0.0028740452847711194,0.018741960768045473
0.0021868967111992404,0.0008436618488712319,0.0029264386094425394,0.01829291394016217
0.0025147551583756564,0.0014347743501695169,0.0026923914267365607,0.018555026517528547
0.002434052861929305,0.0014550027193519148,0.0026487033226153317,0.018224963712377102
0.002228221153689327,0.0008120202152846921,0.002876339987789236,0.018709178038810097
0.002185912873881788,0.0008432294340160847,0.002927966432897928,0.018260479858221424
0.0025151579582773703,0.0014345764549664256,0.002689068984375964,0.01852654955544205
0.0024345767148987608,0.0014545222873913928,0.0026457884911660077,0.018196830429441792
0.0022274584635240983,0.0008115579521833184,0.00287840141947515,0.018676274919087923
0.0021850662252138344,0.0008427995959987312,0.0029293891279115565,0.0182278804092936
0.0025155218958820284,0.0014344170963022608,0.0026858425044377966,0.018498275632262765
0.0024349297185360668,0.0014541118597783472,0.002643041154131312,0.01816884983543548
0.002226656800380297,0.0008111775874103435,0.002880519387524945,0.01864323514819606
0.0021842978071481022,0.0008424176889186576,0.002930680460035008,0.018195261290981566
0.0025159915642763986,0.0014343029952757502,0.0026825352981849028,0.01846996152306695
0.0024353412571647393,0.0014537218206054276,0.002640368019183856,0.018140792816145876
0.002225837033448639,0.0008108128519269569,0.002882786956891319,0.018610276108322214
0.0021835310991611765,0.0008420510617312558,0.002932080793265522,0.018162710148094886
0.002516529181816449,0.0014342231197240448,0.002679230103935871,0.01844154964932441
0.002435818745941095,0.001453390701579146,0.002637619471486607,0.018112665944500277
0.0022250350934124026,0.0008104924056633531,0.002885041631375802,0.0185773252734076
0.0021827146607410522,0.0008417419683741198,0.002933588284475626,0.018130101684535847
0.002517020127439686,0.0014341848684159603,0.00267601872643418,0.01841320897879486
0.00243634414405035,0.001453085476879066,0.0026348894678006663,0.018084608992619346
0.0022243021434731683,0.0008101850828624412,0.002887232001371875,0.01854430050187278
0.002181957720344375,0.0008414504389448001,0.002935053538532356,0.018097439923451145
0.0025175107655798184,0.0014341825047021917,0.0026728442979606073,0.01838491462999273
0.002436815168505768,0.0014528257984882157,0.0026322356005922115,0.018056566443254617
0.0022235660056532536,0.0008099153970192563,0.002889465857774576,0.018511284717061795
0.002181242785583324,0.0008411808842045333,0.0029364973909373837,0.01806481407734165
0.0025180665343457775,0.001434200619595278,0.002669662925282461,0.018356580640505542
0.002437339538630788,0.001452580620305695,0.0026296105394881383,0.018028491908214213
0.0022228479001342436,0.0008096607930710635,0.002891746411668128,0.01847829448508724
0.0021805403717221933,0.0008409336301438035,0.0029379840215667877,0.01803218813148944
0.0025186346059077767,0.0014342498689272635,0.0026664868810681265,0.018328269589609807
0.0024378833356591815,0.0014523698423290418,0.002626970701376607,0.018000446766380747
0.002222148182644815,0.0008094319613887351,0.002894034826108536,0.01844526826221076
0.0021798460024423914,0.0008407107308191368,0.0029395060419934787,0.017999522202509215
0.002519220062627369,0.0014343209737131394,0.0026633393254479297,0.018300008792207063
0.002438455991957774,0.0014521809018216351,0.002624345506702958,0.017972432795687367
0.0022214695482655673,0.0008092209308273817,0.002896328304887899,0.018412238985145463
0.0021791653654032526,0.000840507480791085,0.002941044987503477,0.017966865545739903
0.0025198092210179175,0.0014344190014174778,0.00266022444336839,0.018271744230940454
0.0024390331884302234,0.0014520204996785787,0.002621750626123032,0.017944406200506913
0.002220805838525955,0.0008090263564146723,0.0028986345800130157,0.018379246593915457
0.002178502329038953,0.0008403184291582201,0.002942597145211885,0.017934237829489573
0.002520419543729534,0.0014345356466202589,0.0026571416261651024,0.018243480319942516
0.002439628209072692,0.0014518792789194406,0.0026191880197545354,0.017916387820766495
0.002220153890843721,0.0008088483630612941,0.002900957059659711,0.018346259912715997
0.002177852151485974,0.0008401484599149577,0.0029441595117332617,0.01790160841938547
0.002521036483027382,0.0014346779487317556,0.0026540714620627084,0.01821525348568745
0.002440228663478575,0.0014517608460884288,0.0026166462268739665,0.017888401647665104
0.002219510200969093,0.0008086863256702152,0.002903305040651471,0.018313267427509782
0.0021772181414669556,0.000839990493075575,0.002945741651528411,0.017868980357217228
0.0025216816392285594,0.0014348359862172645,0.002651013927856126,0.018187048950657765
0.002440850933074591,0.0014516608650289409,0.0026141155519610925,0.017860427803673196
0.002218877250537206,0.0008085389035887097,0.0029056739594126944,0.01828029739758745
0.0021765884929615654,0.0008398485915312911,0.002947355122985987,0.017836372542688564
0.002522332813953396,0.001435013015455075,0.002647981757724929,0.018158853987762298
0.002441493196546345,0.001451578756303175,0.0026115978616296953,0.017832462888394213
0.0022182650463086636,0.0008084006494120932,0.0029080486229601556,0.01824735017417891
0.0021759737142684333,0.000839717058368264,0.0029489861397849447,0.017803778862173804
0.0025229935152052407,0.0014352060936161839,0.002644977300264315,0.018130686434781308
0.0024421424986184985,0.0014515144050620873,0.0026091047777438885,0.017804524234657938
0.0022176634011306707,0.0008082760543600654,0.002910437117144995,0.018214411265136295
0.0021753723946406657,0.0008395987948295027,0.0029506260404130137,0.017771195316856413
0.0025236654999787607,0.001435417865818108,0.0026419878702637835,0.01810254808126698
0.0024428008679717346,0.0014514668321712067,0.0026066352136237757,0.01777660836837523
0.0022170693071201777,0.0008081623662574645,0.0029128505896900726,0.01818149009956503
0.0021747829529242223,0.0008394898417010287,0.0029522861137925975,0.01773863209574652
0.0025243563304252086,0.0014356450154673918,0.002639014207186911,0.018074426623434375
0.002443474533779399,0.0014514365312472887,0.0026041793085828553,0.017748705681314002
0.002216483519044498,0.0008080603150275629,0.0029152836197090374,0.018148595034672553
0.002174197652684791,0.0008393934208936063,0.0029539735370013673,0.017706089907698033
0.0025250543688029735,0.0014358887135964907,0.002636063582350025,0.01804632686508186
0.0024441644508727354,0.00145142177539274,0.0026017381242018347,0.017720823505258176
0.0022159123114420323,0.0008079667234675268,0.0029177272877704634,0.018115719881849526
0.0021736235856774527,0.0008393063726205723,0.002955678803599745,0.0176735639998426
0.002525760498830832,0.0014361480549539441,0.0026331350633529895,0.01801825647943568
0.0024448611897117454,0.0014514234759995517,0.0025993172616417502,0.017692966755159613
0.0022153507106021497,0.0008078837776213956,0.0029201871318196328,0.01808286369106419
0.00217306122788528,0.0008392291552917643,0.00295739834288668,0.01764105825829678
0.0025264789643154963,0.001436422673516514,0.002630223091978222,0.01799021095479906
0.0024455695562492475,0.001451439718151645,0.002596915771035042,0.017665130921745473
0.002214798591367158,0.0008078096428755488,0.0029226674089656395,0.018050032110326623
0.0021725092063102536,0.000839160648083483,0.00295913747894104,0.017608575916424726
0.002527209720781491,0.0014367122746426083,0.002627327309683026,0.017962188709478993
0.0024462899910146006,0.0014514715058842292,0.0025945286066714306,0.01763731606605984
0.0022142559342764397,0.0008077448793113539,0.002925165509256395,0.018017224298879156
0.0021719649275399053,0.0008391017693576507,0.002960898486008139,0.017576114396856024
0.002527950042855097,0.001437016832757735,0.0026244500997494786,0.017934194007035612
0.0024470233333790388,0.0014515180113702834,0.00259215633322117,0.017609525733020315
0.0022137241535471613,0.0008076884773396988,0.002927678862085873,0.017984439033064622
0.0021714297978983645,0.0008390516884716257,0.00296267870066978,0.017543674211666437
0.0025286989890387314,0.0014373365252283122,0.0026215916555423933,0.01790622655654673
0.0024477660630784167,0.0014515798952845953,0.002589800875396095,0.01758175874924021
0.0022132019503463903,0.0008076407335115151,0.002930208770895749,0.017951679326181774
0.0021709041622189136,0.0008390100560106742,0.002964477083396148,0.01751125875706088
0.002529458277798109,0.001437670782736954,0.0026187512484254463,0.017878284174447305
0.0024485198039515556,0.00145165625932989,0.002587462490016714,0.017554014093947374
0.0022126893184172543,0.0008076011235912007,0.002932756007610923,0.017918946152878458
0.002170387653531968,0.0008389768376280997,0.002966294115062441,0.017478867916847333
0.0025302268390926964,0.001438019972922799,0.0026159276632210554,0.017850368761143265
0.002449283703965798,0.001451747432389394,0.002585139701796894,0.01752629386897655
0.0022121860624312907,0.0008075696887917705,0.0029353205679049075,0.017886237935523373
0.002169880245478503,0.0008389517694157923,0.002968130188161732,0.017446500637699845
0.0025310054926279885,0.001438383620660426,0.002613120490884772,0.017822481643963228
0.002450058519782342,0.0014518530668142442,0.002582831801602986,0.017498598646427378
0.002211692243171227,0.0008075462399523554,0.002937902301042597,0.017853555636916006
0.002169381442180727,0.000838934874784263,0.0029699857686176184,0.01741415827068518
0.002531793181902641,0.0014387618597477459,0.002610330009837985,0.017794621750841958
0.002450843980734687,0.0014519732310175196,0.0025805385856412836,0.017470927467553642
0.0022112082625859782,0.0008075303919287628,0.002940500525399529,0.017820900969999703
0.0021688915053006946,0.0008389257502289423,0.0029718605592171958,0.017381841958465354
0.002532589937489856,0.0014391544158769854,0.0026075566753463652,0.017766789203174684
0.002451639738203095,0.001452107772148852,0.0025782604936255226,0.017443280943998673
0.0022107338840773078,0.0008075221571628911,0.0029431150421574035,0.017788273707295205
0.002168410375109068,0.0008389244930478204,0.0029737537446338346,0.01734955156536443
0.0025333952264765375,0.001439561544543082,0.0026047997733580604,0.017738985102009452
0.002452445214702319,0.0014522566840589994,0.002575997625319585,0.017415659964431354
0.0022102687977583664,0.0008075213805529478,0.0029457464284312726,0.017755673820270487
0.002167938235194984,0.0008389307437512559,0.0029756653156099233,0.017317287573858833
0.0025342097962908,0.001439983012445171,0.0026020587388768234,0.017711209252310147
0.0024532606068622333,0.0014524199393502598,0.002573749392802925,0.0173880641891083
0.00220981274202916,0.0008075280654871773,0.002948394892869314,0.01772310236573012
0.002167474473486271,0.000838944611497804,0.0029775959509291145,0.017285050844071177
0.002535033063730821,0.0014404188398056887,0.0025993336686991673,0.017683461414652154
0.0024540862666607424,0.0014525974104637519,0.0025715153097998177,0.017360493625083077
0.0022093661587465688,0.0008075418721603719,0.002951059743012503,0.01769055983015679
0.0021670192392020445,0.0008389658515663388,0.002979545470379353,0.017252841583605356
0.002535864702148039,0.0014408689329417075,0.0025966247053250653,0.01765574223608629
0.002454921606740701,0.0014527891152709268,0.0025692954522030615,0.017332948946582265
0.002208928917078556,0.0008075628198070419,0.002953740763428188,0.01765804620220494
0.0021665726108893823,0.0008389944232382515,0.0029815132876669813,0.01722066007351882
0.002536704648111342,0.0014413332859257249,0.002593931477306418,0.01762805201604754
0.0024557664954531736,0.0014529949183868162,0.0025670899380629544,0.01730543034185238
0.0022085009003950575,0.0008075907386602297,0.0029564382182826875,0.01762556201689593
0.0021661346449150746,0.0008390301261856607,0.0029834993285942357,0.017188506998748236
0.0025375530329846507,0.0014418118339566848,0.002591253636859248,0.017600390581760286
0.002456620846907223,0.0014532148352853166,0.002564898424333802,0.0172779377159983
0.002208081942407725,0.0008076255935742012,0.002959152149283291,0.017593107846585368
0.0021657050589331353,0.0008390729476262436,0.0029855038171018927,0.017156382792950283
0.0025384096517925355,0.0014423045408620263,0.0025885911213382193,0.017572758128145335
0.002457484801271298,0.0014534487713345821,0.0025627206231380478,0.017250471353638313
0.002207672129275348,0.0008076672204070895,0.002961882253125759,0.017560683933104802
0.0021652838029273366,0.0008391227800442951,0.002987526656086056,0.017124287697929848
0.0025392742196256517,0.0014428113966984874,0.002585943880943395,0.017545154978589533
0.0024583580311422415,0.0014536967428241264,0.002560556450517769,0.017223031525041003
0.0022072713860837746,0.0008077155567850882,0.0029646283844459893,0.017528290646733436
0.0021648708804618386,0.000839179519264473,0.002989567614454192,0.017092222213504142
0.002540146711302925,0.0014433323288504814,0.002583311788433754,0.017517581151042894
0.002459240478217986,0.0014539586521519776,0.0025584058891650833,0.017195618272887323
0.00220687966429229,0.000807770484785849,0.0029673905123692185,0.01749592850388019
0.0021644662610942134,0.0008392430697329923,0.0029916265561608394,0.0170601868541692
0.0025410269856331043,0.0014438673186389474,0.0025806946381879527,0.017490036730483206
0.002460131990341673,0.0014542344695400188,0.0025562687723245684,0.01716823176313122
0.0022064968976780353,0.0008078319196901517,0.002970168577975027,0.01746359781919998
0.0021640698988709115,0.000839313336179332,0.0029937033967498694,0.01702818193553169
0.002541914997922,0.0014444163049279729,0.002578092242213622,0.017462521964106997
0.002461032519823887,0.001454524130425622,0.002554144911943463,0.017140872251285993
0.00220612302408006,0.0008078997778252728,0.0029729624986304147,0.01743129888301125
0.0021636817031486415,0.0008393902498359642,0.0029957980738410904,0.016996207815911685
0.0025428105897556843,0.001444979263169715,0.0025755044489830796,0.017435036981701214
0.0024619419636072223,0.0014548275993036468,0.0025520341361387816,0.017113539854681566
0.0022057580091060258,0.0008079739566939093,0.002975772156352894,0.017399032137208517
0.0021633016203858385,0.0008394737066889609,0.002997910513391634,0.016964264959118215
0.0025437136663090795,0.0014455561301479187,0.002572931181700529,0.017407581836611515
0.0024628602326950797,0.0014551448225055244,0.0025499363300683833,0.017086234675358615
0.002205401806949983,0.0008080543690974476,0.0029785974103958513,0.017366797987551953
0.0021629295823591046,0.000839563637439245,0.003000040577543799,0.016932353767967097
0.0025446240545041383,0.0014461468805846984,0.0025703723176852674,0.017380156687908176
0.002463787188998424,0.0014554757491115657,0.0025478514016148944,0.017058956911746307
0.002205054366278131,0.0008081409192833193,0.0029814381613102754,0.017334596747147744
0.002162565572904606,0.0008396599388891797,0.00300218810528035,0.016900474603851582
0.0025455416913803264,0.0014467514632307758,0.0025678276853237426,0.017352761695164108
0.002464722706981553,0.0014558203309961001,0.0025457792269978127,0.01703170673213297
0.002204715598590847,0.0008082335357902079,0.002984294358508641,0.017302428772396315
0.0021622095171109756,0.000839762537828781,0.0030043530078258255,0.016868627871048307
0.0025464664790602453,0.0014473698341121149,0.0025652971235377567,0.01732539695363065
0.0024656667287662466,0.0014561785086642815,0.002543719645125157,0.017004484256951065
0.002204385464346512,0.0008083321192553094,0.002987165901362619,0.0172702944508698
0.0021618613520724013,0.0008398713446276288,0.003006535211953868,0.01683681396275357
0.0025473983000233553,0.0014480019418074647,0.0025627805144282454,0.017298062586886265
0.002466619151995092,0.001456550234530372,0.0025416725057285814,0.016977289644787542
0.002204063915106661,0.0008084365874722655,0.002990052657452881,0.017238194125653555
0.0021615210154976743,0.0008399862827607175,0.003008734598159541,0.016805033242710248
0.002548337026877913,0.001448647740229523,0.002560277736864721,0.017270758747849353
0.0024675798714153823,0.0014569354493904213,0.0025396376984767825,0.016950123068675264
0.002203750900410143,0.0008085468495769197,0.0029929545173475753,0.017206128138477512
0.002161188466045206,0.0008401072627782794,0.0030109510282757537,0.016773286094121667
0.0025492825586402312,0.0014493071815104247,0.0025577886499054815,0.017243485556706704
0.002468548765727632,0.0014573341027334665,0.0025376151074000554,0.016922984669715077
0.002203446350325574,0.0008086628257348181,0.0029958713963784567,0.01717409685337344
0.0021608636436145664,0.0008402342035359233,0.0030131843901298402,0.016741572909549654
0.0025502348012448797,0.001449980214148607,0.0025553131134734147,0.017216243126528093
0.002469525751698201,0.0014577461341823126,0.002535604600774435,0.016895874592978272
0.002203150208298359,0.0008087844289050477,0.002998803195321282,0.017142100618326748
0.0021605464852148103,0.0008403670244659025,0.0030154345791579633,0.016709894055941345
0.002551193640360078,0.0014506667903228755,0.0025528509919116923,0.017189031596195174
0.0024705107254560563,0.0014581714907018822,0.002533606041276854,0.01686879300269067
0.0022028624172590588,0.0008089115762587122,0.003001749805248902,0.017110139766925565
0.002160236932874914,0.0008405056436532467,0.00301770148166835,0.01667824989611092
0.002552158974103929,0.0014513668558491836,0.0025504021552981725,0.017161851098850565
0.002471503591255069,0.0014586101127590212,0.00253161930314009,0.01684174005310184
0.002202582920949624,0.000809044183659945,0.003004711119227234,0.017078214645288088
0.0021599349287798083,0.0008406499806005055,0.0030199849794569395,0.016646640804858257
0.0025531306924452112,0.0014520803594033633,0.002547966472534952,0.017134701756052348
0.0024725042462180797,0.001459061942481293,0.0025296442629007586,0.016814715892382794
0.0022023116626415013,0.0008091821670224419,0.0030076870314352665,0.017046325597679515
0.002159640418575807,0.000840799952682323,0.0030222849517441155,0.016615067149903528
0.0025541086955311564,0.0014528072460820384,0.002545543810833522,0.017107583698705527
0.0024735125907092946,0.0014595269198453863,0.0025276807968680807,0.016787720679266385
0.0022020485814643036,0.0008093254452059249,0.003010677438668282,0.017014472954348533
0.0021593533433782977,0.0008409554812027703,0.0030246012782097218,0.016583529288703772
0.002555092878867517,0.0014535474634273181,0.002543134032926912,0.01708049706265525
0.0024745285255640924,0.0014600049851631939,0.0025257287783377134,0.016760754572763277
0.00220179361738933,0.0008094739359678722,0.003013682238795231,0.016982657046464
0.0021590736455164264,0.0008411164849653751,0.003026933842639922,0.01655202758082616
0.0025560831443934046,0.0014543009553156876,0.002540737005737325,0.017053441975662657
0.0024755519543516688,0.0014604960782662261,0.0025237880794192298,0.016733817724912194
0.002201546710133874,0.0008096275587609537,0.0030167013260661737,0.01695087820888789
0.002158801263391384,0.0008412828860413426,0.00302928252944379,0.016520562385334517
0.0025570793869806575,0.0014550676663737626,0.002538352599701939,0.017026418566884353
0.00247658278137267,0.0014610001372907847,0.002521858574940949,0.01670691029142633
0.0022013078025338822,0.0008097862314296464,0.0030197345905321705,0.016919136769394435
0.0021585361402669196,0.0008414546045114695,0.0030316472164228676,0.01648913405429491
0.0025580815045775315,0.0014558475399357044,0.002535980683980264,0.01699942697135496
0.0024776209053496514,0.001461517100683797,0.0025199401423253763,0.01668003243237833
0.002201076833609677,0.0008099498746477276,0.003022781925669838,0.016887433050431912
0.0021582782187983124,0.000841631562005669,0.003034027779437282,0.016457742937607694
0.0025590893983881086,0.0014566405186618664,0.0025336211247969594,0.01697246732222605
0.0024786662296109613,0.0014620469048953711,0.0025180326587391716,0.016653184305193913
0.0022008537427557913,0.0008101184084013713,0.0030258432270460944,0.01685576737492316
0.0021580274411752633,0.0008418136799052411,0.0030364240971688097,0.01642638938430614
0.002560102970241673,0.0014574465444027553,0.0025312737887404828,0.016945539751023732
0.002479718657642196,0.0014625894868103319,0.002516135998739251,0.016626366066754474
0.0022006384690509122,0.0008102917539014095,0.0030289183881994962,0.01682414006278274
0.0021577837479450023,0.0008420008808383493,0.0030388360491575266,0.01639507373869812
0.0025611221214391425,0.001458265558160868,0.002528938544401449,0.016918644392163278
0.002480778094784688,0.001463144781984187,0.0025142500377464726,0.01659957787667507
0.0022004309524150823,0.0008104698322952374,0.0030320073003901925,0.016792551429462087
0.0021575470804178886,0.0008421930876022202,0.003041263512491299,0.01636379634144915
0.002562146752709244,0.0014590975006885645,0.0025266152607948903,0.01689178138085779
0.0024818444439236756,0.0014637127260096418,0.0025123746528602905,0.016572819894494526
0.0022002311318879753,0.0008106525656396091,0.003035109855243535,0.016761001788875463
0.002157317380517016,0.0008423902231305233,0.0030437063626879072,0.01633255753215685
0.0025631767674484936,0.0014599423115004926,0.002524303807016968,0.016864950850856524
0.002482917609595428,0.0014642932532202375,0.0025105097222256805,0.016546092278880598
0.0022000389462094073,0.0008108398764759507,0.003038225944802186,0.016729491452769467
0.002157094589821097,0.000842592211130375,0.003046164474836753,0.016301357647406135
0.002564212068797311,0.0014607999299059626,0.0025220040515076883,0.016838152937177425
0.002483997496369902,0.0014648862975708277,0.002508655123540117,0.016519395190001326
0.0021998543339913934,0.0008110316878837722,0.0030413554608621557,0.01669802072865865
0.002156878650200896,0.0008427989754757465,0.003048637723612054,0.016270197019587634
0.0025652525617259024,0.0014616702941948716,0.0025197158626656937,0.016811387776198866
0.002485084009681737,0.0014654917923413123,0.0025068107343881006,0.01649272878886753
0.0021996772334467673,0.0008112279237339101,0.0030444982950246146,0.016666589921185342
0.002156669502922288,0.0008430104408715018,0.003051125983619089,0.016239075978471733
0.0025662981511963803,0.0014625533422089243,0.0025174391093100565,0.016784655503905174
0.002486177055706196,0.001466109670224168,0.0025049764326163237,0.016466093235936986
0.00219950758305488,0.0008114285081552222,0.003047654338157758,0.01663519933312714
0.0021564670894759553,0.0008432265321931435,0.0030536291289341663,0.016207994851454424
0.002567348742984128,0.0014634490109800167,0.002515173661099809,0.01675795625628815
0.0024872765406836685,0.0014667398634088417,0.002503152096743572,0.016439488691990325
0.0021993453209658872,0.0008116333660502001,0.0030508234805183333,0.016603849264185195
0.0021562713512518553,0.0008434471750280213,0.0030561470324903337,0.01617695396264792
0.0025684042432537334,0.001464357237100857,0.0025129193877797477,0.016731290170293688
0.002488382371184551,0.0014673823034025328,0.002501337606078511,0.01641291531865456
0.0021991903851885427,0.0008118424227801492,0.0030540056123318287,0.016572540010746022
0.002156082230018819,0.0008436722952203466,0.0030586795662968457,0.016145953633111047
0.0025694645593954866,0.0014652779565168875,0.0025106761589225694,0.01670465738311072
0.0024894944539999857,0.0014680369212630947,0.0024995328401759406,0.016386373277587688
0.00219904271325805,0.0008120556044850325,0.003057200624033396,0.016541271866630115
0.0021558996673008233,0.0008439018192342892,0.00306122660220097,0.016114994181229178
0.0025705295997215413,0.001466211104536462,0.002508443844248155,0.016678058031835453
0.002490612697011867,0.0014687036473664166,0.002497737678698105,0.01635986273044774
0.0021989022427957353,0.0008122728377513378,0.0030604084056535005,0.016510045122889144
0.0021557236045520304,0.0008441356740130669,0.0030637880117707836,0.01608407592227521
0.0025715992729742044,0.0014671566159423853,0.0025062223138396294,0.01665149225406825
0.0024917370083370753,0.0014693824116812936,0.002495952001535271,0.016333383839357177
0.0021987689112975112,0.0008124940498133904,0.0030636288467307433,0.016478860067453513
0.0021555539832710715,0.0008443737870005182,0.00306636366590023,0.01605319916837291
0.0025726734887168384,0.0014681144249077756,0.002504011438128698,0.01662496018775565
0.0024928672966215,0.0014700731435783793,0.002494175689179657,0.016306936766657225
0.0021986426560991162,0.0008127191684849369,0.003066861836616375,0.016447716985488157
0.0021553907450075124,0.0008446160861408933,0.0030689534348316365,0.016022364228893107
0.00257375215720498,0.0014690844651257273,0.002501811087746396,0.016598461970807242
0.0024940034708126196,0.001470775771974098,0.0024924086226003716,0.016280521674637685
0.0021985234143711003,0.0008129481221866016,0.003070107264545544,0.016416616159418564
0.0021552338313518753,0.0008448624998478428,0.0030715571883312446,0.01599157141031491
0.0025748351896262875,0.0014700666697052387,0.0024996211335425586,0.016571997741297397
0.002495145440507935,0.0014714902252440489,0.0024906506831322505,0.016254138725766327
0.0021984111231009595,0.0008131808399666016,0.0030733650196281244,0.01638555786867305
0.002155083183832693,0.0008451129571055994,0.003074174795730888,0.015960821016016997
0.0025759224978084186,0.001471060971304783,0.0024974414465354336,0.016545567637583237
0.0024962931157562194,0.0014722164313121918,0.0024889017524225834,0.01622778808270725
0.002198305719181644,0.000813417251456103,0.0030766349907820896,0.016354542389736215
0.0021549387440398192,0.0008453673873578642,0.003076806125960284,0.01593011334639735
0.0025770139944885943,0.0014720673020261615,0.002495271898024704,0.01651917179807954
0.0024974464071592394,0.0014729543176238706,0.0024871617124994647,0.016201469908118268
0.0021982071393665567,0.0008136572869220337,0.0030799170667789727,0.01632356999631799
0.0021548004534952185,0.0008456257206193018,0.0030794510475861616,0.01589944869897542
0.0025781095930386354,0.0014730855935156384,0.0024931123596152963,0.016492810361214284
0.002498605225862658,0.0014737038111600313,0.002485430445797904,0.01617518436466201
0.0021981153203496444,0.0008139008771926018,0.003083211136181736,0.016292640959272325
0.0021546682538026666,0.0008458878873788932,0.003082109428705993,0.015868827368285883
0.0025792092076235445,0.0014741157769278665,0.0024909627032028044,0.016466483465553745
0.00249976948345192,0.0014744648384661843,0.0024837078351962307,0.016148931615083482
0.002198030198658073,0.0008141479537471519,0.003086517087451326,0.01626175554649809
0.0021545420865552154,0.0008461538186741551,0.0030847811370121716,0.015838249645880577
0.0025803127531895324,0.0014751577829787558,0.0024888228009061005,0.016440191249697644
0.0025009390920625427,0.001475237325636169,0.002481993763999343,0.01612271182211928
0.002197951710731921,0.000814398448646544,0.003089834808991137,0.016230914023039448
0.002154421893387004,0.0008464234460409352,0.003087466039853915,0.01580771582038389
0.0025814201454760267,0.0014762115419278113,0.0024866925251146596,0.01641393385222043
0.002502113964348618,0.0014760211983593109,0.0024802881158788644,0.016096525148427472
0.0021978797928700992,0.0008146522945886518,0.003093164189131582,0.016200116651100417
0.002154307615912838,0.0008466967015606955,0.00309016400428657,0.0157772261774859
0.00258253130097739,0.0014772769836035552,0.0024845717485127384,0.01638771141169537
0.0025032940135485677,0.001476816381894739,0.0024785907749097008,0.016070371756637416
0.0021978143813213957,0.0008149094248503032,0.003096505116089821,0.01616936368998664
0.002154199195768057,0.0008469735178325588,0.003092874897056637,0.015746780999892584
0.002583423166628689,0.0014782264545494324,0.0024822461062099397,0.01636011205696456
0.002504477767329413,0.0014776230875754386,0.0024769037825927635,0.016044255860112946
0.002197755332305145,0.0008151720073185171,0.003099858931040992,0.01613864263460244
0.002154099348055502,0.0008472563268576085,0.003095595417035677,0.015716366467408448
0.0025842787168637057,0.0014791654365342135,0.002479882431202663,0.016332283399116646
0.002505667866065225,0.0014784441585482468,0.0024752235595717244,0.016018177555441472
0.002197703001074219,0.0008154426725066621,0.0031032297786499044,0.016107950211172707
0.002154007823380536,0.0008475469742806744,0.003098332595155665,0.015685983766160927
0.0025851475531726603,0.001480120724491721,0.0024775281962614772,0.016304500928137563
0.002506870183480318,0.001479281796608678,0.0024735478833949856,0.01599212089688906
0.0021976599097218645,0.000815722359676202,0.003106614513784716,0.016077295985093033
0.002153921854505338,0.0008478479306496286,0.0031010916815542664,0.01565563694002222
0.0025860238192719274,0.001481093308478287,0.002475191122157035,0.016276757712860183
0.0025080853881696242,0.0014801367452611691,0.0024718794669300916,0.015966084995900295
0.002197628799368878,0.0008160107762929735,0.003110006069106371,0.016046674737414324
0.002153843815403602,0.0008481593789449269,0.0031038657466666156,0.015625319065708528
0.0025869044357249866,0.0014820841314543377,0.0024728714138000014,0.016249058671931393
0.002509306814321982,0.0014810095489022493,0.0024702235662748943,0.015940077061931252
0.0021976076333037942,0.0008163090727240956,0.0031134065796471575,0.01601608024936015
0.002153776643253983,0.0008484806207257427,0.0031066487606216516,0.015595029505690527
0.0025877945940774366,0.0014830930785327157,0.002470565091208017,0.01622140401486992
0.0025105342694656846,0.0014818992915584005,0.0024685816906763534,0.0159140935817058
0.0021975945661548498,0.0008166173485145144,0.0031168220899563215,0.01598551709477087
0.0021537196944714093,0.0008488113619041642,0.003109443669978295,0.01556477322132925
0.0025886967656992355,0.001484119702604051,0.002468270243166988,0.016193792077190617
0.0025117708473175464,0.0014828053392819493,0.0024669501262606195,0.015888132068526305
0.0021975898570711573,0.0008169349145150423,0.003120252810106845,0.015954986675009733
0.002153671004056865,0.0008491515566472855,0.003112254107356705,0.015534548721560949
0.0025896090531562148,0.001485163290124317,0.0024659869255955094,0.01616622570967239
0.002513017407910697,0.001483727247516325,0.0024653261774957814,0.01586219708403211
0.0021975937408984492,0.0008172610653494333,0.003123696246367335,0.015924486513014445
0.002153629662165825,0.0008495006969014541,0.003115079941419044,0.015504354408414158
0.0025905295104775203,0.0014862232645650938,0.0024637158029278882,0.016138706037793375
0.002514272359707048,0.0014846645948878886,0.0024637104626587703,0.01583628945423403
0.002197605687367201,0.0008175950228711899,0.003127151813996025,0.015894019649608092
0.0021535954523016136,0.0008498577414750212,0.0031179203702940746,0.01547419444647526
0.002591457929569711,0.001487298755100997,0.0024614579670970494,0.016111230521630562
0.002515534850489738,0.0014856165198206175,0.002462104394475474,0.015810407054685335
0.002197625161702288,0.0008179359673561894,0.003130619529686729,0.01586358994062189
0.0021535680292989507,0.0008502219898196566,0.003120774487625201,0.015444071648994048
0.002592393411731751,0.0014883892324783123,0.0024592130439644627,0.01608379990862442
0.0025168040078137515,0.0014865821189885295,0.0024605082571157915,0.01578455190520364
0.002197651668474033,0.0008182831657236396,0.0031340995844184954,0.015833196818493957
0.002153547580473142,0.0008505925684630843,0.003123641070114828,0.015413985562291588
0.0025933362061216006,0.0014894941020524638,0.0024569791851938175,0.016056416899505432
0.0025180790083876884,0.0014875607019739696,0.0024589213072644897,0.015758726536323632
0.0021976843141324055,0.0008186362115158793,0.00313759315152466,0.01580284045064298
0.002153533665015434,0.000850968816204885,0.0031265205497690973,0.01538393737768336
0.0025942869246398876,0.0014906126843489118,0.0024547553144567435,0.016029081847592625
0.0025193604649724264,0.0014885515815657314,0.0024573423113489604,0.01573293055675548
0.0021977228150614676,0.0008189943984286881,0.003141100596869487,0.015772523420536252
0.0021535253198762963,0.000851350216287001,0.0031294143386600332,0.015353929211790605
0.0025952447794887422,0.0014917443768327422,0.002452541705488964,0.016001794362032053
0.0025206485998091267,0.0014895543065509135,0.0024557703347470226,0.0157071642207071
0.00219776718382497,0.0008193570429908727,0.003144620850403891,0.015742247009579755
0.002153521911567762,0.0008517363071478686,0.0031323224725919143,0.015323961698172892
0.002596208487112381,0.001492888718639639,0.0024503386349079585,0.015974555107100673
0.0025219426690149542,0.0014905684502272937,0.002454205455698887,0.01568142912337151
0.0021978171823484743,0.0008197236199758239,0.003148153231011572,0.01571201158318482
0.0021535234144852283,0.0008521265126234374,0.003135243950468774,0.015294035637297792
0.002597177645125582,0.0014940453421428354,0.0024481457951638255,0.015947364450085676
0.0025232417832211284,0.0014915935883623797,0.0024526480369635294,0.0156557257600241
0.002197872383797379,0.0008200937330252317,0.0031516980634487502,0.015681818480197403
0.002153529824219906,0.0008525203086481745,0.0031381783077298947,0.015264152645447013
0.0025981524315128184,0.0014952138511442718,0.0024459626594710367,0.01592022233645333
0.0025245458155694054,0.001492629252748472,0.0024510978739120085,0.015630054238877443
0.0021979325542451507,0.0008204670013598689,0.003155255618713138,0.01565166873983826
0.002153540927789011,0.0008529173565281173,0.003141125576546681,0.0152343135057262
0.002599132638923468,0.001496393954801938,0.0024437886071303062,0.015893129448233144
0.0025258547313251377,0.00149367511113791,0.0024495543093750044,0.01560441554963637
0.002197997574606588,0.0008208430909161766,0.003158825811604723,0.015621562524013385
0.002153556525046745,0.0008533173392669691,0.0031440858007870777,0.015204518409524474
0.0026001180604146618,0.001497585369283844,0.002441623192567828,0.0158660863753108
0.0025271684114286214,0.0014947309381213747,0.002448016819586201,0.015578810410407257
0.0021980672946198057,0.0008212217361450487,0.003162408499878414,0.015591500448989614
0.0021535763437156457,0.0008537200067695922,0.003147059084959861,0.015174768123489956
0.002601108395000218,0.0014987878532815781,0.00243946635536585,0.015839092986676177
0.002528486782379763,0.0014957965306127607,0.002446485171850472,0.015553238876170581
0.002198141669363988,0.0008216026406133903,0.0031660033795052303,0.015561483504151674
0.0021536001907175996,0.0008541251244452584,0.003150045361224322,0.015145063495841637
0.00260210320955279,0.0015000012098380958,0.0024373181302527656,0.015812149199698804
0.0025298095823025842,0.0014968717126483994,0.0024449593092555908,0.015527701315949206
0.00219822065167002,0.0008219855739262619,0.0031696100999950368,0.015531512147219251
0.002153628041709019,0.0008545324793429038,0.0031530442114481184,0.015115404933172783
0.0026031022177442176,0.001501225285100864,0.0024351782908714507,0.015785255323178503
0.002531136481113067,0.001497956298925697,0.0024434392157946586,0.015502198343964163
0.0021983041453934762,0.0008223703645277563,0.003173228576644275,0.015501586626930627
0.0021536599587592222,0.0008549418601660293,0.0031560552492042723,0.01508579285409036
0.002604105405844112,0.001502459933694686,0.002433046461296516,0.015758411574959066
0.0025324673009454166,0.0014990501234514524,0.002441924732287671,0.015476730251336071
0.002198392059431275,0.0008227568741912807,0.0031768588596103723,0.015471707413224614
0.0021536959038588994,0.0008553531129694901,0.0031590783886165834,0.0150562277773712
0.0026051127467349405,0.001503705012638903,0.0024309223588018774,0.015731618038130193
0.0025338020563185257,0.0015001530447233966,0.0024404155645359462,0.015451297262166371
0.002198484372387146,0.0008231449611784531,0.0031805008214637305,0.015441874884293156
0.0021537357691929875,0.0008557661316261384,0.0031621136090004137,0.015026710013831684
0.002606124028286258,0.0015049604131812978,0.002428805816148944,0.015704874870825867
0.002535140679251755,0.0015012649733979365,0.002438911461085282,0.015425899751321762
0.0021985810694301004,0.0008235345022571125,0.0031841542068467366,0.015412089278367947
0.0021537794807164525,0.0008561808098731862,0.003165160769598737,0.014997239825502379
0.0026071390460894613,0.0015062260335863135,0.00242669674334765,0.015678182137269688
0.0025364830271057343,0.0015023858294332042,0.0024374123201323233,0.015400537972715256
0.0021986821181103136,0.0008239253941421312,0.0031878187921833643,0.015382350950109194
0.002153827000194055,0.0008565970495627061,0.0031682196590206934,0.01496781761547147
0.002608157632261819,0.001507501783530523,0.0024245950667153475,0.01565153980157344
0.002537828957754754,0.0015035155210660288,0.002435918104175502,0.015375212074174199
0.002198787501604124,0.0008243175382573272,0.0031914943886416384,0.01535266025380055
0.002153878333740622,0.0008570147556567684,0.0031712900252379994,0.014938443735467159
0.002609179662917939,0.0015087875774074573,0.002422500647826464,0.015624947929060235
0.0025391783326023432,0.0015046539536803885,0.002434428744749273,0.015349922310255384
0.0021988971974241864,0.0008247108588219618,0.0031951808443889274,0.01532301738501976
0.002153933501620192,0.0008574338464513413,0.003174371613521655,0.014909118412432235
0.002610205066148731,0.0015100833367807103,0.002420413282585531,0.01559840666885039
0.0025405310476808328,0.0015058010375968176,0.002432944125268297,0.015324668951497197
0.0021990111742546774,0.0008251052919905439,0.003198878050398896,0.015293422528402573
0.002153992499738643,0.0008578542500481441,0.0031774642464349506,0.014879841890387144
0.0026112337918686346,0.0015113889840721157,0.002418332795570957,0.015571916094890276
0.0025418870432867315,0.0015069566981130177,0.0024314641011777783,0.015299452165445884
0.002199129403239887,0.0008255007778938303,0.00320258587332179,0.015263875939053881
0.002154055280747516,0.0008582759122096078,0.003180567806810968,0.014850614438591949
0.00261226573920681,0.0015127044455058233,0.0024162590828029308,0.015545476227138203
0.0025432462694050845,0.0015081208693189458,0.0024299885452986015,0.015274272109342546
0.002199251866940996,0.0008258972541672852,0.003206304115978043,0.015234377847650027
0.0021541217977019034,0.0008586987830219352,0.0031836821391891717,0.014821436286275044
0.0026133007700655537,0.0015140296538357213,0.0024141920682053983,0.015519087102960747
0.0025446086283647438,0.001509293489464712,0.002428517377664646,0.01524912897297696
0.0021993785428866294,0.0008262946650646414,0.0032100325756504854,0.015204928453079627
0.002154192032373854,0.0008591228073940511,0.003186807030918381,0.014792307662344673
0.0026143387800840624,0.0015153645398271185,0.0024121316629260973,0.015492748757116839
0.0025459740106550076,0.001510474487470294,0.0024270505483930892,0.015224022919803923
0.0021995094033359563,0.0008266929606349116,0.0032137710887965316,0.015175527968098308
0.002154265981257,0.0008595479309197106,0.0031899422623152185,0.014763228814772416
0.0026153796965414735,0.0015167090340210678,0.0024100777525408695,0.015466461230850567
0.0025473423244153706,0.0015116637862150149,0.002425587992771411,0.015198954102531439
0.002199644420987537,0.0008270920938101382,0.0032175195147568186,0.015146176587772679
0.0021543436384421927,0.0008599741026379975,0.003193087634253285,0.014734199962266669
0.002616423460001122,0.0015180630669148366,0.002408030205607778,0.015440224594089225
0.002548713494430519,0.0015128613110524324,0.002424129618932689,0.015173922695737797
0.0021997835633020793,0.0008274920222703628,0.00322127771635346,0.015116874477511746
0.002154424981845616,0.0008604012776664142,0.003196242973206386,0.014705221298842427
0.002617470007470824,0.0015194265708901172,0.00240598889879262,0.015414038914014872
0.0025500874553030504,0.0015140669929446854,0.002422675326955972,0.015148928861485994
0.0021999267940774354,0.0008278927042132321,0.00322504554955983,0.015087621817223163
0.0021545099744481916,0.0008608294138743851,0.0031994081252809435,0.014676293032232562
0.002618519264175606,0.0015207994781108428,0.00240395373680264,0.01538790422523223
0.002551464141454435,0.0015152807661847614,0.0024212250275718068,0.015123972735461618
0.0022000740777811012,0.0008282940970190256,0.0032288228545011123,0.01505841880426051
0.00215459857544703,0.0008612584707645747,0.003202582931042121,0.0146474153767055
0.002619571141978315,0.0015221817204989383,0.002401924640151218,0.015361820556828411
0.002552843477892795,0.0015165025626740786,0.0024197786483257304,0.015099054459388908
0.002200225381036532,0.0008286961574316326,0.00323260946443085,0.01502926562221541
0.002154690755459975,0.000861688405377952,0.003205767207196865,0.014618588535326424
0.002620625558338957,0.0015235732293750336,0.002399901520300963,0.015335787955184092
0.0025542253783577607,0.0015177323102821606,0.00241833612573713,0.015074174186628172
0.002200380667770056,0.000829098844651304,0.0032364052275258488,0.015000162442066542
0.0021547864944602073,0.0008621191727761278,0.0032089607618237953,0.014589812708487618
0.0026216824501743546,0.0015249739343876577,0.0023978842732551593,0.015309806474603897
0.0025556097626563885,0.0015189699331170866,0.0024168973913892295,0.01504933206529887
0.002200539898787971,0.000829502119627915,0.0032402100094770787,0.014971109434751472
0.0021548857689996726,0.000862550729513479,0.0032121634169043926,0.014561088095694697
0.0026227417616285238,0.0015263837651971351,0.0023958727889574834,0.015283876171461286
0.0025569965613624923,0.0015202153559979539,0.0024154623644171845,0.0150245282407376
0.0022007030327095634,0.0008299059438399753,0.0032440236788260374,0.014942106767441659
0.0021549885459594084,0.0008629830344563938,0.003215375010967943,0.014532414887787276
0.0026238034323718263,0.0015278026518307296,0.0023938669628193257,0.015257997101335291
0.0025583857093751136,0.0015214685065759247,0.0024140309585961926,0.014999762859552518
0.0022008700260137868,0.0008303102789899064,0.0032478460980396064,0.014913154605285594
0.0021550947847071046,0.0008634160480199567,0.0032185953893922657,0.014503793272971872
0.002624867394351183,0.0015292305245296822,0.00239186670082078,0.015232169312214074
0.0025597771396087,0.0015227293136769672,0.0024126030927502135,0.014975036062999495
0.00220104083508885,0.0008307150860271432,0.0032516771240644633,0.014884253118645375
0.002155204444372269,0.0008638497300884668,0.0032218243944922087,0.014475223443920373
0.0026259335763602963,0.001530667312631686,0.002389871915221662,0.015206392846446806
0.0025611707806029956,0.0015239977046067146,0.0024111786932650087,0.01495034798938295
0.002201215417252638,0.0008311203255997572,0.0032555166131181725,0.01485540247737532
0.0021553174887432333,0.0008642840395525312,0.003225061860304519,0.014446705592135105
0.0026270019097004555,0.0015321129446328836,0.002387882514524691,0.015180667752369287
0.0025625665581432804,0.0015252736039186236,0.002409757689527752,0.014925698782329777
0.002201393729777519,0.0008315259587786404,0.0032593644271164592,0.014826602843080943
0.0021554338860093206,0.0008647189343412234,0.003228307616565616,0.014418239903493519
0.002628072332752361,0.0015335673485949628,0.0023858983988831557,0.015154994086187517
0.002563964398923061,0.0015265569347991505,0.00240834000803868,0.01490108858830148
0.0022015757278736983,0.0008319319477656515,0.0032632204364252205,0.014797854372781088
0.0021555536031612386,0.0008651543727555162,0.003231561498638365,0.014389826561136552
0.0026291447888513206,0.0015350304524847345,0.002383919464899905,0.015129371904446623
0.0025653642346431037,0.0015278476207647655,0.002406925570120377,0.014876517550811505
0.002201761364897273,0.000832338255228532,0.003267084514767244,0.014769157223710788
0.0021556766018701137,0.0008655903144242695,0.0032348233513785508,0.014361465746494365
0.0026302192191560753,0.0015365021846201745,0.002381945612282428,0.015103801260330318
0.0025667660000155378,0.0015291455867650172,0.002405514294296883,0.014851985811282659
0.002201950593484724,0.0008327448436851979,0.003270956532958333,0.014740511552804616
0.002155802839918954,0.0008660267197642797,0.003238093023920699,0.014333157638562622
0.002631295560449607,0.0015379824733207812,0.0023799767459081796,0.015078282204035804
0.0025681696288448056,0.0015304507583728019,0.0024041061009260427,0.014827493510786832
0.0022021433664607486,0.0008331516754226245,0.003274836358422262,0.014711917516142184
0.00215593227523115,0.000866463549085881,0.003241370363274928,0.014304902415458284
0.002632373747714108,0.0015394712465099,0.0023780127730596177,0.015052814784419954
0.0025695750525282775,0.0015317630602915287,0.0024027009140536347,0.014803040789937966
0.0022023396373105383,0.0008335587126191556,0.0032787238586781484,0.014683375268554174
0.002156064868556853,0.0008669007620391903,0.003244655212353372,0.014276700254657899
0.0026334537178915565,0.0015409684315446784,0.0023760535991905712,0.015027399051854776
0.002570982201239563,0.0015330824158018789,0.0024012986593552645,0.014778627790124437
0.00220253935964679,0.0008339659178009802,0.003282618904468206,0.014654884961344455
0.0021562005827077627,0.0008673383180333303,0.0032479474124476318,0.014248551330811852
0.0026345354112402766,0.001542473955597912,0.00237409912592803,0.015002035059866465
0.002572391006027231,0.001534408747435784,0.002399899261181892,0.01475425465412276
0.0022027424862706697,0.0008343732540875029,0.003286521370454467,0.014626446741851026
0.0021563393800060216,0.0008677761767891843,0.0032512468073395235,0.014220455815246521
0.002635618770150371,0.0015439877460156617,0.0023721492529879826,0.014976722862678255
0.0025738013999243177,0.0015357419780996913,0.0023985026415219756,0.01472992152399025
0.002202948968853382,0.0008347806851058594,0.003290431133251688,0.014598060755811987
0.0021564812202411305,0.0008682142987830517,0.003254553245395539,0.01419241387730491
0.002636703736466658,0.0015455097303576958,0.0023702038816162947,0.014951462512115671
0.0025752133176934885,0.0015370820314409503,0.0023971087212450127,0.014705628539748754
0.002203170577237227,0.0008351107614183554,0.0032943549236812415,0.014569152145464984
0.002156703675138908,0.0008685471678199138,0.0032576952740573173,0.014163514288560813
0.0026379871583909957,0.0015470494450036325,0.002367895550249427,0.014927129993631053
0.0025764389182891807,0.0015385279608068668,0.0023955050178740556,0.014682466122756107
0.0022030613610595864,0.0008355022653008588,0.003298505940173652,0.014538703083320757
0.0021567810056492133,0.0008688334599549213,0.003260730184651131,0.014133104380519762
0.0026396182336098657,0.001548684535700538,0.0023649537069572587,0.014904030741157407
0.0025776391273735475,0.0015401284775929467,0.0023934998660377787,0.014660389890417593
0.002202456489963951,0.0008359848020123163,0.0033031322090999586,0.014507665240911714
0.0021563923038225474,0.0008691290925638137,0.003264368399990586,0.01410256637240637
0.002641415339066684,0.0015503415414204625,0.0023619845466705653,0.014880717414672756
0.0025791580088099517,0.0015418372889117386,0.0023911034828758087,0.014637773501818437
0.0022017152962300482,0.0008364187130485099,0.0033077604162093785,0.01447806988475169
0.002155477118579125,0.0008694821800798328,0.0032689440045685345,0.014073454305581864
0.002642697564224032,0.0015518403694734697,0.002359808698221163,0.014856239423309279
0.002581051999674474,0.0015434368032338176,0.0023886470424926286,0.014614191117204734
0.0022014242545784074,0.0008365802269168348,0.0033115011864560655,0.014449960934005357
0.0021546010497144933,0.0008697637828938934,0.003273429040099627,0.014045322146801204
0.002643161744273056,0.0015531274932638007,0.002358240725325418,0.01483162176339311
0.0025826100888384773,0.0015447915075911312,0.002386546978894579,0.0145909574053671
0.002201592838516594,0.0008364853174402728,0.003314438836137909,0.014421622147548895
0.0021543859624881087,0.0008697619911329372,0.0032766243663224634,0.014016769199264126
0.0026436403259726977,0.0015542756741899286,0.0023562603626219253,0.014808223731189443
0.0025834464120159414,0.0015459288367583408,0.0023848350497853313,0.014569058190961982
0.002201605797858197,0.0008363856077720676,0.0033177105650088762,0.01439213154938478
0.0021546007045356603,0.0008695349222961429,0.003278862071770209,0.013987480486491668
0.0026448685340096506,0.001555462656043744,0.0023532988450047257,0.01478597865665352
0.002584068836027837,0.00154703128287985,0.002383014230734167,0.014547894167409908
0.0022010512815857945,0.0008364019533017614,0.0033219844126255492,0.014362419713476798
0.0021544597358732947,0.0008692971540638655,0.0032816291214731123,0.013958398519524884
0.0026465731187660228,0.001556729816268029,0.0023499722818342787,0.014763593762544672
0.0025851696248534945,0.0015482637091341882,0.002380641770830021,0.014526252628615071
0.0022001708553393063,0.0008364252909986091,0.0033265695581652915,0.014333861117684098
0.0021535494201000913,0.000869194173041801,0.003285671834840443,0.013930351210928898
0.0026477880199693355,0.001557956891159042,0.0023472969181008033,0.014740245819742735
0.002586788226728268,0.0015495705055599798,0.0023779171386392344,0.014503850718171766
0.0021995548216552636,0.0008362386218814013,0.0033303057789424878,0.014306570819363734
0.0021523581588978016,0.0008691030118509607,0.0032900825172397508,0.013903086969107206
0.002648087851150275,0.0015590166668418676,0.0023454536562144764,0.014716495981939286
0.002588223033793546,0.0015507719395401116,0.0023754331365267813,0.014481550466383256
0.0021994019136731048,0.0008358184925911497,0.0033330115090960963,0.014279438566482413
0.0021516452788974713,0.0008688170673394355,0.0032934817895213598,0.013875750730080235
0.002648097159733329,0.001559920798201525,0.002343639565059773,0.014693458566564534
0.002589000934933066,0.0015517508964030821,0.0023734657544071136,0.014460179016122366
0.002199358138661884,0.000835334685680416,0.003335632544713831,0.014251557502638734
0.0021515525973848856,0.0008683010904114189,0.0032956747279589364,0.013847932451145106
0.0026486493322746348,0.0015608143967038336,0.002341063277388142,0.014671493761581191
0.0025893789011731537,0.0015526070569353441,0.00237164992863751,0.014439602810230595
0.0021989773915273426,0.0008349500397684493,0.0033390450406289005,0.01422319315093191
0.0021515027410726807,0.0008677202115231672,0.0032977795421840223,0.013820033338533091
0.002649845365227404,0.0015617931432783466,0.002337854490095567,0.014649873700443244
0.0025900119997368126,0.0015535308526200887,0.0023694537704596497,0.014418988260959179
0.002198231605028722,0.0008346462741720445,0.003343056082478103,0.014195329759952881
0.0021509056315218342,0.0008672511380452433,0.0033008410143780674,0.013792698177821295
0.0026509786830334944,0.0015628167225969832,0.0023348370027158477,0.014627714827667374
0.002591160415916641,0.0015545949423145951,0.002366805533386266,0.014397803041208936
0.0021975031392179457,0.0008342650248444925,0.0033467182576353543,0.014168492941664437
0.002149833582292261,0.0008668794179535628,0.0033046595490701536,0.013766075207020242
0.0026514284543733596,0.0015637629339152613,0.0023325547271488226,0.014604948941057252
0.0025924338190947615,0.0015556864442764042,0.002364145275279022,0.014376352120155806
0.0021971151570368557,0.0008337114445236334,0.0033494656934081775,0.014142228474520863
0.002148873513091633,0.0008664491448378479,0.003308131102360438,0.01373972117380807
0.0026513349240978932,0.0015645796804809415,0.002330699431067465,0.014582308497607725
0.002593305180573334,0.001556644617114984,0.0023618924671269543,0.01435533839378755
0.002196996760928212,0.0008330498431499176,0.003351702499404806,0.014115699590782968
0.002148442950295629,0.0008658472626902518,0.0033105502237013866,0.013713140930108083
0.0026513783575402954,0.0015653396826913475,0.0023285317123861275,0.014560445435711847
0.0025936943416681314,0.001557450568383473,0.0023599825161525144,0.014335055017011825
0.002196797407566981,0.0008324280638979772,0.0033542659179170062,0.014088624692176926
0.002148348046944871,0.0008651322099596776,0.0033123472502696533,0.013686318426810225
0.0026519871190777158,0.0015661520254408806,0.002325733900908042,0.01453922671198101
0.0025940273746460876,0.0015582361215397498,0.002357988648325799,0.014315102744085869
0.002196299374780068,0.0008319090798450288,0.003357470545737519,0.014061517763334735
0.002148056076526204,0.000864456467685107,0.0033145103796474755,0.013659674869372643
0.0026528933487706945,0.001567044811097781,0.0023227155020728338,0.014517956318881652
0.0025947133942705865,0.0015591340845691392,0.0023556232224145276,0.014294888141619328
0.002195637993796929,0.0008314173808243983,0.003360819072321844,0.014035047445043424
0.002147307315151254,0.0008638951450599825,0.0033174610413399196,0.013633566202839315
0.002653501530036726,0.001567940360057827,0.0023201019628637863,0.014496175723185964
0.002595711627173826,0.0015601323860466045,0.0023530410848818196,0.014274275215246574
0.0021951217247916364,0.0008308371757858878,0.0033636221185923145,0.014009299413512574
0.0021463694381749143,0.0008633773793173765,0.0033206535531115095,0.013607905634811327
0.002653560497229899,0.0015687528526892695,0.0023180383452877746,0.01447413801190591
0.0025966190889041545,0.0015611012528053267,0.0023506287193210277,0.01425368421092662
0.0021948857314292823,0.0008301431024019942,0.0033657622007511882,0.013983738096275154
0.0021457013024462255,0.0008627772472198958,0.0033232559391652644,0.01358229779476373
0.0026534088797177317,0.00156948276049089,0.002316081493400436,0.014452463817047961
0.0025971415653532177,0.001561945012207701,0.002348566433058678,0.01423358153431587
0.0021947622970166394,0.0008294228091510251,0.0033677677375632212,0.01395784042734054
0.0021454384820078862,0.0008620591885849088,0.0033250748022094377,0.013556491886709394
0.0026535528051323657,0.0015702121092278547,0.0023137352329391783,0.014431436274316737
0.00259740231822419,0.0015627040076960374,0.002346657539942831,0.014213969111392683
0.0021944900747152708,0.0008287727509112414,0.0033701856939194873,0.013931653957594978
0.002145279834340215,0.0008613083695406961,0.0033267040265005056,0.01353063401350737
0.002654109415508765,0.0015710101013982295,0.002310989223620308,0.014410726575670867
0.0025977677049189756,0.0015635019503216858,0.0023445772252809623,0.014194423315113591
0.00219400044963968,0.0008281975312471328,0.0033729963344191313,0.013905687905879118
0.0021448507919120453,0.0008606304722818569,0.003328815865499529,0.013505069088954828
0.002654721813806429,0.0015718599442585079,0.0023082828106617535,0.014389804138419948
0.0025984358731483523,0.001564404975295502,0.0023422333543137728,0.014174586528493457
0.00219347301109148,0.0008276146872496826,0.0033756908516954826,0.013880320576196148
0.0021441118495310932,0.000860037982815325,0.0033314364608208764,0.013479949176608377
0.002654987514305709,0.0015726847640853726,0.0023059905227565246,0.014368526396395256
0.0025992408791991194,0.0015653562752498324,0.002339840573200875,0.014154543262005779
0.002193119769786041,0.0008269530338703287,0.0033778641689888632,0.01385540561303035
0.002143368695069481,0.0008594470955504575,0.003333981290152245,0.013455088501154927
0.0026548960137251585,0.00157343555096895,0.0023040292550652237,0.014347253416582027
0.0025998681834302115,0.0015662472799521147,0.002337661057877938,0.014134684884208746
0.0021929562318926195,0.0008262286460207673,0.003379639036307921,0.013830479158641293
0.0021429115703237504,0.0008587779361249166,0.0033359388723657674,0.013430194953150407
0.0026548016020829387,0.0015741430726637948,0.0023019927756530133,0.014326413288799167
0.002600204069206666,0.0015670394960296216,0.0023357218177750736,0.014115259386033285
0.002192803084399581,0.0008255201984330811,0.0033814862512750593,0.013805284992640662
0.002142707090292136,0.0008580400803142708,0.0033374102493548795,0.013405191593463529
0.002655012256989199,0.0015748786683996915,0.0022996169922963,0.014306036360937807
0.002600437367768841,0.0015678004660359163,0.0023338108916316257,0.01409611827494229
0.0021924938642352474,0.0008248806003459112,0.003383692865375575,0.01378002547887994
0.0021424641979778673,0.0008573149694814466,0.0033389441639746264,0.013380275580861644
0.002655467795407873,0.0015756751754989703,0.002297045873383964,0.014285761589521892
0.0026008302273819966,0.0015686225900030629,0.0023317259877401585,0.014076911914962617
0.002192049702851185,0.0008242841519337196,0.003386077762133872,0.013755098636451041
0.002141968426914009,0.0008566628421971575,0.003340913105534622,0.013355678435099888
0.002655842255889641,0.0015764950820392957,0.0022946365209731757,0.014265259959571721
0.0026014336509424273,0.0015695224873003392,0.002329486344408907,0.014057480670998226
0.002191637920149167,0.0008236626456119845,0.003388232004400615,0.01373065449943536
0.002141301288507296,0.0008560619864998115,0.0033431382527431422,0.013331415396762514
0.002655917031051953,0.0015772766460238929,0.0022925588172319636,0.014244581328018818
0.0026020566648940337,0.0015704297287530127,0.002327288596955632,0.014038004754960896
0.002191380793341319,0.0008229821855685535,0.0033899759399018655,0.013706460773972053
0.002140724084238155,0.0008554404317475907,0.003345134932594385,0.013307291042765984
0.0026558018946583137,0.0015780023504524646,0.00229063496288958,0.014224063185304028
0.00260249274552773,0.0015712698713009094,0.0023252806493706544,0.014018778089863607
0.0021912304619195445,0.0008222761869578868,0.0033915276427995715,0.01368218722723145
0.002140382794744698,0.0008547576505770232,0.0033466566561939585,0.013283127601505235
0.002655786460673303,0.0015787141491634118,0.00228856324629522,0.014203942748460225
0.0026027397855458226,0.0015720442410071325,0.0023234116620146667,0.013999884266450316
0.0021910353868300043,0.0008216038216402813,0.003393234710636421,0.013657763787029977
0.0021401648328024485,0.0008540447690274437,0.003347932661572464,0.013258950149256538
0.002656016777833838,0.0015794642292124624,0.0022862485466632414,0.014184115703420971
0.002602981484544453,0.0015728221274118974,0.002321506311257656,0.013981128620227972
0.0021907092366485474,0.0008209856933233949,0.003395197120469167,0.013633426072370341
0.002139843468197218,0.000853364783709681,0.0033493800034690964,0.01323493729907653
0.002656357788136657,0.0015802588835106817,0.0022838798661554516,0.014164281264689002
0.002603375762911241,0.0015736612678122575,0.0023194610179370165,0.013962271526232745
0.0021903143431511248,0.0008203867535300218,0.003397189352175609,0.013609434048334021
0.002139327549010148,0.0008527435438015397,0.003351147988723575,0.01321121537948298
0.002656565262103826,0.0015810559639045283,0.002281700800731171,0.014144279935313961
0.0026038927686739106,0.0015745477786156836,0.0023173435568754007,0.01394328523163263
0.0021899809978318165,0.0008197591248646501,0.0033989322046900808,0.013585795381457924
0.0021387430161017417,0.0008521467822367642,0.003352990707554951,0.013187730354438649
0.0026565541093366302,0.0015818138668384843,0.0022797477128056066,0.014124246717498939
0.002604366523971615,0.0015754175042489718,0.0023153027998002377,0.013924360741110673
0.002189763785795684,0.0008190939196671517,0.0034003922615880723,0.013562283653255009
0.0021382776378829145,0.0008515226446477726,0.0033545669315828666,0.013164323505428907
0.002656471096100068,0.0015825356916084883,0.0022778336226095598,0.014104437719875107
0.0026046833545300373,0.0015762284860853352,0.0023134043361278003,0.013905683691731782
0.0021895918435536205,0.0008184266457619699,0.0034017924298137114,0.013538699974282373
0.0021379772325272966,0.0008508580997890644,0.0033558082087963947,0.013140908556119917
0.0026565168996137683,0.0015832622186034272,0.002275767478427949,0.014084947882747246
0.0026048950292338444,0.001577003356345203,0.002311571216899202,0.013887239668421734
0.002189355031760287,0.0008177957465947749,0.003403353597501971,0.013515077140518772
0.0021377121391859782,0.0008501886941681227,0.0033569628834146294,0.013117553128397607
0.002656731390413895,0.0015840257254683312,0.002273553394161146,0.014065628197812385
0.0026051474138685106,0.0015777995402502213,0.0023096791901050843,0.013868850030746876
0.0021890222033686124,0.000817202535619872,0.003405065983634461,0.01349161917671304
0.0021373307407031505,0.0008495564814186659,0.003358304945774073,0.013094389954573927
0.0026569700503687285,0.0015848169441259213,0.0022713640568278234,0.014046267724175648
0.0026052557200282813,0.001578486136459572,0.0023074568136406664,0.01384897646714404
0.0021886634163043733,0.0008166158856692563,0.0034067292114797745,0.013468458908178434
0.002136819714902215,0.0008489682696599346,0.003359847729116938,0.01307145453848305
0.0026570796488914433,0.0015856021871197249,0.002269334932529091,0.014026831793686847
0.0026054105481774156,0.0015791900626098594,0.0023051955723987906,0.013828994676096024
0.002188369054872064,0.0008160096094201071,0.003408178466048007,0.01344552198202426
0.0021363032921873112,0.0008483924184370551,0.003361363096583128,0.013048665085378868
0.0026570585015991775,0.001586359235296226,0.0022674360923731784,0.014007458808677112
0.0026055051804776386,0.0015798738893942886,0.002303007402452859,0.013809124561368919
0.002188151074828461,0.000815391167638183,0.003409456645168618,0.013422643753099064
0.0021358949545350536,0.0008478000728404803,0.003362650227717992,0.013025927340011543
0.002657038246963776,0.0015871012580086418,0.0022655237190925773,0.01398829401829536
0.0026054917761386322,0.0015805169531573728,0.002300909769644143,0.01378942383929722
0.0021879449759608077,0.0008147890504489506,0.0034107402698636676,0.013399736107060753
0.0021355857981842285,0.0008471944293480768,0.0033637351294135533,0.013003218958069971
0.002657131975565857,0.0015878611118825391,0.0022635000684928263,0.013969345203872264
0.002605437358923539,0.0015811514407520068,0.0022988389449706747,0.0137698699452102
0.002187683004604701,0.0008142243615597149,0.0034121441278992066,0.01337686126006194
0.002135269431275228,0.0008466044532405362,0.0033648151530083115,0.012980601005407844
0.002657326861182913,0.001588654879550613,0.002261407948094621,0.013950485917081288
0.0026054455722002794,0.001581821832184846,0.0022967280646177227,0.013750385361023246
0.0021873632316083322,0.0008136904413088115,0.0034136155981467848,0.013354153620006293
0.002134861406216865,0.0008460532603510807,0.0033660392289659984,0.012958149589868021
0.002657509941079416,0.0015894684750048231,0.0022593696167402645,0.013931597741899166
0.00260554563623925,0.0015825384822827392,0.0022945754863665274,0.013730921507175333
0.0021870438257419124,0.0008131626222689463,0.0034150097851083686,0.013331675292673383
0.0021343832433754276,0.000845534320485068,0.0033673632862144106,0.012935876363991766
0.002657597375917148,0.001590274174972134,0.0022574523606497844,0.013912689964725411
0.0026056723674208,0.0015832699931162143,0.0022924376881749923,0.013711506257037048
0.0021867760110526797,0.0008126254516791382,0.0034162488899383094,0.013309358499559571
0.002133926790507189,0.0008450218919904395,0.003368618069498057,0.01291372131821466
0.0026576147486528268,0.0015910608644958274,0.002255604694952183,0.013893879267546979
0.0026057432268031862,0.0015839793705021694,0.002290363730155181,0.013692209129132896
0.0021865522712151662,0.000812086233776417,0.003417395027545977,0.01328708741880531
0.0021335524929364407,0.000844497928909447,0.0033696964960034477,0.01289162088136426
0.0026576596961867816,0.0015918431699787723,0.0022537215942263207,0.013875258846942453
0.0026057428516879466,0.001584662563004977,0.0022883454747527903,0.013673066018321661
0.0021863186616335813,0.0008115651106459526,0.003418573191103619,0.013264823234165085
0.0021332293844082864,0.0008439695163836202,0.0033706580013578534,0.01286957532765647
0.0026577938273145956,0.0015926432792232614,0.00225175762782896,0.013856804097841771
0.0026057327046094775,0.0015853480804667278,0.0022863321495755224,0.013654044310815603
0.0021860348957786226,0.0008110717539144403,0.0034198376804685108,0.013242637296743487
0.002132876337659472,0.0008434578731159309,0.003371650819926906,0.012847642690835423
0.0026579827109815403,0.001593466881829562,0.002249765909633117,0.013838411161890279
0.002605778458228252,0.0015860640511140048,0.0022842857574423645,0.013635084860181765
0.002185713401578374,0.0008105960954838952,0.0034211250556287574,0.013220625761107597
0.00213245016448075,0.0008429742854991244,0.003372751342837034,0.012825872436396052
0.002658142194522327,0.001594298118503155,0.002247831564921558,0.013820013320798175
0.0026058829359222476,0.0015868083940453605,0.0022822172329368426,0.01361616660931747
0.002185400386194589,0.0008101200156935555,0.003422332829599791,0.013198807622637957
0.002131984993920248,0.0008425090334673157,0.0033738944578380345,0.012804255079272731
0.0026582292893738897,0.0015951179019091802,0.0022459796743350777,0.01380164688004539
0.0026059894721739943,0.0015875538385324711,0.002280168422203941,0.013597325204081486
0.0021851241716471085,0.0008096361490834763,0.0034234295479560117,0.013177113904237245
0.0021315481504707028,0.0008420428557789042,0.003374956665471278,0.012782738869472971
0.0026582819169402353,0.0015959233900222957,0.002244155789875304,0.013783401997772903
0.0026060464622780226,0.0015882782107483806,0.0022781650737934795,0.013578609751474601
0.0021848674171507276,0.0008091537695229952,0.003424479862501253,0.013155469145353885
0.0021311664622432856,0.000841567421870418,0.003375889920329814,0.012761288544625032
0.0026583701491741615,0.0015967290702903353,0.0022422902169225286,0.013765323638155445
0.002606059470648942,0.0015889863035689256,0.0022761917760108436,0.013560030314779505
0.0021845896344927745,0.0008086867195865309,0.0034255680406919003,0.013133869777425611
0.0021308030320903544,0.0008410919454570222,0.0033767627798077723,0.01273991964654364
0.0026585207045763354,0.0015975497349058098,0.002240370239629068,0.01374737063722783
0.0026060784598238365,0.0015897018380156326,0.0022742115748842925,0.013541552133190434
0.0021842706331578407,0.0008082384263741068,0.003426710158502244,0.013112379067837427
0.0021304017942403394,0.0008406313686694898,0.0033776775554123827,0.012718676195779812
0.0026586946215480093,0.0015983849548547183,0.0022384454418993647,0.01372946817867216
0.0026061418502940185,0.0015904406810555427,0.0022722051198116686,0.01352313654051963
0.0021839285889476596,0.0008077991197585564,0.0034278460356525083,0.013091054214602608
0.002129946702336035,0.0008401899907373329,0.003378662607740241,0.01269758184743056
0.00265883447565044,0.0015992209032806182,0.002236568880725343,0.013711588530017072
0.0026062384881349395,0.0015911953095450236,0.0022701871821032707,0.013504781285510626
0.002183596809434985,0.000807357009223416,0.003428909818650498,0.013069888608020993
0.002129473038797925,0.0008397579854919915,0.00337965271085718,0.01267661811114006
0.0026589249310196156,0.0016000456565838674,0.0022347421970005054,0.013693773431675747
0.0026063249955378533,0.001591944830750615,0.0022681868623404874,0.01348651823819787
0.002183287919915721,0.0008069101328935334,0.0034298978206273815,0.013048826298690063
0.0021290250273477314,0.0008393228025571851,0.0033805668409816903,0.012655748314046497
0.0026590027394007326,0.0016008610505824088,0.002232919842128833,0.013676082886992591
0.002606373348270536,0.0015926776591027605,0.002266215903050536,0.013468376456720327
0.0021829832970700043,0.0008064668300256669,0.003430864962955197,0.013027824631561444
0.0021286096126391556,0.0008388818975981188,0.0033813924483141605,0.012634956842394934
0.0026591129659470666,0.0016016791196525266,0.0022310606663141367,0.013658531583201353
0.0026063970901587623,0.0015934020913957524,0.0022642585756745674,0.013450352541864007
0.002182655399027292,0.0008060358178890193,0.0034318622947617536,0.01300689539597405
0.0021281937037709794,0.000838443863841281,0.003382190042984482,0.012614261873096435
0.002659262165823464,0.0016025085899200944,0.0022291684646328857,0.01364107941706246
0.0026064323916689647,0.0015941354012827757,0.00226229045335575,0.013432417752001801
0.0021822965626046224,0.000805617078851145,0.0034328861053046066,0.012986085587782822
0.0021277424783576553,0.0008380180940392905,0.0033830233372177543,0.0125936921545186
0.0026594165046683106,0.0016033462096610716,0.002227281934573358,0.013623678805692218
0.0026064986455248923,0.0015948851165197226,0.0022603034690836347,0.013414550126704523
0.0021819242225048084,0.0008052027711483215,0.0034338886318159532,0.012965425068757178
0.0021272546506570424,0.0008376050035772279,0.003383894875375391,0.012573256153453765
0.0026595408344388034,0.0016041812254185964,0.002225430808020861,0.013606323524228706
0.002606581095603433,0.0015956423554913156,0.002258311402593665,0.01339675563352688
0.0021815602482637875,0.0008047858679190921,0.003434831753805343,0.012944898260627929
0.0021267594685890445,0.0008371965402040515,0.0033847513024512915,0.01255293572438888
0.0026596340095728674,0.001605007004053085,0.0022236067825162882,0.013589049461526757
0.0026066498140573037,0.0015963926439528883,0.002256332885242353,0.013379058315073125
0.00218120830307037,0.0008043669344508119,0.003435724176162664,0.01292446522920621
0.0021262832806435705,0.0008367851756771159,0.0033855441231899278,0.0125327074279561
0.0026597255399481187,0.0016058271535761123,0.0022217765504562387,0.013571892648874675
0.002606691486517097,0.001597131078465863,0.00225437190741656,0.013361473231466503
0.002180852291522327,0.0008039524377288492,0.003436606865254339,0.012904104488251905
0.002125823269133893,0.0008363712513142834,0.0033862778151219925,0.012512566332693181
0.002659841878957929,0.0016066506143316498,0.0022199181877787457,0.013554852591598752
0.002606720420253774,0.001597866010432602,0.002252415506290118,0.013343991929581387
0.0021804748549442894,0.0008035473709324609,0.0034375080169505453,0.012883831633627963
0.0021253539255816074,0.0008359614655651772,0.0033869986644084384,0.012492528002037791
0.002659980291472946,0.0016074819122562224,0.0022180412813590277,0.013537897154762182
0.0026067605771368883,0.0015986089045160062,0.0022504485900112768,0.013326593559710932
0.002180074838180808,0.0008031503252182788,0.0034384166283250132,0.012863678334955633
0.0021248554730349,0.0008355612129686472,0.0033877432285666234,0.012472609631502521
0.002660115351681985,0.0016083170049383737,0.0022161728387262757,0.013520998652581292
0.0026068203962824783,0.0015993623016344416,0.0022484688617551724,0.01330926710558562
0.0021796663713457617,0.0008027555848854387,0.00343929865912027,0.012843658037116758
0.002124332869393105,0.0008351692237235413,0.0033885032316820322,0.0124528121007636
0.002660227235839332,0.0016091482417479176,0.002214327744610073,0.01350416069082865
0.0026068863788650544,0.001600118262720653,0.0022464870708741795,0.013292020830707152
0.0021792627683259323,0.0008023592643879576,0.003440134048029687,0.012823754486548909
0.0021238075375852546,0.0008347795873862994,0.003389239780486188,0.012433120823768943
0.0026603206270817592,0.0016099723697709043,0.002212495385025148,0.013487410012981857
0.00260693934344892,0.0016008675253202111,0.002244514395810301,0.013274871020650943
0.002178863290893671,0.000801962814556685,0.0034409349051350963,0.012803941454717947
0.0021232937243024844,0.0008343881446318251,0.0033899261753123407,0.012413521949266955
0.002660416654211475,0.0016107931794537378,0.0022106535174923453,0.013470766256545263
0.0026069740961133293,0.0016016088452236524,0.002242551183115958,0.01325782412010644
0.0021784556133211306,0.0008015707696930443,0.0034417292881927914,0.012784209705397846
0.002122785178646837,0.0008339962831687553,0.0033905728759812334,0.012394015578270988
0.0026605296198278436,0.001611616766641014,0.002208791777025402,0.013454222902767602
0.00260700260447351,0.0016023491171629127,0.002240587927323665,0.013240871114543192
0.002178029513886929,0.0008011857390071014,0.00344253132669847,0.012764573342821914
0.002122264059387009,0.0008336087088316542,0.0033912122194103087,0.012374613217577022
0.0026606537076188873,0.0016124450672567166,0.002206920095772104,0.013437756967649867
0.002607039781408277,0.0016030953455368176,0.0022386157817543195,0.013223998195644775
0.002177586705740858,0.0008008059811903215,0.003443329197426484,0.012745052087958744
0.0021217201876386517,0.0008332282204568144,0.0033918635301760022,0.012355324232437067
0.002660771481808453,0.0016132743376821913,0.0022050558318518444,0.013421353780463715
0.002607088331694287,0.0016038475469598284,0.002236634936972096,0.013207200807517375
0.002177137529583038,0.0008004276199068182,0.003444100430759321,0.01272565046686601
0.002121160053164026,0.0008328531008956353,0.003392515886290473,0.012336146360389811
0.002660872679881283,0.0016140994930353095,0.002203205409094959,0.013405020038520366
0.0026071377411943965,0.0016045995447821959,0.002234652976804901,0.01319048652157106
0.0021766895330897168,0.0008000486664693648,0.00344483562890091,0.012706354988861732
0.0021205980386966475,0.0008324793433983895,0.0033931431446377258,0.012317069131596126
0.002660963265400563,0.0016149192428411415,0.0022013594168731644,0.013388773778404922
0.002607176399834312,0.0016053458261984207,0.0022326762716429424,0.013173865391366535
0.0021762403332087864,0.0007996706322501185,0.003445545993669626,0.01268714954326253
0.0021200410387534323,0.0008321048379969707,0.0033937318878871523,0.012298084932117922
0.0026610571996902883,0.0016157368060221958,0.002199504045001879,0.013372624499524222
0.002607203094806688,0.0016060868264735628,0.002230703820437327,0.01315733915164291
0.0021757812574394694,0.0007992964705407163,0.003446249507547656,0.012668031174169916
0.0021194826460880227,0.0008317310993221428,0.0033942929129595996,0.012279195627625562
0.002661161528490064,0.0016165560591567332,0.002197635175600558,0.013356564587671363
0.0026072266738129102,0.0016068276058303918,0.002228729169560231,0.013140900215507692
0.0021753067045158572,0.0007989273913289427,0.0034469523967363873,0.012649010604986678
0.0021189113078424657,0.0008313611762223107,0.003394847283176906,0.012260408845089232
0.0026612704377559407,0.0016173775275311467,0.0021957608685331284,0.013340578911907236
0.0026072559191151327,0.001607572125710898,0.002226747345442524,0.013124540092055725
0.0021748192036531787,0.0007985618402769618,0.003447644778432294,0.0126300992259262
0.00211832239872587,0.0008309963527027408,0.003395404296506174,0.012241729123232828
0.002661372793565872,0.0016181982162768351,0.0021938915339908124,0.013324660460218522
0.002607290955773637,0.001608319397595685,0.002224759326258745,0.013108257513873322
0.002174325777830686,0.0007981973352705204,0.0034483127262337687,0.012611297344224151
0.00211772173853211,0.0008306350609561705,0.003395954159947813,0.0122231534307287
0.002661463780536039,0.0016190149442442902,0.002192029292347947,0.013308815673669431
0.002607324359365934,0.0016090650535169884,0.002222770093545185,0.013092058236460077
0.002173830395977575,0.0007978329513332143,0.0034489525458050703,0.012592595053345368
0.00211711832655877,0.0008302747553091516,0.0033964804091759955,0.012204674808377705
0.002661548629197319,0.0016198274225804892,0.002190167066055369,0.013293055735820097
0.0026073494543794487,0.0016098060296605087,0.0022207831218801983,0.013075947905638588
0.0021733304815558956,0.0007974699255614967,0.003449572964667291,0.012573982976870868
0.0021165150185547973,0.0008299144720136609,0.0033969770233937043,0.012186289315860568
0.0026616359790715273,0.0016206380737756392,0.002188296795986903,0.013277384493389902
0.00260736665256189,0.00161054330867593,0.002218797166969451,0.01305992607025205
0.0021728203297498873,0.0007971100659721971,0.003450184879312642,0.012555460871939586
0.0021159066058948307,0.0008295554645606489,0.0033974528216071742,0.012167998953927967
0.0026617289302382587,0.0016214492090751691,0.0021864173466908943,0.013261795397955703
0.002607381968192034,0.0016112802969825981,0.002216808090961497,0.013043987095311012
0.0021722971014218394,0.0007967538395857106,0.003450790513358024,0.012537036006279015
0.0021152860782696252,0.0008291995795175265,0.0033979207524818715,0.01214980831914419
0.0026618228546484855,0.0016222607017203823,0.002184534443184932,0.013246279106931987
0.002607400331041521,0.0016120190595308934,0.002214813187265591,0.0130281260549511
0.002171763157933703,0.0007964000505948082,0.0034513826357073047,0.012518714465724307
0.002114651709259036,0.0008288472997121062,0.0033983847825302393,0.0121317192445869
0.0026619110531102583,0.0016230703722443663,0.002182653957852677,0.013230832658008573
0.0026074209684930683,0.0016127584163200565,0.002212813463312833,0.01301234304864834
0.0021712229858075107,0.0007960471840685588,0.003451953076620616,0.012500494961683267
0.0021140079125077063,0.0008284974150116232,0.0033988374941544873,0.012113728982979183
0.0026619915397136473,0.0016238763312640238,0.0021807761273270393,0.013215460990286967
0.002607439004532955,0.0016134954921683084,0.002210812015925831,0.012996641926617068
0.002170678503389671,0.0007956948580618525,0.0034525008529265513,0.012482370773610774
0.0021133599859024777,0.0008281483915061825,0.003399269081863152,0.012095833143132588
0.0026620681989385597,0.0016246787107235187,0.002178896158849017,0.013200170515826348
0.002607450767623654,0.0016142286933791493,0.0022088106735615384,0.012981025527180579
0.0021701275599498083,0.0007953439592233309,0.0034530320862754616,0.012464336655089968
0.002112708808641053,0.0008277998452836162,0.003399677265879514,0.01207802975712834
0.002662146087988822,0.001625479178024619,0.002177009603241505,0.013184962266268831
0.002607457112412781,0.0016149589916869967,0.002206808388096808,0.012965492637076859
0.0021695666118241633,0.0007949955321572087,0.003453553069038156,0.01244639321390998
0.0021120506587464093,0.0008274526728439323,0.0034000683891648818,0.012060320337815015
0.002662226361173775,0.001626279025249387,0.0021751165205420413,0.013169831362621509
0.0026074618706796887,0.0016156885196355161,0.0022048026258778193,0.012950039389191767
0.0021689943481644877,0.0007946496896759966,0.0034540642524619487,0.012428544929935708
0.0021113815232856694,0.0008271079229220996,0.0034004500275357404,0.012042707389492696
0.0026623057746033036,0.0016270779014490645,0.0021732206172764995,0.013154772312576186
0.0026074676945055616,0.001616418253782748,0.0022027919473214127,0.012934663036328642
0.00216841260596144,0.0007943055928184948,0.003454560810691288,0.012410794758899482
0.0021107010074771127,0.0008267657018794344,0.003400823588251308,0.01202519136958951
0.0026623805009658736,0.0016278743272363674,0.0021713250241202115,0.013139784047514456
0.002607473696357816,0.001617147177190704,0.0022007771306915714,0.01291936403830356
0.002167824103441667,0.0007939623512848564,0.0034550381874789648,0.012393141089900276
0.002110012121221348,0.0008264251650843162,0.0034011840237938387,0.0120077701352649
0.0026624498774135193,0.0016286672282042956,0.002169429340196434,0.013124869854717332
0.00260747685523008,0.001617873503498684,0.0021987600151202355,0.012904144693696617
0.0021672296750381748,0.0007936198313073824,0.0034554964892665654,0.012375579600455293
0.002109317815515503,0.0008260854271054353,0.003401525783524261,0.011990440994424204
0.00266251649995978,0.001629456848078031,0.0021675305669256817,0.013110033109957736
0.00260747523046604,0.0016185964532791555,0.0021967415369887897,0.012889006204186778
0.002166627755082045,0.0007932786091742339,0.0034559396951695078,0.012358107408100814
0.002108618142972984,0.0008257463636482491,0.0034018482728748033,0.01197320294113344
0.0026625831859768434,0.0016302442512112823,0.0021656263694359206,0.013095273635042912
0.002607469618411015,0.0016193167777254908,0.002194720949209301,0.012873947281970952
0.002166016253425309,0.0007929392532823469,0.003456371291794394,0.012340725144129015
0.0021079106764344247,0.0008254085515025623,0.003402155672100289,0.011956056888966903
0.0026626502408098533,0.0016310301104310802,0.0021637171415847603,0.01308058809268201
0.0026074623321083105,0.0016200357248590828,0.0021926967593217345,0.012858965400431927
0.002165394637283532,0.0007926017321902713,0.003456791101787102,0.0123234353133829
0.0021071932408014524,0.0008250725475350369,0.003402452227688329,0.011939004021875055
0.002662715586772359,0.0016318140600688643,0.0021618051107259164,0.013065973354948407
0.002607454746607643,0.001620753696658058,0.0021906682106224602,0.012844059038344752
0.002164764185654263,0.0007922654940712777,0.0034571961357386803,0.01230623914688678
0.0021064659448761904,0.0008247383090325826,0.0034027382730844064,0.011922044174068523
0.002662777138056009,0.001632595149309906,0.0021598918581331337,0.013051429095237956
0.00260744614912925,0.0016214699395891627,0.002188635821656112,0.01282922857876927
0.00216412646847769,0.0007919300299961747,0.003457583975814184,0.012289135216614466
0.002105730682837447,0.0008244052863664248,0.00340301064737087,0.011905175788323289
0.002662834770300693,0.0016333727865470752,0.0021579768979524748,0.013036957246773655
0.002607434761634806,0.0016221833948445966,0.002186600641193483,0.012814475220056201
0.00216348179827312,0.0007915953026388787,0.0034579550383334336,0.012272120826607601
0.002104989016013049,0.0008240729843298335,0.0034032663594417718,0.011888397213699076
0.002662890084679607,0.0016341471898778344,0.0021560584745838524,0.013022559393034167
0.0026074195940719515,0.001622893699357084,0.002184563140083545,0.01279979928852866
0.0021628291396754225,0.0007912616550496221,0.003458311758054359,0.012255194365616602
0.0021042407404386035,0.0008237413754057197,0.0034035054554474213,0.011871707862439356
0.0026629445817165404,0.0016349189913011778,0.002154135418788513,0.013008234953617512
0.002607401233373796,0.0016236013538878053,0.0021825228390745252,0.012785199681929111
0.002162167319626486,0.0007909293751788597,0.003458656003056672,0.012238356212460253
0.0021034843877264725,0.0008234107970746296,0.0034037305099721554,0.011855108146683311
0.0026629982587537456,0.0016356885110526745,0.0021522081102586326,0.012993981759254956
0.002607381010624366,0.001624307039637384,0.002180478888970656,0.01277067478301013
0.0021614961648723455,0.0007905983888209644,0.003458987479254978,0.012221607594651343
0.0021027188407799725,0.000823081521718337,0.0034039438187749224,0.011838598477213401
0.0026630498799068863,0.0016364554495563943,0.002150277802276545,0.01297979803835941
0.002607359617532753,0.0016250108821462034,0.0021784308926354173,0.012756223707847455
0.0021608164961986185,0.0007902683494933004,0.0034593044577348525,0.012204948853760934
0.0021019443282910446,0.0008227534658459968,0.003404145355741125,0.011822178449510619
0.002663098358094982,0.0016372192213781518,0.002148345252530818,0.012965683665628622
0.0026073365706610545,0.0016257123727141348,0.0021763791614042216,0.012741846632173629
0.0021601291817883663,0.000789938970255418,0.0034596057225927705,0.012188378867740284
0.002101161965174016,0.0008224262892065033,0.003404333283517986,0.011805846955937593
0.0026631437422341615,0.0016379795053266665,0.0021464100811175993,0.01295163961947507
0.002607310873119712,0.0016264109062233043,0.0021743242709115263,0.01272754404808769
0.002159434311662814,0.0007896102410801895,0.003459891683281204,0.012171895961686791
0.0021003725391804335,0.0008220997191541169,0.00340450607231432,0.011789602944213558
0.00266318695520475,0.0016387364510608911,0.0021444713202468206,0.012937666495055539
0.0026072820360777175,0.0016271063151235524,0.002172266455950457,0.012713315855127855
0.0021587312540000173,0.000789282347385788,0.0034601637577816617,0.01215549916972379
0.0020995758310128443,0.0008217737524379885,0.0034046639396293037,0.011773445981503473
0.0026632287638513868,0.0016394904051546912,0.002142528409342098,0.012923763659871315
0.002607250438915491,0.0016277988942738964,0.0021702054332476614,0.01269916118377067
0.0021580193834457324,0.0007889554206198349,0.003460422924843876,0.012139188593655974
0.0020987710114792526,0.0008214485667456075,0.003404808386112606,0.011757376127762283
0.002663269091952443,0.001640241499583913,0.0021405816161866346,0.012909929730423677
0.002607216814750469,0.0016284889858081003,0.0021681407356783943,0.012685078984490433
0.0021572986729471214,0.0007886293860535477,0.0034606689571572945,0.012122964693764147
0.0020979575387821206,0.0008211242796745905,0.0034049406196375127,0.011741393371099234
0.0026633072524859334,0.0016409895159715875,0.0021386316035180417,0.012896163667280549
0.002607181504546405,0.0016291765969633641,0.0021660721539369897,0.01267106867913374
0.002156569615850428,0.0007883040325331284,0.0034609009247733406,0.012106827383046814
0.002097135615810777,0.0008208008105860925,0.0034050605518318702,0.011725497242768827
0.00266334270379311,0.0016417341047545,0.002136678716069704,0.012882465335733362
0.0026071442170746742,0.0016298614049942194,0.0021639998593598097,0.012657130244005613
0.002155832674375116,0.0007879791973363012,0.0034611182568338606,0.012090775811458425
0.002096305861634267,0.0008204779553127267,0.0034051671939896843,0.011709686938734474
0.0026633755222979726,0.0016424750889448647,0.0021347227086723464,0.012868835107743564
0.0026071044208231284,0.0016305430717151264,0.002161924156244865,0.012643263753937078
0.002155087860452915,0.0007876548715143115,0.0034613212644489257,0.012074808905998975
0.00209546865786121,0.0008201555625493677,0.003405259812454313,0.011693961732907248
0.002663406208548304,0.00164321255132265,0.0021327630782727036,0.0128552730684275
0.0026070618826346064,0.0016312215132580571,0.0021598451619707568,0.012629468922887143
0.00215433481743545,0.0007873311425778115,0.0034615107427763735,0.012058926012145017
0.002094623846136734,0.0008198336270778629,0.003405338620446643,0.011678321235799746
0.002663435140280827,0.0016439466629794436,0.0021307995671114,0.01284177865109257
0.0026070168263242106,0.0016318968807325597,0.002157762721201364,0.012615745076155127
0.0021535732312466436,0.0007870080593215725,0.003461687202911292,0.012043127018698157
0.0020937709903112597,0.0008195122291709246,0.0034054044559104794,0.011662765287763232
0.002663462250852919,0.001644677462041244,0.002128832335182015,0.01282835095680652
0.002606969639800352,0.0016325693261125848,0.0021556765863859698,0.01260209149560557
0.002152803123423781,0.0007866855597167407,0.003461850519269066,0.012027411954956654
0.0020929098453557108,0.000819191407378154,0.0034054579466619274,0.011647293661523768
0.0026634871838461353,0.0016454047990572959,0.0021268617121745184,0.01281498932032798
0.0026069204904505838,0.0016332388144481465,0.0021535866472815156,0.012588507738450865
0.0021520247753496024,0.0007863635163627355,0.003462000235501226,0.012011780542596237
0.002092040553888093,0.0008188710964977155,0.0034054990386555547,0.01163190589119299
0.0026635096827592936,0.0016461284683192351,0.002124887847508695,0.012801693542653847
0.002606869220935131,0.001633905148298328,0.0021514929911358384,0.01257499363486012
0.0021512384263929485,0.0007860418339548677,0.003462136112685395,0.011996232126926893
0.002091163443065414,0.0008185511750387303,0.0034055272485406913,0.0116166013606371
0.002663529807363306,0.001646848366846066,0.002122910602754333,0.01278846364263447
0.0026068155640452204,0.001634568138865487,0.002149395773122356,0.012561549031836972
0.00215044407162302,0.0007857204980307002,0.003462258364597579,0.01198076597134174
0.002090278693312985,0.000818231555558167,0.0034055422580602053,0.011601379513993548
0.002663547814677241,0.0016475645276339496,0.002120929732375207,0.012775299460079765
0.0026067594140555383,0.001635227734859215,0.0021472950529794602,0.012548173575787257
0.0021496415269968067,0.0007853995399101509,0.0034623674284222166,0.011965381565964175
0.0020893862130190893,0.0008179122252740448,0.003405544232242914,0.01158623996669511
0.0026635638856926844,0.001648277021047322,0.0021189451232734345,0.012762200510958393
0.0026067008947580354,0.0016358839982264029,0.002145190752394835,0.012534866729324981
0.002148830647448542,0.0007850789674122923,0.003462463579043361,0.011950078662962754
0.0020884857915969045,0.00081759320994403,0.0034055336277143836,0.01157118243558784
0.002663577981397039,0.0016489858421599808,0.002116956860602725,0.012749166174990575
0.00260664020480199,0.0016365369812050795,0.002143082746409319,0.012521627957426803
0.0021480114646156862,0.0007847587322544859,0.0034625467738130843,0.011934857065443004
0.0020875773298184184,0.0008172745106758501,0.0034055107758499486,0.011556206592357699
0.0026635899313671527,0.00164969089119405,0.0021149650989799617,0.012736195969435765
0.002606577428448616,0.0016371866392403806,0.0021409709784046423,0.012508456873221269
0.002147184133589601,0.0007844387563530344,0.0034626168203908776,0.011919716417924508
0.0020866609180105722,0.0008169560777273698,0.0034054756706735864,0.01154131199274121
0.0026635996224825807,0.0016503920460832838,0.0021129699010921967,0.012723289636804214
0.002606512491302471,0.001637832852422323,0.0021388554903456914,0.012495353216114568
0.002146348777807413,0.0007841189803419403,0.0034626736441825774,0.011904656190089766
0.002085736723467921,0.0008166378372521221,0.003405428110223852,0.011526498129801326
0.0026636070934470835,0.0016510892411523025,0.0021109711981270127,0.012710447006884886
0.0026064452696287505,0.0016384755121981807,0.002136736359280651,0.012482316719074878
0.0021455053965657076,0.0007837993850617165,0.0034627173896977954,0.011889675825149795
0.002084804832919028,0.0008163197347526845,0.0034053679843003646,0.01151176453417264
0.002663612470779136,0.001651782478143382,0.002108968879323471,0.012697667811162014
0.002606375720543981,0.0016391145792945699,0.0021346136171625355,0.012469347012757861
0.002144653906710488,0.0007834799722846168,0.003462748300512541,0.01187477487987076
0.002083865204813459,0.0008160017516749575,0.003405295414207865,0.011497110818272064
0.00266361584066719,0.0016524717738245903,0.0021069628987528456,0.012684951631339408
0.0026063039107097033,0.0016397500660780247,0.0021324872292290483,0.01245644364721325
0.002143794251121239,0.0007831607312398809,0.003462766536673838,0.011859953030520898
0.0020829177501242267,0.0008156838860706611,0.003405210651314501,0.011482536636896785
0.0026636171875920205,0.0016531571058755379,0.0021049532985656524,0.012672297998326823
0.002606229940522234,0.001640381976509275,0.002130357137254818,0.01244360618461168
0.002142926459844156,0.0007828416246079607,0.003462772109314045,0.011845209970612256
0.0020819624381966024,0.0008153661232010258,0.003405113881721383,0.011468041619878027
0.002663616439319639,0.0016538384069965195,0.002102940148092819,0.012659706515730715
0.0026061538557564877,0.001641010268268676,0.0021282233147049967,0.012430834261023874
0.002142050618493244,0.0007825226023049798,0.0034627649646095564,0.01183054531882101
0.0020809993250729317,0.0008150484251895587,0.003405005135380155,0.01145362534504446
0.0026636135523775747,0.001654515601982963,0.002100923474438316,0.012647176888895172
0.00260607562894929,0.00164163486649896,0.0021260857821242957,0.012418127567342228
0.0021411667936830623,0.000782203624176539,0.0034627451064235056,0.011815958618126201
0.0020800284967635338,0.000814730744657789,0.0034048843570504894,0.011439287366511963
0.0026636085512773476,0.0016551886443357162,0.0020989032490603948,0.012634708855577386
0.00260599521096064,0.0016422557045737084,0.0021239445781366948,0.012405485785772153
0.002140274993237916,0.0007818846689574673,0.003462712637961527,0.01180144940485225
0.002079049999445141,0.0008144130442233836,0.003404751536580478,0.011425027259039263
0.0026636014977817995,0.0016558575191389098,0.002096879428133124,0.01262230210534743
0.002605912589993832,0.0016428727483848412,0.002121799721924876,0.012392908550906157
0.0021393751893681195,0.0007815657246473286,0.003462667704446976,0.011787017268061178
0.002078063823126135,0.0008140953028009709,0.0034046067671820567,0.011410844634118393
0.0026635924349441495,0.0016565222173451164,0.002094851996665873,0.012609956264045818
0.0026058278036106158,0.0016434859860536895,0.0021196512022730856,0.012380395465241755
0.002138467368995925,0.0007812467733378534,0.0034626104121955664,0.01177266184823117
0.002077069940531855,0.0008137775061875263,0.0034044501970882596,0.011396739120163714
0.0026635813623342133,0.0016571827114357529,0.0020928209759916326,0.01259767094120894
0.002605740904384052,0.0016440954008180605,0.0021174989965246672,0.012367946141740856
0.002137551559152051,0.0007809277855798298,0.003462540802432609,0.011758382791576037
0.002076068352196919,0.0008134596343727491,0.0034042819443479023,0.011382710333847095
0.002663568256511451,0.001657838954188133,0.0020907863976654794,0.01258544578148629
0.002605651921086642,0.0016447009557664601,0.0021153430956766975,0.012355560227736003
0.0021366278104037266,0.0007806087269360675,0.003462458889568613,0.011744179712479685
0.002075059095447713,0.0008131416577692313,0.0034041020600336157,0.011368757870832408
0.0026635531068893545,0.0016584908961333339,0.002088748275990816,0.012573280472339349
0.002605560850941132,0.0016453026012406315,0.002113183512087174,0.012343237392923154
0.002135696163523652,0.0007802895678832925,0.0034623647135918773,0.01173005219547389
0.0020740422183875406,0.0008128235435402008,0.0034039105603646492,0.01135488131920523
0.002663535930993902,0.0016591385014299758,0.0020867066039196437,0.012561174712431239
0.002605467681983107,0.001645900292476352,0.0021110202672528326,0.012330977301477239
0.0021347566336361854,0.0007799702873032156,0.003462258356251778,0.011715999824691839
0.002073017751368417,0.0008125052636585762,0.003403707481302817,0.011341080277580372
0.0026635167612965595,0.0016597817482074996,0.0020846613694356798,0.012549128179522034
0.0026053724180926598,0.0016464939989475206,0.0021088533752595365,0.01231877959777498
0.0021338092216531897,0.0007796508680857235,0.0034621399161488603,0.011702022207162798
0.002071985702289261,0.0008121867970795189,0.0034034929013328015,0.011327354360236986
0.0026634956227208676,0.0016604206169623713,0.0020826125721624053,0.012537140527105977
0.002605275083965255,0.0016470836991805751,0.0021066828373922544,0.01230664391523113
0.0021328539359114274,0.000779331290782169,0.0034620094755710056,0.011688118970788426
0.002070946073591869,0.0008118681255885878,0.003403266920707216,0.011313703188154143
0.002663472523303633,0.0016610550804367396,0.0020805602254710103,0.012525211405033413
0.002605175710815817,0.0016476693695672683,0.0021045086497533455,0.01229456989416523
0.0021318908018473103,0.0007790115314787794,0.0034618670906420446,0.011674289745779413
0.002069898879814101,0.0008115492287633559,0.0034030296273017454,0.01130012637786897
0.00266344746255975,0.0016616851036538223,0.002078504346472962,0.012513340478902743
0.002605074320589162,0.0016482509787826348,0.00210233081393239,0.012282557189970792
0.0021309198541749606,0.0007786915646614694,0.003461712807179577,0.011660534150614773
0.0020688441498170826,0.0008112300827751134,0.0034027810828000564,0.011286623538753832
0.0026634204451258547,0.0016623106514570382,0.0020764449462512746,0.01250152743117609
0.002604970922815119,0.0016488284912806537,0.0021001493406785504,0.012270605466812202
0.00212994112324,0.0007783713671646112,0.0034615466811723874,0.011646851793676062
0.0020677819159777237,0.0008109106630172986,0.003402521335758817,0.011273194278762904
0.002663391486271798,0.0016629316948045118,0.0020743820287850785,0.012489771948111503
0.0026048655234023974,0.0016494018742193785,0.0020979642452060377,0.012258714386502468
0.0021289546292362176,0.0007780509194231964,0.0034613687846400667,0.011633242284621337
0.002066712203653243,0.0008105909471464235,0.0034022504424324903,0.011259838211128952
0.002663360606859033,0.0016635482105442038,0.0020723155968426833,0.012478073708312387
0.002604758134443419,0.0016499711006419022,0.0020957755404388727,0.012246883603962127
0.0021279603873605064,0.0007777302036340364,0.0034611791958538488,0.011619705242616995
0.0020656350302703324,0.0008102709157138594,0.003401968474905888,0.011246554955671144
0.002663327825178516,0.0016641601766527528,0.002070245657473665,0.012466432382750912
0.00260464877612337,0.0016505361471791328,0.0020935832345100425,0.012235112771566962
0.002126958416235988,0.000777409201340423,0.0034609779870084815,0.011606240295036926
0.002064550412013557,0.0008099505505019978,0.0034016755131394353,0.011233344135142504
0.0026632931538426077,0.001664767568410091,0.0020681722224640273,0.012454847642777347
0.002604537471397696,0.0016510969898933415,0.002091387333526734,0.012223401545880242
0.002125948741202696,0.0007770878927238278,0.0034607652208740363,0.01159284707066963
0.0020634583698910095,0.000809629832752972,0.003401371632641959,0.011220205371357839
0.002663256602712138,0.0016653703586542992,0.0020660953049907674,0.012443319166598063
0.002604424240128154,0.0016516536025185766,0.0020891878457223985,0.012211749589953726
0.0021249313909966505,0.0007767662577207595,0.0034605409566562124,0.011579525195083824
0.002062358929981224,0.0008093087428458058,0.0034010568998492346,0.011207138284597034
0.002663218183529574,0.0016659685207087715,0.0020640149166316494,0.012431846638820796
0.002604309097877825,0.0016522059579365085,0.002086984783054502,0.01220015657043872
0.002123906392670726,0.0007764442774462182,0.0034603052571770517,0.01156627429155106
0.002061252119384496,0.0008089872612841491,0.0034007313768581802,0.01119414249583516
0.002663177911678746,0.0016665620306094728,0.002061931067193954,0.012420429745632077
0.002604192059043295,0.001652754030555994,0.0020847781596107094,0.012188622153614152
0.002122873769826264,0.0007761219345692079,0.0034600581907281132,0.011553093984936319
0.002060137962845454,0.0008086653697002735,0.0034003951284384006,0.01118121762890228
0.002663135804459315,0.0016671508668663936,0.0020598437665017176,0.012409068171323822
0.0026040731402481314,0.001653297797223838,0.0020825679890831687,0.01217714600430338
0.0021218335446624207,0.0007757992126265769,0.0034597998276651313,0.011539983904158103
0.0020590164828396215,0.0008083430509704248,0.003400048224554748,0.011168363310633873
0.0026630918785709654,0.0016677350087093725,0.002057753025878854,0.012397761598832697
0.0026039523610202372,0.001653837236295689,0.002080354283740843,0.012165727787748604
0.0021207857409088035,0.0007754760952075203,0.0034595302364058495,0.01152694368155668
0.002057887701892113,0.0008080202886360862,0.003399690737661409,0.011155579169554088
0.002663046149176986,0.0016683144348338295,0.0020556588581712,0.01238650971250729
0.0026038297420295686,0.0016543723263145957,0.002078137055292206,0.012154367171801822
0.0021197303847362383,0.000775152565755738,0.00345924948245824,0.011513972950721235
0.0020567516443506465,0.0008076970663571672,0.00339932273888762,0.011142864834724172
0.0026629986308485676,0.0016688891235844179,0.0020535612768237525,0.01237531219983633
0.0026037053031651774,0.0016549030455767092,0.002075916316348629,0.012143063827350115
0.0021186675034709744,0.0007748286079620843,0.003458957630324531,0.011501071345246982
0.002055608336180744,0.0008073733678686337,0.0033989442967256307,0.011130219935739377
0.0026629493388510236,0.0016694590539632998,0.00205146029517436,0.012364168750953659
0.0026035790632027082,0.001655429372676454,0.0020736920810125927,0.012131817427116756
0.0021175971239797368,0.0007745042062050347,0.0034586547456674373,0.011488238499119032
0.002054457803657942,0.000807049177311181,0.0033985554785519938,0.011117644103445267
0.002662898289562786,0.0016700242063032182,0.0020493559264678904,0.01235307905712509
0.0026034510406862774,0.0016559512872092895,0.0020714643643966425,0.012120627644504896
0.002116519272228282,0.0007741793456215145,0.0034583408957422884,0.011475474047870178
0.002053300072506424,0.0008067244794761369,0.0033981563526099155,0.011105136970518705
0.002662845500027609,0.0016705845620944959,0.002047248184291037,0.01234204280989296
0.0026033212549609356,0.0016564687699321624,0.0020692331818029223,0.012109494153456416
0.00211543397403182,0.0007738540118926176,0.0034580161483887756,0.011462777629151101
0.0020521351680771183,0.0008063992598205123,0.0033977469885989797,0.011092698171414176
0.0026627909873024377,0.0016711401034309428,0.002045137082836154,0.012331059701475282
0.0026031897263920096,0.0016569818024165846,0.002066998548368775,0.012098416629148753
0.002114341255931985,0.0007735281909913831,0.0034576805709427547,0.011450148882432214
0.002050963116075915,0.0008060735042698675,0.0033973274568654043,0.011080327341911951
0.0026627347682314528,0.0016716908126791733,0.0020430226368260765,0.012320129425609226
0.0026030564758135464,0.0016574903667240827,0.002064760479277772,0.012087394748622466
0.0021132411453215574,0.0007732018691665377,0.003457334230083221,0.01143758744841425
0.0020497839429097077,0.0008057471990884098,0.0033968978274548757,0.011068024118861453
0.002662676859758909,0.0016722366725799545,0.0020409048613255916,0.012309251677816609
0.002602921524055058,0.001657994445349475,0.002062518990197987,0.012076428190701701
0.00211213367002605,0.0007728750330517307,0.0034569771923431618,0.011425092968803528
0.0020485976755005458,0.000805420330908432,0.0033964581699135604,0.011055788140234913
0.002662617279125154,0.001672777666554384,0.0020387837716634356,0.01229842615512651
0.002602784891826975,0.0016584940214211124,0.0020602740974518213,0.012065516635572199
0.0021110188578559804,0.0007725476697695492,0.0034566095246157972,0.011412665086512322
0.002047404340935635,0.0008050928867961381,0.003396008553689456,0.01104361904537827
0.002662556043966204,0.0016733137788203377,0.0020366593834922004,0.01228765255562773
0.0026026465999981997,0.0016589890788244464,0.0020580258178915225,0.012054659764493676
0.0021098967365799624,0.0007722197669359076,0.003456231294184665,0.011400303445896647
0.0020462039663213024,0.0008047648543264255,0.003395549048536229,0.01103151647507526
0.002662493172135348,0.0016738449943314473,0.0020345317128254337,0.012276930578418891
0.002602506669785736,0.0016594796021926377,0.002055774168673601,0.012043857259892652
0.0021087673341824487,0.0007718913125741551,0.0034558425684471086,0.011388007692798775
0.002044996578943199,0.0008044362215113544,0.003395079724558309,0.011019480071471995
0.0026624286816627346,0.0016743712986068415,0.0020324007760174024,0.012266259923811817
0.0026023651227843046,0.0016599655767975383,0.0020535191671583438,0.012033108805594028
0.0021076306790171616,0.0007715622950902816,0.0034554434147676012,0.011375777474413885
0.002043782206408115,0.0008041069767897786,0.003394600651993871,0.01100750947796603
0.002662362590739865,0.0016748926776875381,0.00203026658970518,0.012255640293495056
0.0026022219808345295,0.0016604469884811928,0.0020512608309623225,0.012022414086906626
0.002106486799817157,0.0007712327032453659,0.003455033900465406,0.011363612439189874
0.0020425608766696823,0.0008037771089894752,0.003394111901091722,0.01099560433916144
0.00266229491773954,0.0016754091181932836,0.002028129170795104,0.012245071390518995
0.0026020772659500276,0.0016609238237063882,0.00204899917803493,0.012011772790539815
0.002105335725511565,0.0007709025262168044,0.003454614092962092,0.011351512236841606
0.0020413326179076134,0.000803446607347721,0.0033936135421484895,0.010983764300938514
0.0026622256812884565,0.0016759206073729098,0.0020259885364993105,0.012234552919118015
0.0026019310003421578,0.0016613960695877942,0.0020467342267016207,0.012001184604436386
0.0021041774851927684,0.0007705717535894467,0.0034541840598196942,0.011339476518397135
0.002040097458449745,0.0008031154615360519,0.003393105645610889,0.010971989010477254
0.0026621549001524542,0.0016764271331230858,0.0020238447043512747,0.012224084584678972
0.0026017832064068424,0.0016618637139153652,0.002044465995603718,0.011990649217789747
0.0021030121081203174,0.0007702403753366422,0.003453743868691707,0.011327504936249488
0.00203885542681854,0.0008027836616341903,0.0033925882820860357,0.01096027811625084
0.0026620825932937003,0.0016769286839287238,0.002021697692199549,0.012213666093745853
0.0026016339067767096,0.001662326745105296,0.002042194503681054,0.01198016632106419
0.002101839623806025,0.0007699083818171511,0.003453293587286175,0.011315597144096943
0.0020376065517624495,0.0008024511981311441,0.003392061522298963,0.010948631267992824
0.002662008779812172,0.0016774252488412121,0.00201954751815495,0.012203297154122014
0.0026014831243210876,0.0016627851521613059,0.002039919770130932,0.011969735606063054
0.0021006600620367736,0.0007695757637468198,0.0034528332833565515,0.011303752796896738
0.0020363508623123007,0.0008021180618926436,0.003391525437030155,0.010937048116650989
0.0026619334789972355,0.0016779168174835964,0.0020173942005650134,0.012192977474886842
0.0026013308820402622,0.001663238924694895,0.0020376418144261613,0.011959356765945494
0.002099473452803337,0.0007692425122253163,0.0034523630247591556,0.011291971550850195
0.002035088387718825,0.000801784244175481,0.0033909800971444236,0.010925528314406154
0.0026618567103796273,0.0016784033800641936,0.002015237758009815,0.0121827067663158
0.002601177203179215,0.0016636880529209259,0.00203536065632545,0.011949029495119463
0.00209827982627669,0.0007689086187284383,0.0034518828794781135,0.011280253063430778
0.0020338191574044294,0.0008014497366368026,0.0033904255736454184,0.010914071514680492
0.0026617784936024853,0.001678884927402911,0.0020130782093213274,0.012172484739872026
0.002601022111156488,0.0016641325276966544,0.0020330763158302335,0.011938753489246763
0.0020970792128129083,0.0007685740750985014,0.0034513929155935465,0.01126859699339829
0.002032543200964045,0.0008011145313169307,0.0033898619377058428,0.010902677372144497
0.002661698848505388,0.001679361450888786,0.002010915573599614,0.012162311108146645
0.0026008656296018797,0.001664572340494545,0.0020307888131987483,0.011928528445226788
0.0020958716429615287,0.0007682388735463753,0.003450893201250389,0.011257003000810884
0.002031260548182527,0.0008007786206501565,0.003389289260631717,0.010891345542701509
0.0026616177950563396,0.0016798329424724914,0.002008749870196374,0.012152185584904208
0.002600707782343132,0.001665007483374018,0.002028498168925804,0.011918354061212501
0.0020946571475033457,0.0007679030066239766,0.003450383804654935,0.011245470746978346
0.0020299712290621657,0.0008004419974319725,0.0033887076138294997,0.010880075683467718
0.0026615353533488944,0.0016802993946589892,0.002006581118685874,0.01214210788512739
0.002600548593365752,0.0016654379489793505,0.0020262044037420305,0.011908230036654777
0.002093435757425871,0.000767566467235477,0.0034498647940822925,0.011233999894434271
0.0020286752738173396,0.000800104654827402,0.0033881170687806517,0.01086886745274935
0.002661451543675668,0.0016807608005105128,0.0020044093388481383,0.012132077724985575
0.002600388086822039,0.0016658637305367032,0.0020239075386165547,0.011898156072244193
0.0020922075038911324,0.0007672292486415825,0.0034493362379164525,0.01122259010693443
0.0020273727128397767,0.0007997665863691788,0.0033875176970729354,0.01085772051005771
0.0026613663864677403,0.00168121715366058,0.002002234550664228,0.012122094821821425
0.0026002262870551177,0.0016662848218615058,0.0020216075947361153,0.01188813186991489
0.002090972418238373,0.000766891344445563,0.0034487982046634644,0.01121124104946992
0.002026063576692673,0.0007994277859537824,0.0033869095704407307,0.010846634516102125
0.0026612799023176073,0.0016816684483082747,0.002000056774317311,0.012112158894120885
0.0026000632185589315,0.0016667012173714375,0.00201930459349631,0.011878157132810194
0.0020897305319714,0.000766552748600077,0.0034482507629088684,0.011199952388286716
0.0020247478961058275,0.0007990882478417112,0.0033862927607523404,0.010835609132799906
0.0026611921119557183,0.0016821146791961151,0.0019978760302091078,0.012102269661485279
0.0025998989060224526,0.0016671129120583328,0.0020169985564916014,0.011868231565284854
0.0020884818767827767,0.0007662134553854525,0.003447693981323594,0.011188723790867511
0.0020234257019745316,0.0007987479666487528,0.0033856673400122043,0.010824644023263852
0.0026611030362276265,0.0016825558416079447,0.00199569233893198,0.012092426844686843
0.0025997333743062513,0.0016675199014835865,0.0020146895055073426,0.0118583548729225
0.002087226484555695,0.000765873459413989,0.0034471279286485594,0.011177554925897015
0.0020220970253814093,0.0007984069373335148,0.003385033380326189,0.01081373885176106
0.002661012696120017,0.0016829919313643311,0.001993505721260602,0.012082630165654727
0.0025995666483970372,0.0016679221817734971,0.002012377462520167,0.011848526762545601
0.002085964387348788,0.000765532755622905,0.003446552673705374,0.011166445463262759
0.002020761897578555,0.0007980651552027156,0.0033843909538986074,0.010802893283745302
0.0026609211127554626,0.0016834229448262539,0.0019913161981388095,0.01207287934746017
0.0025993987534726182,0.0016683197496163743,0.0020100624496886847,0.011838746942162238
0.0020846956173756416,0.0007651913392801221,0.0034459682854305175,0.011155395074053321
0.0020194203499718983,0.0007977226159073796,0.003383740133074521,0.010792106985822952
0.0026608283073975957,0.001683848878893777,0.001989123790676321,0.012063174114305637
0.0025992297148284813,0.0016687126022694667,0.002007744489343186,0.011829015120988742
0.002083420207005773,0.0007648492059729876,0.003445374832848747,0.011144403430572243
0.0020180724141312663,0.0007973793154265236,0.0033830809903048205,0.010781379625788099
0.002660734301421041,0.0016842697309949865,0.0019869285201608365,0.012053514191493562
0.0025990595579301625,0.0016691007375442787,0.002005423603986084,0.01181933100941416
0.002082138188779118,0.0007645063516030964,0.0034447723850761064,0.01113347020631633
0.002016718121757318,0.0007970352500882387,0.003382413598189333,0.010770710872580469
0.0026606391163316177,0.001684685499085247,0.0019847304080251134,0.012043899305466333
0.0025988883083984944,0.0016694841538064341,0.002003099816265305,0.011809694319024452
0.002080849595392595,0.0007641627723814187,0.003444161011304033,0.011122595075964015
0.0020153575047215486,0.0007966904165389281,0.003381738029425968,0.010760100396289971
0.0026605427737378703,0.0016850961816391452,0.0019825294758560917,0.012034329183789263
0.002598715991979339,0.0016698628499671269,0.0020007731489802435,0.011800104762603379
0.0020795544596959948,0.0007638184648317424,0.003443540780824062,0.011111777715378237
0.0020139905950317494,0.0007963448117510447,0.0033810543568470563,0.010749547868151306
0.002660445295399129,0.0016855017776441642,0.00198032574538184,0.01202480355512368
0.0025985426345778843,0.0016702368254776652,0.001998443625076935,0.011790562054089211
0.002078252814690823,0.0007634734257781785,0.003442911763013261,0.011101017801603419
0.002012617424843007,0.0007959984330207929,0.003380362653395995,0.010739052960545146
0.0026603467031327322,0.0016859022866091327,0.001978119238464709,0.012015322149257917
0.002598368262224885,0.0016706060803344121,0.001996111267626763,0.011781065908601515
0.0020769446935263313,0.00076312765234664,0.003442274027331252,0.01109031501284871
0.0020112380264471425,0.0007956512779578114,0.0033796629921408585,0.010728615346979383
0.002660247018916199,0.0016862977085451234,0.0019759099771032213,0.012005884697057425
0.0025981929010784163,0.0016709706150666154,0.0019937760998436278,0.011771616042418578
0.0020756301294938824,0.0007627811419566212,0.003441627643338166,0.011079669028499075
0.0020098524322624853,0.0007953033444881039,0.0033789554462728584,0.010718234702107273
0.002660146264798832,0.0016866880439708222,0.001973697983416018,0.011996490930497218
0.002598016577462545,0.0016713304307303986,0.001991438145052,0.011762212172963285
0.0020743091560207097,0.000762433892322897,0.003440972680675554,0.011069079529090326
0.0020084606748459557,0.0007949546308458958,0.0033782400890958785,0.010707910701684049
0.0026600444629532594,0.0016870732939090734,0.0019714832796346323,0.011987140582644497
0.002597839317780676,0.0016716855289126465,0.001989097426694033,0.011752854018835825
0.0020729818066769234,0.0007620859014468471,0.0034403092090698716,0.01105854619631602
0.002007062786881115,0.0007946051355659052,0.0033775169940366808,0.010697643022594714
0.002659941635651142,0.001687453459874064,0.0019692658881033795,0.011977833387651623
0.002597661148584543,0.0016720359117209586,0.0019867539683151103,0.011743541299772686
0.0020716481151613238,0.0007617371676145964,0.0034396372983367535,0.011048068713024734
0.0020056588011729986,0.0007942548574874122,0.0033767862346432325,0.010687431342841499
0.0026598378052441075,0.0016878285438730073,0.0019670458312750433,0.011968569080744765
0.002597482096564209,0.0016723815817759672,0.001984407793563439,0.011734273736633652
0.002070308115311068,0.0007613876893907376,0.0034389570183831694,0.011037646763206186
0.0020042487506392935,0.0007939037957494627,0.003376047884580599,0.01067727534153347
0.0026597329941821595,0.0016881985484070688,0.001964823131695134,0.011959347398240026
0.0025973021884974253,0.001672722542220332,0.001982058926175592,0.011725051051440056
0.0020689618410832367,0.0007610374656164297,0.003438268439182635,0.011027280031991783
0.00200283266832507,0.0007935519497737065,0.003375302017633173,0.010667174698878276
0.0026596272250376863,0.0016885634764515823,0.001962597812005029,0.011950168077502796
0.0025971214512984023,0.001673058796697216,0.0019797073899793585,0.011715872967321366
0.0020676093265554825,0.0007606864954129642,0.0034375716308166866,0.011016968205641646
0.002001410587368597,0.0007931993192864724,0.0033745487077050003,0.01065712909617959
0.0026595205204227013,0.0016889233314735543,0.0019603698949253964,0.011941030856998009
0.002596939912003038,0.0016733903493575228,0.0019773532088754667,0.011706739208537657
0.002066250605936693,0.0007603347781580704,0.0034368666634325257,0.011006710971548596
0.001999982541038781,0.0007928459042823063,0.003373788028811424,0.010647138215842972
0.0026594129030669722,0.0016892781174082017,0.001958139403267158,0.01193193547621672
0.00259675759771754,0.001673717204858093,0.0019749964068415237,0.011697649500476642
0.0020648857135363674,0.0007599823135072206,0.0034361536072648694,0.01099650801823317
0.00199854856269388,0.0007924917050478209,0.003373020055085821,0.010637201741354558
0.002659304395779836,0.001689627838659622,0.0019559063599106988,0.011922881675724905
0.0025965745357060294,0.0016740393683378828,0.001972637007925765,0.011688603569615314
0.0020635146837980323,0.0007596291013693874,0.003435432532629807,0.010986359035328241
0.0019971086857953654,0.0007921367221471511,0.003372244860773843,0.010627319357287347
0.002659195021417611,0.001689972500110127,0.0019536707878041945,0.011913869197148246
0.002596390753304916,0.0016743568454388141,0.0019702750362279313,0.011679601143557324
0.002062137551263281,0.0007592751419102305,0.003434703509917254,0.010976263713577588
0.0019956629439040734,0.0007917809564098004,0.003371462520242756,0.010617490749278768
0.0026590848029701577,0.0016903121070972792,0.0019514327099532853,0.011904897783150811
0.002596206277954266,0.0016746696422908455,0.001967910515900561,0.011670641951009586
0.0020607543505767024,0.0007589204355596275,0.0034339666096034633,0.01096622174484092
0.001994211370674419,0.0007914244089445577,0.0033706731079696586,0.01060771560405497
0.0026589737634474466,0.001690646665418347,0.0019491921494347736,0.011895967177425979
0.002596021137216207,0.0016749777655012729,0.001965543471149302,0.011661725721749524
0.0020593651165003272,0.0007585649829868683,0.0034332219022319204,0.010956232822085975
0.0019927539998458744,0.0007910670811213645,0.0033698766985426907,0.010597993609407209
0.002658861925966012,0.001690976181326682,0.0019469491293731555,0.011887077124713562
0.0025958353587092033,0.0016752812221596538,0.0019631739262230543,0.011652852186671423
0.0020579698838906362,0.0007582087851139922,0.0034324694584190324,0.010946296639367822
0.001991290865249682,0.0007907089745743513,0.0033690733666570808,0.010588324454181702
0.0026587493136753537,0.0016913006615236182,0.0019447036729357112,0.011878227370800788
0.0025956489702016017,0.0016755800198239416,0.0019608019053989597,0.011644021077736079
0.0020565686877052954,0.000757851843102614,0.0034317093488635745,0.010936412891828427
0.0019898220007980153,0.0007903500911978459,0.0033682631871186763,0.010578707828276126
0.0026586359498297837,0.001691620113166095,0.0019424558033288141,0.01186941766249033
0.0025954619994932077,0.0016758741665328265,0.001958427432986273,0.011635232128005987
0.0020551615629879096,0.0007574941583588053,0.0034309416443314648,0.010926581275712891
0.0019883474404806052,0.0007899904331359179,0.0033674462348437717,0.010569143422655483
0.002658521857726881,0.0016919345438426517,0.0019402055438006165,0.011860647747603575
0.0025952744745215183,0.0016761636707825175,0.0019560505333178976,0.011626485071588748
0.0020537485448759193,0.000757135732524264,0.003430166415662345,0.010916801488347337
0.001986867218362475,0.0007896300027931039,0.003366622584861804,0.010559630929324082
0.0026584070607091437,0.0016922439615882133,0.0019379529176335444,0.011851917374980484
0.0025950864232745564,0.001676448541538564,0.001953671230743371,0.011617779643676029
0.0020523296686124157,0.0007567765674660006,0.003429383733745432,0.010907073228133316
0.001985381368586161,0.0007892688028133231,0.003365792312300361,0.010550170041329555
0.002658291582207039,0.0016925483748626952,0.0019356979481371707,0.011843226294474101
0.0025948978738442874,0.0016767287882191754,0.0019512895496284497,0.011609115580516064
0.002050904969505604,0.0007564166652935492,0.003428593669550885,0.010897396194544483
0.001983889925355063,0.0007889068360931456,0.0033649554923934314,0.010540760452753907
0.0026581754456786928,0.0016928477925629596,0.0019334406586405022,0.01183457425694828
0.0025947088544091895,0.0016770044206924112,0.0019489055143441245,0.01160049261941996
0.002049474482958603,0.0007560560283260797,0.0034277962941031822,0.010887770088123866
0.0019823929229472893,0.0007885441057643799,0.00336411220046656,0.01053140185871243
0.0026580586746424092,0.0016931422240110449,0.0019311810724903877,0.0118259610142769
0.0025945193931848983,0.0016772754492854311,0.0019465191492614173,0.011591910498755539
0.0020480382444521923,0.0007556946591198674,0.0034269916784848897,0.010878194610470184
0.0019808903956990425,0.0007881806151975434,0.003363262511953557,0.010522093955347814
0.002657941292671042,0.001693431678945037,0.0019289192130511482,0.011817386319317294
0.0025943295185184884,0.0016775418847615566,0.0019441304787546961,0.011583368957914607
0.002046596289539574,0.0007553325604438329,0.00342617989384977,0.010868669464255052
0.0019793823779994378,0.0007878163680051561,0.003362406502395142,0.01051283643982715
0.0026578233233750955,0.001693716167528359,0.0019266551036900507,0.011808849925928858
0.002594139258800838,0.0016778037383293456,0.001941739527180606,0.011574867737348057
0.002045148653854902,0.0007549697352812051,0.003425361011397382,0.010859194353194334
0.0019778689043038317,0.0007874513680181187,0.003361544247417736,0.01050362901032948
0.0026577047904248027,0.0016939957003312897,0.0019243887677873072,0.011800351588949692
0.0025939486424830607,0.001678061021636461,0.0019393463188918437,0.011566406578538453
0.0020436953730990676,0.0007546061868335893,0.003424535102374193,0.01084976898205169
0.0019763500091024883,0.0007870856193062484,0.003360675822745145,0.010494471366057145
0.002657585717506603,0.0016942702883345749,0.0019221202287232591,0.011791891064207595
0.0025937576981348927,0.0016783137467549182,0.0019369508782171036,0.011557985223984156
0.002042236483042132,0.0007542419185048047,0.0034237022380854366,0.01084039305663404
0.0019748257269602575,0.0007867191261614235,0.0033598013041950237,0.010485363207192795
0.00265746612835792,0.001694539942927203,0.0019198495098722691,0.011783468108516673
0.0025935664543144136,0.0016785619261988735,0.0019345532294646637,0.011549603417236222
0.0020407720195299776,0.0007538769339094439,0.0034228624898710322,0.010831066283789388
0.00197329609246861,0.0007863518930909866,0.003358920767677807,0.010476304234952348
0.0026573460467537945,0.0016948046758893578,0.0019175766346116276,0.011775082479639248
0.0025933749397186946,0.0016788055728942392,0.0019321533969202573,0.011541260902820365
0.002039302018455235,0.0007535112368676288,0.0034220159291265826,0.010821788371408575
0.0019717611402594506,0.0007859839248317008,0.003358034289190463,0.010467294151543526
0.0026572254965022374,0.001695064499406446,0.001915301626303572,0.011766733936313379
0.002593183183072408,0.0016790447001885584,0.0019297514048391945,0.011532957426304839
0.0020378265157872566,0.0007531448313915544,0.0034211626272826765,0.010812559028389334
0.0019702209050255154,0.000785615226324775,0.0033571419448047567,0.010458332660139258
0.002657104501433865,0.0016953194260548657,0.0019130245082937059,0.011758422238264912
0.002592991213143048,0.001679279321853984,0.0019273472774383603,0.011524692734268123
0.0020363455475380233,0.000752777721698417,0.003420302655809851,0.01080337796466557
0.0019686754214820828,0.0007852458027282622,0.0033562438106875094,0.010449419464923044
0.0026569830854199076,0.0016955694687963336,0.0019107453039209235,0.011750147146139395
0.002592799058791632,0.0016795094520664535,0.0019249410389007564,0.011516466574263919
0.0020348591497871445,0.0007524099121954478,0.003419436086212352,0.010794244891189568
0.0019671247243712095,0.0007848756594124387,0.0033553399630871722,0.010440554271063354
0.0026568612723457783,0.0016958146409799715,0.0019084640365015127,0.011741908421549556
0.0025926067489206424,0.0016797351054153226,0.0019225327133626374,0.01150827869485269
0.0020333673586581057,0.0007520414074836535,0.003418562990028161,0.010785159519927184
0.0019655688484743208,0.0007845048019496379,0.003354430478331385,0.010431736784692997
0.002656739086135435,0.0016960549563322387,0.001906180729327353,0.01173370582705461
0.002592414312469276,0.0016799562968921838,0.0019201223249179155,0.011500128845591043
0.0020318702103360215,0.0007516722123470437,0.003417683438817743,0.01077612156384793
0.0019640078286041634,0.0007841332361179396,0.003353515432823045,0.010422966712915293
0.002656616550704588,0.0016962904289587102,0.0019038954056732234,0.011725539126158388
0.002592221778452001,0.0016801730418924393,0.0019177098976057762,0.011492016777007712
0.0020303677410446574,0.0007513023317596368,0.0034167975041605033,0.010767130736934385
0.001962441699589474,0.000783760967894357,0.0033525949030423566,0.010414243763809243
0.002656493690009776,0.0016965210733292442,0.0019016080887884824,0.011717408083284354
0.0025920291759299985,0.0016803853562028417,0.0019152954554203466,0.011483942240604133
0.0020288599870615727,0.0007509317708771742,0.0034159052576700506,0.010758186754159524
0.0019608704962811568,0.0007833880034597081,0.00335166896553905,0.010405567646415237
0.0026563705280173403,0.001696746904290834,0.001899318801886058,0.01170931246379656
0.0025918365339951555,0.00168059325600418,0.0019128790222988144,0.011475904988863491
0.0020273469846976105,0.000750560535032671,0.0034150067709619214,0.010749289331498109
0.0019592942535665947,0.0007830143491782602,0.0033507376969218816,0.010396938070719178
0.002656247088712992,0.001696967937044853,0.0018970275681592492,0.011701252033975065
0.0025916438817865555,0.0016807967578672534,0.001910460622121832,0.011467904775230534
0.0020258287703160747,0.0007501886297382562,0.003414102115671738,0.010740438185901077
0.00195771300632557,0.0007826400116185815,0.0033498011738788283,0.010388354747669673
0.002656123396067143,0.001697184187160509,0.001894734410761204,0.011693226561033172
0.0025914512485019363,0.0016809958787458678,0.0019080402787037573,0.011459941354104162
0.002024305380312862,0.000749816060676502,0.003413191363442286,0.010731633035313515
0.001956126789473215,0.0007822649975301197,0.00334885947314658,0.010379817389154162
0.002655999474103624,0.0016973956705567698,0.0018924393528104277,0.011685235813075921
0.0025912586633484043,0.0016811906359749007,0.0019056180158060288,0.011452014480842505
0.0020227768511135954,0.000749442833712754,0.0034122745859326833,0.010722873598658166
0.0019545356379211784,0.0007818893138564374,0.0033479126715271123,0.010371325708009478
0.0026558753468084073,0.0016976024035064272,0.001890142417390582,0.01167727955913388
0.0025910661556209393,0.0016813810472609831,0.0019031938571161203,0.011444123911736635
0.002021243219201221,0.0007490689548636156,0.003411351854784351,0.010714159595819301
0.0019529395865954344,0.0007815129677225328,0.0033469608458884595,0.010362879417990804
0.0026557510381858165,0.0016978044026364466,0.0018878436275440711,0.01166935756914067
0.0025908737545915213,0.001681567130701897,0.0019007678262490287,0.011436269404047888
0.0020197045210602247,0.0007486944303308277,0.0034104232416551925,0.010705490747662551
0.0019513386704360276,0.0007811359664311188,0.0033460040731471876,0.010354478233801364
0.0026556265722556243,0.0016980016849019635,0.0018855430062857427,0.011661469613893976
0.002590681489619893,0.0016817489047441533,0.0018983399467573355,0.01142845071593174
0.002018160793233395,0.0007483192664665518,0.0034094888181792618,0.010696866776027561
0.001949732924361967,0.0007807583174776999,0.0033450424302780817,0.010346121871074655
0.0026555019730072106,0.0016981942676111957,0.0018832405765844859,0.011653615465108617
0.0025904893900819013,0.0016819263882109949,0.0018959102421223267,0.011420667606491745
0.0020166120722767476,0.0007479434697889079,0.0034085486559877814,0.010688287403691831
0.0019481223833270253,0.0007803800285201684,0.0033440759942893732,0.01033781004634408
0.0026553772644518693,0.0016983821684002517,0.001880936361365418,0.01164579489538054
0.0025902974853660534,0.0016820996002844125,0.001893478735748036,0.011412919835759228
0.0020150583947771313,0.0007475670469770296,0.0034076028266958667,0.010679752354391201
0.0019465070822638807,0.0007800011074015083,0.0033431048422416605,0.010329542477061932
0.0026552524705732833,0.0016985654052425812,0.001878630383516107,0.011638007678184351
0.0025901058049035493,0.0016822685605053828,0.0018910454509643436,0.011405207164676339
0.0020134997973524737,0.0007471900048621803,0.003406651401895975,0.010671261352814654
0.0019448870561092,0.0007796215621314888,0.0033421290512362497,0.010321318881603404
0.0026551276153581314,0.0016987439964353472,0.0018763226658774345,0.011630253587860895
0.002589914378146764,0.0016824332887709493,0.0018886104110265329,0.011397529355094463
0.0020119363166315424,0.0007468123504361887,0.003405694453158712,0.010662814124597927
0.001943262339795324,0.0007792414008921354,0.0033411486984153476,0.010313138979243672
0.002655002722783291,0.0016989179605989707,0.0018740132312566812,0.011622532399607696
0.0025897232345889042,0.0016825938053247759,0.0018861736391127585,0.011389886169753989
0.0020103679892746096,0.0007464340908384254,0.003404732052026847,0.010654410396314425
0.0019416329682389536,0.0007788606320403967,0.00334016386095408,0.010305002490151906
0.0026548778168107314,0.0016990873166786973,0.0018717021024044155,0.011614843889505259
0.0025895324037310363,0.0016827501307607974,0.0018837351583191474,0.01138227737231752
0.002008794851959501,0.0007460552333597598,0.0034037642700174443,0.010646049895451955
0.0019399989763576788,0.000778479264084502,0.0033391746160613767,0.010296909135388662
0.0026547529213743573,0.0016992520839339362,0.0018693893020350159,0.011607187834482459
0.0025893419151042743,0.0016829022860203689,0.0018812949916581154,0.011374702727322956
0.002007216941377818,0.0007456757854361852,0.0034027911785924473,0.010637732350454832
0.0019383603990485866,0.0007780973057134283,0.00333818104098345,0.010288858636910108
0.0026546280604097237,0.0016994122819361274,0.0018670748528191164,0.011599564012299892
0.002589151798250614,0.001683050292383649,0.0018788531620646592,0.011367162000195571
0.0020056342942432435,0.0007452957546548677,0.0034018128491919535,0.01062945749067576
0.00193671727120162,0.0007777147657683553,0.0033371832129830926,0.010280850717561978
0.0026545032578030835,0.0016995679305644908,0.001864758777388576,0.011591972201574633
0.0025889620827452583,0.0016831941714637274,0.0018764096923935528,0.011359654957234198
0.0020040469472824064,0.0007449151487387872,0.0034008293531923254,0.010621225046401114
0.0019350696276957229,0.0007773316532493938,0.003336181209347685,0.010272885101056808
0.0026543785374400428,0.0016997190500003321,0.0018624410983283056,0.011584412181753063
0.002588772798167337,0.0016833339452097893,0.001873964605418374,0.011352181365613645
0.002002454937241261,0.0007445339755590281,0.0033998407619233906,0.010613034748810226
0.001933417503383111,0.000776947977321278,0.0033351751073805317,0.010264961511983443
0.002654253923170495,0.001699865660730699,0.0018601218381788305,0.011576883733127118
0.0025885839741055404,0.0016834696358995465,0.0018715179238301387,0.011344740993380495
0.002000858300871183,0.0007441522431208827,0.003398847146660278,0.01060488632999641
0.0019317609331129248,0.0007765637472978902,0.003334164984389463,0.0102570796757964
0.0026541294388119463,0.0017000077835382047,0.0018578010194396169,0.011569386636804306
0.002588395640164516,0.0016836012661399136,0.001869069670237569,0.011337333609436031
0.0019992570749358487,0.0007437699595703605,0.0033978485786180504,0.010596779522968055
0.001930099951692395,0.0007761789726523837,0.0033331509177204517,0.010249239318821171
0.0026540051081728002,0.00170014543949987,0.0018554786645666715,0.011561920674702103
0.0025882078259833485,0.0016837288588562318,0.0018666198671645601,0.01132995898352136
0.001997651296207708,0.0007433871331888547,0.0033968451289636487,0.010588714061617394
0.001928434593920135,0.0007757936630093206,0.00333213298471459,0.010241440168230233
0.0026538809550054024,0.0017002786499862841,0.0018531547959721526,0.011554485629564121
0.0025880205611800277,0.0016838524373019312,0.0018641685370472177,0.011322616886247007
0.0019960410014752935,0.0007430037723881238,0.00339583686876852,0.010580689680736397
0.0019267648945730058,0.0007754078281420663,0.0033311112627162154,0.010233681952052383
0.0026537570030287284,0.0017004074366486627,0.0018508294360363407,0.01154708128493674
0.0025878338753822145,0.0016839720250460938,0.0018617157022468769,0.0113153070890506
0.001994426227524113,0.0007426198857151285,0.003394823869034891,0.010572706116018639
0.0019250908883935685,0.0007750214779739602,0.003330085829089381,0.010225964399170633
0.002653633275936123,0.0017005318214175949,0.0018485026071022128,0.01153970742514822
0.002587647798258282,0.0016840876459615598,0.0018592613850383181,0.011308029364193707
0.0019928070111537035,0.0007422354818419448,0.0033938062006909093,0.010564763104033873
0.001923412610100285,0.0007746346225771867,0.003329056761173543,0.010218287239303184
0.0026535097973657217,0.0017006518265112857,0.001846174331463334,0.011532363835351483
0.0025874623594329222,0.0016841993242408646,0.0018568056076146088,0.01130078348479176
0.001991183389176816,0.0007418505695704599,0.0033927839345722676,0.01055686038221399
0.0019217300943913333,0.0007742472721657124,0.0033280241363141923,0.010210650202994283
0.002653386590904293,0.0017007674744201429,0.0018438446313829332,0.01152505030148544
0.002587277588566765,0.001684307084381466,0.0018543483920842048,0.011293569224771642
0.0019895553983913443,0.0007414651578309492,0.003391757141431014,0.010548997688883725
0.0019200433759337914,0.0007738594370980682,0.003326988031848742,0.010203053021629216
0.0026532636801284604,0.001700878787903435,0.0018415135290922918,0.011517766610244552
0.002587093515302509,0.001684410951182371,0.0018518897604850894,0.011286386358860315
0.0019879230756083806,0.0007410792556776347,0.0033907258919312873,0.01054117476323856
0.0019183524893527275,0.0007734711278786133,0.003325948525098891,0.010195495427433782
0.0026531410885367265,0.0017009857899912138,0.0018391810467838087,0.011510512549118822
0.0025869101692972195,0.0016845109497412127,0.0018494297347673213,0.011279234662605345
0.001986286457654195,0.0007406928722810689,0.0033896902566247123,0.010533391345321975
0.0019166574692546497,0.0007730823551490972,0.0033249056933734077,0.010187977153421748
0.0026530188395713183,0.0017010885039835807,0.001836847206616339,0.011503287906384373
0.0025867275801997095,0.0016846071054637483,0.0018469683367927864,0.011272113912371833
0.001984645581338118,0.0007403060169408972,0.0033886503059684606,0.010525647176045315
0.001914958350206555,0.0007726931296902181,0.0033238596139661923,0.01018049793344472
0.0026528969566539987,0.0017011869534323343,0.0018345120307216504,0.01149609247105129
0.002586545777637801,0.0016846994440429548,0.0018445055883572943,0.011265023885301944
0.001983000483477771,0.0007399186990727951,0.0033876061103043633,0.010517941997186416
0.0019132551667413779,0.0007723034624236337,0.0033228103641481472,0.01017305750216867
0.0026527754631168843,0.0017012811621531746,0.0018321755412043172,0.0114889260328985
0.0025863647912700133,0.0016847879914616342,0.001842041511174365,0.011257964359320702
0.00198135120089477,0.0007395309282082097,0.0033865577398584507,0.010510275551368022
0.0019115479533601744,0.0007719133644034577,0.003321758021162521,0.01016565559505007
0.0026526543822423683,0.0017013711542128787,0.0018298377601392343,0.011481788382473566
0.00258618465070266,0.0016848727739952661,0.001839576126880022,0.01125093511317402
0.0019796977704176245,0.0007391427139929811,0.0033855052647336834,0.010502647582039934
0.0019098367445237437,0.0007715228468192852,0.003320702662222516,0.010158291948347645
0.002652533737266196,0.0017014569539316549,0.0018274987095730389,0.011474679311063456
0.0025860053855757564,0.0016849538182024317,0.0018371094570322005,0.011243935926356956
0.001978040228858325,0.0007387540661963873,0.0033844487549281087,0.010495057833505008
0.0019081215746577142,0.0007711319209974414,0.0033196443645108274,0.010150966299117544
0.0026524135513463407,0.001701538585878904,0.0018251584115290046,0.01146759861069604
0.002585827025484347,0.0016850311509263342,0.0018346415231183873,0.011236966579147592
0.0019763786130351456,0.0007383649946893748,0.0033833882802951068,0.010487506050911085
0.0019064024781565655,0.0007707405983888307,0.003318583205171715,0.01014367838521118
0.002652293847576126,0.0017016160748654465,0.0018228168880168444,0.0114605460741271
0.002585649600027166,0.0016851047992925486,0.001832172346551677,0.011230026852584948
0.001974712959766979,0.0007379755094635027,0.0033823239105525444,0.01047999198023126
0.0019046794893591106,0.0007703488905853272,0.0033175192613192233,0.010136427945263402
0.002652174648992148,0.0017016894459409905,0.0018204741610201537,0.011453521494852455
0.0025854731387965416,0.0016851747906971156,0.0018297019486708495,0.01122311652847554
0.0019730433058737853,0.0007375856206129264,0.003381255715286223,0.010472515368256271
0.001902952642578758,0.0007699568093007003,0.003316452610017384,0.010129214718677833
0.002652055978524732,0.0017017587243999975,0.0018181302525060008,0.01144652466710282
0.0025852976713490053,0.001685241152818852,0.0018272303507409168,0.011216235389386566
0.0019713696881711834,0.0007371953383425091,0.0033801837639245167,0.010465075962606568
0.001901221972090626,0.0007695643663758978,0.0033153833282863004,0.010122038445636089
0.0026519378590756618,0.001701823935760554,0.0018157851844354117,0.011439555385801223
0.00258512322723225,0.0016853039136011472,0.0018247575739697842,0.011209383218620932
0.0019696921434686084,0.0007368046729691342,0.0033791081257569505,0.010457673511726079
0.0018994875121090705,0.0007691715737871807,0.003314311493091974,0.01011489886710731
0.0026518203134399134,0.0017018851057794583,0.0018134389787469172,0.011432613446606472
0.0025849498359934043,0.0016853631012542804,0.0018222836394864684,0.011202559800228174
0.001968010708582716,0.0007364136349040148,0.003378028869918278,0.010450307764854793
0.0018977492968300861,0.0007687784436267279,0.003313237181350873,0.010107795724801121
0.0026517033643304907,0.0017019422604423109,0.0018110916573674412,0.011425698645895193
0.0025847775271180813,0.0016854187442650523,0.0018198085683541212,0.011195764919021124
0.001966325420316685,0.0007360222346739413,0.00337694606537765,0.010442978472051329
0.0018960073603977202,0.0007683849881158639,0.003312160469925928,0.01010072876119307
0.002651587034403125,0.0017019954259533247,0.001808743242226199,0.011418810780719513
0.002584606330103276,0.001685470871374334,0.0018173323815769376,0.011188998360508228
0.001964636315477103,0.0007356304829010635,0.0033758597809482806,0.010435685384187075
0.0018942617369098079,0.000767991219598983,0.0033110814356213437,0.010093697719528399
0.0026514713461953912,0.00170204462874072,0.0018063937552445669,0.011411949648841879
0.0025844362744187064,0.001685519511587761,0.0018148551000916524,0.011182259910943508
0.001962943430870332,0.0007352383903117073,0.003374770085254823,0.010428428252925556
0.0018925124604217277,0.0007675971505439335,0.0033100001551844673,0.010086702343783217
0.0026513563221786936,0.0017020898954498579,0.0018040432183363485,0.011405115048721116
0.0025842673894930853,0.0016855646941675328,0.0018123767447761467,0.011175549357306486
0.0019612468032993856,0.0007348459677283159,0.0033736770467609313,0.010421206830717393
0.0018907595649505574,0.0007672027935347705,0.003308916705275079,0.010079742378687268
0.0026512419847271405,0.0017021312529406315,0.001801691653422548,0.011398306779504479
0.002584099704733288,0.0016856064486318277,0.001809897336446241,0.01116886648729118
0.0019595464695588496,0.0007344532260774631,0.0033725807337481035,0.01041402087081442
0.0018890030844655337,0.0007668081612793755,0.003307831162501759,0.010072817569713389
0.0026511283561205553,0.0017021687282844122,0.0017993390824199017,0.011391524641018438
0.00258393324952844,0.001685644804748459,0.0018074168958626697,0.011162211089296955
0.0019578424664503627,0.0007340601763784827,0.0033714812143096256,0.010406870127249512
0.0018872430528897206,0.0007664132666049515,0.003306743603397293,0.010065927663061794
0.002651015458541104,0.0017022023487644423,0.0017969855272528712,0.011384768433770103
0.0025837680532113613,0.0016856797925420151,0.001804935443728403,0.011155582952438858
0.0019561348307644455,0.0007336668297481108,0.0033703785563482334,0.010399754354847185
0.0018854795041083876,0.0007660181224513216,0.0033056541044152715,0.010059072405669254
0.0026509033140704155,0.0017022321418620008,0.001794631009858016,0.011378037958928808
0.0025836041451110137,0.0016857114422807156,0.0018024530006914372,0.011148981866521818
0.001954423599293226,0.0007332731973979597,0.003369272827571447,0.010392673309204908
0.0018837124719506277,0.0007656227418791544,0.0033045627419367764,0.010052251545204715
0.002650791944689623,0.0017022581352643031,0.0017922755521807643,0.01137133301833946
0.0025834415545106706,0.0016857397844753951,0.0017999695873498471,0.011142407622052281
0.0019527088088318247,0.0007328792906312998,0.003368164095478841,0.01038562674669169
0.001881941990206783,0.0007652271380646195,0.0033034695922488206,0.010045464830041862
0.0026506813722713732,0.001702280356858597,0.0017899191761724716,0.011364653414523704
0.002583280310648267,0.001685764849882631,0.0017974852242479218,0.011135860010234862
0.0019509904961691983,0.0007324851208435889,0.0033670524273766173,0.010378614424444144
0.0018801680926256589,0.0007648313242962553,0.0033023747315607116,0.0100387120092843
0.002650571618577685,0.0017022988347258185,0.0017875619038095125,0.011357998950642736
0.0025831204427397433,0.0016857866695014127,0.001794999931879252,0.011129338822952653
0.0019492686980914365,0.0007320906995218868,0.003365937890351848,0.01037163610038052
0.0018783908128988172,0.0007644353139779122,0.003301278236000943,0.0100319928327459
0.002650462705270989,0.001702313597140365,0.0017852037570819709,0.011351369430509456
0.0025829619799444385,0.0016858052745659777,0.001792513730694791,0.011122843852770412
0.0019475434513836116,0.0007316960382408255,0.003364820551270178,0.010364691533178821
0.0018766101846819227,0.0007640391206224304,0.0033001801815973238,0.010025307050951057
0.0026503546538780907,0.001702324672562764,0.001782844758009816,0.011344764658595088
0.0025828049514055734,0.0016858206965435882,0.001790026641098918,0.011116374892926608
0.001945814792836964,0.0007313011486658983,0.003363700476783294,0.01035778048226162
0.0018748262415773278,0.0007636427578596093,0.003299080644277669,0.010018654415124012
0.0026502474858307273,0.0017023320896427838,0.00178048492862268,0.011338184440022988
0.002582649386196775,0.0016858329671358655,0.0017875386834502525,0.011109931737347853
0.0019440827592410892,0.0007309060425434848,0.0033625777333090388,0.010350902707811476
0.001873039017152386,0.0007632462394237738,0.003297979699875122,0.01001203467717803
0.002650141222413174,0.0017023358772156514,0.0017781242909865893,0.011331628580557845
0.0025824953133591544,0.0016858421182785299,0.0017850498780682135,0.011103514180614038
0.0019423473873767761,0.00073051073171355,0.0033614523870419072,0.010344057970770903
0.0018712485449166414,0.0007628495791609654,0.0032968774241301244,0.010005447589743978
0.002650035884815559,0.0017023360642898736,0.0017757628671985558,0.011325096886568985
0.0025823427618932243,0.0016858481821288602,0.0017825602452302787,0.011097122017966629
0.0019406087140393026,0.0007301152280928891,0.0033603245039341726,0.01033724603283082
0.001869454858328749,0.0007624527910291652,0.0032957738926789448,0.009998892906134023
0.0026499314940784512,0.0017023326800584247,0.0017734006793817684,0.011318589165093164
0.0025821170173313183,0.00168580239288959,0.0017800182797623242,0.011090434015364917
0.0019388661728012783,0.0007297201518586379,0.003359195595622929,0.01033046328019027
0.0018676580181330319,0.0007620566570522643,0.0032946684632956485,0.009992365544368038
0.002649830359855063,0.0017023273318755993,0.0017710354276103664,0.011312108891235274
0.0025818091546048498,0.0016856993509291563,0.0017774148739555461,0.011083407355974522
0.001937119381976302,0.0007293272827422001,0.003358066476542674,0.01032370216087749
0.0018658581021599834,0.0007616628831203826,0.0032935618781132128,0.009985858314553888
0.0026497359027705873,0.001702322044078656,0.0017686657389458997,0.011305654959509073
0.002581506150604171,0.0016855970045754271,0.001774806686946615,0.011076402308384647
0.0019353687009757432,0.0007289386989346052,0.0033569368239382497,0.010316963501512805
0.0018640542415151752,0.0007612734632172541,0.003292459554859714,0.0099793738716587
0.0026496477314986726,0.0017023161826332928,0.0017662959231159975,0.011299214120139275
0.002581210444291547,0.0016854958777492491,0.0017721952910293255,0.011069405467954974
0.0019336157750847148,0.0007285549090103096,0.003355805388451238,0.010310254710589401
0.0018622456881653537,0.0007608899690016938,0.0032913654153192357,0.009972916762428377
0.0026495614224171862,0.0017023082592338937,0.0017639301139926711,0.011292780266916252
0.002580923200880454,0.0016853949549342348,0.0017695823139099766,0.011062414020590527
0.0019318636836238394,0.0007281749082472617,0.003354667265549253,0.010303573479075488
0.001860434728484057,0.0007605119738778555,0.0032902750300651687,0.009966482170340112
0.002649474421717318,0.001702297525089787,0.001761568466860962,0.011286360754213532
0.002580640629989787,0.0016852931384079828,0.0017669691130490983,0.011055436524322839
0.001930113246719306,0.0007277984764028629,0.00335352027876701,0.01029691202281949
0.0018586243337812877,0.0007601381343252474,0.0032891813814490394,0.009960064697695899
0.0026493892324486582,0.0017022841148810928,0.0017592095230189303,0.011279960792667224
0.0025803595339309268,0.0016851893103430105,0.001764358081817951,0.011048476734133067
0.0019283629688174075,0.0007274260589855793,0.003352368032013179,0.010290268543387628
0.0018568149977464799,0.000759767936134491,0.0032880823727541473,0.009953666101192265
0.0026493079481748564,0.0017022689767007835,0.0017568526215867059,0.011273577939237655
0.002580079255489014,0.001685082972761691,0.0017617512127362342,0.011041531306196572
0.001926611350774862,0.0007270576388187876,0.003351215254137965,0.01028364574673089
0.001855005850530748,0.0007594011794926404,0.0032869796576303315,0.009947289796170846
0.0026492311392583632,0.0017022530103212934,0.0017544972760185546,0.011267209886634532
0.0025798001799821504,0.00168497438032876,0.0017591484106966957,0.011034598717111984
0.0019248574925990938,0.000726692923252127,0.0033500642822691024,0.01027704407564964
0.0018531960567169205,0.0007590375878691898,0.0032858748220769263,0.009940935484739271
0.0026491593148953462,0.0017022367323609666,0.0017521421982760266,0.01126085867326708
0.00257952307817874,0.0016848639089895715,0.0017565480900638135,0.011027681194743299
0.0019231009620303996,0.0007263315308887376,0.003348916101042471,0.010270462021433415
0.0018513851648127588,0.0007586767210220356,0.003284769079529997,0.009934601682284674
0.002649093199413924,0.0017022204228814058,0.0017497860429955088,0.011254526444177888
0.0025792483784034897,0.0016847519573115364,0.0017539486489966376,0.011020779907232658
0.0019213412862276252,0.0007259732190121648,0.0033477719775983506,0.010263900075570032
0.0018495724818995585,0.0007583182819221211,0.00328366472868539,0.00992828919592658
0.002649033228567349,0.001702204045272441,0.0017474285508164264,0.011248212019734728
0.0025789770172854483,0.0016846388464976875,0.001751349112676022,0.011013893154392562
0.0019195781831652734,0.0007256176844934612,0.0033466327555969682,0.01025736056574494
0.0018477569580517784,0.0007579622655414728,0.0032825644673024302,0.009921999714213064
0.0026489785764119904,0.001702187416217801,0.0017450701646081594,0.011241913873870102
0.0025787099372473364,0.001684524846684605,0.0017487487491394593,0.01100701979763197
0.0019178118704824439,0.0007252644207901657,0.003345497864648521,0.010250844609968297
0.0018459380800702949,0.0007576085141157625,0.0032814695464686754,0.009915733272131796
0.0026489282083551158,0.0017021702675967156,0.0017427111396356772,0.0112356325344125
0.0025784471841828536,0.0016844101247261369,0.0017461469534596355,0.011000160826408228
0.0019160426235936355,0.0007249130587384217,0.003344366222033315,0.01024435176966081
0.0018441159135596423,0.0007572567350311998,0.003280379847071387,0.009909489053408526
0.0026488817675851192,0.0017021522843249646,0.0017403514867403175,0.011229368918803136
0.0025781885231864594,0.0016842945718759776,0.0017435435542862041,0.010993317168042239
0.0019142706240861836,0.0007245633824838827,0.00334323732528291,0.010237881849879525
0.0018422906445322088,0.0007569067074681807,0.003279295040188198,0.009903267037445413
0.0026488390472365546,0.0017021332530301652,0.0017379912550879177,0.011223122895203736
0.002577933710533365,0.0016841779925155622,0.0017409387260849609,0.010986488662817687
0.0019124959921678127,0.0007242152307000293,0.0033421111126134048,0.010231435210592357
0.001840462405106218,0.0007565582867580852,0.0032782149219816787,0.009897067633468013
0.002648799834817857,0.0017021130734891448,0.001735630517684145,0.011216893981811648
0.002577682573262467,0.0016840602823218367,0.0017383326546023738,0.010979675122168762
0.0019107187752804625,0.0007238684918869017,0.0033409874589831264,0.010225011820369759
0.0018386312686153262,0.0007562113830626061,0.003277139151258367,0.009890890707966934
0.002648763985323451,0.0017020917568093393,0.0017332691875995437,0.011210682289009618
0.0025774349824314643,0.0016839414356324748,0.0017357253785989274,0.010972876945149418
0.001908938982056135,0.0007235230908100888,0.003339866173258184,0.010218611130712337
0.0018367973376840164,0.0007558658987425651,0.0032760673055067507,0.009884735753861654
0.0026487315240616006,0.001702069359478639,0.001730907071833978,0.0112044880843972
0.0025771907806328783,0.0016838214958366418,0.0017331168605524475,0.010966094471253015
0.0019071565762168554,0.0007231790078655854,0.0033387472320818784,0.010212232796352602
0.0018349606730674918,0.0007555217676501707,0.00327499923812282,0.009878602573835542
0.002648702541556396,0.0017020458892124028,0.0017285440727578699,0.011198311122862663
0.0025769499909987135,0.001683700479402279,0.0017305070700231887,0.010959327489962594
0.0019053715778374867,0.0007228362080596036,0.0033376306702682518,0.010205876868893
0.0018331212659880942,0.0007551789734753455,0.0032739350578767437,0.009872491220858013
0.002648676933877945,0.0017020213158481176,0.001726180194398554,0.011192151011597677
0.0025767127045280007,0.0016835783984596507,0.0017278959511846206,0.01095257574149511
0.0019035840956246192,0.0007224946081928248,0.003336516349563531,0.010199543323635403
0.0018312791455747234,0.0007548374771164873,0.0032728748045985,0.009866401541397847
0.0026486545316214208,0.0017019955918538639,0.001723815447134434,0.011186007654260649
0.0025764789124561017,0.001683455279109333,0.001725283439031802,0.010945839289637386
0.0019017942290386989,0.0007221541326189227,0.0033354040270242003,0.010193231901608635
0.0018294343761590403,0.0007544972178621138,0.003271818379687098,0.009860333211412244
0.0026486352272262243,0.001701968666151583,0.0017214498450185685,0.011179881062323557
0.0025762485618679126,0.001683331128159863,0.0017226695340129272,0.010939118233380642
0.001900002050713677,0.0007218147167870975,0.003334293523634003,0.010186942383427681
0.0018275870217420206,0.0007541581350762085,0.0032707656832439104,0.009854286027318606
0.0026486189158386464,0.0017019404893457433,0.0017190834430441779,0.011173771089176008
0.002576021581659284,0.0016832059281771715,0.0017200543057569865,0.010932412491520457
0.0018982076323303388,0.0007214762937965834,0.0033331847333178664,0.01018067468636335
0.0018257371480359596,0.0007538201692664887,0.003269716647288507,0.009848259905436467
0.002648605480334189,0.001701911005660697,0.0017167163155586917,0.0111676775203259
0.002575797906906412,0.0016830796420941572,0.0017174378424047012,0.010925721956986134
0.0018964110557687548,0.0007211387907760062,0.0033320775531290184,0.01017442869248011
0.0018238848349224502,0.0007534832577305966,0.0032686711595012567,0.009842254700417403
0.0026485948118847268,0.0017018801704396353,0.0017143484990161215,0.011161600273671694
0.002575577457777784,0.0016829522300900487,0.0017148202176762548,0.010919046650609464
0.0018946123933627232,0.000720802137637049,0.003330971891192738,0.010168204171297504
0.001822030177861047,0.0007531473270352767,0.003267629059931862,0.009836270188695793
0.0026485868588026307,0.001701847960898842,0.00171197999087708,0.011155539333826873
0.002575360135013113,0.0016828236656978494,0.001712201499282079,0.01091238661633102
0.001892811678516154,0.0007204662827999157,0.0033298677235024023,0.010162000900853946
0.0018201732480751381,0.000752812311318154,0.003266590236050042,0.009830306192690846
0.002648581610377883,0.00170181436849522,0.0017096107925682297,0.011149494592448876
0.0025751458795158976,0.0016826939339032048,0.0017095817549112663,0.010905741787051226
0.001891008927462498,0.0007201311806844114,0.003328765075623589,0.01015581874207455
0.0018183140806083784,0.0007524781610047577,0.003265554659212135,0.009824362597572573
0.0026485790357407,0.001701779389919717,0.0017072409207082577,0.011143465881150701
0.0025749346678733197,0.0016825630313579503,0.0017069610318800504,0.01089911204672137
0.0018892041669162155,0.0007197967806814377,0.003327663958671667,0.010149657571572697
0.0018164527032338256,0.0007521448301162532,0.0032645223340876553,0.009818439267721326
0.0026485790919024165,0.0017017430166455635,0.0017048703919249203,0.011137453068206129
0.0025747264855479125,0.0016824309612797897,0.0017043393515704776,0.010892497317985955
0.0018873974332417331,0.0007194630323656778,0.0033265643551108337,0.010143517233709267
0.0018145891482931173,0.0007518122731138951,0.003263493265230905,0.00981253603007624
0.0026485817407807147,0.001701705233864797,0.0017024992221158037,0.011131456051467859
0.0025745213219421238,0.0016822977265579008,0.0017017167287978637,0.010885897534832682
0.001885588766716708,0.0007191298877915899,0.0033254662414177495,0.010137397575236271
0.0018127234481862507,0.0007514804474323136,0.003262467465815885,0.00980665272128184
0.0026485869417105534,0.0017016660237415405,0.0017001274404169738,0.01112547470141986
0.002574319167028274,0.0016821633304356202,0.0016990931876126596,0.01087931259566474
0.0018837782084726688,0.000718797301795682,0.0033243695941440974,0.0101312984709024
0.001810855630839931,0.0007511493158669279,0.0032614449611938928,0.00980078919998019
0.0026485946443720425,0.0017016253658327437,0.0016977550931930256,0.011119508860058133
0.0025741200146361127,0.001682027775974871,0.0016964687617914464,0.010872742379123713
0.001881965803825181,0.0007184652302604969,0.0033232743770652325,0.010125219797533
0.0018089857251161127,0.0007508188451408327,0.0032604257687078794,0.009794945316769565
0.002648604789542132,0.0017015832389206216,0.0016953822323261135,0.011113558383116059
0.0025739238539702223,0.0016818910647974994,0.0016938434896367545,0.010866186781378153
0.0018801516029986354,0.000718133630712193,0.0033221805408291515,0.010119161409910659
0.0018071137693789763,0.000750489001924239,0.0032594098839544066,0.009789120903213346
0.0026486173236891365,0.0017015396220192163,0.0016930089069598381,0.01110762314423459
0.002573730664761856,0.0016817531959424077,0.0016912174146956195,0.010859645710344368
0.0018783356554911777,0.0007178024657804557,0.003321088039192063,0.010113123153315941
0.001805239807743477,0.0007501597547020625,0.003258397290673091,0.009783315791791956
0.0026486322034989106,0.0017014944959424494,0.001690635165059943,0.011101703009197194
0.002573540426262019,0.0016816141661189928,0.0016885905876090853,0.010853119060821483
0.00187651800839915,0.0007174717025522876,0.003319996836726147,0.010107104878545627
0.0018033638839696552,0.0007498310759203073,0.003257387971912811,0.009777529824210195
0.0026486493891198135,0.0017014478459009186,0.0016882610543401178,0.011095797833229911
0.002573353119281793,0.0016814739735319588,0.0016859630620887122,0.010846606717497497
0.0018746987062388386,0.0007171413115137003,0.003318906904036297,0.010101106435397834
0.0018014860404892534,0.0007495029411180192,0.0032563819105943005,0.00977176283995555
0.0026486688452468233,0.0017013996617496457,0.0016858866199915192,0.01108990747395616
0.002573168726192362,0.0016813326198520052,0.001683334890282519,0.010840108567707585
0.0018728777904210893,0.0007168112667976236,0.003317818215102533,0.01009512766601394
0.0017996063182911723,0.0007491753285553342,0.00325537909034724,0.009766014671953583
0.0026486905426518358,0.0017013499369656533,0.001683511903960628,0.011084031793092456
0.0025729872323583857,0.001681190109441593,0.0016807061215765723,0.010833624498739269
0.0018710553005147907,0.0007164815455190631,0.0033167307491434542,0.010089168411452458
0.0017977247569418888,0.0007488482189797131,0.0032543795005338175,0.00976028515398271
0.0026487144561714647,0.0017012986671432189,0.0016811369471559623,0.011078170648374533
0.0025728086266258803,0.0016810464486216434,0.001678076803084703,0.010827154389823061
0.0018692312754611227,0.0007161521270110398,0.003315644490517689,0.0100832285182209
0.001795841394056312,0.0007485215956974376,0.0032533831390503557,0.009754574124252567
0.0026487405618816624,0.0017012458489154868,0.0016787617913553135,0.011072323892330798
0.002572632902121942,0.0016809016453841897,0.0016754469799113267,0.010820698113698688
0.0018674057545941373,0.0007158229919461574,0.003314559425190036,0.010077307835449103
0.0017939562655812317,0.0007481954442183423,0.0032523900096685095,0.009748881420790223
0.002648768835253558,0.0017011914800522637,0.0016763864790659282,0.011066491378831476
0.002572460054076044,0.0016807557096791032,0.0016728166953429435,0.010814255543333042
0.0018655787774978835,0.0007154941221973045,0.0033134755387205592,0.010071406210672741
0.0017920694068272007,0.0007478697514821115,0.003251400118938773,0.009743206878826434
0.002648799252420238,0.0017011355593461008,0.0016740110534793223,0.011060672964159773
0.0025722900782334445,0.0016806086530982871,0.001670185992003297,0.010807826552018006
0.0018637503834319172,0.0007151655012273563,0.003312392817458278,0.010065523491439063
0.0017901808525151253,0.0007475445059644053,0.003250413476161246,0.009737550333827168
0.0026488317903206396,0.0017010780862557094,0.0016716355590964585,0.011054868503298966
0.002572122971499325,0.0016804604879834463,0.001667554912919112,0.010801411009817305
0.0018619206118966763,0.0007148371138028019,0.003311311249191055,0.010059659527566734
0.0017882906370446673,0.0007472196977403572,0.0032494300931658095,0.009731911623118102
0.0026488664257140067,0.0017010190609042129,0.0016692600414603457,0.011049077849991842
0.0025719587314297363,0.001680311227175896,0.0016649235014418316,0.010795008784611326
0.001860089502901204,0.000714508945849061,0.003310230822541169,0.010053814169374294
0.0017863987951351867,0.0007468953181683179,0.0032484499824380762,0.009726290583910524
0.0026489031359803127,0.0017009584843432658,0.0016668845460914784,0.011043300859446496
0.002571797355682536,0.001680160884165434,0.0016622918009247113,0.010788619744911718
0.0018582570963315646,0.0007141809847350278,0.0033091515271182915,0.01004798726563831
0.0017845053617684917,0.0007465713598699168,0.0032474731561666524,0.009720687052180835
0.002648941900129592,0.0017008963590448608,0.001664509117821079,0.011037537388642198
0.0025716388420431524,0.0016800094733606667,0.0016596598547031663,0.010782243759551955
0.0018564234313367858,0.000713853219477322,0.0033080733546229776,0.01004217866431906
0.0017826103716976367,0.0007462478168386243,0.003246499627120083,0.009715100863960846
0.0026489826990672475,0.0017008326891257781,0.0016621338008643556,0.011031787294318085
0.002571483188915993,0.0016798570103120575,0.0016570277059672583,0.010775880695776004
0.0018545885461542034,0.0007135256407545858,0.003306996299344237,0.010036388214013318
0.0017807138589922419,0.0007459246846070327,0.003245529409848541,0.009709531856219724
0.002649025515272981,0.0017007674802462431,0.0016597586388779157,0.0110260504323643
0.0025713303959756175,0.0016797035117581325,0.0016543953972304982,0.010769530419081104
0.0018527524784644478,0.0007131982406827105,0.0033059203576140924,0.010030615763764801
0.001778815857077492,0.0007456019601802148,0.003244562520825062,0.009703979866124684
0.002649070332438646,0.0017007007394817582,0.0016573836747083052,0.011020326659086544
0.0025711804641209814,0.0016795489956710936,0.001651762969815737,0.010763192794449799
0.0018509152655619995,0.0007128710126958966,0.003304845527296583,0.010024861162386744
0.0017769163989037658,0.0007452796418627967,0.0032435989783125476,0.009698444730444096
0.0026491171356065116,0.0017006324751789746,0.001655008950359895,0.011014615831546006
0.0025710333953342848,0.0016793934812821673,0.0016491304638022147,0.010756867686456732
0.0018490769442992062,0.000712543951529782,0.003303771807783928,0.010019124258838797
0.0017750155167822908,0.0007449577292509856,0.0032426388027307594,0.009692926286046915
0.0026491659109518454,0.001700562696832976,0.0016526345073534865,0.011008917806749858
0.00257088919286622,0.0016792369890353985,0.0016464979182317873,0.010750554958527824
0.0018472375511617595,0.0007122170531007199,0.0033026991998585747,0.010013404902872822
0.001773113242281037,0.0007446362232363193,0.003241682016896556,0.009687424370268701
0.0026492166452608025,0.0017004914149540379,0.0016502603870288952,0.011003232441433825
0.002570747861117616,0.0016790795405407675,0.0016438653711897937,0.010744254473029072
0.001845397122474551,0.0007118903143537044,0.0033016277051996813,0.010007702944911689
0.001771209606368771,0.0007443151258864631,0.0032407286456904846,0.009681938820592517
0.002649269325757016,0.0017004186409069941,0.0016478866305742936,0.010997559592617518
0.0025706094054313384,0.0016789211584384868,0.0016412328598641988,0.010737966091939232
0.0018435556945099291,0.0007115637331920578,0.0033005573260747986,0.010002018235627994
0.0017693046396562754,0.0007439944403301879,0.003239778715531217,0.009676469474371443
0.002649323940074024,0.001700344386817614,0.0016455132789774186,0.010991899117938856
0.0025704738318701376,0.0016787618662434626,0.0016386004206913399,0.010731689677084063
0.0018417133035237329,0.000711237308447236,0.0032994880653501642,0.009996350625911744
0.0017673983724992646,0.0007436741706840208,0.003238832254081167,0.009671016168999852
0.0026493804763254095,0.0017002686655614688,0.0016431403730031106,0.010986250875455867
0.0025703411470546105,0.001678601688260771,0.001635968089532426,0.010725425090012163
0.0018398699856791909,0.0007109110398649696,0.0032984199266308193,0.009990699966993095
0.001765490835004778,0.0007433543220237951,0.0032378892900941703,0.009665578742075433
0.0026494389231188197,0.0017001914907919763,0.001640767953171205,0.010980614723534555
0.002570211358153563,0.0016784406495622328,0.0016333359017487237,0.01071917219199333
0.0018380257769855118,0.0007105849280919434,0.0032973529142844324,0.009985066110335365
0.0017635820570140162,0.0007430349003542466,0.0032369498532727166,0.009660157031308975
0.0026494992695749093,0.001700112877001363,0.0016383960596399174,0.010974990521025211
0.0025700844728017355,0.0016782787760038903,0.0016307038921587313,0.010712930844280235
0.0018361807132516647,0.000710258974645255,0.003296287033486799,0.009979448907485417
0.0017616720681316392,0.000742715912549943,0.0032360139741580063,0.009654750874429494
0.0026495615054375915,0.0017000328395264466,0.001636024732087703,0.010969378127353852
0.0025699604991326727,0.0016781160942115853,0.001628072094976267,0.010706700908136028
0.0018343348300280057,0.0007099331819142217,0.003295222290324817,0.00997384821009448
0.001759760897664167,0.0007423973663436563,0.003235081684231712,0.009649360109283942
0.0026496256211634536,0.0016999513945483349,0.001633654009650474,0.010963777402392075
0.00256983944583972,0.0016779526315744702,0.0016254405437482991,0.010700482244737118
0.001832488162615151,0.000709607553111789,0.0032941586918811723,0.009968263870042326
0.001757848574611695,0.0007420792702883288,0.003234153016038399,0.009643984573900614
0.0026496916078047137,0.001699868559083667,0.0016312839309196236,0.01095818820644016
0.0025697213222054377,0.0016777884162727072,0.0016228092712879053,0.010694274715148158
0.0018306407460421698,0.0007092820922325676,0.0032930962461782424,0.009962695739482183
0.0017559351276007337,0.0007417616337368761,0.0032332280032983597,0.009638624106465599
0.002649759457047442,0.0016997843509436723,0.0016289145339439322,0.010952610400216035
0.00256960613816337,0.0016776234772848766,0.0016201783096102468,0.01068807818038962
0.0018287926150884037,0.000708956804010672,0.003292034962137075,0.009957143670820187
0.0017540205848558133,0.0007414444668106142,0.00323230668097941,0.009633278545283182
0.0026498291610858346,0.001699698788697659,0.0016265458562693719,0.010947043844901519
0.002569493904307372,0.0016774578443825145,0.0016175476899155962,0.01068189250144521
0.0018269438043192218,0.0007086316938607794,0.0032909748494572466,0.009951607516776186
0.0017521049741992258,0.0007411277803610972,0.0032313890853440724,0.009627947728790647
0.002649900712588445,0.0016996118915984302,0.001624177934989693,0.01094148840209023
0.0025693846318733983,0.0016772915481050525,0.001614917442578939,0.01067571753927082
0.0018250943481186385,0.0007083067678413186,0.003289915918559016,0.009946087130436454
0.0017501883230697244,0.0007408115859450343,0.003230475253957536,0.00962263149556774
0.0026499741045699007,0.0016995236795233888,0.001621810806809891,0.010935943933780421
0.002569278332748696,0.0016771246197122538,0.0016122875971876672,0.010669553154783115
0.00182324428075243,0.0007079820325994103,0.0032888581804557475,0.009940582365259194
0.0017482706585385196,0.0007404958957800203,0.003229565225623728,0.009617329684337652
0.0026500493303528113,0.0016994341729194978,0.001619444508067068,0.010930410302403618
0.0025691750193977143,0.0016769570911509032,0.0016096581825695915,0.010663399208952009
0.0018213936363778137,0.0007076574953373761,0.0032878016466840795,0.009935093075026352
0.0017463520073624378,0.000740180722716843,0.0032286590402795102,0.009612042133895781
0.0026501263835330305,0.0016993433927634382,0.0016170790747644336,0.010924887370858389
0.0025690747048199027,0.0016767889950150777,0.0016070292268451738,0.010657255562846147
0.0018195424490541612,0.000707333163796899,0.0032867463292410174,0.009929619113821097
0.0017444323959845763,0.0007398660802047025,0.003227756738907184,0.009606768683146106
0.0026502052579534846,0.0016992513605423385,0.0016147145425770093,0.010919375002480079
0.0025689774025366577,0.001676620364508064,0.0016044007574670832,0.010651122077636908
0.0018176907527477307,0.0007070090462273714,0.0032856922405706903,0.009924160336031215
0.001742511850554825,0.0007395519822741245,0.0032268583634652718,0.0096015091710844
0.0026502859477132465,0.0016991580982369011,0.0016123509468340038,0.010913873061060737
0.002568883126527718,0.001676451233423169,0.0016017728012394524,0.01064499861463555
0.0018158385813262644,0.0007066851513728954,0.003284639393565031,0.009918716596292163
0.0017405903969627944,0.0007392384434977227,0.003225963956818942,0.009596263436786226
0.0026503684471641266,0.001699063628303379,0.0016099883225209383,0.01090838141083324
0.002568791891226742,0.001676281636115372,0.0015991453843369869,0.01063888503531004
0.001813985968553617,0.0007063614884488782,0.003283587801539703,0.009913287749508535
0.001738668060829977,0.0007389254789822928,0.003225073562717295,0.009591031319407466
0.0026504527509138773,0.0016989679736650679,0.0016076267042564826,0.010902899916483208
0.00256870371153286,0.0016761116074846955,0.0015965185323022714,0.010632781201291377
0.0018121329480717905,0.0007060380671313807,0.0032825374782694573,0.009907873650819916
0.0017367448674949302,0.000738613104335992,0.0032241872257805417,0.009585812658195442
0.002650538853858027,0.0016988711577016788,0.0016052661262809895,0.010897428443126043
0.0025686186028060624,0.0016759411829689963,0.0015938922700463331,0.010626686974372138
0.001810279553402911,0.0007057148975253674,0.003281488437967814,0.009902474155612786
0.0017348208420302064,0.000738301335654846,0.0032233049915109946,0.009580607292457143
0.0026506267511489656,0.0016987732042373692,0.0016029066224586106,0.010891966856311995
0.0025685365808642466,0.0016757703985385414,0.001591266621830764,0.0106206022165239
0.0018084258179421112,0.0007053919901574802,0.003280440695308801,0.009897089119504853
0.001732896009199429,0.0007379901895031172,0.003222426906322357,0.009575415061587112
0.002650716438206834,0.0016986741375169436,0.0016005482262807904,0.010886515021989337
0.0025684576620072868,0.0016755992906837998,0.0015886416112659354,0.010614526789867922
0.0018065717749672628,0.0007050693559307979,0.003279394265369552,0.009891718398398837
0.0017309703934808632,0.0007376796828913001,0.00322155301757133,0.009570235805039625
0.0026508079106601187,0.0016985739821821905,0.001598190970887183,0.010881072806516486
0.0025683818630183293,0.0016754278964083136,0.0015860172613049637,0.010608460556677022
0.0018047174576376075,0.0007047470061223428,0.0032783491636443787,0.00988636184845735
0.001729044019048554,0.0007373698332584992,0.003220683373563858,0.009565069362343156
0.0026509011643859326,0.0016984727632358527,0.0015958348890782843,0.010875640076619104
0.0025683092011862412,0.0016752562532036217,0.0015833935942434338,0.010602403379377609
0.0018028628990160904,0.0007044249523409748,0.0032773054059828622,0.009881019326116932
0.0017271169097655664,0.0007370606584569664,0.0032198180235511933,0.009559915573081463
0.0026509961953998813,0.001698370506027944,0.0015934800133359597,0.010870216699436271
0.0025682396942758525,0.0016750843990454125,0.0015807706317265539,0.01059635512056225
0.001801008132085245,0.0007041032065096162,0.003276263008556489,0.009875690688081234
0.0017251890892161312,0.0007367521767254637,0.0032189570177421976,0.009554774276863099
0.002651092999921428,0.0016982672362173543,0.0015911263758385688,0.010864802542462066
0.002568173360536335,0.0016749123723723265,0.0015781483947624572,0.01059031564298132
0.0017991531897284224,0.0007037817808588909,0.0032752219878549654,0.009870375791326534
0.0017232605806668372,0.0007364444066861254,0.0032181004072803616,0.009549645313356777
0.002651191574311041,0.001698162979755786,0.0015887740084857104,0.010859397473538975
0.0025681102187068306,0.0016747402120662527,0.001575526903737338,0.010584284809523418
0.0017972981047723383,0.0007034606878835829,0.003274182360629813,0.009865074493100945
0.0017213314071087788,0.0007361373673134944,0.0032172482442291333,0.009544528522245096
0.002651291915034074,0.0016980577628648852,0.0015864229429041594,0.010854001360881872
0.002568050287975587,0.0016745679574412472,0.001572906178420228,0.010578262483256193
0.0017954429099684352,0.0007031399403480321,0.0032731441438803265,0.00985978665089376
0.0017194015912588196,0.000735831077929395,0.0032164005815450967,0.009539423743221415
0.002651394018712534,0.001697951612009657,0.0015840732104593677,0.010848614073042837
0.002567993588020429,0.0016743956482177123,0.0015702862379864699,0.010572248527391222
0.0017935876379930893,0.0007028195512649028,0.0032721073548519263,0.009854512122458543
0.0017174711555279062,0.0007355255581865047,0.0032155574730669163,0.00953433081600679
0.0026514978820988563,0.001697844553899184,0.0015817248422492418,0.0108432354788927
0.002567940138978675,0.0016742233245163939,0.0015676671010215965,0.01056624280529796
0.0017917323214709676,0.0007024995338763139,0.0032710720110165764,0.009849250765752616
0.0017155401220695244,0.0007352208280559539,0.0032147189735059847,0.009529249580289815
0.0026516035020319566,0.0016977366154677291,0.001579377869122791,0.010837865447656964
0.002567889961439346,0.001674051026851929,0.0015650487855191331,0.010560245180511772
0.0017898769929400274,0.000702179901647095,0.003270038130067015,0.00984400243898113
0.001713608512759316,0.0007349169078025052,0.003213885138443755,0.009524179875762952
0.0026517108755069042,0.0016976278238528138,0.0015770323216818057,0.010832503848837407
0.002567843076465092,0.0016738787961143769,0.0015624313089042646,0.01055425551667358
0.00178802168487625,0.0007018606682571424,0.003269005729915132,0.009838767000584376
0.0017116763491703982,0.0007346138180029851,0.0032130560243444394,0.00951912154211219
0.0026518199996284353,0.001697518206389592,0.0015746882302850596,0.01082715055222351
0.002567799505606748,0.0016737066735601344,0.0015598146880184695,0.01054827367757038
0.0017861664296913097,0.0007015418475689152,0.003267974828673636,0.009833544309204193
0.0017097436526026688,0.0007343115795026627,0.003212231688542626,0.009514074418972146
0.002651930871603012,0.0016974077906004503,0.001572345625049114,0.01082180542792113
0.0025677592708712774,0.0016735347008156546,0.0015571989391220428,0.01054229952712291
0.0017843112597220052,0.0007012234536361566,0.003266945444655292,0.00982833422369312
0.0017078104440710323,0.0007340102134244597,0.0032114121892712327,0.009509038345937549
0.002652043488769972,0.0016972966041746368,0.0015700045358640678,0.010816468346280039
0.002567722394780206,0.0016733629198609197,0.001554584077902275,0.010536332929342234
0.001782456207236124,0.0007009055006788562,0.003265917596369396,0.009823136603133938
0.0017058767442862182,0.0007337097411541451,0.0032105975856823025,0.0095040131625626
0.002652157848553721,0.0016971846749519017,0.0015676649924136771,0.010811139177890217
0.0025676889003317534,0.0016731913730272528,0.001551970119472354,0.010530373748323081
0.0017806013044533572,0.0007005880030719726,0.0032648913024792645,0.009817951306823931
0.0017039425736631037,0.0007334101843326306,0.0032097879378440598,0.00949899870834348
0.0026522739484612333,0.0016970720309104105,0.0015653270241756689,0.010805817793585448
0.0025676588110592523,0.0016730201029866104,0.0015493570783679882,0.010524421848244888
0.0017787465835217367,0.0007002709753371068,0.0032638665818173615,0.009812778194257365
0.0017020079523228258,0.0007331115648479742,0.003208983306749128,0.009493994822684424
0.002652391786112408,0.0016969587001498777,0.0015629906604327456,0.010800504064427776
0.002567632150978088,0.001672849152746269,0.001546744968558342,0.010518477093368164
0.0017768920765462229,0.0006999544321261852,0.0032628434533479673,0.00980761712513236
0.0017000729000835595,0.0007328139048232926,0.003208183754316948,0.00948900134491527
0.0026525113591845517,0.0016968447108779185,0.0015606559302945662,0.010795197861676532
0.0025676089446344274,0.0016726785656445279,0.0015441338034445618,0.010512539348002602
0.001775037815574693,0.0006996383882143598,0.003261821936165371,0.009802467959355264
0.0016981374364619308,0.0007325172266153101,0.0032073893434169925,0.009484018114256174
0.0026526326654282384,0.0016967300913936834,0.0015583228627039484,0.010789899056782366
0.0025675892171033877,0.0016725083853369187,0.0015415235958765338,0.010506608476478224
0.0017731838326182521,0.0006993228584891828,0.003260802049463719,0.009797330557017515
0.0016962015806723477,0.0007322215528067621,0.003206600137860215,0.009479044969821505
0.002652755702655827,0.0016966148700740774,0.0015559914864521724,0.010784607521367817
0.002567572993967066,0.0016723386557992014,0.0015389143581398868,0.010500684343177262
0.0017713301596470634,0.0006990078579390377,0.00325978381253688,0.009792204778398301
0.001694265351629161,0.0007319269061969585,0.003205816202408729,0.009474081750591074
0.0026528804687165676,0.0016964990753663997,0.001553661830189334,0.010779323127222438
0.0025675603013790627,0.0016721694213126762,0.0015363061019709927,0.010494766812471943
0.0017694768285858046,0.0006986934016512083,0.0032587672447542066,0.009787090483958243
0.0016923287679360196,0.0007316333097991766,0.003205037602770422,0.009469128295404732
0.0026530069615559424,0.0016963827357711256,0.0015513339224227866,0.010774045746274103
0.0025675511659918387,0.0016720007264643853,0.0015336988385630326,0.010488855748757981
0.0017676238713238846,0.0006983795047963168,0.0032577523655616713,0.009781987534321324
0.00169039184789837,0.0007313407868331077,0.0032042644056031267,0.009464184442947852
0.0026531351791385673,0.0016962658798334663,0.001549007791544922,0.010768775250579881
0.0025675456150379646,0.0016718326161387015,0.0015310925785663684,0.010482951016391573
0.0017657713197206059,0.0006980661826277723,0.0032567391944612243,0.009776895790273044
0.0016884546095066154,0.0007310493607251578,0.0032034966785508172,0.00945925003173006
0.002653265119478453,0.0016961485361360728,0.0015466834658270864,0.010763511512318394
0.002567543676290652,0.0016716651355191629,0.0015284873320863925,0.010477052479711464
0.0017639192055983373,0.0006977534504661288,0.003255727751002229,0.0097718151127701
0.0016865170704521374,0.0007307590550986365,0.0032027344902147824,0.009454324900085173
0.002653396780640366,0.0016960307332839512,0.0015443609734400441,0.010758254403754459
0.002567545378083381,0.0016714983300848178,0.001525883108693082,0.01047116000299319
0.0017620675607521548,0.0006974413237053927,0.003254718054784713,0.009766745362902117
0.0016845792480908763,0.0007304698937763438,0.003201977910201798,0.009449408886147025
0.0026535301607264147,0.0016959124998995364,0.0015420403424548361,0.010753003797232177
0.0025675507493656932,0.001671332245602601,0.0015232799174096665,0.010465273450449886
0.0017602164169443681,0.0006971298177890282,0.0032537101254327115,0.00976168640191238
0.0016826411594852702,0.0007301819007741971,0.003201227009118725,0.009444501827821
0.002653665257857852,0.0016957938646119804,0.001539721600857688,0.010747759565181104
0.00256755981961596,0.0016711669281390062,0.0015206777667251187,0.010459392686213462
0.001758365805922506,0.0006968189482199982,0.0032527039825814242,0.009756638091178512
0.001680702821357118,0.0007298951002936357,0.003200481858590295,0.009439603562806402
0.002653802070219173,0.0016956748560395393,0.0015374047765632554,0.010742521580040429
0.0025675726189595695,0.0016710024240418604,0.0015180766645910954,0.010453517574296798
0.001756515759403593,0.0006965087305439466,0.0032516996458804986,0.009751600292217041
0.0016787642501134405,0.0007296095167377329,0.0031997425312811157,0.009434713928536414
0.0026539405959756343,0.001695555502790726,0.001535089897426836,0.010737289714308412
0.0025675891781038497,0.0016708387799547271,0.0015154766184159955,0.010447647978597211
0.001754666309100929,0.0006961991803413081,0.003250697134958345,0.009746572866665854
0.001676825461838708,0.0007293251746852584,0.003199009100890428,0.009429832762185267
0.0026540808333294784,0.0016954358334472486,0.0015327769912499953,0.010732063840489785
0.0025676095283708044,0.0016706760428113407,0.0015128776350741393,0.010441783762879148
0.0017528174867037592,0.0006958903132374381,0.003249696469425218,0.009741555676281308
0.0016748864722760431,0.0007290420989073448,0.0031982816421994254,0.009424959900656461
0.002654222780500787,0.0016953158765536335,0.0015304660857975915,0.010726843831069364
0.0025676337017431867,0.00167051425982875,0.001510279720900344,0.010435924790723384
0.001750969323909359,0.0006955821448757874,0.003248697668851855,0.009736548582940796
0.0016729472968339497,0.0007287603143655799,0.0031975602310595525,0.009420095180550411
0.0026543664356774854,0.0016951956606178777,0.0015281572088057477,0.010721629558536627
0.0025676617308118647,0.0016703534785222206,0.0015076828816911907,0.010430070925548846
0.0017491218524022295,0.0006952746909261304,0.003247700752751896,0.009731551448626526
0.0016710079506008005,0.0007284798461988335,0.003196844944413483,0.009415238438146591
0.0026545117970903226,0.0016950752140873903,0.0015258503879975278,0.01071642089532059
0.0025676936488415996,0.0016701937466943886,0.0015050871227072205,0.010424222030566171
0.0017472751038631405,0.0006949679670863931,0.003246705740583986,0.009726564135412757
0.0016690684483157373,0.000728200719742401,0.003196135860314196,0.009410389509398426
0.0026546588629182744,0.0016949545653507478,0.001523545651097572,0.010711217713801886
0.0025677294897494276,0.0016700351124405738,0.0015024924486734665,0.010418377968765703
0.0017454291100076486,0.0006946619890531717,0.0032457126517000225,0.009721586505479104
0.0016671288043728545,0.000727922960513584,0.003195433057941399,0.009405548229911655
0.0026548076313303187,0.0016948337427269726,0.0015212430258356308,0.010706019886288852
0.00256776928812842,0.0016698776241546277,0.0014998988637702805,0.010412538602895576
0.0017435839025371133,0.0006943567725519731,0.0032447215053728064,0.009716618421084153
0.0016651890328371326,0.0007276465942179841,0.0031947366176056685,0.009400714434910393
0.0026549581004833025,0.001694712774453418,0.001518942539966337,0.010700827284992696
0.002567813079260564,0.001669721330520349,0.0014973063716505267,0.010406703795444904
0.001741739513186607,0.0006940523333018559,0.0032437323207521714,0.009711659744565415
0.0016632491474125755,0.0007273716467557309,0.0031940466207847256,0.009395887959238295
0.0026551102684921977,0.0016945916886842436,0.0015166442212708312,0.01069563978202344
0.0025678608991281057,0.001669566280525978,0.001494714975421867,0.01040087340862639
0.001739895973709765,0.0006937486870320184,0.003242745116862374,0.00970671033833028
0.0016613091614616528,0.0007270981442125905,0.0031933631501151055,0.009391068637323452
0.0026552641334341293,0.0016944705134802798,0.0015143480975784158,0.010690457249367407
0.0025679127844156963,0.0016694125234644013,0.0014921246776519329,0.010395047304350853
0.001738053315884732,0.0006934458494733576,0.00324175991259031,0.009701770064853774
0.0016593690879955828,0.0007268261128730437,0.0031926862894310713,0.009386256303168883
0.0026554196933361337,0.0016943492767997578,0.001512054196772229,0.010685279558858778
0.0025679687725319983,0.0016692601089326954,0.0014895354803671022,0.01038922534420668
0.0017362115715326045,0.0006931438363522184,0.0032407767266594088,0.00969683878666676
0.001657428939669917,0.0007265555792183869,0.0031920161237866673,0.009381450790329114
0.002655576946183458,0.0016942280064919514,0.0015097625468035013,0.01068010658216782
0.0025680289016314236,0.0016691090868441402,0.0014869473850479627,0.010383407389427073
0.001734370772506505,0.0006928426633929236,0.003239795577625492,0.009691916366348719
0.0016554887287695246,0.0007262865699274794,0.003191352739462865,0.009376651931892643
0.002655735889879555,0.0016941067302930519,0.001507473175702607,0.010674938190794478
0.0025680932106300477,0.0016689595074250959,0.001484360392623317,0.010377593300890896
0.0017325309507181155,0.0006925423463055717,0.0032388164838536813,0.009687002666517845
0.0016535484672330547,0.0007260191118882166,0.003190696224001555,0.009371859560438116
0.0026558965222589874,0.0016939854758193037,0.0015051861115871804,0.010669774256050707
0.0025681617391762105,0.0016688114212377774,0.0014817745034718976,0.01037178293908615
0.001730692138116461,0.000692242900797639,0.003237839463501605,0.009682097549840337
0.0016516081666260163,0.0007257532321847534,0.0031900466662204046,0.009367073508056975
0.0026560588411007947,0.0016938642705464657,0.001502901382688253,0.010664614648988224
0.0025682345277276875,0.0016686648791597767,0.0014791897174196722,0.010365976164075938
0.0017288543667195455,0.0006919443425644508,0.0032368645345118904,0.009677200879011878
0.0016496678381380293,0.0007254889581299589,0.003189404156241504,0.009362293606298991
0.0026562228440662403,0.0016937431418210809,0.0015006190173485886,0.010659459240462039
0.00256831161754914,0.001668519932409365,0.0014766060337321376,0.010360172835497887
0.0017270176686181114,0.0006916466872780584,0.00323589171457975,0.009672312516735473
0.0016477274925959242,0.0007252263172420142,0.003188768785509468,0.00935751968613584
0.0026563885287116083,0.0016936221168510513,0.0014983390440333568,0.010654307901078202
0.00256839305067072,0.0016683766325586039,0.0014740234511066107,0.010354372812548081
0.001725182075973138,0.0006913499505990763,0.0032349210211355555,0.00966743232573775
0.0016457871404522652,0.0007249653372576685,0.003188140646823637,0.009352751577975344
0.002656555892508331,0.0016935012226811372,0.0014960614913629153,0.01064916050113727
0.0025684788699844637,0.0016682350315233426,0.0014714419676758515,0.010348575953910009
0.0017233476210168147,0.0006910541481777994,0.0032339524713551693,0.009662560168771456
0.0016438467917615051,0.0007247060461522911,0.003187519834369044,0.009347989111634137
0.002656724932804179,0.001693380486204923,0.0014937863881069027,0.010644016910646143
0.002568569119242297,0.0016680951815730462,0.0014688615810044218,0.010342782117764323
0.0017215143360978314,0.00069075929563075,0.003232986082107951,0.009657695908561945
0.001641906456213177,0.0007244484721334781,0.0031869064437203293,0.009343232116268899
0.0026568956467666062,0.0016932599341594801,0.0014915137631979387,0.010638876999348778
0.002568663843017239,0.0016679571353639974,0.001466282288061945,0.010336991161791553
0.0017196822536432062,0.0006904654085608029,0.0032320218699483,0.009652839407837401
0.0016399661431132867,0.0007241926436333214,0.0031863005718884337,0.00933848042039286
0.002657068031498395,0.0016931395931006393,0.001489243645755831,0.010633740636602492
0.002568763086765531,0.001667820945919616,0.0014637040852518407,0.010331202943083394
0.001717851406186382,0.0006901725025591481,0.0032310598511134806,0.0096479905293278
0.0016380258613542115,0.000723938589351881,0.0031857023173547305,0.009333733851861009
0.0026572420838995273,0.001693019489410097,0.001486976065097593,0.010628607691417864
0.0025688668968813634,0.0016676866666472936,0.0014611269683795075,0.010325417318139641
0.0017160218263965225,0.000689880593173949,0.003230100041475395,0.00964314913573146
0.0016360856194513919,0.0007236863382324023,0.003185111780087028,0.009328992237792755
0.0026574178006932487,0.001692899649294937,0.0014847110507389967,0.010623478032464509
0.0025689753206231307,0.0016675543513684082,0.0014585509326453393,0.010319634142892756
0.001714193547055416,0.0006895896959423362,0.0032291424565439623,0.009638315089706032
0.0016341454255220011,0.0007234359194740906,0.003184529061574072,0.009324255404578492
0.002657595178474773,0.001692780098763972,0.001482448632422264,0.01061835152798531
0.002569088406206777,0.0016674240543049794,0.001455975972652406,0.01031385327260698
0.0017123666010706938,0.0006892998263813952,0.0032281871114422066,0.00963348825389378
0.0016322052872673875,0.0007231873625593735,0.0031839542648630682,0.009319523177866166
0.0026577742136121023,0.001692660863636454,0.001480188840125492,0.010613228045811213
0.002569206202807182,0.0016672958300986693,0.0014534020823907794,0.010308074561881255
0.001710541021515608,0.0006890109999712784,0.0032272340208882293,0.009628668490885176
0.0016302652119958095,0.0007229406972387298,0.003183387494595038,0.009314795382499564
0.0026579549022773858,0.0016925419695313932,0.0014779317040701987,0.01060810745334676
0.0025693287605541427,0.0016671697338348354,0.001450829255226842,0.010302297864641017
0.0017087168415968054,0.0006887232321811746,0.003226283199172013,0.009623855663212378
0.001628325206600908,0.0007226959535505629,0.0031828288570253417,0.009310071842507615
0.0026581372404463743,0.0016924234418591371,0.0014756772547405998,0.010602989617528168
0.0025694561305922817,0.0016670458210382177,0.0014482574838957606,0.010296523034079004
0.0017068940946980554,0.0006884365384478153,0.003225334660134329,0.009619049633350661
0.0016263852775553276,0.0007224531618361396,0.0031822784600870685,0.009305352381062613
0.002658321223846962,0.0016923053058243258,0.001473425522897521,0.01059787440481544
0.002569588365062699,0.001666924147702969,0.0014456867604944095,0.010290749922633515
0.001705072814372059,0.0006881509341834692,0.0032243884171593608,0.009614250263711094
0.001624445430915258,0.0007222123527334066,0.0031817364134102957,0.009300636820476995
0.002658506847992508,0.0016921875864073267,0.0014711765395916433,0.010592761681136743
0.002569725517163096,0.001666804770294445,0.0014431170764683833,0.010284978381961216
0.0017032530343546314,0.0006878664347832425,0.003223444483138193,0.009609457416635249
0.0016225056723019541,0.0007219735572100941,0.0031812028283782247,0.009295924982140075
0.0026586941081177175,0.0016920703083697344,0.0014689303361786808,0.01058765131191641
0.0025698676411716414,0.0016666877457719546,0.0014405484225963844,0.010279208262899062
0.0017014347885874201,0.0006875830556102138,0.003222502870458472,0.009604670954361193
0.0016205660069112708,0.0007217368065505958,0.0031806778181609216,0.009291216686487044
0.0026588829992043044,0.0016919534962476677,0.0014666869443237306,0.010582543162019972
0.0025700147924265196,0.0016665731316068142,0.001437980788983013,0.010273439415454163
0.0016996181111996987,0.0006873008120126849,0.0032215635909888423,0.009599890739048314
0.0016186264395078084,0.0007215021323838697,0.003180161497753275,0.009286511752989075
0.002659073515971245,0.001691837174336609,0.0014644463960364184,0.010577437095705095
0.0025701670273943927,0.001666460985789607,0.0014354141650576697,0.010267671688721119
0.0016978030365600368,0.0006870197193151566,0.0032206266560413626,0.009595116632750988
0.001616686974392769,0.0007212695666947632,0.0031796539840531117,0.009281810000107572
0.0026592656528169716,0.0016917213666966656,0.0014622087236705597,0.010572332976640137
0.0025703244036966613,0.0016663513668548652,0.001432848539540025,0.010261904930896576
0.0016959895992554365,0.0006867397928181457,0.0032196920763627327,0.00959034849741801
0.0016147476154433863,0.0007210391418246787,0.0031791553958617587,0.009277111245242742
0.002659459403825968,0.001691606097144172,0.0014599739599421744,0.010567230667866
0.0025704869801105885,0.0016662443339004217,0.0014302839004394364,0.01025613898922086
0.0016941778341257347,0.000686461047806572,0.0032187598621092675,0.009585586194863539
0.0016128083660638867,0.0007208108904970909,0.00317866585397708,0.009272415304710197
0.002659654762792868,0.0016914913892396785,0.0014577421379485481,0.010562130031744112
0.0025706548166209114,0.0016661399465993868,0.0014277202350418683,0.010250373709940737
0.0016923677762587335,0.0006861834995468668,0.003217830022828733,0.00958082958678578
0.0016108692291953858,0.0007205848458294872,0.0031781854812305676,0.00926772199371092
0.002659851723145337,0.0016913772662946209,0.0014555132911797334,0.01055703092994433
0.0025708279744556498,0.00166603826522803,0.0014251575298877882,0.010244608938262288
0.0016905594610095095,0.0006859071632909352,0.0032169025674350198,0.009576078534740545
0.0016089302073278879,0.0007203610413384458,0.003177714402530659,0.009263031126272837
0.0026600502779657947,0.0016912637513558392,0.0014532874535399263,0.010551933223423881
0.0025710065160777606,0.0016659393506823655,0.0014225957707639362,0.01023884451833405
0.0016887529240286632,0.0006856320542733527,0.003215977504193406,0.009571332900124862
0.001606991302451482,0.0007201395109713979,0.0031772527449500827,0.009258342515217136
0.0026602504199758088,0.0016911508672062178,0.0014510646593549176,0.010546836772379515
0.0025711905052837073,0.0016658432644979793,0.0014200349426770884,0.010233080293188122
0.0016869482012447981,0.0006853581877218832,0.0032150548406875866,0.009566592544183402
0.001605052516086662,0.0007199202891050802,0.0031768006377545536,0.009253655972122254
0.0026604521415050726,0.001691038636357573,0.0014488449433940973,0.01054174143623412
0.0025713800071636415,0.001665750068882386,0.0014174750298455512,0.010227316104702377
0.0016851453289082278,0.0006850855788505811,0.003214134583815016,0.009561857327982513
0.001603113849262491,0.0007197034105717007,0.003176358212491243,0.009248971307269958
0.0026606554344779064,0.0016909270810435374,0.0014466283408940625,0.010536647073578181
0.0025715750882050526,0.00166565982672498,0.0014149160156767555,0.010221551793540033
0.0016833443435870672,0.0006848142428694172,0.0032132167397449286,0.009557127112414382
0.001601175302495354,0.0007194889106778403,0.0031759256030426085,0.009244288329609978
0.0026608602904179177,0.001690816223217641,0.0014444148875598017,0.01053155354215886
0.002571775816292933,0.0016655726016321353,0.0014123578827428744,0.010215787199129103
0.0016815452821931215,0.0006845441949855852,0.003212301313914331,0.009552401758164988
0.001599236875805399,0.000719276825217755,0.003175502945699328,0.009239606846696218
0.002661066700406813,0.0016907060845497007,0.0014422046195933015,0.010526460698839463
0.002571982260743209,0.001665488457950869,0.001409800612770862,0.010210022159601517
0.0016797481819865363,0.0006842754504034269,0.003211388310997324,0.00954768112571459
0.0015972985686833004,0.0007190671904901327,0.003175090379227841,0.009234926664660421
0.0026612746550930652,0.001690596686413161,0.0014399975737113386,0.01052136839954585
0.002572194492376618,0.0016654074607939135,0.0014072441866118883,0.010204256511730432
0.001677953080592081,0.0006840080243338975,0.003210477734886555,0.009542965075329682
0.0015953603800927722,0.0007188600433272315,0.0031746880449581524,0.009230247588143142
0.0026614841446472616,0.001690488049890188,0.0014377937871573204,0.010516276499262425
0.0025724125835402123,0.0016653296760645582,0.001404688584224536,0.010198490090901888
0.0016761600160278417,0.0006837419319899826,0.0032095695886696076,0.009538253467032343
0.0015934223084698128,0.0007186554211053344,0.0031742960868469897,0.009225569420238075
0.002661695158755579,0.0016903801957608782,0.0014355932977259598,0.01051118485195844
0.002572636608139269,0.0016652551704970718,0.0014021337846466448,0.01019272273104215
0.0016743690267140392,0.0006834771885990324,0.0032086638746023372,0.009533546160604357
0.0015914843516835898,0.0007184533617700909,0.003173914651578083,0.009220891962465446
0.0026619076866194274,0.0016902731444943416,0.0014333961437813397,0.010506093310559874
0.002572866641716706,0.0016651840116758236,0.0013995797659718445,0.010186954264560706
0.0016725801514774566,0.0006832138094027686,0.0032077605940955076,0.00952884301556636
0.0015895465070497414,0.0007182539038625166,0.003173543888635433,0.009216215014681546
0.0026621217169092225,0.0016901669162532392,0.0014312023642752939,0.010501001726914799
0.0025731027614932143,0.001665116268072628,0.0013970265053236345,0.010181184522302903
0.0016707934295868232,0.0006829518096586454,0.0032068597476826617,0.009524143891153277
0.0015876087713104705,0.0007180570865350102,0.003173183950394844,0.009211538375034089
0.0026623372377831806,0.0016900615308821825,0.0014290119987598751,0.010495909951745893
0.0025733450463762773,0.0016650520090792929,0.0013944739788304015,0.010175413333490391
0.0016690089007651502,0.000682691204652825,0.0032059613350077024,0.009519448646309927
0.0015856711406188459,0.0007178629495836297,0.003172834992227652,0.009206861839906658
0.002662554236845856,0.0016899570079036796,0.0014268250874267193,0.010490817834579946
0.0025735935770847982,0.0016649913050394746,0.0013919221615985786,0.010169640525628462
0.001667226605195653,0.0006824320097020863,0.0032050653547958086,0.009514757139674482
0.001583733610531873,0.0007176715334673143,0.0031724971725846742,0.009202185203848249
0.0026627727011154447,0.0016898533665137387,0.0014246416711104631,0.010485725223738017
0.0025738484361566495,0.001664934227287796,0.0013893710276727087,0.0101638659244775
0.0016654465835639176,0.0006821742401530188,0.0032041718048252095,0.009510069229547401
0.0015817961759884314,0.0007174828793390471,0.0031721706531090956,0.009197508259498461
0.002662992617046767,0.0016897506255825671,0.0014224617913131238,0.010480631966271166
0.002574109708009789,0.0016648808481893632,0.0013868205500160023,0.010158089353960082
0.0016636688770481558,0.0006819179113968865,0.003203280681920063,0.009505384773892738
0.0015798588313044846,0.0007172970290677374,0.0031718555987461875,0.009192830797534994
0.002663213970475427,0.0016896488036376256,0.0014202854902346908,0.010475537907893104
0.002574377479028101,0.0016648312411732254,0.0013842707004689276,0.010152310636092756
0.0016618935273659443,0.0006816630388745724,0.0032023919819159892,0.009500703630308058
0.0015779215701447443,0.0007171140252755853,0.0031715521778555023,0.009188152606596993
0.0026634367466363737,0.0016895479188673253,0.0014181128107902444,0.01047044289293088
0.0025746518376010695,0.001664785480775328,0.0013817214497236288,0.01014652959090601
0.0016601205767743678,0.000681409638074521,0.0032015056996341244,0.009496025656007077
0.0015759843855239822,0.0007169339113604585,0.0031712605623124305,0.009183473473199437
0.0026636609300917,0.001689447989113877,0.0014159437966316003,0.010465346764299069
0.002574932874198079,0.0016647436426840971,0.00137917276727935,0.010140746036385482
0.0016583500681016932,0.0006811577245488577,0.003200621828860177,0.009491350707793198
0.0015740472697737254,0.0007167567315289927,0.003170980927648992,0.00917879318166674
0.0026638865047803524,0.001689349031867999,0.0014137784921733443,0.010460249363399756
0.002575220681452462,0.0016647058037799342,0.0013766246214092354,0.0101349597883657
0.0016565820447636797,0.0006809073139239654,0.003199740362332268,0.009486678642043774
0.0015721102145277767,0.0007165825308386923,0.0031707134531829776,0.009174111514051323
0.002663951692251095,0.0016891484950227503,0.00141153123097797,0.010454515706225385
0.0025755143677749196,0.0016646707983068608,0.0013740791476172449,0.010129175591188117
0.0016548164333624975,0.000680659909018095,0.0031988586553151448,0.009481997195339941
0.001570175221287922,0.0007164128272846559,0.003170447502280715,0.009169415447853022
0.0026639852798731305,0.0016889289636411076,0.0014092643835473934,0.01044864437405122
0.0025758138853960544,0.0016646415228224886,0.0013715342756039136,0.010123396452101835
0.0016530527921851245,0.0006804186644392524,0.0031979780728901954,0.009477300804424462
0.0015682436229327442,0.0007162492957184141,0.003170185345688789,0.009164704150764535
0.0026640295675631315,0.0016887146789385907,0.0014069991489948199,0.010442766374826464
0.0025761203768558515,0.0016646195584925573,0.0013689909136967828,0.01011760471440989
0.0016512900974268586,0.0006801864499683109,0.003197104424149633,0.009472599713220415
0.001566312706816136,0.0007160952954052084,0.0031699374759635236,0.009159986576091479
0.0026640827188604867,0.0016885041317338393,0.0014047390516442769,0.01043686494391468
0.0025764416112851727,0.0016646042752554897,0.0013664494423943105,0.010111789192008684
0.001649531184886581,0.0006799622092497064,0.0031962361077973013,0.009467894381293007
0.0015643815331481713,0.0007159520483329952,0.003169705703217807,0.00915525801696398
0.002664138881340157,0.0016882980429206384,0.0014024835135666887,0.010430949469917659
0.002576776650961199,0.0016645969221887192,0.0013639075515519006,0.010105960077190033
0.0016477778303123688,0.0006797446630118189,0.0031953683505881493,0.009463175356347085
0.001562452628312892,0.000715817415833092,0.003169486636081722,0.009150509243757182
0.002664200570934121,0.0016880966668738314,0.001400231931018212,0.01042502850065396
0.002577121125504398,0.0016645985016224482,0.001361365208538552,0.010100122079274352
0.001646028170278711,0.0006795346495611172,0.003194503052293417,0.009458443299690296
0.0015605253845689194,0.0007156910993381802,0.0031692831185245185,0.009145743740659917
0.002664269368968084,0.0016878987486802822,0.0013979866613489508,0.01041909416640828
0.0025774774673301506,0.0016646075725483985,0.001358824742865079,0.010094267145108348
0.0016442825372199124,0.000679331347903368,0.003193643440447702,0.009453704732913104
0.0015585983533634908,0.0007155735434793825,0.003169098685309714,0.009140966983030279
0.002664340455099572,0.0016877038951767392,0.0013957488090111274,0.010413143669476856
0.002577845863962853,0.0016646233526132748,0.0013562866261033885,0.010088395239242732
0.001642542398921364,0.0006791330739663109,0.003192788509597526,0.009448958274208065
0.0015566728025558918,0.0007154632922327406,0.003168931021644855,0.009136176103836161
0.0026644134073073368,0.00168751249085758,0.0013935170223703251,0.010407184272434204
0.0025782232202787333,0.0016646460780027875,0.0013537502142451172,0.010082513530644304
0.001640806841475416,0.0006789397405240493,0.0031919379539651982,0.009444200029063387
0.0015547494415689333,0.0007153592079439994,0.0031687775207232165,0.009131368995592158
0.0026644912077021135,0.0016873248783435095,0.0013912902472324128,0.010401218217866997
0.0025786090380694,0.001664675378072123,0.0013512160022695185,0.010076622652675518
0.001639074555845814,0.0006787515129579512,0.0031910945911311113,0.009439431391040356
0.001552827516322966,0.0007152612248839625,0.003168638792038426,0.009126548846732148
0.0026645741229828317,0.0016871415317425368,0.0013890681193589106,0.01039524193706445
0.002579003726742316,0.0016647109432254563,0.0013486845144138756,0.010070719705061543
0.001637345005194026,0.0006785680750897901,0.003190260876393275,0.009434654465479435
0.0015509065597535052,0.0007151691378145218,0.0031685154808992243,0.009121717590538926
0.0026646622026599916,0.0016869631030223078,0.0013868495939146725,0.010389255038030811
0.0025794072980404904,0.0016647530508045807,0.0013461550701567289,0.01006480560964598
0.0016356175534654,0.0006783892751819709,0.0031894376954063174,0.00942986806064732
0.0015489863875009916,0.0007150825811496292,0.0031684071189778383,0.00911687394399045
0.0026647569050449863,0.0016867903528241415,0.0013846330077969655,0.01038326005544506
0.0025798200715400435,0.0016648021936413225,0.001343626474324938,0.010058882550601698
0.0016338914019964103,0.0006782151661892946,0.0031886261938032056,0.009425071004783738
0.0015470666002335143,0.0007150013538037792,0.0031683143535472984,0.009112017431661183
0.0026648595827928026,0.001686623857594948,0.001382417251660867,0.010377256891744692
0.002580242666552867,0.0016648589431309789,0.0013410977980602686,0.01005294976791887
0.0016321658395054715,0.0006780458447804825,0.0031878281501899193,0.009420264517320658
0.0015451463651920772,0.0007149255788697485,0.003168239736775067,0.009107149304796716
0.0026649707216598872,0.0016864637973069375,0.0013802020548803163,0.010371243251928872
0.002580676553379176,0.0016649238976435435,0.0013385681048194995,0.010047005208326677
0.0016304406357759912,0.000677881204021427,0.0031870443919334154,0.009415449934822288
0.001543224707323902,0.000714855559301552,0.0031681860660904637,0.00910226981029535
0.0026650899091770577,0.0016863101993812794,0.0013779873242779235,0.010365218680576178
0.0025811233516571295,0.0016649977863185542,0.0013360360499709944,0.010041048516807599
0.0016287160754899592,0.0006777209386235122,0.0031862742649369233,0.009410627200866663
0.0015413010664753746,0.0007147914199127589,0.003168155517111724,0.009097377679176406
0.0026652166663963793,0.0016861628991147082,0.0013757731309937693,0.010359183997804236
0.002581584032581514,0.0016650814032232802,0.0013335003116463089,0.010035079810620443
0.0016269925045547147,0.0006775648801237257,0.003185516686150253,0.009405796555557506
0.0015393750097287922,0.0007147333270336518,0.003168150464023616,0.009092472194398986
0.002665350500852327,0.0016860212987508554,0.0013735602199049096,0.010353138527264008
0.002582059779650032,0.00166517525588353,0.00133096007363419,0.010029097701479034
0.0016252704879323448,0.0006774128652089347,0.0031847703698677328,0.00940095927169822
0.001537445991837759,0.0007146816827015808,0.0031681733867517502,0.009087553358130244
0.0026654900311802975,0.001685884573656757,0.0013713498052217144,0.010347081120374167
0.0025825518622031676,0.0016652796112139163,0.0013284148194557955,0.010023100753964632
0.0016235510193110465,0.0006772645390369612,0.003184033168649167,0.00939611615557558
0.0015355138170667826,0.0007146367814146049,0.0031682257221950644,0.009082620446321103
0.002665633541159364,0.0016857519046546636,0.0013691430874714656,0.010341011997408245
0.0025830607530863215,0.0016653946734716022,0.0013258641952195527,0.01001708881310241
0.0016218351034758504,0.0006771196027890087,0.0031833023716585033,0.009391267165394264
0.0015335786853985182,0.0007145987382403995,0.0031683077745900024,0.009077672290738541
0.0026657797818699556,0.0016856224313598444,0.001366941275195638,0.010334931710847555
0.0025835864516095767,0.001665520409986081,0.001323308275705582,0.010011061819902111
0.0016201235880811294,0.0006769778893574424,0.003182575511816702,0.009386412408535723
0.001531640886273401,0.0007145676817341238,0.0031684192896429516,0.009072708340532126
0.002665927544770501,0.00168549529262595,0.0013647456322958373,0.010328840166685479
0.0025841288001066253,0.0016656564765212345,0.001320747595755459,0.010005019297949473
0.0016184173149184087,0.0006768392012577716,0.0031818504595036044,0.009381552127188135
0.0015297008559537585,0.0007145436705672538,0.003168559355602265,0.009067728364952222
0.0026660755726889136,0.0016853697869681457,0.0013625572156888823,0.010322737473262867
0.0025846871910158577,0.0016658023881924798,0.0013181829106953349,0.009998961293089612
0.001616716991483307,0.0006767033407725818,0.0031811253353842793,0.009376686030854462
0.0015277592457241303,0.0007145265797983255,0.0031687262180709087,0.009062731912384896
0.0026662230772468063,0.0016852454490602188,0.001360376701204728,0.010316624364034927
0.0025852606067665825,0.0016659575949811742,0.0013156151063667592,0.009992888499606068
0.0016150230127108221,0.0006765701941050409,0.0031803988354086937,0.009371813454918377
0.0015258167589144046,0.0007145161676306564,0.003168917679762004,0.009057718653277638
0.002666369776405598,0.0016851220480203794,0.0013582044324343115,0.010310501532227127
0.0025858478906245147,0.001666121482609345,0.0013130451954556897,0.009986801597065022
0.0016133354887160065,0.0006764396960703531,0.003179670489435648,0.009366933831990658
0.0015238740326467728,0.0007145121331603694,0.0031691315536507263,0.009052688688227383
0.0026665156841021286,0.0016849995780682156,0.0013560404490608289,0.010304369361287776
0.0025864478806008917,0.0016662934414609601,0.001310474186404615,0.009980701160551992
0.0016116543037740187,0.0006763117887724449,0.003178940552719463,0.009362046626901575
0.0015219316142314721,0.0007145141165451584,0.0031693657955024113,0.009047642278832646
0.0026666611131451047,0.001684878261643057,0.0013538844387388578,0.010298228287081171
0.0025870594922925137,0.0016664729611099178,0.001307902911572284,0.00997458795013582
0.0016099791279180478,0.0006761864257140333,0.0031782098442460858,0.009357151152454848
0.0015199899327766634,0.0007145217120697588,0.003169618624340215,0.009042579634397127
0.0026668067105241767,0.0016847585265587345,0.0013517357676721075,0.010292078846483244
0.002587681800948977,0.0016666596926165039,0.0013053319550919177,0.00996846279563908
0.0016083094326167157,0.0006760635892433338,0.003177479704516202,0.009352246747084843
0.0015180492369756382,0.0007145345216453705,0.0031698888059934656,0.009037501038914894
0.0026669533665843984,0.001684640929871827,0.0013495936171737239,0.010285921333386055
0.0025883141798487613,0.001666853469126879,0.0013027616371906762,0.009962326255777736
0.0016066445630805125,0.0006759432829270059,0.003176751876060895,0.009347332987324503
0.0015161095433946262,0.0007145522191445533,0.0031701758523311327,0.009032406892253127
0.002667102035952535,0.0016845260824747683,0.001347457096077449,0.010279755733490046
0.002588956413575672,0.0016670543177539927,0.0013001919688052919,0.00995617858801688
0.0016049838509724183,0.0006758255016710236,0.0031760282260201557,0.009342409626291183
0.001514170660615077,0.0007145745703237955,0.0031704800005113243,0.009027297513599767
0.0026672536176265836,0.0016844145956802284,0.001345325303877357,0.010273581932961375
0.0025896086686964565,0.0016672624772198304,0.0012976226209496925,0.009950019882067195
0.001603326684189001,0.0006757102314819421,0.003175310500741103,0.00933747651514405
0.0015122322369521695,0.0007146014372819622,0.003170802156685979,0.009022173037731585
0.002667408919060699,0.00168430701139582,0.001343197430563167,0.01026739971144881
0.002590271461374218,0.0016674783791211963,0.0012950529738753073,0.009943849981211273
0.0016016725496307445,0.0006755974641067992,0.003174600186633548,0.009332533691068425
0.001510293772322229,0.0007146328098448977,0.003171143878328138,0.00901703348133715
0.002667568557181229,0.001684203730533091,0.0013410728767665962,0.01026120860863387
0.0025909456674326104,0.001667702595983415,0.0012924821974466582,0.00993766836696992
0.0016000211056327988,0.0006754871825222864,0.0031738983597591917,0.009327581414575733
0.0015083546551916468,0.0007146688177112697,0.003171507255096682,0.009011878732537799
0.0026677328350239206,0.0016841049742843824,0.0013389513175299196,0.010255007998712502
0.0025916324420475765,0.0016679357978424915,0.00128990931407982,0.009931474255330064
0.0015983722366517239,0.0006753793470145205,0.003173205527085797,0.009322620067953855
0.0015064142419313655,0.0007147097040844452,0.0031718946859006364,0.009006708462552802
0.00266790172592155,0.0016840107641826329,0.0013368327242584523,0.0102487972329795
0.0025923330866948844,0.001668178705791504,0.0012873332769961696,0.009925266718922547
0.0015967260564094573,0.0006752739042675209,0.0031725215679429273,0.009317650090823134
0.0015044719172905934,0.0007147558027410586,0.0031723086797391603,0.00900152213878529
0.002668074896539524,0.001683920910096749,0.0013347173830909765,0.010242575644059393
0.002593048955706834,0.001668432026528218,0.0012847530744500772,0.009919044696537132
0.0015950828994730892,0.000675170790650753,0.003171845764166771,0.009312671982304949
0.0015025271345023067,0.0007148075196723933,0.0031727516845077817,0.008996319100695498
0.0026682517033093114,0.0016838350215801115,0.0013326058869473005,0.010236342542502126
0.002593781362174427,0.001668696393450525,0.0012821678194977987,0.009912807038415043
0.0015934433065925464,0.0006750699259531728,0.003171176853423002,0.00930768625238314
0.0015005794632709584,0.0007148652970620182,0.003173225892682297,0.00899109858283643
0.0026684312311688638,0.0016837525444704084,0.001330499082730137,0.010230097304650878
0.0025945314628801246,0.0016689723266072303,0.0012795768124666195,0.009906552631938178
0.0015918079803680625,0.0006749712164101065,0.0031705131214009993,0.009302693336422658
0.0014986286296107465,0.0007149295713329822,0.0031737330651572114,0.008985859730297802
0.002668612386577306,0.001683672809618132,0.001328397996987329,0.010223839439224457
0.002595300168547418,0.0016692602005996017,0.0012769795910651622,0.00990028048838712
0.0015901777217141987,0.0006748745634647125,0.003169852557087721,0.0092976935551643
0.0014966745302878038,0.0007150007406914632,0.003174274425434589,0.008980601665254499
0.002668793989741319,0.001683595087736068,0.001326303756676433,0.010217568582848823
0.002596088092289664,0.001669560222171601,0.0012743759633143804,0.00989398977383215
0.0015885533660977482,0.0006747798683533406,0.0031691930350192412,0.009292687103058922
0.0014947172306300491,0.0007150791382542719,0.0031748506096428556,0.008975323556153264
0.002668974859344988,0.0016835186504470152,0.0013242175002447924,0.010211284499951224
0.0025968955225885155,0.0016698724271395572,0.0012717660089643192,0.009887679851251533
0.0015869357199453221,0.0006746870354264649,0.003168532488854985,0.009287674020623053
0.0014927569521148692,0.0007151650080711749,0.0031754616551401436,0.008970024651393082
0.002669153906822369,0.001683442832970876,0.0013221402833542288,0.010204987104250968
0.0025977224201880443,0.0016701966962922989,0.0012691500526865896,0.009881350325485299
0.0015853254967684166,0.0006745959784971117,0.0031678690761425482,0.009282654173347126
0.0014907940460886723,0.0007152584899575527,0.003176107044690262,0.008964704306667624
0.002669330227345929,0.0016833670888912735,0.0013200729966964231,0.010198676448804882
0.0025985684474648042,0.001670532783804094,0.0012665286196989053,0.009875001043180164
0.00158372326192497,0.0006745066278853546,0.0031672013295963434,0.009277627265212182
0.001488828952807393,0.0007153596176099258,0.003176785811972321,0.008959362019728896
0.0026695031661251103,0.0016832910313943085,0.001318016304566411,0.010192352681635854
0.00259943303064246,0.0016708803550995286,0.0012639023756925417,0.009868632057452944
0.0015821293951933247,0.0006744189343082371,0.003166528269933958,0.00927259286737898
0.001486862153391547,0.0007154683273018459,0.0031774966844132085,0.00895399744573107
0.0026696723565900887,0.0016832144607452333,0.0013159706025904702,0.01018601600764862
0.002600315441012552,0.0016712390338834851,0.0012612720519167091,0.00986224359002177
0.0015805440718499614,0.0006743328705920857,0.0031658494660325156,0.00926755044349586
0.0014848941220377589,0.000715584473627162,0.003178238244179804,0.008948610384266108
0.0026698377375532763,0.0016831373760325464,0.001313935997825363,0.01017966665732031
0.002601214884773557,0.0016716084542454533,0.001258638364917514,0.009855835983809222
0.0015789672597062386,0.0006742484337746063,0.0031651650477580832,0.009262499384139677
0.0014829252790379346,0.0007157078533922584,0.0031790091036818582,0.008943200757534632
0.0026699995466477745,0.0016830599681397166,0.0013119123172905594,0.010173304839520567
0.0026021306013368777,0.0016719883106907113,0.0012560019410697686,0.009849409631100484
0.0015773987342788606,0.000674165645951827,0.0031644756736876204,0.00925743905570559
0.001480955946736747,0.0007158382371376697,0.003179808082959396,0.008937768584045618
0.0026701582831029254,0.0016829825955699093,0.0013098991425021978,0.010166930689539621
0.002603061962129016,0.0016723784023716963,0.0012533632495404232,0.009842964894711734
0.0015758381130020482,0.0006740845519452564,0.003163782450643902,0.009252368847238153
0.0014789863154297716,0.0007159754029898175,0.0031806343661157505,0.008932313936993043
0.002670314646797522,0.0016829057471149664,0.0013078958630686234,0.010160544233229122
0.002604008555174502,0.0016727786699182122,0.0012507225472454166,0.009836502040502333
0.0015742849025798984,0.0006740052156780717,0.0031630868131533644,0.009247288207885977
0.0014770164222552944,0.0007161191692993645,0.0031814876244579677,0.008926836892166553
0.0026704694651074217,0.001682829994042721,0.0013059017456645012,0.010154145361494097
0.002604970250619902,0.001673189221177742,0.0012480798422224197,0.009830021176232157
0.0015727385537695465,0.000673927716593784,0.003162390379308727,0.009242196681201412
0.0014750461417080384,0.0007162694254113473,0.003182368102919199,0.008921337478997263
0.002670623610029409,0.0016827559353751553,0.0013039160142597236,0.01014773380718341
0.0026059472464602805,0.0016736103430021892,0.0012454348786438898,0.009823522195659604
0.0015711985209771438,0.0006738521448583801,0.003161694794678125,0.009237093934093773
0.0014730751885133177,0.0007164261579167756,0.003183276662613539,0.008915815636053176
0.0026707779096806564,0.0016826841418700789,0.0013019379331237861,0.010141309134154194
0.0026069400886561383,0.0016740424995051926,0.0012427871422559032,0.009817004740880696
0.001569664321841532,0.0006737785955435937,0.003161001574463233,0.009231979771765536
0.001471103133974797,0.0007165894689021397,0.003184214773791788,0.008910271168906556
0.002670933065377866,0.0016826151036374952,0.0012999668845709474,0.01013487074372658
0.0026079496628224827,0.0016744863177751712,0.0012401358850189204,0.009810468187532773
0.0015681355903486023,0.0006737071633242436,0.003160311958633719,0.009226854138924967
0.001469129433355719,0.0007167595853377654,0.0031851844629534323,0.008904703716967874
0.0026710895819698015,0.001682549185073544,0.0012980024363350336,0.010128417891157626
0.0026089771610504566,0.0016749425617729845,0.001237480167572966,0.00980391164719136
0.0015666121195300736,0.0006736379379333991,0.0031596267935765105,0.00922171711165989
0.0014671534607867953,0.0007169368597827388,0.0031861882217061703,0.008899112734903406
0.002671247714096918,0.001682486590618469,0.001296044393765046,0.010121949708579296
0.0026100240278776475,0.0016754120967785958,0.0012348189153611488,0.009797333986413215
0.0015650938913574681,0.0006735710000935428,0.0031589464478891096,0.009216568879074408
0.0014651745492570412,0.0007171217620488438,0.003187228884177085,0.00889349748697579
0.0026714074324277956,0.0016824273443130022,0.0012940928320464774,0.010115465237169313
0.002611091888724973,0.0016758958480301283,0.001232150982817099,0.009790733864674172
0.0015635810914189658,0.000673506418438077,0.0031582707673544347,0.009211409713998472
0.0014631920329021084,0.0007173148622923491,0.0031883094824581067,0.00888785705297993
0.002671568413800507,0.0016823712844338515,0.0012921481062880243,0.010108963465874369
0.0026121824668170705,0.0016763947569399533,0.0012294752205237814,0.009784109786798039
0.001562074107033487,0.0006734442480335523,0.003157599072912518,0.009206239936959067
0.001461205287581371,0.0007175168074378799,0.003189433093396481,0.008882190347260191
0.0026717300552126498,0.0016823180730193993,0.001290210839765433,0.01010244337021816
0.0026132974964622143,0.001676909738032305,0.0012267905404220914,0.009777460162757962
0.0015605735097090345,0.0006733845303642974,0.0031569302012105925,0.009201059877572438
0.0014592137665206731,0.0007177282931497481,0.003190602689194613,0.008876496149461635
0.0026718915088953504,0.0016822672192926154,0.00128828189173412,0.010095903948705834
0.002614438639344806,0.0016774416400461357,0.0012240959737945,0.00977078337124623
0.0015590800240521466,0.0006733272945543444,0.003156262582449198,0.009195869834918971
0.0014572170287196083,0.0007179500333366158,0.003191821002335058,0.008870773142670964
0.0026720517357300337,0.0016822181149947486,0.001286362307479217,0.010089344256089445
0.0026156074097296576,0.0016779912143638906,0.001221390717438988,0.009764077823457009
0.0015575944855401459,0.0006732725599311309,0.003155594348497888,0.009190670039366492
0.0014552147582260044,0.0007181827296161682,0.003193090414759277,0.008865019955685014
0.0026722095730759544,0.0016821700785224036,0.0012844532550316458,0.010082763430182908
0.0026168051143023174,0.0016785590929096015,0.0012186741651057141,0.009757342020961818
0.0015561177906263507,0.0006732203398646599,0.0031549234626734924,0.009185460619708168
0.0014532067727903938,0.0007184270433227175,0.0031944128798367883,0.008859235207090978
0.0026723638110551333,0.0016821224041067109,0.001282555954098272,0.010076160708957223
0.0026180328113643066,0.0016791457768563507,0.0012159459222667035,0.009750574602567206
0.001554650843520732,0.000673170646388881,0.003154247860443347,0.00918024157802621
0.0014511930215434388,0.000718683572262638,0.0031957898822433653,0.00885341754726501
0.002672513270804174,0.0016820744122361462,0.00128067160268024,0.010069535437815566
0.0026192912919495172,0.001679751636904715,0.0012132058033256174,0.009743774377709052
0.0015531945037882229,0.0006731234952699243,0.0031535655896451718,0.009175012773171305
0.0014491735724076837,0.0007189528337692569,0.0031972224374402997,0.008847565694363083
0.0026726568791439784,0.0016820254974573249,0.0012788013069741258,0.010062887067183703
0.002620581083634412,0.0016803769249762158,0.0012104538118816242,0.00973694034435374
0.0015517495386598117,0.0006730789112774645,0.003152874939589974,0.009169773913889973
0.0014471485902814274,0.0007192352553822706,0.003198711130424689,0.008841678461771625
0.0026727937342924638,0.0016819751699234569,0.0012769460199191505,0.010056215140028923
0.0026219024766502026,0.0016810217962112196,0.0012076901059993527,0.009730071689514492
0.0015503165834864217,0.0006730369332876309,0.0031521745498752467,0.00916452456237284
0.0014451183078233387,0.0007195311738950045,0.0032002561903952354,0.008835754775373909
0.0026729231574478215,0.0016819230876408393,0.0012751064929282909,0.010049519270136174
0.0026232555702003484,0.0016816863395045824,0.001204914951354406,0.00972316777249589
0.0015488961133500046,0.0006729976187917823,0.0031514634909923867,0.009159264147487401
0.001443082991060182,0.0007198408427800447,0.003201857595413065,0.008829793679043851
0.002673044726803075,0.0016818690772652197,0.0012732832440285142,0.010042799113262054
0.002624640335401313,0.0016823706143811777,0.0012021286657091974,0.009716228092675954
0.0015474884275388859,0.0006729610475763526,0.0031507413113655977,0.009153991986226776
0.001441042902564248,0.0007201644473716758,0.003203515199055241,0.008823794327698796
0.0026731582919230466,0.0016818131421361955,0.0012714765443819567,0.010036054333436305
0.0026260566899440484,0.0016830746915878862,0.0011993315588989784,0.00970925224422428
0.0015460936478328725,0.0006729273243388268,0.0031500080482359787,0.009148707311780135
0.0014389982646954328,0.000720502126755378,0.0032052288702412637,0.008817755968756037
0.00267326396798631,0.001681755457202207,0.0012696864239028197,0.010029284566218998
0.00262750457951681,0.0016837986945650064,0.0011965238725447256,0.009702239860614513
0.0015447117303423689,0.0006728965801923876,0.0031492642026140936,0.009143409306274847
0.0014369492254312714,0.0007208540008644959,0.0032069986366977453,0.008811677913364268
0.00267336211037677,0.0016816963514875848,0.0012679126951769286,0.010022489381537329
0.0026289840604512772,0.0016845428390730838,0.001193705723579832,0.009695190552864354
0.0015433424899011859,0.0006728689728692927,0.0031485106808140824,0.009138097135604619
0.0014348958290482927,0.000721220200886441,0.0032088248224294907,0.008805559499199539
0.002673453272039354,0.0016816362796753415,0.0012661549935424699,0.010015668248676207
0.0026304953778993286,0.0016853074685046457,0.0011908770551898387,0.00968810384592478
0.001541985634943838,0.0006728446857911058,0.003147748707625634,0.009132769983766166
0.0014328379935036623,0.0007216009009083785,0.0032107081704860077,0.008799400047375911
0.0026735381470446647,0.0016815757850527826,0.0012644128301788576,0.010008820505490752
0.002632039034756968,0.0016860930827471289,0.00118803759818106,0.00968097911715074
0.0015406408101742832,0.0006728239261125624,0.003146979718069498,0.009127427084483579
0.0014307754956940121,0.0007219963488107257,0.0032126499437014977,0.00879319881650007
0.0026736175045223767,0.0016815154566378037,0.0012626856542867996,0.010001945333395204
0.002633615847270461,0.0016869003590034499,0.001185186844950811,0.00967381554055038
0.0015393076439923015,0.0006728069219237936,0.0031462052358502083,0.009122067748010543
0.0014287079653088678,0.0007224068944350142,0.003214651997839552,0.008786954956721573
0.002673692117702882,0.001681455883643067,0.0012609729198126683,0.009995041739581273
0.002635226984067609,0.001687730163628702,0.0011823240371969146,0.009666612040364017
0.00153798579725077,0.0006727939188759625,0.003145426747305052,0.00911669138127419
0.0014266348873413388,0.0007228330133097194,0.0032167168234792268,0.008780667466687566
0.0026737626931733175,0.0016813976104934996,0.001259274152106983,0.009988108547187218
0.002636873986932716,0.0016885835546461227,0.0011794481676517226,0.009659367256393572
0.001536675010040316,0.0006727851765399438,0.0031446455796811093,0.009111297500164815
0.0014245556127276207,0.00072327532463282,0.003218847555452371,0.008774335155901753
0.002673829805011582,0.0016813410954736269,0.0012575890100272272,0.00998114439352719
0.002638558772710776,0.0016894617752478323,0.001176557995051267,0.009652079522824396
0.001535375143447825,0.0006727809647743524,0.0031438627919132198,0.009105885733300149
0.0014224693760505683,0.0007237346025882407,0.003221047950690026,0.008767956614713161
0.0026738938382238945,0.001681286675728689,0.0012559173394841865,0.009974147735990002
0.0026402836171039033,0.0016903662392052548,0.0011736520708162885,0.009644746861181542
0.0015340862136227044,0.0006727815604218187,0.0031430790850339027,0.009100455817150143
0.0014203753188254439,0.0007242117806064126,0.0032233223374610433,0.008761530193363131
0.002673954944873021,0.0016812345408260963,0.001254259215131568,0.009967116864747282
0.002642051122313912,0.0016912985095845462,0.0011707287750950999,0.009637366987244628
0.0015328084161984588,0.0006727872445558942,0.0031422947375669475,0.009095007582947416
0.001418272516602393,0.0007247079486097776,0.0032256755407597155,0.008755053990954073
0.002674013015460298,0.0016811847164165533,0.0012526149678498554,0.009960049921016798
0.0026438641713800227,0.0016922602725980079,0.0011677863593721094,0.009629937330769675
0.0015315421397107051,0.0006727983005457412,0.0031415095695633837,0.009089540936387593
0.0014161600079582164,0.0007252243438030218,0.003228112789885903,0.008748525854482202
0.0026740676671679737,0.0016811370587790965,0.0012509851966935352,0.009952944919128032
0.002645725873001261,0.0016932533086000466,0.0011648229925283664,0.009622455065960468
0.001530287967556732,0.0006728150130793091,0.003140722936810553,0.009084055831482921
0.0014140368232701817,0.000725762336006784,0.0032306396153883605,0.00874194338743969
0.0026741182489685763,0.0016810912603309276,0.0012493707650666915,0.009945799770718607
0.002647639501072276,0.0016942794624333778,0.001161836807067038,0.009614917150206206
0.0015290466687850675,0.0006728376682143145,0.0031399337546411344,0.009078552240286126
0.0014119020114948151,0.0007263234087781026,0.003233261742794406,0.008735303966691926
0.0026741638628521003,0.001681046865440844,0.0012477727819155161,0.009938612309186256
0.002649608433208899,0.0016953406152860498,0.0011588259424031616,0.009607320367986413
0.0015278191786422517,0.0006728665545417127,0.00313914054893861,0.009073030120402562
0.0014097546631979486,0.0007269091378944181,0.003235984990614255,0.00872860476606349
0.0026742033994339724,0.001681003295173539,0.00124619256974584,0.00993138031244012
0.0026516360927411487,0.0016964386600027302,0.0011557885823977297,0.009599661376591163
0.0015266065705486487,0.0006729019654087677,0.003138341530209296,0.009067489382328663
0.0014075939283850283,0.0007275211689191576,0.0032388151796716507,0.008721842784493575
0.002674235585001978,0.00168095987914718,0.0012446316219942282,0.009924101522363882
0.0026537258982472414,0.0016975754815850403,0.0011527229847574792,0.009591936750380555
0.0015254100216561533,0.0006729442020774819,0.0031375346852520703,0.00906192985843658
0.0014054190281838064,0.0007281611955231099,0.0032417580597342327,0.008715014876362635
0.002674259036698202,0.0016809158922617901,0.0012430915528912603,0.009916773659655608
0.002655881223911671,0.001698752944273578,0.0011496275004859247,0.009584143020501704
0.0015242307743840225,0.0006729935777127016,0.003136717880077358,0.009056351275405175
0.0014032292597644276,0.000728830940223388,0.0032448192584314723,0.008708117781563288
0.002674272322175489,0.0016808705938053128,0.0012415740433468006,0.009909394432785127
0.0026581053735544344,0.0016999728861327534,0.0011465005822920969,0.009576276707106335
0.0015230700965444637,0.0006730504220368943,0.0031358889673070494,0.009050753231638214
0.0014010239942308042,0.0007295321390416812,0.003248004255963015,0.008701148153014789
0.0026742740197382166,0.001680823266394568,0.001240080786516046,0.009901961540328404
0.002660401570272905,0.0017012371216381986,0.0011433407814876164,0.009568334341847378
0.001521929242705589,0.000673115086394816,0.0031350458912219013,0.009045135180664793
0.0013988026677870021,0.0007302665313129549,0.0032513183874547883,0.008694102579291419
0.002674262775105749,0.0016807732523813842,0.0012386134364813226,0.009894472666478039
0.00266277296247621,0.0017025474523511192,0.001140146733567296,0.009560312479041523
0.0015208094191732525,0.0006731879490626954,0.003134186784109076,0.00903949642127939
0.0013965647667813965,0.0007310358555396926,0.0032547668733150827,0.008686977600567617
0.002674237351547282,0.0016807199854959312,0.0012371735633156962,0.009886925469618332
0.0026652226464871118,0.0017039056853025377,0.001136917133348635,0.009552207694375956
0.0015197117546767672,0.0006732694206160535,0.0031333100484536615,0.009033836094680784
0.0013943098075077471,0.0007318418519443295,0.0032583548765975647,0.008679769716396713
0.00267419667040184,0.0016806630159707332,0.0012357626171776454,0.009879317564285828
0.0026677537048543625,0.0017053136583497427,0.0011336507010001736,0.009544016570898822
0.0015186372784379177,0.0006733599491408348,0.003132414420518207,0.00902815318848648
0.0013920373119438569,0.0007326862719188221,0.0032620875847520067,0.008672475384365764
0.0026741398397389857,0.0016806020278468054,0.0012343819034572358,0.009871646497303755
0.00267036925877764,0.001706773271500084,0.0011303461407332577,0.009535735672675075
0.001517586906810655,0.0006734600251832654,0.003131499012341447,0.009022446546932392
0.0013897467807379345,0.000733570894283656,0.003265970312368906,0.00866509100906839
0.0026740661698642387,0.0016805368476788827,0.0012330325702712348,0.009863909718958251
0.0026730725325109328,0.001708286522947438,0.0011270020941929687,0.009527361507056416
0.0015165614389857146,0.0006735701863479052,0.003130563330560732,0.009016714886480641
0.001387437664846833,0.0007344975479121012,0.0032700086204169067,0.008657612921493616
0.0026739751751555588,0.0016804674444118421,0.0012317156088382933,0.00985610455019778
0.0026758669269842245,0.001709855548450331,0.0011236170907427834,0.00951889047708689
0.0015155615618831209,0.000673691021486474,0.0031296072720284813,0.009010956815521852
0.001385109337144065,0.0007354681400523629,0.0032742084471993416,0.008650037349286715
0.002673866562339655,0.0016803939207718295,0.00123043186650401,0.00984822814713907
0.0026787560999845493,0.0017114826626635701,0.0011201894967948793,0.009510318825872574
0.001514587863719992,0.0006738231745066936,0.0031286310975046725,0.009005170856811545
0.0013827610652970602,0.0007364846894422819,0.0032785762459558573,0.008642360378755168
0.0026737402064614044,0.001680316497000569,0.001229182071412462,0.009840277463997018
0.0026817440496642,0.0017131704010808133,0.001116717466240028,0.009501642575155315
0.0015136408552404626,0.0006739673478393558,0.003127635386087087,0.008999355471117897
0.0013803919869853469,0.0007375493631462193,0.0032831191242313033,0.008634577909862344
0.0026735961162427813,0.0016802354881421454,0.0012279668673351946,0.009832249215504532
0.0026848351988656553,0.0017149215613931853,0.001113198893746472,0.009492857460235793
0.0015127209972598226,0.0006741243057489274,0.0031266209740154127,0.008993509080532853
0.0013780010883059149,0.0007386645160830322,0.003287844980553303,0.008626685605672963
0.0026734343909536238,0.0016801512764772172,0.0012267868565948585,0.009824139839863513
0.002688034477530996,0.0017167392432785788,0.0011096313723926558,0.00948395886354464
0.0015118287329407415,0.0006742948775105526,0.003125588882165604,0.00898763009000542
0.0013755871860319324,0.0007398327320917923,0.003292762634656057,0.008618678837730381
0.0026732551714908205,0.0016800642808605514,0.0012256426487209013,0.00981594546304076
0.0026913474012185304,0.0017186268859133722,0.0011060121566283227,0.009474941748919687
0.001510964522862369,0.0006744799607870233,0.003124540237204631,0.008981716905718664
0.001373148913987328,0.0007410568655850886,0.0032978819484184253,0.008610552629045982
0.0026730585885993076,0.0016799749248143409,0.0012245349123215453,0.009807661864836684
0.0026947801442425957,0.0017205883027535795,0.0011023381312016505,0.009465800598288936
0.0015101288811083379,0.0006746805252883959,0.003123476191358764,0.008975767949270342
0.0013706847135570507,0.0007423400829818113,0.0033032139356906033,0.008602301596139717
0.0026728447107856983,0.0016798836052567285,0.0012234644276014524,0.009799284447263258
0.002698339606560355,0.0017226277135339,0.0010986057861048911,0.009456529352289588
0.0015093224104929942,0.000674897616984675,0.0031223978456919183,0.008969781666674755
0.0013681928281893893,0.0007436859032297283,0.0033087708602658914,0.008593919891368058
0.00267261349472514,0.001679790663567648,0.0012224321371558993,0.009790808205179915
0.0027020334741265106,0.0017247497737186601,0.0010948111972366047,0.009447121355723957
0.0015085458352466817,0.0006751323630811774,0.003121306181355538,0.008963756531743174
0.0013656713013003887,0.0007450982371104573,0.0033145663225615466,0.008585401146682754
0.0026723647406296006,0.001679696360489341,0.0012214391928812608,0.009782227698966283
0.0027058702733365296,0.0017269596019194977,0.001090950012023644,0.009437569308295738
0.0015078000297015079,0.0006753859779722112,0.003120202002819798,0.008957691043496661
0.0013631179769316886,0.0007465814252514328,0.003320615336451377,0.008576738419499779
0.002672098054331943,0.0016796008560891916,0.0012204869972563376,0.00977353702889912
0.0027098594207094415,0.0017292628061551963,0.0010870174388602273,0.009427865220702238
0.0015070860418734215,0.000675659770344424,0.003119085895989096,0.008951583717599871
0.001360530502313849,0.0007481402750363699,0.0033269343989141887,0.008567924140926726
0.0026718128175984407,0.0016795041957125992,0.0012195772376644056,0.009764729810610384
0.0027140112694882174,0.001731665510076539,0.0010830082389261947,0.009418000375591113
0.0015064051110507438,0.0006759551516652028,0.003117958203625576,0.008945433072141944
0.0013579063313699461,0.0007497800969367458,0.0033335415559308823,0.008558950066445931
0.0026715081677598576,0.00167940630238204,0.0012187119130039606,0.009755799150704455
0.002718337155525732,0.0017341743804354039,0.001078916718786348,0.009407965292382182
0.0015057586789846051,0.0006762736462110654,0.0031168190192927565,0.00893923760829087
0.001355242728063208,0.0007515067411749516,0.0033404564689811056,0.008549807228525812
0.0026711829867521685,0.001679306975890186,0.0012178933522531898,0.009746737621626533
0.002722849445305269,0.0017367966573470645,0.0010747367218899503,0.009397749694640255
0.0015051483945634698,0.0006766169027901663,0.0031156682002496387,0.008932995786490436
0.0013525367686519501,0.0007533266357088467,0.0033477004868618936,0.008540485890375048
0.0026708358994950274,0.0016792058983796112,0.0012171242252471612,0.009737537234785883
0.0027275615890287384,0.0017395401889899271,0.0010704616171453595,0.00938734247844938
0.001504576112162019,0.0006769867083538876,0.003114505398901818,0.008926705999014588
0.0013497853417241505,0.0007552468269944457,0.0033552967282731577,0.008530975499656052
0.002670465281107572,0.0016791026459617325,0.0012164075463026408,0.009728189410669982
0.002732488182359218,0.0017424134724737068,0.0010660842826472,0.009376731679760322
0.001504043884161663,0.000677385003659736,0.0031133301117558894,0.0089203665397846
0.001346985145147559,0.0007572750251095741,0.003363270180669493,0.00852126464069478
0.002670069271525948,0.0016789967056844532,0.001215746671789357,0.009718684944876562
0.0027376450403155477,0.0017454257027384654,0.0010615970827378607,0.009365904438722924
0.0015035539483871853,0.0006778139011464157,0.0031121417442060186,0.008913975572322248
0.0013441326790413289,0.0007594196550216044,0.003371647821191137,0.008511340983462352
0.0026696457964235955,0.0016788874969486756,0.0012151452930357406,0.009709013968826915
0.002743049287044115,0.0017485868313912567,0.0010569918366113516,0.009354846958836061
0.0015031087112703692,0.0006782757052709897,0.0031109396892183656,0.008907531096612612
0.0013412242340272605,0.0007616899160764817,0.003380458765627971,0.008501191227264948
0.0026691925926246884,0.0016787743964340254,0.0012146074261399232,0.009699165904028853
0.002748719465400186,0.0017519076374459457,0.0010522597768531574,0.009343544458720168
0.0015027107276744838,0.0006787729355297754,0.003109723417863235,0.0089010309155994
0.0013382558741484834,0.000764095851841966,0.003389734451238059,0.00849080103712366
0.0026687072363618457,0.0016786567655069208,0.0012141374004392704,0.009689129408718172
0.002754675670122344,0.0017553998120441593,0.001047391496364035,0.009331981114425968
0.0015023626783099008,0.0006793083524893261,0.003108492579738143,0.008894472601750397
0.0013352234139387747,0.0007666484327492418,0.0033995088595591685,0.008480154970418152
0.0026681871725926024,0.0016785339792044316,0.0012137398473512583,0.00967889231579939
0.0027609397088024508,0.0017590760593315683,0.0010423768822591926,0.009320139990200914
0.0015020673455291374,0.0006798849872192848,0.0031072471116203385,0.00888785346394862
0.0013321223892270057,0.000769359654104482,0.0034098187852519626,0.008469236391470101
0.002667629743822559,0.0016784054559901612,0.0012134196912610932,0.00966844156095895
0.0027675352947267753,0.0017629502158760036,0.0010372050354275607,0.00930800295587035
0.001501827588117931,0.0006805061746034346,0.0031059873533020727,0.008881170514691323
0.0013289480213535463,0.0007722426523243371,0.003420704157477558,0.008458027371472708
0.0026670322169603604,0.0016782706876962566,0.001213182143967525,0.009657763099925035
0.002774488276275536,0.0017670373912647371,0.0010318641743888453,0.009295550588994532
0.0015016463154380766,0.0006811755911580879,0.0031047141703123126,0.00887442043721079
0.0013256951744808473,0.0007753118425659382,0.0034322084205926735,0.008446508571164225
0.0026663918071946767,0.0016781292693493763,0.0012130327039114994,0.00964684181372825
0.0027818269077611387,0.001771354132857655,0.0010263415221527772,0.009282762060300521
0.0015015264609808275,0.0006818972981166217,0.0031034290841328066,0.008867599551758084
0.0013223583057203926,0.0007785830812974057,0.0034443789818661436,0.008434659103414231
0.0026657056980670096,0.0016779809289172547,0.0012129771611594446,0.009635661400882935
0.0027895821673002475,0.0017759186182634461,0.0010206231745438531,0.009269615000856742
0.0015014709549045272,0.0006826757907167516,0.0031021344117700897,0.008860703779992676
0.0013189314077620045,0.0007820738578930392,0.0034572677348322176,0.008422456372716259
0.0026649710575761126,0.0016778255573821105,0.0012130216087357798,0.009624204255210515
0.002797788128227204,0.0017807508797162747,0.001014693948331562,0.009256085349680629
0.0015014826946894756,0.000683516054919993,0.0031008334178347086,0.008853728605879874
0.0013154079434907224,0.0007858035200439391,0.0034709316686602513,0.00840987588834598
0.0026641850504763986,0.0016776632400280736,0.0012131724604556166,0.009612451327896556
0.0028064823919942417,0.001785873065463809,0.0010085372070586362,0.009242147180448036
0.001501564512449342,0.0006844236329806162,0.003099530483932481,0.008846669030991187
0.0013117807720607045,0.0007897935386436623,0.0034854335758146933,0.008396891047390245
0.002663344847485661,0.0016774942903471047,0.0012134364749672795,0.009600381972371392
0.0028157065916550148,0.00179130974450771,0.00100213466200389,0.009227772506224686
0.0015017191368286319,0.0006854046996993383,0.0030982313018951633,0.008839519521570865
0.0013080420655779672,0.0007940678189708981,0.0035008428732733357,0.008383472883401678
0.0026624476329689087,0.0016773192885056072,0.0012138207852018384,0.009587973769959096
0.0028255069776650624,0.0017970882625397081,0.0009954661450863546,0.009212931060803526
0.0015019491465040225,0.0006864661516386556,0.0030969430997166234,0.008832273944034562
0.0013041832152072804,0.0007986530665966278,0.003517236556318227,0.008369589775665001
0.0026614906129881766,0.0016771391270485798,0.0012143329318568743,0.009575202334152808
0.0028359351003585417,0.001803239158913586,0.000988509349572393,0.009197590055414113
0.0015022569115130731,0.0006876157120585056,0.003095674911449164,0.008824925484666533
0.00130019472522678,0.0008035792183389984,0.003534700308668282,0.008355207112915718
0.002660471026679264,0.001676955067297383,0.0012149808987702746,0.009562041090872822
0.002847048606917639,0.0018097966571189482,0.0009812395334129898,0.009181713909463056
0.0015026445173826626,0.0006888620550892255,0.003094437905527439,0.008817466548110272
0.001296066093023431,0.0008088799511776458,0.003553329799063893,0.00834028690399529
0.0026593861646728102,0.0016767688108781675,0.0012157731473227036,0.009548461031422005
0.0028589121754089013,0.0018167992445382944,0.0009736291786189909,0.009165263953730898
0.0015031136655715047,0.0006902149535523952,0.0030932457899251154,0.008809888628001309
0.0012917856724145877,0.0008145932854112689,0.0035732322026668694,0.00832478732621576
0.002658233399640429,0.0016765825920572136,0.0012167186458389072,0.009534430434012255
0.002871598614356758,0.0018242903615939882,0.0009656475983991447,0.009148198104366824
0.0015036655420081382,0.0006916854559931011,0.003092115317514972,0.008802182140905291
0.0012873405169546682,0.0008207623026674257,0.0035945279961062684,0.0083086621996808
0.0026570102352645956,0.0016763992981642499,0.0012178268886048858,0.009519914549046334
0.0028851901640487704,0.0018323192260993485,0.0009572604815398938,0.009130470506074764
0.0015043006429662983,0.0006932861000068032,0.0030910669213864324,0.008794336212219235
0.0012827161991004266,0.0008274360050101062,0.0036173530888157657,0.008291860372655824
0.0026557143821065612,0.0016762226275176652,0.0012191078971346438,0.009504875242083414
0.0028997800453265856,0.0018409418261190948,0.0009484293608399575,0.009112031142903326
0.001505018544489337,0.000695031171027181,0.003090125518531656,0.008786338399038982
0.0012778965999882463,0.0008346703488916816,0.0036418613714341306,0.0082743249991186
0.002654343871544866,0.001676057297010868,0.0012205721937289466,0.009489270586831348
0.002915474314976793,0.001850222124489551,0.0009391109889706471,0.009092825415256653
0.0015058175972455484,0.0006969370184675555,0.003089321531724981,0.008778174330004468
0.0012728636633377519,0.0008425294976360853,0.00366822778595554,0.00825599268413484
0.002652897222621847,0.001675909315433975,0.0012222307335328752,0.009473054398894974
0.002932394103298355,0.0018602335314499827,0.0009292566007924417,0.009072793682634795
0.0015066945231644677,0.0006990224447372792,0.0030886921947283624,0.008769827235056933
0.0012675971055945347,0.0008510873492137798,0.003696652054009384,0.008236792465477014
0.0026513736818110658,0.0016757863438787034,0.0012240947759133813,0.009456175698708309
0.0029506783319711762,0.001871060719714724,0.0009188110356136715,0.009051870773076509
0.0015076438824396816,0.0007013091877696815,0.003088283227163217,0.008761277328184965
0.0012620740727202822,0.0008604294139267029,0.0037273632424913335,0.008216644590528914
0.002649773563444704,0.0016756981718312068,0.0012261756682547943,0.009438578089129459
0.002970487039876724,0.0018828018806551583,0.0009077116858745931,0.00902998546278355
0.0015086573690023797,0.0007038225246233284,0.0030881509943949136,0.008752500992337289
0.0012562687321740278,0.0008706551406999218,0.0037606254037673434,0.008195459034719875
0.002648098728969882,0.0016756573478790174,0.0012284845040618879,0.009420199029550737
0.002992005484539562,0.0018955715537399402,0.0008958872297343452,0.00900705993392142
0.0015097228783452373,0.0007065920333369808,0.003088365307931833,0.008743469695718384
0.0012501517866844553,0.0008818808236947161,0.0037967446069366844,0.008173133690620627
0.0026463532586364,0.001675680018364894,0.001231031600858975,0.00940096898397799
0.0030154492406486576,0.0019095042079500615,0.0008832560934283766,0.0089830092264122
0.001510823271723307,0.0007096525638523093,0.0030890130781836586,0.008734148539961094
0.0012436898948295692,0.0008942432666288065,0.003836077786416335,0.008149552133412126
0.002644544391823701,0.0016757870479521355,0.0012338257194415064,0.009380810414760533
0.0030410705904974533,0.0019247588191815426,0.000869724574548538,0.008957740711961029
0.001511934733585701,0.0007130454880687678,0.003090203110622309,0.008724494299411098
0.0012368449825000507,0.0009079044459001994,0.003879043987248502,0.008124580836908856
0.002642683845106046,0.0016760055255878544,0.0012368729106117526,0.009359636586651437
0.0030691666023184134,0.001941524780255086,0.0008551845385368306,0.008931153639525029
0.0015130245813605302,0.0007168203268604063,0.0030920724488929514,0.008714452750171799
0.0012295734305719898,0.0009230575035933966,0.00392613880240247,0.008098065670537433
0.002640789666229252,0.0016763708024267513,0.0012401748227993167,0.009337350137546692
0.0031000894318965887,0.001960029613105958,0.0008395105769121617,0.008903138836028947
0.0015140483344569186,0.0007210368920183342,0.003094794829298934,0.008703954998514602
0.0012218251297707536,0.0009399345290107454,0.0039779531046740925,0.008069827447799972
0.002638888856236333,0.0016769292714437203,0.0012437262247120841,0.009313841362622307
0.0031342595768917413,0.0019805491454618347,0.0008225564863806067,0.008873578703363565
0.0015149457770243576,0.0007257681403116303,0.0030985920428385546,0.008692912386328662
0.0012135424079136026,0.0009588167708602773,0.004035197617606993,0.008039656214436143
0.002637021104695115,0.0016777421925950437,0.0012475113771975776,0.009288986148204673
0.0031721830846881418,0.002003421097253596,0.0008041508926648653,0.008842347748121877
0.0015156356493873661,0.000731104024550983,0.003103749337566803,0.008681209353970116
0.0012046588658963752,0.0009800481873315156,0.004098735511498305,0.00800730385163461
0.002635244158149206,0.001678891009549922,0.0012514987047070195,0.009262643482451248
0.0032144740950479337,0.002029063442052228,0.0007840918032244297,0.008809314040835112
0.0014745016994604156,0.0007513694698196544,0.0029470121061569276,0.008426142018424577
0.0011389321004163031,0.0010056358847159923,0.004033576313193697,0.007802200744506241
0.002474894785712931,0.0016872259807910507,0.0012402746692035467,0.009111843963627991
0.0030401015395387365,0.002008058514161558,0.0007675075055792607,0.008624798447295499
0.0015045590004898537,0.0007668264018492479,0.003208636532003535,0.00862937366498073
0.0012517221296892824,0.0010121217326119827,0.0042390899439045115,0.008015602797178601
0.0025264298773228348,0.0015579408228306847,0.0013230429077613695,0.00875708866004874
0.0031141644151819955,0.0019536183876754398,0.0007547952089017598,0.008426277867021364
0.0015009845978931444,0.0008029202671350857,0.0033171515524628237,0.008591015613082564
0.0012069854377748813,0.0010855946923777895,0.0042632283999877564,0.007860109331094706
0.0026101119146700446,0.0016423016429687974,0.0011769936602417169,0.009009547860157136
0.0033361002061930226,0.002032613520063129,0.0006853121556163435,0.0086660567608089
0.0014907812637663393,0.0007828096122716759,0.003097127045773277,0.008324488915621436
0.0011384579799444538,0.0010895387476310583,0.0042166791812592,0.00765368205439952
0.002573121871343081,0.0017452147332049925,0.001148643453453034,0.00909663120392885
0.0032189870661691496,0.0021433442842536668,0.000676665488973368,0.008618073558808774
0.0014410378650692324,0.000822627605536166,0.003250345618934025,0.008435534035858377
0.0011564971400014618,0.0011191309630053086,0.004499938664718767,0.007781113117500677
0.0026349670191689475,0.0016677355343488502,0.0012934729055338243,0.008692530676076723
0.0033182177627030392,0.002165249487125048,0.0006785547434712465,0.008324485356287336
0.0014177742098874975,0.000871621768844668,0.0034299466092263366,0.008478589345775684
0.001119362541873575,0.001235044158654053,0.004670082640560867,0.007694223703894705
0.002662739113254608,0.0017056801902687832,0.0011912976816639386,0.008831802024921669
0.003566245891437249,0.0022118046401797048,0.0005788400609546944,0.00841364725068686
0.0014483521101234336,0.0008494768852533687,0.0032668495588297278,0.008258409521510914
0.001093049747517703,0.0012738974293965747,0.004696921080475395,0.007489684747447371
0.002628679570651271,0.0017665385361042448,0.0011100729681257835,0.008966159150929603
0.0035392409689945083,0.002293844670640293,0.000524852461018101,0.008438090156722762
0.0014517030456177886,0.0008569392381422841,0.0033495099737973965,0.008257021895975145
0.0011177656838238447,0.0012877982329668636,0.004951804247380957,0.007490261976231126
0.0027036768430147022,0.001749738770431088,0.0011799541966539776,0.008722094776838125
0.0035577223592020584,0.002392134682549979,0.0005066911067605892,0.008262638719986769
0.0013837518075226864,0.0009211308849304655,0.0035211026876695506,0.008267012370028824
0.0010648521873348681,0.0013959203358787711,0.005224147743836364,0.007416145171513749
0.002810928712031756,0.001807344103268693,0.0011405043088186277,0.008720519931858867
0.003808344914190538,0.0025223477364563476,0.0004321600395351091,0.00821627324764401
0.001360689480898945,0.0009339016433254399,0.0034548086011695787,0.008140392119742667
0.0010104899919703345,0.0015128160029801877,0.0054400667127626305,0.007259134718102989
0.0027909314431630327,0.0018738584083363206,0.0010690063849933828,0.008805371838482486
0.003946318676156573,0.002652518444758501,0.0003524269755770087,0.008205197635283767
0.0013797957614106572,0.0009281878465586737,0.0035029148166722222,0.008088806498767415
0.001030804115503621,0.001587416925510485,0.005804501189081376,0.007187435789439837
0.0028338558627756124,0.0018755466485203573,0.0010699296747549549,0.008689447311039492
0.00401686943469233,0.002794910529045815,0.00029014632434835077,0.00814338712839007
0.0013422275131444205,0.0009783663087142374,0.003670100141586242,0.008044879925415114
0.0010202526244046464,0.0017172880546447295,0.006236022728387366,0.00709998372056526
0.002990930047505351,0.001939322072167403,0.0010117291612634347,0.008645434520424105
0.004249830370609491,0.003003294586211018,0.00021208783307486418,0.008090655906414645
0.0012940772308698723,0.0010186734760683944,0.003692111036879261,0.007941027675845234
0.0009762955128268354,0.0019115943979453526,0.006714243148382138,0.006982221482491682
0.003071225326736249,0.0020541295976075824,0.0009223006927747419,0.00866205442629535
0.004478696168511606,0.0032576961171179885,0.000131991822683838,0.008029130107598866
0.001275807073757378,0.001032368173115235,0.003770866492227763,0.007850826606078574
0.000982672204256097,0.0020913209901326515,0.007363086689330061,0.0068714425856817515
0.0031639032405026985,0.0021531239714408395,0.0008485516888493709,0.008577780010695778
0.004585862142042569,0.0035345068818321648,6.945605482559095e-05,0.008011795311884225
0.0012282085638369176,0.0010984810363003999,0.004059331788443353,0.007715982676141334
0.0010205966414228555,0.0022743281801754912,0.008117350167418911,0.006725721499819275
0.003449030080360247,0.002347362123786628,0.0006852326942612395,0.008498535519827172
0.004702802443868027,0.00389789688703541,3.899800167929561e-05,0.008153292856672508
0.0011293119801649226,0.0012573030188429719,0.004538528460038523,0.007467827168704996
0.001080953429811234,0.002521659626950688,0.009003899704506628,0.006595203525930379
0.003887502171857827,0.0027197063293149105,0.0004170687560927466,0.008340163430871251
0.004646789484900043,0.004241882141224332,9.718552029148741e-05,0.008302440475105463
0.001019324314480494,0.0015675130868850118,0.005600986440998703,0.0070784365746071175
0.0012431418162670031,0.002811143429153298,0.010160561638876409,0.006563815422329805
0.00457579155005813,0.003348063608234751,0.00013198828918367363,0.008155816318608861
0.0046901972012159555,0.004591513752633618,0.00029718185374674744,0.008683930178608181
0.0009769395189134363,0.00230888558044416,0.0078083368563195985,0.006558307303283631
0.0013311421817695723,0.00278842208406587,0.009976570361643306,0.006293188979382999
0.005103691727461902,0.0044128668573727645,0.00013307439024019162,0.008449616333062892
0.004636899742569165,0.004812524803604628,0.0006728491575508422,0.00943289759881348
0.0011396266565061265,0.003271242260192532,0.00976318722656399,0.006431441673226441
0.0012160724785496852,0.0025948339071594838,0.008325657987320278,0.00656488721487754
0.005902064957187631,0.0057617809473466,0.000871358260333873,0.010092625395063249
0.005420433733314599,0.00503665390384253,0.0005790188492414078,0.009466536287994445
0.000958665378500271,0.0028998942247685125,0.007423555973762827,0.006596823116563334
0.0006690753028941737,0.0024373018048095205,0.005253000009804156,0.006749373259643423
0.0045602101823192945,0.004515014948050368,0.00018432983003474038,0.009246177986242141
0.004449665524824723,0.004937344345638997,0.0005031299619654397,0.009258332594623515
0.000787927196456034,0.001982448347956642,0.006790648073589168,0.0068085701933065495
0.0016651191112440821,0.002267306749505328,0.009432632873667947,0.0063049662284580445
0.0029048176169275373,0.0033698330513068473,0.0006307981739784951,0.008507955006143696
0.002809160751461037,0.0017011453216561028,0.0011510439865054494,0.007501229322629277
0.0018206057175954018,0.001321263317189129,0.00698824323216686,0.006903953175199746
0.002466682497639093,0.0012985323963211842,0.007252554945066835,0.0064641988823265495
0.005161201394239436,0.0017086123579897307,0.0004099603792649332,0.008999480588634388
0.004833927887755112,0.0036274335789703138,0.0003247388393615302,0.009183186065723315
0.0016356943149462959,0.0013933074182549345,0.0020844501624916086,0.010504258709858456
0.0006358633775621664,0.003531503199703842,0.006736592846936009,0.006522282488752691
0.002146423821171681,0.0017377707476721157,0.0028322432568560316,0.011613233703203083
0.004699608656227992,0.00094584176183003,0.0016771015589030142,0.00971514346580776
0.0060080225380569575,0.0007124830677402037,0.0008076442077330697,0.008243669476029412
0.004729425151696443,0.0006788769277425029,0.0010227419012664505,0.00821051225131128
0.0026305146408548232,0.0016235027143388426,0.002164558966383473,0.009054143057209734
0.001023471269386843,0.0029274116057917627,0.0034558732717061376,0.008849903871204736
0.0007860402902848011,0.002405369277675179,0.00438740987755275,0.008885405106039499
0.0012282236957459234,0.001655934024160957,0.00256619838338009,0.010073257122805842
0.0032982321893182914,0.0022407614146966862,0.0008351207232901179,0.007355704633040279
0.004528123801283622,0.0016567644585999553,0.0011252811065499606,0.006953100013665614
0.0022170869620619462,0.0007693476517076912,0.0029539415166215228,0.009046026960061534
0.0015822795965130543,0.0012443505913139255,0.004460582527846518,0.007742452653623269
0.0026810132356073664,0.001534416301191905,0.0027606113766900737,0.008067135701214062
0.002906919101285777,0.0018811986013934955,0.001331501927114683,0.007629189200977412
0.0024743712650449976,0.0012419141335917247,0.0013216121843669221,0.01067298953140691
0.0020750124658944747,0.0012976900935537836,0.0016277159404631688,0.009564996909365176
0.00206757673583106,0.001835713544555782,0.001969292276064222,0.008814089795848416
0.002147352176710335,0.001588787068346471,0.0027465118714839077,0.0087658292637511
0.0021248276397756276,0.0008652305107993799,0.003333826519890117,0.0074252637872730285
0.003051519619411967,0.0006558501229892664,0.0019462314008936465,0.007689345746078134
0.004071708990052852,0.001487946613915877,0.0010388778616184152,0.008751082096091645
0.0028141304690684848,0.0016668209193402147,0.0012000557911484196,0.008633692058005297
0.001601012872812375,0.0011688679672321603,0.00279742291156926,0.008103719860388823
0.0012617986068455152,0.0013220328361084031,0.003470311222892072,0.007418163920267211
0.002261384210481617,0.0015036957901135867,0.0021317473246333114,0.008983681439909063
0.0033832480733600252,0.0014098467199186405,0.0016591682271635956,0.008268129696661849
0.002930044557734792,0.0007057574296017652,0.001844297623617367,0.008605668782078246
0.0023516737490261344,0.0007414445613250842,0.0023735186311666136,0.008006964866605595
0.002093947390573902,0.0014395067677822266,0.0025563930797269643,0.00858399835288382
0.0015689325486556856,0.0016600161220573146,0.0026764406794127452,0.008401274843089787
0.0017535080304498755,0.0009650379129324966,0.002654609614281117,0.008805999908078198
0.0020765097200557106,0.0009680842068584823,0.002095437083795874,0.008746743754505125
0.0027218126978190583,0.001551387475481578,0.0017292308105071375,0.008347480661772598
0.002539206100181346,0.0012888046126811998,0.002283656881531472,0.008233530599732718
0.0019811295396149277,0.0006455464902559893,0.0031635294342873795,0.008149889393986667
0.001943734490435169,0.0007047335572679776,0.0029093572807681687,0.007934049874308822
0.0024030393095680613,0.0014391570793358536,0.0017738881612194778,0.008599896844860793
0.002316641508277029,0.0015174077046515798,0.0015950944122570547,0.008285280255517873
0.0020479807944464544,0.0007221126025188703,0.002536290299467228,0.008596665723837708
0.001856182815551194,0.0007333274353071946,0.0028776248470629576,0.007970998304494584
0.0022727382518586085,0.0012746024743645415,0.002155694693243682,0.008756922076730345
0.0024611991935398654,0.0012692379265923596,0.0019476130890139533,0.008322532687266949
0.002251739294186188,0.0006245000240112659,0.0023739173104594257,0.008573553681044687
0.0020985390889070774,0.0007054155623326642,0.0023412737386503523,0.008258611925547995
0.002190057746320319,0.0014104843190109622,0.001868146863359483,0.00865969673018389
0.0019571747662724052,0.001374070531504873,0.0020984914272151717,0.008394295047705256
0.0018920271881040487,0.0006748657971490856,0.0028003456069336866,0.008347142763066206
0.0020217361417443082,0.0006764245182008437,0.002463592666614465,0.008137960824313176
0.0026685352574683107,0.0013950171788864154,0.0016867037012312566,0.008492731456952032
0.002364625661610657,0.0013692727322726446,0.0018424443747505352,0.008254486247564422
0.001780321927836232,0.0007013096653264814,0.0028412734646382047,0.008294704213124064
0.0016768171590571788,0.0007654421358483036,0.002781344556341919,0.007984630999594462
0.0023083815599714013,0.0014568308696312085,0.0017559444678695963,0.008605469650539644
0.00240717940528141,0.0014318499079328396,0.0016730180905080553,0.00826716987046185
0.0019304038923491087,0.0006475978665436942,0.002565633256313292,0.008334625421835214
0.0018097140533939104,0.0006862725020731978,0.002679051337346542,0.007911584382064228
0.0023836123234004677,0.001364538909616156,0.0018440652602688475,0.008683605862850717
0.0022668432847294992,0.0013881772578891245,0.0017751465069471035,0.008386518238482627
0.0018265530274234436,0.0006828165477124038,0.002554536147064368,0.008298105728942098
0.0017860391309748233,0.0007221385914605729,0.002463241780607756,0.007998866742342918
0.002393996485392352,0.0014065715435604084,0.0016683832260645896,0.00874832744697504
0.0022849718114042275,0.0013340681617522692,0.0017768233792749663,0.008472002252172161
0.0018118719321211323,0.0006333872257166034,0.002736859412525136,0.008123936200956906
0.0018271675030769024,0.00066235271069773,0.0025075253066085008,0.007914040724828377
0.0025193699705800057,0.001420569672133397,0.0015300915260754709,0.008750557596265748
0.0022784654512898778,0.001395550023676018,0.0016165235075333456,0.008485984839181405
0.0016887781572898922,0.0006671740148924358,0.0027740387831145,0.008147102788633674
0.0016612294225135588,0.0006872882294021891,0.0026823550919961767,0.007877162634119002
0.002495566665227501,0.0014070296006009075,0.0015746234316361075,0.008751556787866098
0.0024389217650580886,0.0013871417459492058,0.0015618744084594392,0.008437217572986412
0.0017407709305964083,0.0006196492769192281,0.0026783245784287543,0.008213669825065417
0.0016258951328860674,0.0006723382081698031,0.0027012015409139645,0.007902028910988911
0.002342764776347526,0.001413273329517866,0.0016235837817368893,0.008801940417775114
0.0022817905827379075,0.0014008099682245403,0.0015894871942227992,0.008495794614680908
0.0017167378895951116,0.0006104038577947584,0.0026499579566284233,0.008249164722210519
0.0016714680515636639,0.0006364357453057617,0.002608205772293255,0.007949053541149071
0.0024161630763146896,0.0013863095814668595,0.0015838960429351693,0.008829664473291383
0.002270293387493816,0.0013516487961529578,0.001614020630660727,0.008558296757578944
0.0016778423658127273,0.000596760237059469,0.0027375726102618807,0.008203192429415791
0.0016527795628503786,0.0006278198716128062,0.002583251291841542,0.007965274298600685
0.0024148135399923785,0.0014141036599948794,0.0014721663287231472,0.008885677453433865
0.002267634263473327,0.0013554006272415895,0.0015383507188595847,0.008616011621874448
0.0016601623933319317,0.0005782832931654913,0.002808171033263968,0.008167687839786344
0.0016398156881848984,0.0006003473304614817,0.0026626380951372806,0.007929223705536446
0.0024642055609800932,0.001409563640431558,0.0014344699762820498,0.008904913326216835
0.0023072538906666698,0.0013810895864217179,0.0014640074336595098,0.008627999342445578
0.0016209788733247278,0.0005801143553093178,0.0027940321423627814,0.008199746531113907
0.0015602064832837008,0.0006121592604000504,0.0027303641130062843,0.007932199234417398
0.002410075391811831,0.0014151541912603607,0.0014532678510877565,0.00893018402921107
0.002336076265340204,0.0013891532302978404,0.0014460737965607024,0.00863203590195127
0.001632651602377205,0.0005586545496247764,0.0027551703220756113,0.00822936804807179
0.0015560024037615295,0.0005977327655411319,0.0027173508875270383,0.0079499224159492
0.0023769870465643068,0.0014187229492351426,0.0014536846590572604,0.008964755409700084
0.002272892340846684,0.001393551882432497,0.0014494546515614428,0.008679438607863141
0.001603713086946984,0.0005591629495706963,0.0027577332543075013,0.008231294901142707
0.0015586202961203723,0.0005880010749661794,0.0026733144379977956,0.007967432045517937
0.0024125883897665196,0.0014209034289197633,0.0014088619395228046,0.009000671774080206
0.0022825084700770315,0.0013769946605083378,0.001433126443473886,0.00872635062127767
0.0015880158464859993,0.0005513468916457118,0.0028002007977808076,0.008202343354226555
0.0015500955112010344,0.0005810480333831405,0.00266694926442411,0.007964962072747514
0.0024264605187532947,0.001439752794949914,0.001346567151088896,0.009042902068390169
0.0022851657994134703,0.0013911546770573045,0.0013807274424407954,0.008767687508013672
0.0015663043151970246,0.000549087396011255,0.0028255539979462644,0.008191871488963734
0.0015289898299882167,0.000574570812599295,0.002705434578952716,0.007954128941419971
0.0024531953046417446,0.0014452306698906471,0.0013213256728565582,0.009061221138829633
0.0023197639046722597,0.0014088160760077411,0.0013383681268614913,0.008779069725714982
0.0015463889194051704,0.000547594746123722,0.002815814786678318,0.008209279619946535
0.0014877773871221362,0.000579911536026466,0.0027358801114015134,0.007960081748711458
0.0024277931144837585,0.0014542304631097358,0.0013189548512806855,0.009084193332806767
0.0023280811289137595,0.0014209768666515819,0.001318728560946474,0.008793393550894282
0.0015428495425589188,0.0005388946083329835,0.002796134320909305,0.008227954433885229
0.0014801351733635868,0.0005727346136634047,0.0027306563061733156,0.007972672920077098
0.0024196152012716863,0.0014566079611004553,0.0013099199879042576,0.009111790568387259
0.0023077750639267348,0.0014228717044370686,0.0013099424127404388,0.008826742995967456
0.0015274620571453402,0.0005370749685397631,0.002795670987614172,0.008232760347671498
0.0014763332414732243,0.0005672290577365319,0.002708545150585431,0.007985927496008249
0.002431900071534362,0.0014611953860112752,0.001280748415757621,0.009143502417633018
0.0023086949073749855,0.0014173753041846141,0.001293487916345094,0.008862456876647055
0.0015175011249166466,0.0005317100818038633,0.00281546289452696,0.008225733785926902
0.0014717812083290017,0.0005607733535712117,0.002703447626825553,0.007991917575092992
0.0024439745978580706,0.001472013785283374,0.0012457017039546941,0.009172501588966212
0.002309956987005165,0.0014262565736575365,0.0012644075905725004,0.008891889726364269
0.0015005726192449057,0.0005302735805360761,0.0028298384403418974,0.008228142924081876
0.0014553360283044645,0.0005575131897931067,0.0027220801401502646,0.00799620496312069
0.002457061549786405,0.0014787909636988909,0.001227072927654478,0.009189221880873637
0.0023293920701763123,0.001437615267990131,0.001238866257510195,0.008904916558168998
0.0014878014036747414,0.0005272036969052853,0.002827670483008181,0.008242658580791243
0.001432010569860638,0.000558085358589575,0.002740110136164789,0.008005471450686114
0.0024445129049949312,0.0014853227205948395,0.0012197603299958378,0.009205849006251227
0.00233132045861304,0.001446927811158101,0.001222406950735118,0.00891567863416973
0.0014822106152411467,0.0005220219093497371,0.0028192857314101446,0.008263815371595134
0.0014242301843209206,0.0005533014900281752,0.0027437538542296616,0.008022301368340408
0.0024376291336421527,0.0014849306611805658,0.0012118982155211078,0.009215772316391629
0.002321975573682996,0.0014466332905775329,0.0012130572276032887,0.008926735243681634
0.0014760513487244147,0.000518760713714367,0.002820087866326003,0.00828201880269663
0.0014213930778758331,0.0005490072920542807,0.0027365619569566296,0.008042352026456645
0.0024379059895869534,0.0014856753007537824,0.001194867665433396,0.00922735899281664
0.002319089980135182,0.0014429624902557168,0.0012015391638190956,0.008943760437726909
0.0014709052997020416,0.0005154466013993724,0.0028290261218947227,0.008285679662113927
0.001419084041702345,0.0005451925624413761,0.0027308181045762863,0.008050248128246392
0.0024440164926543225,0.0014925196876666524,0.001172899514225209,0.009244356994647821
0.002316963630068326,0.0014484838779488401,0.0011841435098264876,0.008961034519688545
0.0014597005034611664,0.0005158773025960331,0.0028376068905218536,0.008290064509690796
0.0014098059636810586,0.0005441701634026376,0.002739037192331678,0.008056521377502526
0.0024519940360630157,0.001498008373430161,0.0011587520294241798,0.009246977335596363
0.0023253864556115607,0.0014558163900360212,0.0011680764729575374,0.008959629290941414
0.0014516406610467867,0.0005157882113057898,0.0028409603696602495,0.008306356628057713
0.0013967183400747914,0.000545685372555007,0.0027534213491942137,0.008069792737472301
0.0024457812369769994,0.0015013183046699906,0.0011523577502726198,0.009242495151850208
0.0023293279387830114,0.0014615515708581554,0.0011561937423419945,0.008955296626371944
0.0014486939994499135,0.0005145681919778115,0.0028367204787037,0.008320549850878402
0.0013905898917397647,0.0005457778901639951,0.002756902170946659,0.008078601627652377
0.002441086114367118,0.001502976785765252,0.0011454492288518181,0.00924723314039438
0.002326616900072744,0.0014642361814291118,0.0011472234243266055,0.008962305896813098
0.0014448399789287027,0.0005150212052676963,0.002832711582868306,0.00832413202337373
0.0013882943498651293,0.0005458642771809376,0.0027502455091466477,0.008081906116305831
0.0024432195041909,0.0015058929824981351,0.0011340634764144288,0.009256151824195903
0.0023247427502836723,0.0014652603426489378,0.0011386533864424192,0.008971269380027888
0.0014403051790541277,0.0005161988626344109,0.0028358099930247903,0.008323972321200575
0.0013861853341473787,0.0005462216810949562,0.002746549929817869,0.008085363108336354
0.002447547732937864,0.0015106994071607868,0.0011215148673197946,0.009257501260173683
0.0023241786152454883,0.0014688989575998219,0.0011290943729817219,0.008972249786747686
0.0014341841968474392,0.0005183853934678712,0.0028419926777489305,0.008327619442028644
0.001380835561622509,0.0005478174402234021,0.002751266153262837,0.008090411056748088
0.002450911490114014,0.0015152314375924735,0.0011123949931240835,0.009251683774718345
0.002328230073936607,0.0014741358127953062,0.0011195102062750368,0.008967047412801746
0.001429100897840564,0.0005203581025274403,0.002844477206792432,0.008332740527112057
0.001373603202325848,0.0005505518104990403,0.002757668487785266,0.008093551235403087
0.0024496154778754432,0.0015193737407075893,0.0011061530132377188,0.009248542015810553
0.002331035292099131,0.0014794905532207186,0.0011108452306687654,0.008964318203614544
0.0014258488548552582,0.0005219372469704662,0.00284252453146797,0.008335360703654359
0.0013690518763947968,0.0005526285240178211,0.0027597970910175273,0.008094036990412707
0.0024485474180933036,0.001522243889127274,0.0011003528343968845,0.009248288270501868
0.002330696322863163,0.0014829013029115806,0.0011039719359305358,0.008963879044896586
0.0014229554730309155,0.000523823421252085,0.0028414273016184374,0.008336480979093577
0.0013665377943212424,0.0005543420154594355,0.0027587447334485914,0.00809533691287528
0.002449025327756771,0.0015247838994098205,0.0010935914276996445,0.009246291312475573
0.0023299683590357364,0.0014847621899939038,0.0010982415240512128,0.008962422740562078
0.0014200088885974297,0.0005258084475638172,0.0028436382512148097,0.008336434588026099
0.0013643185564434085,0.0005560553302881788,0.002757811492756627,0.00809659421928468
0.0024506957765091657,0.0015285202267922627,0.001086027930044952,0.009242876807234965
0.0023296443207575864,0.0014878814147760069,0.001092156407300883,0.008960145189433291
0.0014158022280982608,0.000528358402129077,0.002846944002798694,0.008335437499214105
0.0013607114816304334,0.0005582622062310905,0.002759185750983559,0.008096390094289878
0.0024533442721223525,0.0015327858478207982,0.0010792052895311189,0.009238532010394429
0.0023314328316641642,0.0014921400698954092,0.0010856620739788355,0.008956188234913728
0.001411474683961894,0.0005309915111910556,0.0028493027701252567,0.008335097090664004
0.0013559528461075416,0.0005609649974723623,0.0027624715958429157,0.008095973810186247
0.002454255110649487,0.0015365790872823692,0.0010737823383993959,0.009233255307060841
0.002333461007331738,0.0014962525613377757,0.0010794669472189485,0.00895093844499149
0.001408257154929814,0.0005332310329756589,0.0028502472340866582,0.008335525095648149
0.0013520126910854565,0.0005634168791400329,0.002765270082315152,0.008095763983805015
0.002454193922602976,0.0015394574477471219,0.0010689890912344464,0.009227985381325667
0.0023343038755129636,0.001499429034376059,0.001073999266307996,0.008946207095033772
0.001405523863513162,0.00053540171244635,0.0028507631737954044,0.008335180540255803
0.0013490690226289912,0.0005656231687398548,0.0027661078837612233,0.008095156221979559
0.00245478277961915,0.0015422005478164715,0.00106379983462241,0.00922354887196444
0.002334674731818327,0.0015020057228786836,0.0010690142862730722,0.008942557638391115
0.001402575913123128,0.0005376936906679994,0.0028520872636511726,0.008333359927260916
0.0013463999099962171,0.0005677633234521609,0.00276608467821988,0.008093862324426123
0.002456414907939156,0.0015455067200128632,0.0010581387082343016,0.009219107478363669
0.0023350840129591254,0.0015049518098827566,0.0010640664638083268,0.008938680486813077
0.0013989844564082435,0.0005402490197983316,0.002854395648626768,0.008331314125126216
0.0013432072432167739,0.0005700540977494413,0.0027671642533404293,0.008092551016685743
0.0024585678435850348,0.001549015181719064,0.001052758171452279,0.009213259922981457
0.002336401613399751,0.0015082700743767091,0.0010590631484883447,0.008933293048755998
0.0013953005557858994,0.0005428129130771761,0.0028568486088600756,0.008329914248922984
0.001339429397024303,0.0005725567782666268,0.0027694634032120104,0.008091397563163521
0.0024600263453976707,0.0015523659512474614,0.0010479349997761572,0.009206786997545915
0.00233812818063054,0.0015116409162501602,0.0010540364258078503,0.008927401610206727
0.0013920501172185438,0.0005451802912602959,0.002858579407615044,0.008328505711849453
0.0013358474180279816,0.0005749808792433917,0.0027716733112869885,0.008089785965851113
0.0024610967049945253,0.0015553930556036313,0.0010433650801339425,0.009200930412649251
0.002339500991789738,0.0015147630267687024,0.0010491476914162435,0.008922098447230055
0.0013890401563095174,0.0005474832051799989,0.00285986076164284,0.00832661570824221
0.001332691480131261,0.0005772596629316426,0.002773176479170264,0.008087840316180199
0.002462370864895849,0.0015582189053750708,0.0010387764557019613,0.009195374829848951
0.002340618630204393,0.001517529556384124,0.001044550568557717,0.00891701645168401
0.0013860570060460354,0.0005497780567539908,0.002861491884457068,0.00832440332486874
0.0013297288472242004,0.0005794601034581586,0.002774381067992587,0.00808591535898341
0.002463903095298405,0.0015611485103877647,0.001034124449538566,0.009189500493081927
0.002341651319100696,0.0015202877333421402,0.001040144254515742,0.008911702212294492
0.0013375680590850016,0.0005762834067289392,0.0027531984036128533,0.008115149676881919
0.001295892845774439,0.0006073858255534879,0.002669521684360577,0.007931192011179328
0.0023686896107533244,0.0015581364994818369,0.001021525259441206,0.009044193241354222
0.0021980884347068386,0.001495554998086394,0.0010508263111632435,0.008702835421314862
0.001381836361589777,0.0005684785664742064,0.002889362902519125,0.008358697699961075
0.0013689265159563646,0.0005743321014481882,0.0028318979267782088,0.008179582626768671
0.0023411056860681346,0.001447797475466126,0.0010528338787110974,0.008672202592658069
0.002185823208229004,0.0014035572131730512,0.0010861697789929978,0.008440761570677083
0.001439261866919779,0.000575448898576363,0.002982473927571303,0.008521635226456062
0.001377812540152688,0.0006058287143440559,0.002875614416236792,0.008272625595090568
0.0022224763497112996,0.001455138618244826,0.0010283961664829683,0.008595632881995875
0.002159373655110401,0.0013999138092186773,0.0010626661520682465,0.00838977369539737
0.0014924548179580856,0.0005810301327356773,0.002996493149689715,0.008461765404400435
0.0014415337193689826,0.0006006391350052092,0.002878781547760176,0.008172757995755925
0.0023420829504163052,0.001460031084151929,0.0010025131185658514,0.008586875323382247
0.0021881217415393316,0.001453785284327498,0.001029607331984134,0.008409115491313976
0.0014230185159197887,0.0006455189126126944,0.0029355965973204778,0.008296355698720743
0.0013625884137063976,0.0006719334816849076,0.00283049165708332,0.008007278532341636
0.002389879981176338,0.001530406148591172,0.000997437182484728,0.008653709467700225
0.0023270209554652897,0.0015087190992086,0.0010092032011482222,0.008442313383232768
0.0014145143854391619,0.0006588942632097729,0.002863406997178179,0.008107510775443735
0.001338059796729029,0.0007023118243042073,0.0027812518434827023,0.00783739859697459
0.002420879796435591,0.0015990110582713238,0.0010027009704831047,0.008747099695212838
0.0023245874416773496,0.0015879101407733497,0.0009993804714467716,0.008518599630835155
0.0013730603575846424,0.0006947497350537056,0.0027927560084603387,0.007988913976167694
0.0013221807226273998,0.000723264555329053,0.002743975733940915,0.007740320938449184
0.0024498788793199935,0.00161153543062854,0.0010186776030024732,0.008746482624575221
0.002325504859654676,0.0015822247307015274,0.00101928165896233,0.00847091738267683
0.0013911018220095878,0.0006975698444027916,0.002825037187559906,0.008015006152794203
0.0013425274572554686,0.0007236475764960694,0.002767393162703736,0.007796138163698346
0.0024083871283282657,0.0015876258265594238,0.0010242319821025026,0.008646441657858352
0.0022951050927764774,0.0015428910762115696,0.0010381990514735174,0.008405090780543824
0.001424080171719328,0.0006876844404217439,0.002872829926785876,0.008028530701422301
0.0013758928556307313,0.0007104783321250944,0.002762784817673519,0.007808934663118676
0.0023954088197500386,0.0015841674122204518,0.0009970393023638734,0.008634095183846665
0.002255094269583979,0.0015333244735115284,0.0010321512072123088,0.00841316335635752
0.001423031677271469,0.0006915935513122597,0.002914379793430246,0.007998746848938665
0.0013862929254115208,0.0007021426509019515,0.0027719781883175218,0.007785216049366708
0.002443319530627559,0.0015919521480968982,0.0009791161142523978,0.008634396839575443
0.002277321711241758,0.0015448380508312192,0.0010218778993901396,0.008421135438543326
0.0013948582261541984,0.0007018161590091203,0.002938875995520851,0.00795918897263109
0.001349740028279827,0.0007155065290486893,0.002794232968504355,0.007749938020585964
0.0024585464260620015,0.0016204290469825037,0.0009753864883045715,0.008652769028371447
0.002320720364319394,0.001573128652138596,0.0010074149719065274,0.008431918412907687
0.0013761755142089594,0.0006995555758440846,0.002933610307551359,0.00792276952352879
0.0013221588209406754,0.0007198535800224213,0.0028136369826540757,0.0077097336871470665
0.0024556779490426768,0.0016384130165717852,0.000978163579470863,0.008671385747608115
0.002323569855448225,0.00159562197663849,0.0009942548542482162,0.008435156065806915
0.001366481824794693,0.00069893637079285,0.002924627483161392,0.007927293953814966
0.0013136843087946867,0.0007183610279704535,0.0028344921793569907,0.007711446006666942
0.002452577724774312,0.0016254711628878422,0.0009830033591600577,0.008650558585844955
0.002330262191249714,0.0015816437337431545,0.0009916974625331003,0.008413083462225529
0.001376083920805989,0.0006920029450044998,0.0029305895312238556,0.007944842961235018
0.0013174422902335857,0.0007150408547876848,0.0028349099394751414,0.007729267518037564
0.002434800672646423,0.0016166768817488194,0.0009706527869107993,0.00864454990168403
0.0023199514686525068,0.0015671708772220388,0.000985026798492055,0.008416049604094372
0.0013821506482980372,0.0006860996028406007,0.0029398642878456244,0.007935026831316154
0.0013273312158225126,0.000704770333945769,0.0028196305205403175,0.007722592430100571
0.0024567434330862556,0.0016207888026491272,0.00095078910418897,0.00865816200513004
0.002315837167127543,0.0015710838631651648,0.0009745187356023665,0.00843708772089211
0.001362168586283377,0.0006920729236295937,0.0029486242785594185,0.007909797244741262
0.0013128871201594401,0.0007055069306067021,0.002811677293598699,0.007705258352605641
0.0024834483870102334,0.0016374322598244149,0.000937259023161389,0.008665070555052775
0.002333365404957012,0.0015838041926683533,0.0009650534408167032,0.008436563601136395
0.0013441919532647141,0.0006950175692654549,0.002963105732994637,0.007901381705099342
0.0012940131220764279,0.0007088569740437964,0.0028291957757338687,0.0077010115659901
0.0024888117146651353,0.0016488535164012443,0.0009320520462652096,0.008649569050757597
0.002342302352501864,0.0015950245441259277,0.0009546918745424844,0.00841761791345486
0.0013361684522240605,0.0006954662881379426,0.0029740756482245067,0.007911295472349944
0.001283836473209607,0.0007105606190316418,0.0028545328046231926,0.007705311223749739
0.002489339570485135,0.001645769343832931,0.0009282064071304066,0.008633490858812893
0.0023557940920342813,0.0015942981147092064,0.0009428140682992941,0.008406108983131579
0.0013378167396016537,0.0006921955610708707,0.0029743440756900847,0.007911368895368233
0.0012800253543950818,0.0007106680907746113,0.002860998623414556,0.007699008954341263
0.002485617874005535,0.0016441180578507955,0.0009175676406911446,0.008643478449866427
0.002362010322717123,0.0015937140819249967,0.0009293253950896216,0.008416311080395858
0.0013391147974428548,0.0006882772898355204,0.0029697427630772603,0.007897186193766507
0.001280504372528964,0.0007064131475649117,0.002856722470518071,0.007684525024477836
0.0024922760971931436,0.0016472737069705104,0.0009080254763866369,0.008652520950960738
0.0023590433155981556,0.0015984168719742735,0.000921395757431556,0.008420976342137768
0.0013313040935419018,0.0006897339848951467,0.0029738307644503895,0.007891296749641029
0.001274499096066651,0.0007057735651384812,0.002861634619618284,0.007681618174756643
0.0025003299560503833,0.0016514653302971006,0.000905164270197472,0.008639863827436846
0.0023648442321513737,0.0016017855050409209,0.0009194164531714803,0.00840753816609121
0.0013248980601270881,0.0006900086224781488,0.002983667662997632,0.007890712058200567
0.0012662232168317745,0.0007072395826927024,0.0028698950177499316,0.007680901905172943
0.0024994822118788794,0.0016572240778223067,0.0009010500160476147,0.008631968033990207
0.002369272027015318,0.0016061630116917802,0.0009138970415633177,0.008402402514748279
0.0013219581806313923,0.0006884620134414926,0.0029869821730283547,0.0078817118724349
0.0012633046965552402,0.000705688509965539,0.0028723958961582364,0.007669932798159536
0.002504007282022305,0.0016607019659534905,0.0008936097108273713,0.008635779075007101
0.0023714875182656698,0.001609618669569514,0.0009053138214404404,0.008405789288445306
0.0013191789135430295,0.0006882704595985779,0.0029883946020090564,0.00787102867408795
0.0012612388457724235,0.0007046560813411557,0.002875039778056301,0.007660013036233378
0.0025095267628851177,0.0016619960234201246,0.0008869683457754078,0.008634626981519327
0.002376121897325155,0.0016105283338970517,0.0008988880616094712,0.008402114889326313
0.0013175635030442745,0.0006876793364781385,0.002994020016553904,0.007864913591309558
0.0012582422743034072,0.0007044693724245106,0.0028810575697307064,0.007654954400442662
0.002510917794515189,0.0016646478342023522,0.0008821527365203035,0.008627735640609598
0.00237881948828194,0.0016133959787049752,0.0008939577433077437,0.008395244031588981
0.0013145228476894684,0.0006872468723701682,0.002998870435382931,0.0078588799094414
0.0012542728000211952,0.0007042164822767483,0.0028863912545537777,0.007648029939184474
0.0025141142503750896,0.001668457557532117,0.0008782427299427114,0.008622880673765933
0.002382625518379273,0.00161777994775911,0.0008889363934697276,0.008390841057714801
0.0013104888487177663,0.0006870717345289149,0.003000467114624341,0.00785057462141233
0.0012496726515919766,0.0007043241061133015,0.0028894240925915193,0.007638857915491288
0.0025170467200456947,0.0016719405309490731,0.0008742085703874379,0.008620835576019907
0.002386860285822435,0.0016210992529055851,0.00088376261242371,0.008387512214513478
0.0013080812247756278,0.0006862903662442528,0.003001535104081579,0.007842567792342957
0.001246827751075458,0.0007038149915477151,0.0028920355905536514,0.007630821369158776
0.002518987872866821,0.0016739111197046882,0.0008700831238877765,0.008617322941258164
0.002388837107211358,0.0016228973695798423,0.000879104191647419,0.008383005097903457
0.0013062977795775313,0.0006856687564528796,0.00300378910285695,0.007836121050160771
0.0012448364124611384,0.0007030879325756926,0.0028946754765891754,0.007624556055234102
0.002521519315890087,0.0016752881320248837,0.0008660617630142896,0.008612142151113968
0.002391247221095161,0.0016240920799949765,0.000875066742773583,0.008377953215045739
0.0013041269314457134,0.0006850781234089654,0.003006328924523036,0.007828936801124878
0.0012422011790500416,0.0007024956263118333,0.002896156071694779,0.007617544732304302
0.0025241897428121317,0.0016779358012876985,0.000861830074075261,0.008608586406813532
0.002393743259300503,0.0016264337166756336,0.0008709391126816442,0.008374297122665686
0.0013011708340451,0.0006844984073247174,0.0030081963200745366,0.007820644877104103
0.0012391860737765747,0.0007017116616428003,0.0028974643793482,0.007609521890095151
0.002527644275108503,0.0016809532611056853,0.0008579830662444493,0.008605083707460002
0.0023960756195369718,0.0016292613091567249,0.0008669585481252962,0.008370041272906803
0.0012978879716884894,0.0006841276410135326,0.003010246547334447,0.007813609430113996
0.0012358911130269806,0.0007012023638836949,0.0029000814363606287,0.007602734732178758
0.0025305063116180587,0.0016831136152613447,0.000854745888307019,0.008599809386609678
0.002399156071099685,0.001631180728145311,0.0008633018634569962,0.00836426123891404
0.0012954772047787174,0.0006833155056357437,0.0030124659894835938,0.0078074599915487
0.0012329605592532246,0.0007006343131277621,0.002902748669319842,0.007596469456879973
0.002532179672579895,0.0016848800714031435,0.0008513533342463719,0.00859523452262063
0.002401680860674624,0.001632823070368796,0.000859442705888673,0.008359586511704445
0.0012933975980755936,0.0006822263435265048,0.0030138606087927265,0.007800585848890767
0.0012305420172427485,0.0006996133241299103,0.0029043707910533286,0.0075893844199935705
0.002534474927093641,0.0016866324749755717,0.0008478496028262821,0.008591809438142443
0.002403749685221996,0.0016346018551907805,0.0008556524544594002,0.008355737599485089
0.0012909010182100536,0.0006813019299723719,0.0030150126513592192,0.007793662247343078
0.00122788138340734,0.0006986326648921466,0.0029058662989266577,0.007582558655244993
0.0025369396195110538,0.001688422972903286,0.000844743538612919,0.008587652375515734
0.002406032337341044,0.0016363032558986996,0.0008523642725374183,0.008350939715605656
0.0012883452070214527,0.0006803161633700185,0.003016570103956389,0.007787430478720989
0.0012250304426711268,0.0006977332680796389,0.0029077142063296813,0.007576423502074112
0.0025388255602390875,0.0016902374122784451,0.0008419282649280856,0.00858287638842412
0.002408101868394084,0.0016379985088778631,0.0008492816802164241,0.00834583441681505
0.0012858721459750638,0.0006792218119508114,0.0030179787956252624,0.007781318470465007
0.0012223286420184054,0.000696713594181284,0.0029093511726805627,0.007570203021542002
0.002540754084788061,0.0016919086008149353,0.0008390973623697175,0.008578546816343657
0.0024101101095033626,0.0016395761831401758,0.00084613850565383,0.008341249799110405
0.0012834894065792794,0.0006780803314455838,0.003019016173875672,0.007774978166929923
0.001219775510230621,0.0006956199475021631,0.0029106092943728947,0.007563805133953457
0.002542712456240631,0.0016934286001503776,0.000836216748203603,0.008574577636951134
0.002412067455277774,0.001640976016484864,0.0008430302382390126,0.008336820708017074
0.001281219408252372,0.0006768877908162683,0.0030200506067901605,0.0077687515119163695
0.0012173313521620743,0.0006944734132978377,0.0029118698912703597,0.0075576310850414205
0.0025445610265251955,0.0016948661932536776,0.0008334593572967869,0.008570287360444672
0.002413828730657003,0.0016423340589626593,0.0008401021075624708,0.008332079528432883
0.0012789030797437041,0.0006757109640845621,0.003021190124420061,0.007762833365533623
0.001214837359459038,0.000693346620796935,0.002913248212988569,0.00755171945490631
0.002546350571080922,0.0016962919623284608,0.0008308833244251004,0.008565713215830247
0.002415656042495959,0.0016437134862416507,0.0008373194062274218,0.00832717107907513
0.0012765555402400562,0.0006745017422573363,0.003022194735554676,0.007756967017748471
0.001212281506950235,0.0006922371595662578,0.00291451050043656,0.007545772112821818
0.002548007170018339,0.001697740150498914,0.0008283812804927898,0.008561354874185871
0.002417457297714915,0.0016451190282877812,0.000834564711008229,0.008322443171880273
0.0012742648424902568,0.000673236546180971,0.0030229533927843607,0.007751066347601384
0.0012098213292518715,0.0006910711085005576,0.00291563383587625,0.007539776995275832
0.002549608179435665,0.001699074901702235,0.000825945594448441,0.008557086102513541
0.002419109195248587,0.0016464298964716751,0.0008318787390930521,0.008317728722484189
0.0012720489948983337,0.0006719612071609364,0.0030236477287993333,0.007745340756601928
0.001207455251848897,0.0006898900081781302,0.002916746995229566,0.007533980689508413
0.002551107137044925,0.0017002572194849109,0.0008236110975690864,0.008552632499166529
0.0024207085408668922,0.0016475916645793467,0.0008293244569043484,0.008312865611207925
0.0012699134195803326,0.0006706511517019114,0.0030243419269889243,0.0077397490125925865
0.0012051393247847215,0.0006886979877444876,0.0029177709663086317,0.007528307639902159
0.0025524763223183683,0.0017014242517434616,0.0008213372012012255,0.008548196578208761
0.0024222011682262278,0.0016487454014980603,0.0008268557170022935,0.008308071102147086
0.0012677761623615862,0.0006693223985175318,0.003024926093604172,0.0077341349278940135
0.001202856936835922,0.0006874708624187085,0.002918648456896146,0.007522602715677881
0.0025538630645865978,0.0017026038261487447,0.0008191282531886689,0.008543846551685833
0.0024236095984635003,0.0016499201695032157,0.0008244643970879386,0.008303330173550106
0.0012656137211541133,0.0006680056628088582,0.0030254351116487145,0.007728582858992536
0.001200581464891782,0.0006862490602188018,0.0029194957821834172,0.007516976296167534
0.0025552023517902,0.0017037297224475924,0.0008170122528025174,0.00853941279580044
0.002424997465479388,0.001651032464310727,0.0008221690249650474,0.008298486539727687
0.0012635077573373114,0.0006666691904280322,0.003025935520836756,0.007723166477564008
0.001198349282225964,0.0006850298005124202,0.002920341869006246,0.007511477400766244
0.0025564094420813615,0.001704788500268404,0.0008149603117823963,0.00853493063065688
0.00242630758248526,0.0016520842871803841,0.000819939336199837,0.008293630637156307
0.0012614601439680693,0.0006653103471804852,0.003026375370946614,0.007717808545773447
0.0011961824230590043,0.0006837891552160115,0.002921112705981694,0.007506016294221219
0.002557572056848095,0.0017058014851308585,0.0008129506309553628,0.008530502835103912
0.0024275458560269396,0.0016531064077340205,0.0008177627275656463,0.008288835433868456
0.0012594286018645555,0.0006639501978323359,0.0030267386796271594,0.007712482240120233
0.0011940461502567092,0.0006825433795158384,0.0029218117192488877,0.007500591458886466
0.0025587026318255528,0.0017067858553834914,0.0008110003714142157,0.008526082989682318
0.002428739545847811,0.0016541046884663436,0.0008156587698371112,0.008284026470669397
0.0012574124394888286,0.000662588478486671,0.0030270678046166646,0.007707237935007713
0.0011919288953181923,0.0006813026664960277,0.0029224900693247974,0.007495252200383359
0.002559762987458865,0.001707739968900408,0.0008091222188726447,0.008521610091238405
0.002429875889531134,0.0016550783578316208,0.0008136304896832766,0.00827917136155473
0.0012554187850461215,0.000661224240399083,0.00302736415650209,0.007702084080166127
0.0011898393873624603,0.0006800650903687464,0.0029231429036157873,0.007489989658533426
0.0025607624160599173,0.0017086558903771523,0.0008073031414881762,0.00851712060498373
0.002430965997164877,0.0016560203071798766,0.0008116615062895676,0.008274316739045846
0.001253454353755697,0.0006598563336751292,0.0030276046155051496,0.007696984329689087
0.001187785227891808,0.00067882784101821,0.002923738274343006,0.0074847724811396375
0.002561711011569272,0.0017095365071184481,0.0008055262682175677,0.00851266057103904
0.0024320051502948014,0.0016569305172930999,0.0008097424004222761,0.00826948942658712
0.0012515187849663563,0.0006584877079906805,0.0030277956176051578,0.0076919337573384105
0.0011857697281258287,0.0006775894113481407,0.002924284654768158,0.007479607606399269
0.002562618013339776,0.0017103834695894567,0.0008037947198840081,0.008508198739248561
0.002432986886600184,0.0016578121030803555,0.0008078804950009937,0.008264657067386855
0.0012496022814909571,0.000657126182575349,0.0030279619242959063,0.00768695530691319
0.0011837811250444156,0.0006763581148628882,0.002924806159001872,0.007474516430674863
0.0025634825780894983,0.0017112014013523015,0.0008021145540610784,0.008503705774651323
0.002433929117602747,0.0016586689604995066,0.0008060779748500443,0.008259803415006315
0.0012477034406563265,0.0006557706064434632,0.0030281043689492906,0.007682042750292363
0.0011818130788818118,0.00067513704848996,0.0029252986189196493,0.00746948551489426
0.0025643007144594467,0.0017119996055600544,0.0008004784799493936,0.008499211018428588
0.002434832476698128,0.001659509995742626,0.0008043236896788775,0.008254956173311071
0.0012458230451017625,0.0006544207519323309,0.0030282097095598866,0.007677179389385734
0.001179871127762632,0.0006739229647974109,0.0029257567431986756,0.0074644988627730795
0.002565083448512926,0.0017127746221123831,0.000798881661945114,0.008494725295228397
0.0024356943462447394,0.0016603326485272881,0.0008026132571581296,0.008250117233869871
0.001243962126160086,0.0006530804671207128,0.0030282852623959755,0.007672373693864249
0.001177955887981241,0.000672719203313487,0.0029261926923989058,0.007459569012942255
0.0025658289304982987,0.0017135205318161888,0.0007973251379140973,0.00849022812382785
0.0024365214015097604,0.0016611303155029834,0.000800948936569083,0.008245269440689961
0.001242124069953219,0.0006517492710411782,0.0030283418311996147,0.007667630735856595
0.0011760657048913695,0.0006715278376373561,0.002926609600297562,0.007454699320479064
0.0025665323683461104,0.0017142433459302498,0.0007958061586252911,0.008485722760615847
0.0024373121134099495,0.0016619097256837566,0.0007993277138304015,0.008240421538229183
0.0012403048170157996,0.0006504284149169969,0.0030283751590403137,0.007662939615035239
0.0011741990471962336,0.0006703480770794656,0.002927002004754292,0.007449877367481358
0.0025672044918941934,0.0017149490315000878,0.0007943220672097548,0.008481220485042202
0.0024380683373846205,0.0016626770040766075,0.0007977463733618469,0.008235580735728231
0.0012384999607956335,0.0006491212417050141,0.0030283848951528003,0.007658298096262078
0.0011723529478043337,0.0006691825407142392,0.0029273742784324624,0.007445103166396852
0.002567847546012908,0.0017156368386361577,0.0007928728269590466,0.008476715026250801
0.002438795406839814,0.0016634297823234802,0.0007962044490136691,0.008230738524708705
0.0012367124915354983,0.0006478278946433235,0.003028377904829168,0.007653710964745554
0.0011705280017719583,0.0006680328449506365,0.002927732600925975,0.007440381569639709
0.002568457139930824,0.0017163058351098404,0.0007914564118568039,0.00847220267539112
0.0024394926551265053,0.0016641672066837416,0.0007946996206097926,0.008225894965150828
0.0012349437848972892,0.0006465486978822512,0.003028355578775359,0.007649175312651284
0.0011687255803215337,0.000666898653842602,0.002928075679838979,0.007435708490225307
0.002569037700105405,0.00171695785379099,0.0007900694350454029,0.008467689528579007
0.0024401612854009973,0.0016648916449593031,0.0007932287983749523,0.008221056500720676
0.001233191546365017,0.0006452854464230638,0.0030283173513050076,0.007644686004114752
0.0011669439697727406,0.0006657809916177421,0.002928402906471944,0.007431079888625143
0.0025695935323404827,0.0017175955672407487,0.0007887103141308812,0.008463177210104792
0.002440804287696338,0.0016656052438341967,0.0007917906511913133,0.00821622232593717
0.0012314544290915298,0.0006440394133961997,0.003028266397491668,0.007640243308356385
0.0011651813921245968,0.0006646813149752174,0.0029287186195642344,0.007426496831315856
0.0025701249314584373,0.0017182202313972162,0.0007873787233776519,0.00845866141780273
0.0024414231233475248,0.001666309092699484,0.000790384281956483,0.008211388721548552
0.001229732215668138,0.0006428114234172512,0.0030282056336843996,0.007635848242220031
0.001163437133662663,0.0006636006261410777,0.0029290259657126874,0.007421959494325364
0.002570632695051799,0.0017188323235623455,0.0007860732932844069,0.008454141898274878
0.00244202005380998,0.0016670037108257071,0.0007890076154580774,0.008206556816661919
0.0012280251225147444,0.0006416019126993509,0.00302813521080889,0.007631498178189531
0.0011617110429972715,0.000662539390301479,0.0029293246284881965,0.007417464907900966
0.0025711184753810143,0.0017194328836682357,0.0007847916954523428,0.008449622574543934
0.0024425963684020207,0.0016676900148638542,0.0007876582756509939,0.008201729805839272
0.0012263329604191911,0.0006404115084515532,0.0030280555576627267,0.007627190694305513
0.0011600030627014798,0.00066149785995628,0.0029296153265380544,0.007413011316679756
0.0025715844116954265,0.0017200227476645035,0.000783532583295892,0.008445103465641816
0.002443152837479553,0.0016683688146033092,0.0007863350940385948,0.008196906985248203
0.0012246549487430695,0.000639241202896753,0.003027969084328339,0.007622926007325698
0.0011583122290801078,0.000660476885405174,0.0029299006396762187,0.007408599284097596
0.002572031747355342,0.001720602732906319,0.0007822953222894839,0.008440582225187733
0.002443691514914243,0.0016690407895089128,0.0007850372362576591,0.008192086690519301
0.0012229906344987,0.0006380914919417569,0.0030278775482652804,0.007618703433380884
0.001156637540412288,0.0006594771674408164,0.0029301817557996516,0.007404227821543742
0.0025724612827549005,0.001721174227614462,0.0007810786095952477,0.008436059992348865
0.0024442138096257395,0.0016697071833519331,0.0007837630450132974,0.008187270406190644
0.001221339630391016,0.0006369627548701269,0.003027781150302428,0.007614520799784817
0.0011549786963479223,0.0006584988793350178,0.0029304589985093476,0.007399894721161773
0.002572874894566809,0.0017217380764099688,0.0007798810174824715,0.008431538362737575
0.0024447207012955707,0.0016703687598257572,0.0007825109473101567,0.00818245915369573
0.0012197015625749897,0.0006358555968496897,0.0030276808906363776,0.007610377218377496
0.0011533353219512898,0.0006575424366281137,0.0029307338100390836,0.00739559945827568
0.002573273885590982,0.0017222945326135,0.0007787015759289182,0.00842701651654038
0.002445213686334093,0.001671025625084967,0.000781279916695335,0.008177652041665824
0.0012180763719532976,0.0006347703561869047,0.0030275784573871637,0.007606272343132342
0.00115170689302866,0.0006566082789194648,0.002931007562979429,0.007391341751766954
0.0025736588914814593,0.001722844355390544,0.0007775392570484453,0.008422494276493565
0.0024456938803624493,0.0016716784904334996,0.0007800687883213831,0.008172849305071778
0.001216463675507361,0.0006337073183891829,0.0030274746127233834,0.007602204805975827
0.00115009290516396,0.000655696589563519,0.0029312807996585578,0.007387120132235916
0.0025740314034458094,0.0017233885529121275,0.0007763929759063545,0.008417972589309847
0.0024461623550338413,0.0016723283450895538,0.0007788763083804511,0.008168051758235014
0.0012148628522774523,0.0006326669055697488,0.003027369899868939,0.0075981733718698515
0.0011484927427197896,0.0006548076520517157,0.0029315543776679146,0.007382933495378888
0.002574392759956454,0.0017239277296536074,0.0007752618781132568,0.008413451503103107
0.0024466204453598597,0.0016729756573163983,0.0007777014528266108,0.008163259165809489
0.0012132736908424915,0.0006316493602645757,0.0030272653456727867,0.0075941774816058
0.0011469059383575845,0.0006539417456725468,0.002931829470658523,0.007378781371229834
0.0025747436157214213,0.0017244622966158308,0.0007741451278109499,0.008408930747465296
0.0024470691689691478,0.0016736207562179158,0.000776543215076252,0.008158471390776632
0.0012116960822254558,0.000630654813602845,0.0030271617553287505,0.0075902163061693975
0.0011453321880995698,0.0006530989722124753,0.0029321067792672127,0.007374662879245031
0.002575084931399969,0.0017249927812461817,0.0007730417907432842,0.008404410733349575
0.0024475094388432335,0.0016742641501376844,0.0007754005343497948,0.008153688918315865
0.0012101296913843462,0.0006296834537650247,0.0030270596234459636,0.0075862887047617525
0.0011437710762847752,0.0006522794240783291,0.002932386791819051,0.007370576938101528
0.0025754178539396672,0.0017255197682185736,0.0007719510246664328,0.008399891841343711
0.0024479422660272296,0.0016749063475345347,0.0007742724732205227,0.00814891195022105
0.0012085741716341926,0.0006287354440132006,0.003026959605110029,0.007582393820601818
0.0011422221315707342,0.0006514832196636513,0.002932670254867334,0.0073665228030666925
0.0025757432560232626,0.0017260437525579426,0.0007708721296630762,0.008395373967842939
0.0024483685770171283,0.0016755477608646188,0.0007731582043429476,0.008144140324601439
0.0012070292636530467,0.0006278108800559945,0.003026862410364876,0.0075785309685174095
0.0011406849449017741,0.0006507104326713252,0.002932957916753235,0.007362499799323481
0.0025760619226105523,0.0017265651540160638,0.0007698044055253089,0.0083908571073071
0.0024487892707260477,0.001676188751854787,0.0007720568772062828,0.008139374094824264
0.0012054947443356486,0.0006269098054038228,0.003026768542585815,0.007574699272471517
0.0011391591618179532,0.00064996107512291,0.0029332502742749475,0.00735850704669728
0.00257637468374289,0.0017270843896075505,0.0007687471097162948,0.008386341574680071
0.002449205192138053,0.0016768296765069532,0.0007709676295654104,0.008134613517347403
0.0012039703859133386,0.0006260322409201382,0.0030266784287743156,0.0075708978158046504
0.001137644454486035,0.0006492351174432713,0.0029335477986535195,0.007354543687961838
0.0025766823646631945,0.0017276018385876464,0.0007676995650609197,0.008381827528527381
0.002449617109176854,0.0016774708580251125,0.0007698896892232337,0.008129858644420484
0.0012024559420222118,0.0006251782006719902,0.0030265925850071073,0.007567125859368135
0.0011361404666328466,0.0006485325332485459,0.0029338510629014682,0.007350609039156653
0.002576985708305918,0.0017281178427396417,0.0007666611795971174,0.008377314906835947
0.0024500258132703124,0.0016781125858508304,0.0007688223544210491,0.008125109393303995
0.0012009511807678497,0.0006243476553308622,0.003026511492263754,0.007563382671603608
0.001134646832428974,0.000647853278100954,0.002934160558843351,0.0073467023767004105
0.0025772853920547393,0.0017286327590355982,0.0007656313652539026,0.008372803801645607
0.002450432058020546,0.0016787551651483372,0.000767764915319324,0.00812036583851461
0.0011994558817535045,0.0006235405396186491,0.0030264354976357807,0.00755966742654887
0.0011331632306066442,0.0006471972573249498,0.002934476672774917,0.00734282288463205
0.002577582115368448,0.0017291469097415193,0.0007646095430924901,0.008368294388084806
0.002450836527328342,0.0016793988704946754,0.0007667166831012502,0.008115628072081478
0.0011979698305544318,0.0006227567792020762,0.003026364940102914,0.007555979362435352
0.0011316893587788753,0.0006465643609974557,0.0029347998193814313,0.0073389698363855605
0.0025778765368600597,0.0017296605487707437,0.0007635951853418953,0.008363786692289158
0.0024512398988789396,0.0016800439074587895,0.0007656770300570697,0.008110896051357471
0.001196492839543111,0.0006219962696424482,0.0030263001893008562,0.007552317786511141
0.001130224914587542,0.0006459544689552192,0.002935130403078077,0.0073351425621837815
0.0025781692363210386,0.0017301739272930902,0.000762587790999311,0.008359280731020024
0.0024516428145783535,0.001680690483763251,0.0007646453553122783,0.008106169762512421
0.0011950247185670323,0.0006212588795022774,0.003026241547875677,0.007548681959755175
0.0011287696072774464,0.0006453674295874841,0.002935468748192678,0.007331340330329927
0.0025784608056564455,0.0017306873057812513,0.0007615868735834348,0.00835477660119319
0.002452045873046741,0.0016813388217213176,0.0007636210744815686,0.008101449244610582
0.0011935652603294628,0.0006205444705102383,0.0030261892688845556,0.00754507114287613
0.0011273231495962353,0.0006448030770019701,0.0029358151646807825,0.007327562419287235
0.002578751826798993,0.0017312009084810738,0.0007605919821010265,0.00835027434986965
0.0024524496656075753,0.0016819891032957138,0.0007626036410629336,0.008096734467234412
0.001192114279558284,0.0006198528831740496,0.0030261436159839364,0.00754148465449975
0.0011258852639430854,0.0006442612364939954,0.0029361699727113383,0.0073238081653566045
0.002579042812084944,0.0017317149267592278,0.000759602692716741,0.008345773977776205
0.0024528547533631336,0.0016826414796119137,0.0007615925363340221,0.008092025376982032
0.0011906716115244775,0.0006191839324912531,0.00302610482829745,0.007537921815600319
0.0011244556929729092,0.0006437417104068412,0.002936533450066205,0.007320076894568197
0.0025793342546720182,0.0017322295435572383,0.0007586185939205174,0.00834127552350739
0.0024532616589500737,0.0016832961007496644,0.0007605872578519053,0.008087321959582491
0.0011892370843111695,0.0006185374230758194,0.00302607310150166,0.007534381931857336
0.0011230341854682547,0.0006432442853499794,0.0029369058384835964,0.007316367919676737
0.002579626647562813,0.0017327449304852666,0.0007576392970909653,0.008336779026465947
0.002453670889130878,0.0016839531057755124,0.0007595873306608962,0.008082624182713402
0.0011878105264124268,0.0006179131484025714,0.0030260486220951657,0.007530864334817667
0.0011216204908209655,0.000642768740953454,0.0029372873798809967,0.0073126805830298364
0.0025799204466949387,0.0017332612402360392,0.000756664442410157,0.008332284485376344
0.002454082930655269,0.0016846126149453002,0.0007585923088513492,0.008077931977156227
0.0011863917779637088,0.0006173108853887871,0.003026031567636258,0.007527368378985777
0.0011202143683342735,0.0006423148450567108,0.0029376783042297044,0.007309014242049998
0.0025802160765100017,0.0017337786098984768,0.0007556936887027374,0.00832779189646914
0.0024544982446031453,0.0016852747367421027,0.00075760176496145,0.008073245279598925
0.0011849806854051115,0.0006167303978432445,0.003026022086873,0.00752389341632444
0.0011188155886281894,0.0006418823522691331,0.0029380788122203,0.007305368247214808
0.002580513948129265,0.0017342971637694118,0.000754726709258297,0.008323301271044237
0.0024549172709690714,0.0016859395689819614,0.000756615289142715,0.008068564034103292
0.0011835770990377698,0.000616171439518776,0.003026020308629241,0.007520438804554807
0.001117423930103189,0.0006414710075966343,0.0029384890893484434,0.007301741957225873
0.0025808144530104597,0.0017348170118811734,0.0007537631970508747,0.008318812606632909
0.0024553404287109594,0.0016866071966023714,0.0007556324946079566,0.008063888166183563
0.0011821808740862822,0.0006156337544950796,0.003026026354529504,0.0075170039204456255
0.001116039176922515,0.000641080548666902,0.0029389093151028036,0.0072981347483835265
0.002581117958401327,0.001735338251677715,0.0007528028653739837,0.008314325882253658
0.002455768118270706,0.0016872776943397713,0.0007546530159288814,0.008059217587582554
0.0011807918701542228,0.0006151170772190182,0.0030260403322435007,0.007513588150038865
0.001114661118913437,0.0006407107056906696,0.002939339653692792,0.0072945460016608345
0.002581424812450544,0.0017358609717462363,0.0007518454431173283,0.008309841079425315
0.0024562007226829317,0.0016879511300087631,0.000753676504079678,0.008054552212423011
0.0011794099509505568,0.0006146211335631723,0.0030260623304945713,0.007510190882216344
0.001113289553428096,0.00064036120111182,0.0029397802532290566,0.0072909750992796365
0.00258173534736366,0.0017363852500121577,0.0007508906739588281,0.008305358180133365
0.002456638606016259,0.001688627562409606,0.0007527026267679423,0.008049891950583
0.0011780349849803008,0.0006141456423687004,0.0030260924266234997,0.007506811517245001
0.0011119242851245518,0.0006400317513116948,0.002940231254237329,0.007287421434544211
0.002582049876884823,0.001736911151632369,0.0007499383179465366,0.008300877153698946
0.0024570821159111958,0.0016893070395070386,0.0007517310698852325,0.008045236699387049
0.0011766668461373308,0.0006136903155039995,0.0030261306897794767,0.007503449467763071
0.0011105651244607596,0.0006397220678567482,0.002940692788731338,0.007283884410797592
0.0025823686955451807,0.0017374387327988656,0.0007489881498527423,0.008296397963569884
0.0024575315845022914,0.0016899896023936775,0.0007507615352945219,0.008040586352071928
0.0011753054122333308,0.0006132548584407806,0.003026177176331665,0.007500104151812116
0.0011092118877246587,0.000639431857201069,0.0029411649763893145,0.007280363434266886
0.0025826920831976477,0.0017379680429378227,0.0007480399576616309,0.00829192057400111
0.0024579873277355006,0.0016906752873964146,0.0007497937394072842,0.008035940800646795
0.0011739505638174031,0.0006128389719601323,0.00302623193088029,0.007496774994701606
0.0011078643967750467,0.0006391608217616182,0.002941647928807167,0.00727685791734624
0.0025830203055074844,0.0017384991225208738,0.0007470935433265055,0.008287444942731226
0.002458449647639941,0.0016913641235333109,0.0007488274138379316,0.00803129992883522
0.0011726021858787586,0.0006124423522616808,0.003026294990543902,0.0074934614329841606
0.0011065224788031475,0.0006389086611213773,0.0029421417521598462,0.007273367282121723
0.0025833536109448516,0.0017390320032135208,0.0007461487220070751,0.0082829710203122
0.00245891883286108,0.0016920561327670044,0.0007478623043868182,0.008026663614092388
0.0011712601683642701,0.0006120646908797949,0.0030263663837117234,0.007490162911126001
0.001105185966911933,0.0006386750717512792,0.002942646544420843,0.007269890956265258
0.0025836922332093865,0.0017395667100367392,0.00074520532041207,0.008278498756252728
0.0024593951578246406,0.0016927513325068909,0.0007468981695711438,0.008022031732592272
0.0011699244044475747,0.0006117056760619173,0.0030264461289830884,0.007486878879842422
0.0011038546995903054,0.000638459747560065,0.002943162395944477,0.007266428372182954
0.002584036393849008,0.0017401032615491584,0.0007442631769081359,0.008274028097147827
0.0024598788843621052,0.0016934497355230668,0.0007459347808027424,0.008017404156029568
0.001168594790472218,0.0006113649934985721,0.003026534237841591,0.007483608798845412
0.0011025285198019992,0.0006382623811127969,0.0029436893924919883,0.007262978970059761
0.002584386300608008,0.001740641669674292,0.0007433221416341671,0.008269558983570542
0.0024603702628559943,0.0016941513495856387,0.0007449719221408218,0.008012780749941115
0.001167271226785293,0.000611042326229787,0.0030266307153634436,0.007480352136650112
0.0011012072753157649,0.0006380826638272271,0.002944227614892221,0.007259542196907211
0.0025847421475098252,0.0017411819405601817,0.0007423820753656349,0.00826509135310351
0.002460869531907633,0.0016948561785449657,0.0007440093890323921,0.008008161377113774
0.0011659536173576407,0.000610737355259651,0.003026735559054566,0.007477108368658852
0.001099890818917656,0.0006379202860862724,0.002944777138308083,0.007256117504800308
0.0025851041169775418,0.0017417240749803978,0.0007414428488207799,0.008260625141692953
0.0024613769189116962,0.0016955642227225274,0.0007430469877839197,0.008003545897879296
0.0011646418694074474,0.0006104497602752622,0.0030268487598602636,0.007473876977894987
0.0010985790079287784,0.00063777493794837,0.0029453380337286627,0.007252704352114491
0.0025854723797875422,0.001742268068379973,0.0007405043426748127,0.008256160281604724
0.0024618926410104034,0.0016962754788086443,0.0007420845355237467,0.007998934168305058
0.0011633358936208773,0.000610179219896825,0.003026970303428601,0.007470657455776783
0.0010972717039467361,0.0006376463096452403,0.0029459103688085223,0.007249302204054712
0.002585847094824617,0.0017428139114545906,0.0007395664471462361,0.008251696701668032
0.0024624169053556505,0.0016969899405309236,0.0007411218595935231,0.007994326041117017
0.0011620356039986257,0.0006099254120254944,0.003027100169788876,0.007467449301229201
0.0010959687728230912,0.0006375340917908704,0.0029464942075198355,0.0072459105315496545
0.0025862284101677503,0.0017433615907037757,0.0007386290613493082,0.008247234328825374
0.002462949909513774,0.0016977075992028598,0.0007401587968607509,0.007989721366847728
0.001160740917629431,0.0006096880143415984,0.003027238333401837,0.007464252020421005
0.0010946700845397867,0.0006374379757606548,0.0029470896106136586,0.00724252881124182
0.0025866164635974984,0.0017439110884931181,0.0007376920929935395,0.008242773087789628
0.002463491842045093,0.0016984284437139526,0.0007391951934147228,0.007985119993268147
0.0011594517548235113,0.0006094667046091455,0.0030273847640035385,0.0074610651273323576
0.0010933755130857047,0.000637357654086899,0.0029476966364637624,0.007239156526094935
0.0025870113825273698,0.0017444623832292019,0.0007367554581060052,0.008238312900584781
0.00246404288287002,0.0016991524607315213,0.000738230904214747,0.007980521765295885
0.00115816803909556,0.0006092611609427024,0.0030275394268991984,0.007457888143623058
0.0010920849363501431,0.0006372928207197483,0.0029483153411534804,0.007235793165127444
0.002587413284495428,0.001745015449839963,0.000735819080595916,0.008233853687261743
0.0024646032036335095,0.0016998796352095664,0.0007372657925880702,0.00797592652577814
0.0011568896969547705,0.0006090710621730349,0.0030277022829162093,0.0074547205981990204
0.0010907982359642523,0.0006372431713084406,0.002948945778577122,0.007232438223020342
0.0025878222777800785,0.0017455702601049405,0.0007348828918991562,0.008229395366268554
0.0024651729681462826,0.0017006099506741085,0.0007362997298516756,0.007971334115603778
0.0011556166578306946,0.0006088960881537526,0.0030278732887588596,0.007451562027395551
0.0010895152971645502,0.000637208403506406,0.002949588000998186,0.0072290912003808135
0.0025882384615892543,0.0017461267827615745,0.0007339468307435517,0.008224937854131257
0.002465752332757602,0.0017013433893237,0.0007353325950032696,0.007966744373483136
0.001154348854125275,0.0006087359199965114,0.003028052397426234,0.007448411975109039
0.0010882360087150088,0.0006371882172282226,0.0029502420593952748,0.007225751603829806
0.0025886619262452276,0.0017466849837325586,0.000733010842815889,0.008220481065643912
0.0024663414467332116,0.0017020799322584968,0.0007343642743268828,0.007962157136284856
0.0011530862211761419,0.0006085902402923922,0.003028239558253764,0.007445269992579049
0.0010869602628194982,0.0006371823148581129,0.0029509080035309398,0.007222418945729878
0.002589092753623717,0.0017472448264221688,0.0007320748804108984,0.008216024914339037
0.0024669404525400644,0.0017028195597957282,0.0007333946610146031,0.007957572239408945
0.0011518286971267241,0.0006084587333873309,0.0030284347170789474,0.007442135638279316
0.0010856879550148405,0.0006371904014588223,0.0029515858822054914,0.007219092744161551
0.0025895310175147643,0.0017478062719093774,0.0007311389021912589,0.008211569312449917
0.0024675494861898886,0.001703562251641486,0.0007324236548818261,0.00795298951671144
0.0011505762228898925,0.0006083410856018191,0.0030286378165172677,0.007439008478073291
0.0010844189840235805,0.0006372121850204172,0.0029522757436416767,0.007215772523058513
0.0025899767837866254,0.0017483692791061779,0.0007302028729582613,0.008207114170869547
0.0024681686776216122,0.0017043079870470478,0.0007314511620730271,0.007948408800545873
0.0011493287421421178,0.0006082369854068709,0.0030288487961387415,0.007435888085142071
0.0010831532516798097,0.0006372473766357707,0.002952977635632136,0.007212457812108453
0.002590430110655921,0.0017489338049743413,0.000729266763350548,0.008202659399447925
0.002468798150942035,0.0017050567450389263,0.0007304770947167286,0.007943829922081444
0.001148086201264787,0.0006081461236110523,0.0030290675925182236,0.0074327740398583714
0.0010818906628558254,0.0006372956906578029,0.0029536916056665677,0.007209148146622377
0.0025908910490140863,0.0017494998047013835,0.0007283305495961268,0.0081982049071642
0.0024694380247246937,0.0017058085045858703,0.0007295013706281152,0.007939252711409956
0.0011468485492817277,0.0006080681935531527,0.003029294139408549,0.007429665929818146
0.0010806311253569107,0.0006373568448751559,0.0029544177012226593,0.00720584306759413
0.0025913596426502413,0.001750067231824619,0.000727394213302357,0.00819375060208776
0.0024700884123033686,0.0017065632447328903,0.0007285239130709428,0.007934676997523631
0.0011456157378471137,0.0006080028912506007,0.0030295283679295333,0.00742656334985905
0.001079374549812747,0.0006374305606795574,0.0029551559699423475,0.007202542121697716
0.0025918359284394393,0.001750636038406946,0.000726457741228044,0.008189296391497146
0.0024707494220784234,0.0017073209447756516,0.0007275446504636017,0.007930102608479534
0.0011443877211873429,0.0006079499155430241,0.0030297702066190355,0.00742346590195553
0.0010781208496081207,0.0006375165631906725,0.002955906459761512,0.007199244861155111
0.0025923199365973787,0.0017512061752019742,0.0007255211250524964,0.008184842182078333
0.002471421157713737,0.0017080815844356283,0.0007265635161066653,0.00792552937156638
0.001143164456062729,0.0006079089682361676,0.003030019581530064,0.007420373195194648
0.0010768699407973498,0.0006376145813853813,0.0029566692190939247,0.007195950843727153
0.0025928116909188525,0.001751777591752008,0.000724584361191438,0.00818038787993524
0.002472103718430514,0.0017088451439639977,0.0007255804479575066,0.007920957113289226
0.001141945901727457,0.0006078797542300521,0.0030302764163504785,0.007417284845805586
0.001075621742001252,0.0006377243482324443,0.0029574442970292797,0.007192659632726417
0.002593311208940963,0.0017523502365107916,0.0007236474505946536,0.008175933390654441
0.0024727971992670075,0.00170961160426769,0.0007245953883770145,0.007916385659472018
0.001140732019914374,0.0006078619816178134,0.0030305406325027017,0.0074142004770698326
0.0010743761743414813,0.0006378456007953909,0.0029582317434284134,0.007189370796913832
0.002593818502130301,0.0017529240569902915,0.0007227103985460923,0.008171478619451406
0.002473501691281797,0.0017103809470648376,0.0007236082838916124,0.007911814835386796
0.0011395227747749833,0.0006078553618035025,0.003030812149170687,0.007411119719284957
0.0010731331613617664,0.0006379780803254962,0.002959031609083092,0.007186083910442691
0.002594333576131668,0.0017534989998516878,0.0007217732144948962,0.008167023471218827
0.002474217281770032,0.0017111531549942952,0.000722619084974411,0.007907244465779657
0.0011383181328458892,0.0006078596096018934,0.0030310908834072572,0.007408042209765697
0.0010718926289279176,0.0006381215323736656,0.0029598439458850146,0.007182798552868475
0.0025948564308850997,0.0017540750110016006,0.0007208359118855928,0.008162567850545924
0.002474944054574493,0.001711928211708956,0.0007216277458312984,0.007902674374889108
0.0011371180630294988,0.000607874443316662,0.003031376750200458,0.007404967592784292
0.0010706545051570025,0.0006382757068758249,0.0029606688069391545,0.007179514309043007
0.0025953870608020455,0.0017546520357006037,0.0007198985079880258,0.008158111661839577
0.002475682090198139,0.0017127061020098457,0.000720634224177893,0.007898104386577521
0.0011359225365552342,0.0006078995848119498,0.0030316696624951996,0.0074018955195257075
0.00106941872035517,0.0006384403582093584,0.002961506246689435,0.007176230769066347
0.002595925454969217,0.0017552300186471355,0.0007189610237337504,0.008153654809361218
0.0024764314660799015,0.0017134868119387892,0.0007196384810423562,0.007893534324330242
0.0011347315269261847,0.0006079347596121501,0.003031969531283365,0.007398825648047866
0.0010681852069176925,0.0006386152452955904,0.0029623563210664956,0.007172947528232809
0.0025964715972776864,0.0017558089040530466,0.000718023483572834,0.008149197197255953
0.0024771922567861046,0.001714270328862927,0.0007186404805713379,0.007888964011285355
0.0011335450099227726,0.0006079796969309642,0.0030322762656230145,0.007395757643258681
0.001066953899260309,0.0006388001316483104,0.0029632190876050057,0.007169664186980141
0.0025970254665561676,0.0017563886357310574,0.0007170859153272918,0.008144738729618682
0.0024779645342085004,0.0017150566415911242,0.0007176401898291332,0.007884393270297042
0.0011323629635438925,0.0006080341297516702,0.0030325897726891675,0.007392691176834269
0.001065724733748334,0.0006389947854369586,0.0029640946055671568,0.0071663803507839895
0.002597587036756998,0.0017569691571638778,0.0007161483500455341,0.008140279310537183
0.002478748367762313,0.0017158457404517688,0.000716637578616271,0.00787982192394553
0.001131185367981711,0.0006080977948695297,0.00303290995780467,0.007389625927200159
0.0010644976486187206,0.0006391989795467201,0.00296498293606204,0.0071630956301120775
0.002598156277064762,0.0017575504115605804,0.0007152108218778629,0.008135818844100603
0.0024795438245905324,0.001716637617374954,0.0007156326192884566,0.007875249794541845
0.0011300122055958345,0.0006081704329379942,0.0030332367244834207,0.007386561579467625
0.0010632725839019586,0.0006394124916229898,0.002965884142185872,0.007159809640351069
0.0025987331520283545,0.0017581323419335407,0.0007142733679400394,0.008131357234449582
0.0024803509697460175,0.0017174322659818273,0.0007146252865807639,0.007870676704163344
0.0011288434608893118,0.0006082517885043798,0.00303356997444459,0.0073834978253751364
0.0010620494813500282,0.0006396351041226778,0.002966798289124148,0.007156522001697964
0.0025993176217180536,0.0017587148911452945,0.0007133360281893443,0.008126894385796817
0.0024811698663793486,0.0017182296816670654,0.0007136155574290184,0.007866102474644154
0.0011276791204563293,0.0006083416100497953,0.0030339096076541904,0.00738043436324017
0.0010608282843656276,0.0006398666043461137,0.002967725444289714,0.0071532323390983655
0.002599909641818577,0.0017592980019663397,0.0007123988453170545,0.008122430202432392
0.0024820005759366263,0.0017190298616721815,0.0007126034108127647,0.00786152692757398
0.0011265191729791482,0.0006084396500106223,0.003034255522335813,0.007377370897899737
0.0010596089379210692,0.0006401067844881174,0.002968665677443333,0.007149940282142958
0.0026005091637509043,0.0017598816171207853,0.0007114618646242752,0.008117964588755524
0.0024828431583231825,0.0017198328051605297,0.0007115888275776741,0.007856949884300858
0.0011253636091879857,0.0006085456648036333,0.0030346076149998483,0.007374307140648471
0.0010583913884982402,0.0006403554416583701,0.0029696190608142535,0.00714664546498184
0.0026011161347966718,0.0017604656793275607,0.0007105251339234168,0.008113497449258805
0.0024836976721051346,0.0017206385132915243,0.00071057179029589,0.00785237116589549
0.0011242124218277998,0.0006086594148501548,0.003034965780444563,0.007371242809171242
0.001057175583993793,0.0006406123779213298,0.002970585669234955,0.007143347526213194
0.0026017304982220244,0.001761050131350389,0.0007095887034218336,0.008109028688555406
0.002484564174684021,0.0017214469892894455,0.000709552283086956,0.007847790593163798
0.001123065605645043,0.0006087806645840149,0.0030353299117961492,0.007368177627474231
0.0010559614736663687,0.0006408774003206887,0.0029715655802621524,0.007140046108781405
0.0026023521933535177,0.0017616349160319302,0.0007086526256331803,0.008104558211370776
0.0024854427224643995,0.0017222582385223249,0.0007085302914830493,0.007843207986595801
0.0011219231573455094,0.0006089091824675555,0.0030356999005109004,0.007365111325820154
0.001054749008064579,0.0006411503208990629,0.0029725588743135063,0.007136740859870566
0.002602981155686352,0.0017622199763250264,0.0007077169552768463,0.00810008592252154
0.002486333371039947,0.001723072268560838,0.000707505802268141,0.007838623166329222
0.0011207850755804475,0.0006090447410002842,0.0030360756363888566,0.007362043640660995
0.0010535381389273205,0.0006414309567335724,0.0029735656348202463,0.007133431430793841
0.002603617317011608,0.0017628052553236562,0.0007067817491866499,0.008095611726905979
0.0024872361753955773,0.001723889089250355,0.0007064788033326425,0.007834035952120044
0.0011196513609149188,0.0006091871167161484,0.0030364570075870996,0.0073589743145442395
0.0010523288191352364,0.000641719129947437,0.0029745859483385,0.007130117476853745
0.0026042606054775784,0.001763390696303872,0.0007058470662224068,0.008091135529515691
0.0024881511900448922,0.0017247087127847621,0.0007054492835320287,0.007829446163306865
0.0011185220158062405,0.000609336090188934,0.003036843900618389,0.007355903096045604
0.0010511210026343503,0.0006420146677283967,0.0029756199047090834,0.0071267986572266535
0.0026049109456947796,0.0017639762427314725,0.0007049129671905026,0.0080866572353867
0.002489078469242614,0.0017255311537657286,0.0007044172325365852,0.007824853618730426
0.0011173970445689076,0.0006094914460380928,0.003037236200383939,0.007352829739698315
0.0010499146443475136,0.0006423174023502566,0.0029766675972272456,0.007123474634846583
0.0026055682588607995,0.0017645618382914209,0.0007039795147580747,0.008082176749552762
0.0024900180671562134,0.0017263564292628046,0.000703382640703613,0.00782025813668996
0.0011162764533644333,0.0006096529729104702,0.0030376337901709136,0.007349754005887371
0.0010487097001125646,0.000642627171195965,0.0029777291227439245,0.007120145076239398
0.002606232462769189,0.0017651474269226618,0.0007030467733723254,0.008077693977080842
0.002490970038048872,0.0017271845589041128,0.0007023454989176781,0.007815659534890362
0.001115160250171492,0.000609820463478807,0.0030380365516502836,0.007346675660768133
0.00104750612660867,0.0006429438167526063,0.002978804581881367,0.0071168096513897165
0.0026069034719684333,0.0017657329528174125,0.0007021148091987024,0.008073208822974623
0.0024919344364235057,0.0017280155649303122,0.0007013057984759201,0.007811057630349616
0.0011140484447617718,0.000609993714439069,0.003038444364896738,0.007343594476195816
0.0010463038812711385,0.0006432671866496798,0.0029798940791799233,0.007113468033607455
0.002607581197820851,0.0017663183604379662,0.00070118369004428,0.008068721192132583
0.002492911317299207,0.0017288494722462989,0.0007002635309388036,0.007806452239307317
0.0011129410486739523,0.0006101725264920618,0.003038857108399763,0.007340510229614215
0.0010451029222147891,0.000643597133665109,0.0029809977232492482,0.007110119899360207
0.0026082655485628534,0.0017669035945490907,0.0007002534852839604,0.00806423098935552
0.0024939007363180116,0.0017296863085193488,0.000699218687997526,0.007801843177188396
0.0011118380752087635,0.0006103567043291509,0.0030392746590562217,0.007337422703935763
0.0010439032081755522,0.0006439335157319668,0.002982115626967677,0.007106764928088677
0.002608956429403255,0.0017674886002178242,0.000699324265802143,0.008059738119261065
0.002494902749948638,0.0017305261042411567,0.0006981712613363528,0.007797230258471166
0.00111073953938171,0.0006105460566258658,0.00303969689219118,0.00733433168749608
0.001042704698415649,0.0006442761959604701,0.002983247907682047,0.007103402802085422
0.002609653742609797,0.0017680733228168635,0.000698396103938026,0.008055242486194105
0.0024959174157077185,0.0017313688927820747,0.0006971212425164019,0.007792613296575592
0.0011096454579222665,0.0006107403960208597,0.003040123681563013,0.007331236973927155
0.0010415073526437691,0.0006446250426614211,0.002984394687380204,0.007100033206298946
0.002610357387543299,0.0017686577080452375,0.000697469073416779,0.008050743994220953
0.002496944792351897,0.0017322147104833919,0.0006960686228206228,0.007787992103791444
0.0011085558492588464,0.0006109395390883877,0.003040554899358728,0.007328138362025061
0.0010403111309452713,0.0006449799293441767,0.0029855560929001046,0.007096655828127983
0.0026110672607731907,0.0017692417019370718,0.0006965432492918877,0.008046242547059601
0.0024979849400440725,0.0017330635967335469,0.0006950133931296874,0.007783366491168679
0.0011074707334761784,0.0006111433063392785,0.0030409904162049415,0.007325035655676121
0.0010391159937067048,0.0006453407347415634,0.002986732256144182,0.007093270357268299
0.0026117832561294665,0.001769825250851079,0.000695618707907214,0.008041738047968315
0.0024990379206049165,0.0017339155940300755,0.0006939555438004023,0.007778736268343453
0.00110639013231171,0.0006113515221914097,0.003041430101201622,0.007321928663744528
0.001037921901516868,0.0006457073428351558,0.0029879233143152908,0.007089876485519354
0.002612505264768687,0.0017704083014874839,0.0006946955268327098,0.008037230399679893
0.002500103797688187,0.001734770748064746,0.0006928950645240471,0.007774101243453635
0.0011053140691523922,0.0006115640149366406,0.0030418738218864227,0.007318817199942143
0.0010367288151019707,0.0006460796428597657,0.0029891294101201853,0.007086473906548247
0.002613233175221569,0.0017709908008928382,0.0006937737848239145,0.008032719504372685
0.002501182637018214,0.001735629107819056,0.0006918319441884056,0.007769461223008423
0.0011042425689881787,0.000611780616741103,0.0030423214442662455,0.007315701082708173
0.0010355366952386296,0.0006464575293322123,0.0029903506920279065,0.007083062315701115
0.0026139668735205737,0.0017715726964460004,0.0006928535617768262,0.008028205263514478
0.002502274506576078,0.001736490725634244,0.0006907661707593734,0.0077648160117139865
0.0011031756584177525,0.0006120011636111598,0.0030427728328268912,0.0073125801351169905
0.0010343455026575995,0.0006468409020730192,0.0029915873145318897,0.007079641409807781
0.0026147062432081126,0.0017721539358700748,0.0006919349386834459,0.008023687577789021
0.002503379476880392,0.00173735565729491,0.0006896977311429456,0.007760165412324008
0.001102113365627039,0.0006122254953669958,0.0030432278505425113,0.007309454184723484
0.0010331551979759952,0.0006472296662297849,0.0029928394383891624,0.007076210886914032
0.0026154511654077014,0.001772734467229971,0.0006910179975936014,0.008019166347039614
0.002504497621166924,0.0017382239621392917,0.0006886266110399742,0.0077555092255144325
0.0011010557203828015,0.0006124534556286145,0.0030436863588600167,0.007306323063442246
0.00103196574160168,0.000647623732300802,0.002994107230914215,0.007072770446071073
0.0026162015189061714,0.0017733142389266098,0.0006901028215785687,0.008014641470113357
0.002505629015651324,0.0017390957031442882,0.0006875527948275735,0.007750847249672387
0.0011000027540055714,0.0006126848917887817,0.003044148217743317,0.007303186607438025
0.0010307770936339089,0.0006480230161707273,0.002995390866276041,0.007069319787103734
0.0026169571802161155,0.0017738931996912292,0.0006891894946963878,0.008010112844764019
0.0025067737397752553,0.0017399709470179998,0.000686476265413389,0.007746179280736605
0.0010989544993684635,0.0006129196549853888,0.0030446132856587725,0.007300044656978434
0.0010295892138006307,0.0006484274391369816,0.0029966905257837236,0.007065858610335209
0.00261771802358475,0.001774471298585134,0.0006882781019620248,0.008005580367565813
0.002507931876450415,0.0017408497643163219,0.0006853970041000269,0.007741505112013778
0.0010979109908957764,0.0006131576000839332,0.003045081419593273,0.0072968970562878824
0.0010284020613392706,0.0006488369279428939,0.00299800639821211,0.007062386616351257
0.0026184839211314715,0.001775048484986932,0.0006873687293135198,0.008001043933747395
0.0025091035123338394,0.0017417322295405345,0.0006843149904413634,0.007736824533971745
0.0010968722645271758,0.000613398585653017,0.0030455524750562235,0.007293743653427306
0.0010272155949147138,0.0006492514148245442,0.0029993386801283116,0.007058903505712916
0.0026192547428336896,0.0017756247085930418,0.0006864614635895396,0.007996503437113655
0.0025102887380819825,0.001742618421255337,0.0006832302021067614,0.007732137334054612
0.001095838357743626,0.0006136424739337694,0.0030460263060994764,0.007290584300136675
0.001026029772526986,0.0006496708375441104,0.0030006875762495647,0.007055408978693639
0.002620030356635204,0.0017761999194027005,0.0006855563925050497,0.007991958769857335
0.0025114876486441295,0.0017435084222059978,0.0006821426147396799,0.007727443296428743
0.0010948093095269039,0.0006138891308319216,0.003046502765321376,0.007287418851704944
0.0010248445514090176,0.0006500951394392363,0.003002053299792161,0.007051902734982828
0.002620810628467432,0.0017767740677105553,0.0006846536046290971,0.007987409822458956
0.002512700343549789,0.0017444023194371433,0.0006810522018023269,0.00772274220179874
0.0010937851603825982,0.0006141384258805087,0.0030469817038922854,0.007284247166796052
0.0010236598879225804,0.0006505242694758516,0.0030034360728605327,0.007048384473388419
0.002621595422326087,0.0017773471041030056,0.0006837531893577576,0.007982856483529723
0.0025139269271982705,0.0017453002044313067,0.0006799589344333929,0.00771803382714694
0.001092765952323202,0.0006143902322242381,0.0030474629715345324,0.007281069107319106
0.0010224757374685059,0.0006509581822946355,0.003004836126852795,0.0070448538915217004
0.002622384600292151,0.0017779189794385098,0.0006828552369128374,0.00797829863965377
0.002515167509178164,0.0017462021732424617,0.0006788627812909394,0.00771331794548413
0.0010917517288613655,0.0006146444266003188,0.0030479464165690017,0.007277884538267267
0.0010212920543760217,0.000651396838276326,0.0030062537028679856,0.007041310685494351
0.0026231780226249023,0.0017784896448309693,0.0006819598383204851,0.007973736175210959
0.002516422204591733,0.001747108326628403,0.000677763708408233,0.007708594325591116
0.0010907425350193515,0.0006149008893167183,0.0030484318859083292,0.0072746933275549906
0.0010201087917862276,0.0006518402036109776,0.0030076890521433253,0.007037754549571916
0.002623975547803622,0.001779059051651089,0.0006810670853933808,0.007969168972232564
0.0025176911343968624,0.001748018770208081,0.000676661679021161,0.007703862731768161
0.0010897384173302706,0.0006151595042281917,0.0030489192250623435,0.007271495345834695
0.0010189259015544727,0.0006522882503580612,0.0030091424365167106,0.00703418517581435
0.002624777032545582,0.0017796271515117567,0.0006801770707270684,0.007964596910225063
0.002518974425733581,0.0017489336146292375,0.000675556653412952,0.00769912292352804
0.0010887394238317596,0.0006154201587250326,0.0030494082781720206,0.0072682904663615155
0.001017743334139727,0.0006527409565274958,0.003010614128917795,0.007030602253750008
0.002625582331884409,0.001780193896235749,0.0006792898877019296,0.007960019865950577
0.002520272212305897,0.0017498529757218229,0.0006744485887465409,0.007694374655282356
0.0010877456040689056,0.0006156827437128231,0.003049898888008624,0.0072650785648224496
0.0010165610384724277,0.0006531983061614447,0.003012104413872638,0.007027005469995742
0.002626391299240525,0.0017807592378513268,0.0006784056304712594,0.007955437713246413
0.0025215846347593726,0.00175077697466378,0.0006733374388960554,0.0076896176760626
0.0010867570091174308,0.0006159471535967388,0.0030503908959888205,0.007261859519121129
0.0010153789618537667,0.0006536602894292444,0.0030136135879988185,0.007023394507845134
0.002627203786396224,0.00178132312858323,0.0006775243939545741,0.007950850322871295
0.0025229118410647505,0.0017517057381845477,0.0006722231542614103,0.007684851729197829
0.0010857736915785494,0.000616213286261184,0.003050884142172641,0.007258633209233323
0.0010141970498235813,0.0006541269027096016,0.00301514196059005,0.007019769046897918
0.0026280196436202657,0.0017818855208246488,0.0006766462738524131,0.007946257562221705
0.0025242539869241194,0.0017526393987486579,0.0006711056815977148,0.007680076551938908
0.0010847957055876566,0.000616481043069828,0.0030513784653094468,0.007255399517018807
0.0010130152460341684,0.0006545981487098331,0.003016689854218689,0.007016128762636252
0.0026288387196801532,0.001782446367112725,0.000675771366649691,0.00794165929512912
0.0025256112362197704,0.0017535780947495658,0.0006699849638248476,0.00767529187511221
0.0010838231068291883,0.000616750328845137,0.0030518737028240863,0.0072521583260339905
0.001011833492122931,0.0006550740365683335,0.003018257605296593,0.0070124733259975276
0.0026296608618642087,0.001783005620125789,0.0006748997696192231,0.007937055381657666
0.002526983761462745,0.0017545219707361171,0.0006688609398298347,0.007670497422764698
0.0010828559525547263,0.0006170210518585882,0.0030523696908453914,0.007248909521312544
0.0010106517275735823,0.0006555545819814847,0.0030198455647389845,0.007008802402903297
0.002630485916085215,0.0017835632326610596,0.0006740315808229731,0.007932445677844683
0.002528371744198629,0.0017554711776372118,0.0006677335442694736,0.007665692911776846
0.0010818943016046277,0.0006172931238242661,0.0030528662641967756,0.007245652989199434
0.001009469889585163,0.0006560398073245237,0.0030214540986613445,0.007005115653816415
0.002631313726859765,0.0017841191575951143,0.0006731668991522932,0.007927830035426426
0.0025297753755935803,0.0017564258729908665,0.0006666027073655482,0.007660878051397949
0.0010809382144062846,0.0006175664598989591,0.0030533632564562646,0.007242388617149533
0.0010082879129143223,0.0006565297418048656,0.003023083589066711,0.007001412733261096
0.0026321441373964223,0.0017846733478800207,0.0006723058243207245,0.00792320830158416
0.0025311948568656904,0.0017573862212022803,0.0006654683546879861,0.007656052542875956
0.0010799877530184526,0.0006178409786719136,0.0030538604999179337,0.0072391162934908205
0.0010071057297459047,0.000657024421597616,0.00302473443457212,0.006997693289282091
0.0026329769896082616,0.0017852257565185564,0.0006714484568971222,0.007918580318693845
0.0025326303998637434,0.0017583523938080024,0.0006643304069312858,0.007651216078996967
0.001079042981142373,0.0006181166021673972,0.0030543578256369726,0.007235835907230648
0.0010059232695172312,0.0006575238900164621,0.0030264070512201592,0.0069939569629508
0.0026338121241750237,0.0017857763365334992,0.0006705948983204262,0.00791394592399369
0.002534082227606833,0.0017593245697519143,0.0006631887796836654,0.007646368343584091
0.001078103964151717,0.0006183932558462258,0.0030548550634433105,0.007232547347842036
0.0010047404587742845,0.0006580281976869128,0.0030281018733006567,0.006990203387809746
0.00263464938057259,0.0017863250409466836,0.0006697452509372402,0.007909304949296274
0.002535550574872247,0.0017603029356818344,0.0006620433831929511,0.0076415090110257475
0.001077170769127063,0.0006186708686116318,0.0030553520419469527,0.007229250505030642
0.0010035572210060596,0.000658537402718798,0.003029819354195434,0.006986432189290905
0.0026354885970972727,0.0017868718227478982,0.0006688996180286089,0.007904657220670646
0.002537035688818865,0.0017612876862599062,0.000660894122105074,0.007636637745762435
0.001076243464876521,0.0006189493728140892,0.0030558485885522927,0.007225945268506684
0.001002373476456336,0.0006590515709236997,0.0030315599672973686,0.006982642984133322
0.0026363296109537617,0.0017874166348797718,0.0006680581038369982,0.007900002558104276
0.0025385378296253927,0.0017622790244908985,0.0006597408952130181,0.007631754201734615
0.0010753221219869343,0.0006192287042653879,0.003056344529481657,0.00722263152773608
0.0010011891419647847,0.0006595707760128416,0.0030333242069691293,0.006978835379740293
0.0026371722582224917,0.001787959430197128,0.0006672208136153438,0.007895340775165237
0.002540057271180834,0.001763277162072582,0.0006585835951807702,0.0076268580218141245
0.0010744068128538426,0.0006195088022516695,0.003056839689783537,0.007219309171713461
0.0010000041307623904,0.0006600950998328091,0.0030351125895717894,0.006975008973552246
0.0026380163739478293,0.0017885001614487428,0.0006663878536622497,0.007890671678607592
0.0025415943017939343,0.0017642823197666156,0.0006574221082520019,0.00762194883719582
0.0010734976117143383,0.0006197896095527766,0.0030573338933713107,0.007215978088704386
0.0009988183522931897,0.0006606246326057813,0.003036925654491268,0.006971163352359984
0.0026388617921653135,0.0017890387812372394,0.0006655593313707989,0.007885995068000638
0.0025431492249170604,0.001765294727774327,0.0006562563139686887,0.00761702626679162
0.0010725945947154209,0.0006200710724635979,0.003057826962997625,0.007212638165983292
0.0009976317119968665,0.000661159473191588,0.0030387639652925927,0.0069672980915846975
0.0026397083459214483,0.0017895752419956725,0.0006647353552749662,0.00788131073533879
0.0025447223599885478,0.0017663146261598047,0.000655086084842479,0.0076120899165569925
0.0010716978399414737,0.000620353140817848,0.0030583187203117325,0.007209289289558098
0.0009964441111100831,0.0006616997293695541,0.0030406281108774644,0.006963412754537575
0.0026405558673071555,0.001790109495955888,0.0006639160351070111,0.00787661846460399
0.002546314043214676,0.001767342265286986,0.000653911286039953,0.007607139378793396
0.0010708074274816644,0.0006206357680226449,0.003058808985862055,0.007205931343917606
0.0009952554464362456,0.0006622455181293544,0.0030425187067700853,0.006959506891662309
0.0026414041875279983,0.0017906414951095414,0.0006631014818587355,0.00787191803129015
0.0025479246284670384,0.0017683779062699506,0.0006527317750381146,0.007602174231419434
0.0010699234394760352,0.0006209189110961027,0.0030592975791246266,0.0072025642117266005
0.0009940656101199593,0.00066279696600652,0.0030444363963871464,0.006955580039695268
0.002642253136881779,0.0017911711911756123,0.0006622918078387219,0.007867209201988338
0.0025495544882036523,0.0017694218214729192,0.0006515474012611342,0.0075971940372243875
0.00106904596018862,0.0006212025306972316,0.00305978431850081,0.007199187773533436
0.0009928744894015594,0.0006633542094051489,0.003046381852466629,0.006951631720819623
0.002643102544837107,0.0017916985355710022,0.0006614871267458962,0.007862491733862905
0.00255120401444364,0.0017704742950231701,0.0006503580057068698,0.007592198343034847
0.001068175076055849,0.0006214865911870922,0.0030602690213733827,0.00719580190747258
0.0009916819663726574,0.0006639173949747187,0.0030483557785145323,0.006947661441776966
0.002643952240041264,0.0017922234793615363,0.0006606875537411789,0.007857765374135383
0.0025528736197955953,0.001771535623356181,0.0006491634205553853,0.0075871866788724636
0.0010673108757727982,0.0006217710606719925,0.003060751504102517,0.007192406488946604
0.000990487917699693,0.0006644866800042885,0.003050358910373062,0.006943668692926122
0.0026448020503609337,0.0017927459732360318,0.0006598932055276142,0.007853029859535806
0.002554563738541651,0.0017726061158029082,0.0006479634687434474,0.007582158557065667
0.0010664534503596014,0.0006220559110605291,0.0030612315820776454,0.007189001390292354
0.0009892922143483593,0.0006650622328277375,0.0030523920178658053,0.006939652947246381
0.0026456518029236973,0.001793265967464006,0.0006591042004284522,0.007848284915741112
0.0025562748277762116,0.0017736860952117302,0.0006467579635320304,0.007577113471308752
0.0010656028932340981,0.0006223411181347906,0.0030617090697181845,0.007185586480442321
0.000988094721303356,0.0006656442332810969,0.0030544559065076183,0.006935613659310706
0.0026465013241254564,0.0017937834118504164,0.0006583206584863755,0.007843530256769397
0.00255800736863626,0.0017747758985938947,0.0006455467080382705,0.007572050895659138
0.00106475930031462,0.0006226266616220653,0.003062183780527499,0.007182161624583873
0.0009868952972491977,0.0006662328731809927,0.0030565514193967728,0.006931550264194855
0.002647350439679704,0.0017942982556958644,0.0006575427015538776,0.00783876558432088
0.00255976186758731,0.0017758758778253065,0.0006443294947527793,0.007566970283475813
0.001063922770085532,0.0006229125252731691,0.0030626555271326744,0.007178726683778525
0.000985693794247054,0.0006668283568311926,0.0030586794391212874,0.006927462176336012
0.0026481989746610854,0.0017948104477631796,0.0006567704533908261,0.007833990587120927
0.0025615388577737833,0.0017769864003894676,0.00064310610502161,0.007561871066342894
0.001063093403714452,0.0006231986969522253,0.0030631241212897083,0.007175281514573294
0.0009844900574021314,0.0006674309015756379,0.0030608408898521178,0.00692334878829592
0.0026490467535082544,0.0017953199362262735,0.0006560040397794633,0.007829204940233463
0.002563338900460331,0.0017781078501698823,0.0006418763084967286,0.007556752652885293
0.0010622713051287097,0.000623485168733759,0.0030635893739667237,0.007171825968630041
0.0009832839245139861,0.0006680407383753172,0.0030630367395305734,0.006919209469527341
0.002649893600081653,0.001795826668615138,0.0006552435886417972,0.007824408304249401
0.002565162586570358,0.0017792406282717192,0.0006406398625726029,0.007551614427508009
0.001061456581143689,0.0006237719370174314,0.003064051095378068,0.007168359892291046
0.0009820752256713646,0.0006686581124497549,0.003065268002196871,0.006915043565025701
0.002650739337699371,0.0017963305917847038,0.0006544892301555586,0.00781960032454965
0.002567010538328866,0.0017803851539160032,0.000639396511767028,0.007546455749129101
0.0010606493415660047,0.0006240590026344502,0.0030645090950215574,0.007164883126133334
0.0009808637828859618,0.000669283283937944,0.0030675357404484254,0.006910850393873677
0.00265158378914848,0.0017968316518697067,0.0006537410968793817,0.007814780630468398
0.002568883410935275,0.0017815418654105637,0.0006381459870746456,0.007541275949795455
0.001059849699314778,0.0006243463709851458,0.0030649631817513774,0.007161395504530581
0.0009796494096600496,0.0006699165286174575,0.003069841068085105,0.0069066292477901565
0.0026524267767576147,0.0017973297942208502,0.0006529993239066246,0.007809948834366386
0.002570781894435135,0.0017827112211390309,0.0006368880052939706,0.007536074333176072
0.0010590577705297266,0.0006246340521853016,0.003065413163870254,0.007157896855205804
0.0009784319105429773,0.0006705581386807394,0.003072185152897496,0.006902379389554731
0.002653268122419858,0.0017978249633524989,0.0006522640490014679,0.007805104530699361
0.002572706715689949,0.0017838937006252906,0.000635622268301637,0.007530850173045905
0.0010582736747323648,0.0006249220612112063,0.003065858849167858,0.007154386998679517
0.0009772110806524242,0.0006712084235634096,0.003074569219617757,0.0068981000513039445
0.0026541076476253585,0.0017983171029228367,0.000651535412745342,0.007800247295083626
0.0025746586404172237,0.0017850898057202927,0.0006343484622667412,0.0075256027116695125
0.00105749753495542,0.0006252104180686788,0.0030663000450170154,0.007150865747758445
0.0009759867052106349,0.0006718677108164713,0.003076994553080294,0.006893790432762189
0.0026549451735189025,0.001798806155656731,0.0006508135587074198,0.007795376683202446
0.002576638475362434,0.0017863000618099643,0.0006330662568514531,0.007520331158026164
0.0010567294778700464,0.0006254991479928219,0.0030667365584884053,0.0071473329070467564
0.000974758558991754,0.0006725363470634501,0.003079462501630795,0.006889449699432691
0.0026557805209852185,0.0017992920632797877,0.000650098633628887,0.007790492229624628
0.0025786470707604707,0.0017875250190985974,0.000631775304349086,0.007515034685930294
0.0010559696339578345,0.000625788281639495,0.0030671681964613857,0.0071437882723127885
0.0009735264057605286,0.0006732146990372285,0.0030819744806515827,0.00688507698056309
0.002656613510627185,0.0017997747665007393,0.0006493907875857244,0.007785593446742142
0.0025806853227807315,0.0017887652540450492,0.0006304752387353304,0.0075097124321630475
0.001055218137693205,0.0006260778552893668,0.003067594765707277,0.00714023162986344
0.0009722899977143649,0.0006739031546409014,0.0030845319763940547,0.006880671367024532
0.0026574439628776502,0.001800254204950878,0.0006486901741799421,0.0077806798234869735
0.002582754176166696,0.0017900213708543493,0.0006291656747064191,0.007504363494356539
0.001054475127668824,0.0006263679111160055,0.0030680160730794494,0.007136662755972729
0.000971049074845897,0.0006746021241375953,0.003087136550106807,0.006876231909146347
0.0026582716980739912,0.0018007303170919063,0.000647996950773436,0.007775750823886612
0.00258485462718365,0.0017912940030441224,0.0006278462066383996,0.007498986928705003
0.0010537407468046408,0.0006266584974333779,0.003068431925656412,0.007133081416194889
0.0009698033642529016,0.0006753120414312592,0.0030897898423616144,0.0068717576143338234
0.0026590965365108302,0.0018012030401983621,0.0006473112786735501,0.0077708058857417685
0.002586987726646622,0.0017925838151754238,0.0006265164074549722,0.007493581747723174
0.0010530151425428682,0.0006269496689629751,0.003068842130898272,0.007129487364591737
0.0009685525794710662,0.0006760333653976199,0.003092493577653404,0.0068672474444975845
0.0026599182984930595,0.0018016723103101394,0.0006466333233609426,0.007765844419163076
0.002589154583170769,0.0017938915047055687,0.0006251758274463216,0.007488146917736037
0.0010522984670233559,0.0006272414871626335,0.0030692464968605075,0.007125880343029351
0.0009672964197184271,0.0006767665813445498,0.0030952495694492373,0.006862700313428119
0.0026607368044937138,0.0018021380621482531,0.0006459632547467612,0.007760865804846634
0.002591356366677755,0.0017952178039189217,0.0006238239930165441,0.007482681356136556
0.0010515908772972353,0.0006275340205609902,0.0030696448324474953,0.007122260080409779
0.0009660345690793223,0.0006775122026086044,0.0030980597255070553,0.006858115083983714
0.0026615518751961723,0.0018026002290633457,0.0006453012474234854,0.007755869392381418
0.002593594312200225,0.001796563482036757,0.0006224604053107556,0.007477183928593969
0.0010508925355634646,0.0006278273451016133,0.0030700369476406334,0.007118626291771177
0.0009647666956599639,0.0006782707722280633,0.0031009260535168177,0.0068534905649885085
0.002662363331639031,0.0018030587430191208,0.0006446474809108717,0.007750854498522213
0.0025958697238448103,0.0017979293475028106,0.0006210845387729699,0.007471653446099643
0.00105020360936857,0.0006281215445542003,0.003070422653774506,0.007114978677388464
0.0009634924507173638,0.0006790428647622225,0.0031038506672205236,0.006848825508022106
0.0026631709953225404,0.0018035135345158674,0.0006440021399539116,0.00774582040517596
0.002598183979102875,0.0017993162503967051,0.0006196958396059237,0.0074660886616588
0.0010495242718529562,0.0006284167109442705,0.003070801763905372,0.007111316921898451
0.000962211467663618,0.000679829088266111,0.00310683579301429,0.006844118604030211
0.002663974688391746,0.0018039645325182087,0.0006433654148338718,0.007740766357256507
0.002600538533546108,0.0018007250850193722,0.0006182937241228642,0.007460488266840241
0.0010488547019997215,0.0006287129450219272,0.003071174093158152,0.007107640693230147
0.0009609233610355945,0.0006806300864218437,0.00310988377690047,0.006839368479617164
0.0026647742337273356,0.0018044116644521041,0.0006427375016549279,0.007735691560596121
0.0026029349257811842,0.0018021567927258499,0.0006168775769585778,0.00745485088819955
0.0010481950849103746,0.0006290103567526518,0.0030715394591190434,0.007103949641504582
0.0009596277254295095,0.0006814465408092247,0.0031129970920306185,0.006834573693072973
0.0026655694551961655,0.0018048548561582914,0.0006421186026783919,0.007730595179541585
0.002605374782741638,0.001803612364957454,0.0006154467491777389,0.007449175083313909
0.0010475456120306729,0.0006293090658987523,0.0030718976823344724,0.007100243397945724
0.0009583241343234183,0.0006822791733811151,0.003116178346847497,0.006829732730259867
0.0026663601778316435,0.0018052940318160487,0.0006415089266955565,0.007725476334334944
0.0026078598255180867,0.0018050928464537323,0.0006140005562563903,0.007443459336528011
0.0010469064814590395,0.0006296092026154656,0.0030722485868485833,0.007096521573660949
0.0009570121387994112,0.0006831287491637474,0.0031194302937785842,0.006824844000120974
0.0026671462280592126,0.0018057291139314605,0.0006409086893784624,0.007720334098460407
0.0026103918756032827,0.0018065993387659893,0.0006125382758820112,0.007437702054530937
0.001046277898238696,0.0006299109080886489,0.003072592000757903,0.007092783758264436
0.0009556912662367709,0.0006839960791317643,0.00312275583854674,0.006819905829807358
0.0026679274339432048,0.001806160023341377,0.0006403181136508592,0.007715167495824844
0.002612972861470181,0.0018081330040822493,0.0006110591456039018,0.007431901561608412
0.001045660074649936,0.0006302143352665777,0.0030729277568815683,0.007089029518516063
0.0009543610188913423,0.0006848820233311078,0.0031261580503396114,0.00681491645958226
0.0026687036255185186,0.0018065866791478812,0.0006397374301267268,0.00770997549751377
0.0026156048258372416,0.0018096950692692503,0.0006095623603337821,0.007426056094379038
0.0010450532305075215,0.000630519649647561,0.0030732556935640304,0.00708525839688069
0.0009530208723267888,0.0006857874943064276,0.0031296401726961624,0.006809874037358622
0.0026694746351209934,0.0018070089987111823,0.0006391668775333674,0.0077047570184583985
0.002618289933556195,0.001811286830276916,0.0006080470696379171,0.007420163796314304
0.0010444575934908248,0.0006308270301164352,0.003073575655487967,0.007081469909844576
0.0009516702737992513,0.00068671346077747,0.0031332056351553454,0.0068047766126984295
0.00267024029771077,0.0018074268976889457,0.0006386067031453263,0.0076995109140039165
0.002621030479934927,0.001812909656947802,0.0006065123747949981,0.007414222711928264
0.001043873399492904,0.0006311366698640119,0.0030738874946007883,0.0070776635461818945
0.0009503086405135041,0.0006876609516178612,0.0031368580659645864,0.006799622130469518
0.0026710004513618504,0.0018078402900317898,0.000638057163269243,0.0076942359759632995
0.0026238288998411737,0.0018145649981778512,0.0006049573256858636,0.007408230780333459
0.0010433008929160556,0.0006314487774255541,0.003074191071244009,0.0070738387651913355
0.0009489353577281003,0.0006886310602185447,0.003140601305838664,0.0067944084240857475
0.0026717549377279905,0.0018082490879759567,0.0006375185237714242,0.007688930928421818
0.0026266877776658336,0.0018162543874792833,0.0006033809174164097,0.00740218582838646
0.0010427403270413126,0.0006317635777754402,0.0030744862553561884,0.007069994994669757
0.0009475497767002294,0.0006896249492296266,0.003144439422696446,0.006789133208134751
0.002672503602563459,0.0018086532021379372,0.000636991060575953,0.007683594423421742
0.002629528679973476,0.0018179233266774817,0.000601763509178481,0.007395857240713908
0.0010421915255901658,0.0006320820138192851,0.0030747744512590602,0.007066127957213925
0.0009461514487499731,0.0006906445332722439,0.0031483743426705215,0.006783790061889344
0.0026732500022807197,0.0018090551675907234,0.000636472644883299,0.007678227257613743
0.002632208268408476,0.0018194737713543587,0.0006000688334500991,0.007388831626439793
0.0010416530988673156,0.0006324080926950986,0.0030750581137491757,0.007062225291994179
0.0009447403652411373,0.0006916943639886184,0.003152406347143562,0.006778364644850561
0.0026740048357577055,0.001809460954637071,0.0006359578413027433,0.00767282758125056
0.002634955807860124,0.0018210664138146341,0.0005983427062284366,0.007381730381212563
0.0010411242721177051,0.0006327479505664586,0.0030753353187928088,0.0070582853428716955
0.000943315051983408,0.000692781104613486,0.0031565502892526515,0.006772855223209634
0.0026747675238379762,0.001809866240718968,0.0006354506882723443,0.0076673718326584735
0.002637778921203742,0.0018227007960536447,0.000596586059806923,0.007374530351829329
0.001040606696768744,0.0006331037745062875,0.0030756125190060535,0.007054313421136325
0.0009418719004388301,0.0006939107307875268,0.0031608182188736338,0.006767262883526632
0.002675531967864814,0.0018102709687578668,0.000634952996043067,0.00766185408145383
0.00264068679514153,0.0018243791709493498,0.000594796386555423,0.007367227767564597
0.0010401033731638365,0.0006334741390175958,0.0030758835711679235,0.007050298613775187
0.0009404102613140668,0.0006950844339685486,0.00316520835701678,0.006761572563798152
0.002676296672663319,0.0018106803117352319,0.00063446235804814,0.007656289727791692
0.002643677379679532,0.0018261084394253654,0.0005929698944138646,0.007359830640195897
0.001039614279194859,0.0006338589442043577,0.003076145375561527,0.007046236184295326
0.0009389323173488638,0.0006963007601604001,0.0031697294621982563,0.006755778598749379
0.002677064305501078,0.0018110918758985225,0.0006339806977760797,0.00765067176942537
0.002646748568871154,0.001827889270553631,0.0005911073999208372,0.007352327655625801
0.0010391379094389869,0.0006342592998204674,0.0030764063818841214,0.007042135041685556
0.0009374356476040692,0.0006975620056562221,0.0031743966080126345,0.006749887934021731
0.002677833026783592,0.0018115016742972262,0.0006335110874970626,0.0076449881028702385
0.002649910493185137,0.001829719013751875,0.0005892086002303866,0.007344707450474766
0.0010386764754840077,0.0006346729159409189,0.003076667988834803,0.007037992110100452
0.0009359170442141707,0.0006988702423414522,0.0031792108685598066,0.006743894345876548
0.00267859858034212,0.0018119144027232926,0.0006330512143127722,0.007639251127386453
0.002653166337843668,0.0018316027599045697,0.0005872693024033108,0.007336977338428539
0.001038231083453969,0.0006350978847311129,0.0030769253548972803,0.00703379870706624
0.0009343782053388123,0.0007002236465492287,0.0031841749598547175,0.006737787606148536
0.0026793644506330704,0.0018123320683620485,0.0006326000187213366,0.00763346318024663
0.002656511627436547,0.001833545610002413,0.0005852881214441949,0.007329133839229668
0.0010377981628208344,0.0006355365475026713,0.003077183810337626,0.007029561636284713
0.0009328180477796475,0.0007016237618090695,0.0031893047269027745,0.006731572672745443
0.002680135214225132,0.001812749594282176,0.0006321604274363584,0.0076276062461904754
0.002659956456354967,0.0018355452858783768,0.0005832650403967062,0.007321159400593384
0.001037377362908243,0.0006359893660789912,0.003077448750206929,0.007025284446541068
0.0009312313240961846,0.0007030756332643892,0.0031946075890348156,0.006725249406330088
0.002680907961072641,0.0018131685487055701,0.000631731135508839,0.007621682744965051
0.002663513139941774,0.0018376040336606273,0.0005811953742795482,0.007313053915858289
0.0010369716277480517,0.000636454073128345,0.0030777150338433612,0.007020956451228524
0.000929617850685248,0.0007045799877166272,0.003200084089945936,0.006718804071920435
0.0026816831869375993,0.0018135939215488165,0.0006313087924018528,0.007615702832340492
0.002667179234318121,0.0018397301102609542,0.0005790748560491738,0.007304820325371211
0.0010365787386162496,0.0006369325868452993,0.0030779834317830766,0.007016577988528517
0.0009279786138724995,0.0007061375247750495,0.0032057499185921667,0.006712234327326672
0.002682467702324004,0.0018140219930985997,0.0006308956586896397,0.007609649894423613
0.0026709601814629987,0.001841925034979894,0.0005769030834998335,0.00729644003159621
0.001036195938392342,0.0006374279200484464,0.0030782621311940994,0.007012157154512558
0.000926308158807298,0.0007077547231187369,0.0032116222756969444,0.0067055434468347485
0.0026832611448961556,0.001814450558760785,0.0006304932381631743,0.007603513749154227
0.0026748742939814167,0.0018441891559964922,0.0005746763282526422,0.007287901539643762
0.0010358265996965393,0.0006379383938804886,0.003078548854769114,0.007007685487786003
0.000924603107597013,0.0007094359339326398,0.0032177052201539354,0.006698717700342126
0.002684059738410101,0.0018148855094931688,0.0006300980361585479,0.007597307785299469
0.002678925859526962,0.0018465315948526637,0.0005723880767052246,0.007279209855891078
0.0010354719034536147,0.0006384639607013866,0.00307883957363773,0.007003155303698818
0.0009228655321943703,0.0007111816586343354,0.0032240124046396187,0.006691745208573198
0.0026848681369684396,0.001815326264963427,0.0006297107016037929,0.007591024640179303
0.002683115000804854,0.0018489588537806065,0.000570036237654758,0.007270351463661262
0.0010351283787028171,0.0006390087723701048,0.0030791420740231366,0.006998575186636541
0.0009210920865714969,0.0007129978973435707,0.003230569268399754,0.006684628740586694
0.002685689212770489,0.0018157671836130497,0.0006293353059894436,0.0075846434881062744
0.00268746070907392,0.0018514709169442662,0.0005676184996271205,0.007261304238850523
0.0010347978701152137,0.0006395731549713323,0.0030794588193310247,0.006993943067266762
0.0009192763811160577,0.0007148927935201098,0.0032373877643990428,0.006677358810042659
0.002686517450569631,0.0018162121183667474,0.0006289701320506911,0.007578172206550387
0.0026919776871775574,0.0018540753599001379,0.0005651274366682037,0.007252068317244899
0.0010344845443885449,0.000640155403727023,0.0030797824181104925,0.006989245399240135
0.0009174190489170184,0.0007168687221264893,0.0032444783946056254,0.0066699156811237965
0.0026873532937641987,0.001816664648095165,0.0006286136284169548,0.00757161561380224
0.002696665069648175,0.0018567834688911326,0.0005625581256312445,0.007242638282584759
0.001034185991922958,0.0006407592940215561,0.0030801163205712388,0.006984485972282041
0.0009155197071491419,0.0007189303462949314,0.0032518698925920386,0.00666229649926013
0.0026882023929089,0.001817118174910125,0.0006282706697726105,0.007564949079065198
0.002701537447685892,0.0018595975583771641,0.0005599089165171959,0.007232986524047022
0.0010339012500222642,0.0006413880397828093,0.0030804677738503483,0.006979670371857276
0.0009135707975375693,0.000721088515135078,0.0032595852002448838,0.006654497805605281
0.0026890612055118085,0.0018175719065388412,0.0006279425875000697,0.007558166996654911
0.002706619615757465,0.001862522191905197,0.0005571729583037394,0.007223101842755507
0.0010336357127702386,0.0006420396980990378,0.003080830041646868,0.006974784337870651
0.0009115694352436237,0.0007233495445131794,0.0032676344079328717,0.006646496884297237
0.0026899257434682762,0.0018180324852905474,0.0006276261317667136,0.007551283116490182
0.002711916498767212,0.001865571411773431,0.0005543421865777592,0.007212985149838673
0.0010333897876001691,0.0006427161740293257,0.0030812003802320777,0.006969822456797566
0.0009095173557173427,0.0007257171518730103,0.003276044580817769,0.006638280759466188
0.002690802076555827,0.001818496172110191,0.0006273246468621393,0.0075442788818187055
0.002717435701982311,0.0018687529582384476,0.0005514139773375747,0.0072026109987839105
0.0010331598512739713,0.0006434231561242099,0.0030815889994144892,0.006964794776825699
0.0009074083699960903,0.0007282029027953261,0.0032848506239236117,0.00662984942501466
0.0026916915670047235,0.0018189571956867896,0.0006270427426128401,0.0075371323368860115
0.002723207364431947,0.0018720695024165854,0.0005483830599555986,0.0071919536757241494
0.0010329498255945853,0.0006441605226842152,0.0030819949435950565,0.006959692425915899
0.0009052353097065867,0.0007308183567675713,0.003294069011466395,0.006621183130897081
0.0026925878795778114,0.001819422207815536,0.0006267772414972818,0.0075298567912470745
0.002729249067745885,0.0018755348941524809,0.0005452389259426608,0.007181013234726974
0.0010327637272281311,0.0006449277500438859,0.0030824106090916433,0.006954499906615179
0.0009029995287996788,0.0007335683974202692,0.003303723051145695,0.00661225727856102
0.0026934943469274614,0.0018198933507086264,0.000626527991718453,0.00752244793337632
0.002735564292211706,0.00187916406767208,0.0005419757977103425,0.007169772867062031
0.0010325972252531249,0.0006457313281324167,0.0030828454743347675,0.006949224788805898
0.0009006981996663582,0.0007364636609716709,0.0033138573937952645,0.006603068664676146
0.002694417958425103,0.0018203623235262733,0.0006263014412698836,0.007514872132501934
0.0027421816411262756,0.001882961570910702,0.0005385896095835838,0.007158194699503408
0.0010324502449042489,0.0006465749110057846,0.0030833078860602508,0.006943867639254081
0.0008983210195541197,0.0007395210262457836,0.0033245032949781777,0.006593604491119473
0.002695354293252137,0.0018208320348163185,0.0006260968291336861,0.007507129695005646
0.0027491352098818356,0.0018869390176819536,0.0005350688531916593,0.007146267410932163
0.0010323291392766237,0.0006474568011544532,0.00308378999242275,0.006938406969387049
0.0008958655536418376,0.000742750173551506,0.0033356834819526747,0.006583831421817181
0.0026963021586918004,0.0018213109768844304,0.0006259100667591811,0.0074992315857259515
0.0027564334537222893,0.0018911180662732796,0.0005314027761453522,0.007133983708268897
0.0010322317707139527,0.0006483821434491515,0.0030842964605486013,0.0069328399714922995
0.000805799270681936,0.0011425158063651747,0.004149747885739845,0.006736405885830235
0.0013259656322756105,0.0017549905899772195,0.0010153118708935464,0.007081345516947568
0.0029429676645541508,0.00171296153725347,0.0005139220568364054,0.006467373907778911
0.0018088924124606903,0.0005862303407169953,0.004794296215644843,0.007403094714797991
0.0015355147714025995,0.0008131327355765063,0.005199522062892608,0.0066028184858710455
0.0023824202894881783,0.001703979681935052,0.000516795972611158,0.007498353421630766
0.002463415968479286,0.0024970286548136535,0.0003676729384308152,0.007357498171917949
0.0011351175127982695,0.0009215036507533973,0.0032635466109389834,0.0066887133377052654
0.0009088786168803693,0.0010709426074486832,0.004211107495648969,0.006065167071990124
0.003323372029890173,0.0022170432304836393,0.00022247221834452059,0.008155649988235232
0.004132536712517142,0.0027007622532961,6.700562829417211e-05,0.007307101754965832
0.0013786021470906136,0.0007304164963152586,0.0028593135502910914,0.006423303813167936
0.0006596555081963765,0.0013438682213639899,0.004276848925388531,0.0060025602282845845
0.002487473816192369,0.002734127561998159,0.00036717525294670126,0.008540466949039035
0.0033599700104373843,0.0031216197402166757,0.0001648087327786718,0.007049871496047284
0.001345841815867577,0.0007768851754426687,0.0035399555690305675,0.006845554925178861
0.0010386677820596972,0.001216854987724958,0.00549897299001319,0.006190745283252069
0.0025522346745971377,0.001865188440192071,0.0006105387529037468,0.007436103276128074
0.0036279943852796,0.002882288972020468,0.00014177973273158488,0.006531575529239435
0.0012460029378540845,0.0010406835328203544,0.0037969200777236718,0.006959240194925052
0.0009432925111141893,0.0017825640720666484,0.0055302937153360685,0.0060784661040377014
0.0021385441025830233,0.001954165984236178,0.0005445475255190227,0.007885049029024118
0.004445806575682632,0.002810937885973374,2.7778415168086783e-05,0.006527453309036324
0.0016410502475038165,0.0006315150377122452,0.003096778400649808,0.006760938725626842
0.0009316550349546757,0.0015328541661463872,0.005286526820621798,0.005863544051611108
0.002430633260506396,0.0021083269959197635,0.00037465547616497236,0.008333516863537851
0.0037930403736358624,0.0030730478261705696,8.883265221509154e-05,0.006927266849449648
0.0013233042468906544,0.0008433240168504357,0.002605795957333513,0.00670334819460483
0.000816741949563791,0.0016000541520681166,0.005384750935678879,0.00582291604518293
0.0027704060704920558,0.0019194793483769854,0.0004680337799446709,0.007762150587044594
0.004397105029419329,0.003032786413646246,2.899251997468486e-05,0.006398937779438183
0.001279386963989954,0.0008525636600573015,0.00290635707223045,0.006936361923338907
0.000789702610406626,0.0018434831156403896,0.005540251011372189,0.005869757465185326
0.0019795027987539126,0.0018716097354461653,0.0007710863169147542,0.007639109844732374
0.004233219376065858,0.002960056682567026,4.783826312462555e-05,0.006308929345165729
0.0014594390706910865,0.0007200164390029669,0.0027048350685638795,0.007041988666882824
0.0008511758896383304,0.0016099023447375238,0.005373373810238056,0.0058202950071842095
0.0022448089269962563,0.0017553817728724326,0.0007284893796591857,0.007750989469422475
0.003982476121696322,0.002868967459102996,5.893123835134876e-05,0.006627540938634312
0.0014207269843358893,0.0008053329196334723,0.0021705272300651954,0.007026638674834792
0.0007861920260464438,0.0015731710222121613,0.004861434277645387,0.005721661335071511
0.0022992847385427955,0.0016267808062575416,0.0007881169155202472,0.007886157799110897
0.0040710690879913495,0.0025343599606014347,9.719349283929069e-05,0.006613991056086688
0.0016484260584859274,0.0006980848784930316,0.0019855193725097147,0.007163144421323845
0.000867465546194424,0.0013793392466048913,0.004365263559586152,0.005853679260685093
0.0018513577199060578,0.001561884140126168,0.001059578779232876,0.007880774053785001
0.003342033365976173,0.0022545680707164923,0.00024413274308977774,0.006843205547824341
0.0017632914543862517,0.0006770565835086054,0.001801075741399145,0.00746069737753198
0.0010537574290438551,0.0010199158935303488,0.0036361657840282245,0.006160423810770839
0.001765526794253445,0.0014321935330370806,0.001356896643945192,0.007752582036496064
0.0026354565640598466,0.001915150196965174,0.000537353320918921,0.007011755816342682
0.001800906403600905,0.0007225858018405487,0.0015710876634820589,0.0076948704371570835
0.0012448240510264787,0.0008084840586072286,0.0027078509879914104,0.006536835569591888
0.0017269434617840143,0.0013682983664968086,0.0014769005071355397,0.007808817814495874
0.002126489848302458,0.0015500495670049534,0.0009493481981833762,0.007323304271794574
0.0018387017483632265,0.0006794574551769125,0.0015456236149240486,0.00754987933601884
0.0015482191681479584,0.0006996531482685148,0.0019298655818375094,0.006863446359677905
0.0018125071509261272,0.0013609922533714541,0.0013030657253249823,0.007904474241372712
0.0017674237061261616,0.0013592199543964955,0.0013021073679883774,0.007655577668668675
0.0016542195551736104,0.0006244082465313996,0.0018807898434906986,0.007176941656625082
0.0017256859589529373,0.0006866864677516062,0.001540181465419743,0.007089204432718113
0.002093401313347005,0.0014485663539142014,0.0009931657117609703,0.007832612203319494
0.001698819359090293,0.0012843022989836286,0.0014330276044923612,0.007690006312915508
0.0014251111458187902,0.000624069825326993,0.0024400200153564047,0.006870225423502496
0.0016707881574561621,0.0006788570673384387,0.0015228685314579904,0.007181272979116103
0.0023378359767991883,0.0016716260591055358,0.0007275005960597709,0.00759371948016607
0.0017002737047032961,0.00132659245963069,0.0013735306079351711,0.007580445628544427
0.0012615087092739234,0.0006663062560298319,0.0030014968832175627,0.0067126936523968644
0.0015678316832003797,0.0006209293074153605,0.0017292865517057041,0.007122371728004876
0.002600700612685265,0.0019028618480223134,0.0005571483788129692,0.007381264722859106
0.0017095063510289192,0.001431610810697284,0.001220225202236914,0.0074533284186549895
0.0011283321977728171,0.0007503364996485382,0.003434108578163171,0.006615754083866274
0.0014408210074173516,0.000581453868354576,0.002007684660812814,0.006996144098902915
0.0028528618239461023,0.0020519716045612154,0.00044374176747744346,0.007213820101889865
0.001842556865416922,0.001510053172049168,0.0010463435941809236,0.00738364931333208
0.0010611007506440434,0.0008186617822328065,0.003721800556254029,0.0065044875253662164
0.0013173248895109275,0.0005832911984324011,0.0022433157931270337,0.00684549816122011
0.002980660285601454,0.0021574102735725806,0.00036546910085408224,0.00715871171946916
0.002012662700587922,0.0015944268703323367,0.0008822669626174881,0.007370672622745819
0.0010390527266032224,0.0008504290403831855,0.0039001705509414024,0.006396986809685014
0.0012484004499732364,0.0005879003679899097,0.002443413952340242,0.006694256791487158
0.0030722933398528315,0.0022416980642525927,0.0003222345392031716,0.0071319885377929704
0.00214043493253511,0.0017132513461931237,0.0007605651846881127,0.00735564083764609
0.0009959891477217381,0.0008830484633368199,0.003979149825982334,0.006331502368176936
0.0011716769105051068,0.0006127250220565154,0.002642234938768047,0.006571850899924343
0.0031648138278023053,0.0022912451676246883,0.00031257164654647173,0.007066956958759943
0.002314535998859409,0.0018216797249621546,0.0006740565381378197,0.0072867078131408705
0.0009599217643678866,0.0008979228917204188,0.003983245560388046,0.006303192173968042
0.0010785641946388768,0.0006632797150476716,0.0028346332407154073,0.006470843512544219
0.0031773887714317086,0.0023039396489106284,0.00031763075150001636,0.007054034878030682
0.002501679628010014,0.001909311384121932,0.0005948491403632938,0.007218606396765963
0.0009613733956318069,0.0008794921907566194,0.003925209195708636,0.006291398292706132
0.0010253507111221982,0.0007041439920784631,0.0030194895740701853,0.006368603384080268
0.0031537512887945623,0.0022774300862307985,0.00032696237746082364,0.007089572568471486
0.0026364199846034635,0.0019831848017622966,0.0005166580717928526,0.0071484629473245066
0.0009649883508201089,0.0008581524482020482,0.0038096387761638586,0.006293994475613405
0.0009842521455844374,0.0007453205596138208,0.003201919898577563,0.006269095559138811
0.0031299003404938546,0.0022268306223668316,0.00034902085060384714,0.007108457109120077
0.0027607686049167432,0.0020438491975645367,0.0004581974386013881,0.007037829799186388
0.0009716413671008636,0.0008405460349326367,0.0037016961354253463,0.00633819117577822
0.0009366541203082145,0.000805773113253782,0.0034280572802980643,0.006204386603252505
0.0030682358096651243,0.0021582985657215286,0.00039063269303298324,0.007094784756870717
0.002889797760344634,0.0020919305593933147,0.00041571471945956123,0.0068920265472103654
0.0009904283887213457,0.0008167521868078674,0.0036007087290102252,0.006400381021128982
0.000898628222214609,0.0008722711653109863,0.0036468471213938333,0.006147718745775252
0.0029855260588307823,0.0020884388648682957,0.0004378503722172679,0.00711308269995662
0.0030157923679753032,0.002141870948073433,0.00037318653927753253,0.0067861611900027945
0.0010145146335618128,0.0007865708129297346,0.0034606673317967096,0.006443206079966566
0.00087305454668947,0.0009271245712329349,0.003809025738363574,0.006072317474596539
0.0029113371490159354,0.0020261267996152066,0.00048233225612637535,0.007171129650673898
0.0031160458853658965,0.0021897033007837506,0.00033618714032610154,0.006719122305313493
0.0010410668067731743,0.0007607320952911633,0.003315914050362483,0.006488781282517414
0.0008581962641476994,0.0009750630463775535,0.003954607798045949,0.006011367054690429
0.0028404419848865755,0.001957243705184783,0.0005383984520949917,0.007207441585619043
0.0031946466391045425,0.0022175235150258253,0.00031546512367310704,0.006642180491226475
0.0010702258180065888,0.0007405436923590221,0.003197920714027248,0.006550409543955959
0.0008476459678254184,0.0010201248313485667,0.004074994117865843,0.005975832230150506
0.0027459445934150234,0.0018825414796831714,0.0006020050464082194,0.007212458620021775
0.0032582690081736847,0.002226361763982014,0.0003060966243265226,0.006578162634213736
0.001108688519432131,0.0007149256636061818,0.0030715454241561817,0.0066026535221236264
0.0008429824496875423,0.0010440709492725618,0.004127245008134069,0.005941773870551935
0.002645036105123991,0.0018194984794873087,0.0006587710473507013,0.007237509134946243
0.0032744595728789725,0.0022237358894254236,0.000305144186304472,0.006563793228403204
0.0011509038946935864,0.0006898298006917514,0.002932899461093267,0.006647470041947143
0.0008495519326348599,0.0010409267766814446,0.004121873049530002,0.005918149838815834
0.0025719557173638193,0.0017593493909718566,0.0007161403835993811,0.007265521635050863
0.0032549338034013916,0.002199210772473358,0.00031852189626829975,0.006571358224706574
0.0011886147644798182,0.0006713242943702806,0.0028010520588710374,0.006696253682935106
0.0008579967608390004,0.0010232030446997852,0.004058747698790856,0.0059185505471889815
0.00249076438410123,0.0017016799459460227,0.0007792972399503142,0.0072924208390146485
0.00320135872059002,0.002145928348954793,0.00034941794200673063,0.00659174497382387
0.0012351802407373927,0.0006490408686265946,0.0026838673253733545,0.006751469786708977
0.000880065052009825,0.000981827329888871,0.003935719064938245,0.005948930800249553
0.002394171645531039,0.0016462169511067817,0.0008458873938259066,0.007320292193202987
0.003085849138497645,0.002068212963947279,0.00040033683139908033,0.006646293187833765
0.0012827823798649404,0.0006271440091023949,0.0025787779833462317,0.006811786308438525
0.0009210063835649597,0.0009156288360564474,0.0037492962878719668,0.006010498007025624
0.002310219498011546,0.0015918367741950543,0.0009108060964976724,0.00734468110378683
0.002927347625549429,0.0019686012604573978,0.00047493014800695075,0.006733043425153363
0.001323604237975535,0.0006079816939509609,0.0024889858137799423,0.006868392780869451
0.0009754355956000611,0.0008371913218972182,0.003503045217497684,0.0061022618457656315
0.002240409452006183,0.0015475234814294682,0.0009638407011852353,0.0073695350176327
0.0027362560779693526,0.0018507910938069107,0.0005721982151896091,0.006829813682137098
0.0013559115174160191,0.0005888520661701028,0.002427896741899469,0.006905684591552039
0.0010446984913125943,0.0007547406513893277,0.00321969079252129,0.006216577569701178
0.002194481010455934,0.001520749861333206,0.0009914839218874722,0.007390871242042083
0.002516751751146797,0.0017261920722652054,0.000683157339181871,0.006906715642208046
0.0013654032121876488,0.0005735981200084036,0.0024161717437314227,0.006910150209018818
0.0011216056582338645,0.0006813592387428139,0.002935605432536953,0.006339693754045352
0.0021915440818250915,0.0015159615630389992,0.0009821284998098514,0.007398901080417841
0.0023245548339029453,0.0016209364009782455,0.0007961846459050854,0.006991312493465551
0.0013435004257795504,0.0005648101424744012,0.0024725471614100896,0.006873182828537239
0.0011882692948676648,0.0006288619320246735,0.0026888647283656412,0.006455092482289501
0.0022318635729161825,0.0015406606846023192,0.0009310922020598182,0.007391674730214355
0.0021854016486371032,0.001543948931518272,0.0008902947191332375,0.007070012242560345
0.001297185956216626,0.0005624488107487889,0.0026031433748977097,0.006797111811638326
0.0012345743338340216,0.0005950029426641402,0.0025075025049677646,0.0065463737965194375
0.0023097907695057538,0.0015990088458302802,0.0008463911097854986,0.0073717797289353
0.002096646306874747,0.001501329059154587,0.0009483849664589066,0.0071345020756759595
0.0012352627006646242,0.0005706989933799812,0.0027957008032167344,0.00669881115179591
0.0012582381196016167,0.000572124605689771,0.0024012860460740537,0.006604495789470989
0.0024237100259877644,0.0016869681731124025,0.0007459811038838088,0.007340401993068742
0.002051227533266307,0.0014916703323206017,0.0009663885814031668,0.007178213673763161
0.001166409733910746,0.0005936175107708763,0.0030245944307666153,0.006598303896026602
0.001258796467271845,0.0005566732432635963,0.002362813750153146,0.006631476440818509
0.0025637181829416896,0.001795022399549014,0.0006464144121299138,0.0073008710753895536
0.0020443007024968153,0.0015064080928324942,0.0009511682137233854,0.007199438752343022
0.0011026002027508931,0.0006287369926899489,0.003261203984409886,0.006507733360421963
0.0012414002444229146,0.0005472586251728292,0.0023766234331332593,0.006634144252840246
0.0026952802627078034,0.001899277256766097,0.0005541754748625162,0.007216524063191868
0.0020658288209114382,0.001536884448652423,0.0009136422420876042,0.00720202502043174
0.001051658589637872,0.000670718068417332,0.0034816721688167283,0.006430895158206373
0.0012144791087200823,0.0005433687984873283,0.002428029608415109,0.006617250514613991
0.002812894711595173,0.0019926043625095795,0.0004770457565963672,0.007118388077512841
0.0021071857252569636,0.0015784177950582663,0.0008635643497541478,0.007189351288537896
0.001013076921288873,0.0007153540094631016,0.0036684533104947153,0.006367723185585701
0.0011813592894859284,0.0005468670170060215,0.002508071394771891,0.006583482885577983
0.002918772817087843,0.0020729013029209763,0.0004190426423822948,0.007034081339421651
0.0021676536446900417,0.0016286409846216253,0.000807438891865634,0.007161830331856375
0.000983948824694919,0.000757641058083049,0.003809254229615027,0.006317037604134148
0.001142115497122987,0.0005601456490592445,0.0026110253984888802,0.006534266663247119
0.0030050066690661247,0.002134639526116294,0.0003797409341179584,0.0069676054483230766
0.0022485118866818446,0.0016863892780515253,0.0007479089842400014,0.007122694560398807
0.0009627559553497892,0.0007916482731560214,0.0038958112668415912,0.006277113755444754
0.0010992368289495676,0.000583145592384048,0.0027311908585274033,0.0064702057952341265
0.003066722829770418,0.0021744158549016,0.0003570180628438468,0.006924149238268217
0.0023484649276820503,0.0017511652375779355,0.0006859923342816037,0.007078822090624129
0.000947972669797518,0.0008134237459090885,0.003924462963753065,0.006246881384000464
0.0010553699723268365,0.0006142799471285467,0.002862944304940717,0.006393416048636229
0.0031046773668646174,0.0021919499753588587,0.00034842194694217096,0.006904862254542102
0.002466118705492024,0.0018220537571735193,0.0006234551155337622,0.0070354145922442105
0.0009382625988761661,0.0008213896590886732,0.0038981511322696803,0.006226683101476403
0.0010110748567209841,0.000651808745207544,0.003001632495069378,0.0063084344206631535
0.0031210494712535755,0.002190728564927327,0.0003516343138300039,0.006908070604289223
0.0025921203801340755,0.0018929502052531927,0.0005612980772305723,0.006977292706554077
0.0009334647836635497,0.0008156789537247776,0.003826008244714395,0.006217208567547519
0.0009671687861329137,0.0006931060759987553,0.003143646891190029,0.006220380049086025
0.0031198071072449257,0.002176216404230667,0.0003638964051851627,0.006930869317124147
0.002718462011317625,0.0019610619670596147,0.0005016405207602982,0.006903993984493961
0.0009335448748998271,0.0007986857220723721,0.00371987496999718,0.0062183472107072545
0.0009249315500511186,0.0007352570789154118,0.0032863731696942274,0.0061337531909136465
0.0030912341610219544,0.0021511402445562097,0.00038387495683412607,0.006962045634584133
0.002822376333657821,0.0020229013103218374,0.0004531223173344438,0.006824138406935109
0.0009447303983397569,0.0007789372563228028,0.003622274288365573,0.006249370442696078
0.0008936929426831564,0.0007782084277817693,0.003464369078949533,0.006071536726316609
0.0030372177115023415,0.002102463115376847,0.00041528792190922287,0.006962201683408967
0.0029015771657192,0.002065335269213296,0.00041823007234144605,0.006721139078798205
0.0009647599408212129,0.0007633383486877887,0.003553304032037208,0.006306267633399474
0.0008723077838230121,0.0008273176167920575,0.0036576385462183903,0.006031516162607185
0.002979206332311617,0.0020407019654379538,0.00045236937878711435,0.00695597761344338
0.002996603932194747,0.0020976701237561935,0.0003856321958606397,0.0066263166821338235
0.0009873601391023493,0.0007436871694890466,0.003466078446057494,0.006344335197489004
0.0008516133513149299,0.000873926996840511,0.003797103971168464,0.005975119762304971
0.0029226573177161762,0.0019991352499616685,0.0004819808562108159,0.00699848375463961
0.0030842233595339244,0.002141560543921651,0.0003522706314024447,0.006573785907031601
0.0010087735854473823,0.0007219056870628382,0.0033569526838236508,0.006365895416600838
0.0008374672092139004,0.0009088037825241015,0.003911890567030733,0.005912048687277034
0.0028767306037264817,0.0019646972083683695,0.0005145058143485596,0.007032131646041445
0.0031391346772939965,0.002185236403066256,0.0003297526049814736,0.00652053193723168
0.0010223028368984205,0.0007129748826759886,0.0032757614267138807,0.006407077955661031
0.0008270575615698131,0.0009480512889112957,0.004039916015556875,0.005875080085703796
0.002835970603995181,0.0019161704128571988,0.0005595003696867382,0.007026630016097881
0.0032065439604888617,0.0022066703044140955,0.0003163034563366415,0.006443865389435227
0.0010421655866822734,0.000703354454430071,0.0032043887467873627,0.006448251893563323
0.0008159460148129625,0.0009885743036016368,0.004129467042612728,0.0058430108007079175
0.0027623080890058493,0.0018713254329945403,0.0006004302524619523,0.007048298868276006
0.003253703208828232,0.0022163442390127916,0.00030479334072033685,0.006400940119300468
0.0010769721348631571,0.0006847128456136239,0.003120896178036006,0.006478239543261449
0.0008208047033318213,0.0010062918697987424,0.004181579748964411,0.005809662307613371
0.0026978000151499423,0.0018248283980025158,0.0006356468403977567,0.007059400666752173
0.003262330841328575,0.002221925858247484,0.00029981800252849486,0.006388711569103038
0.001100138402390251,0.0006753934529855291,0.003033098267436257,0.006507865053396296
0.0008237469843359492,0.0010158545372507305,0.004203686303224694,0.005785226081030959
0.0026533410741346537,0.0017813270455247626,0.0006757541052151403,0.007060192923495974
0.0032720852294035705,0.0022150714183160627,0.0003043296398934688,0.006368072550175599
0.0011231270989953232,0.0006660988177466501,0.002950311769313008,0.0065411166650966735
0.0008235469582955913,0.0010203652840839452,0.004192964149103249,0.005775036200067177
0.002585491805870799,0.0017422377334806735,0.0007201385307623901,0.007067870674055486
0.003255093445959799,0.0021935180685906603,0.00031730613383518865,0.0063610386391616276
0.0011562976451287483,0.0006508929240170566,0.0028684266493548705,0.006577439086904173
0.0008360947978275196,0.0010046103172229532,0.004145161645240374,0.005778722025030579
0.0025161994137510827,0.0016999252722402801,0.0007655977317372307,0.007080834837517316
0.0031975037219273746,0.0021547827927960914,0.00033991082314293464,0.006381004377757152
0.0011881059870256958,0.0006377661131397928,0.0027851325776638387,0.006617741661887463
0.0008564486919190022,0.0009734567508906486,0.004052151253199148,0.0057992999059110085
0.002455145719550625,0.0016550477544496297,0.0008121560143698503,0.007096092223592065
0.003120099588959531,0.0020958534010829663,0.0003749531048546834,0.006415916422400976
0.0012214572651813723,0.0006232075947426637,0.002702927001963819,0.006659312446816068
0.0008819421801558161,0.0009295492242993209,0.003910907445642187,0.005839808868228087
0.0023882300834496967,0.0016155391013067462,0.0008580178331026212,0.007118536158288662
0.0030119623123884107,0.0020227875496763906,0.0004250150954932935,0.00647386429984423
0.0012563155699548826,0.0006062062331323867,0.002625075411806661,0.006698558822858495
0.0009187475234886862,0.0008696308800936843,0.00372636409350245,0.00590013597580844
0.0023290927945422784,0.0015817965498246254,0.0008995583832957561,0.007143136125006967
0.0028717730326135154,0.0019404677602097495,0.0004918894984254306,0.006558953609865713
0.0012829591802412917,0.0005915133153899561,0.0025591872106572196,0.006731420203717385
0.0009649817322071935,0.0008019613723562755,0.0035060518311449997,0.005979724853209371
0.0022865716683262115,0.0015544942713071246,0.0009306303316536167,0.007166489747921304
0.00271490617234423,0.0018466865860916162,0.0005733723567523749,0.006651188822412883
0.0012998447251961242,0.000577729128544158,0.0025186150357454393,0.006748917467299183
0.00101832891409538,0.0007349859344525315,0.0032640308012559524,0.0060754772672483425
0.0022588694956969927,0.0015395326665583878,0.0009418731038232848,0.0071876576944521625
0.0025418526659636152,0.0017434685036212755,0.0006613982541285425,0.006720697049267879
0.0013034010159731005,0.0005645091556710335,0.0025190720975678538,0.00674171331275468
0.0010768899472662031,0.0006736342424544661,0.0030234777812463295,0.006178818333375341
0.0022570392839609704,0.001542725659931057,0.000925893237229196,0.007199390581517931
0.002382357923509262,0.0016542148825098252,0.0007496921575766916,0.006796598012053493
0.0012851700094134938,0.0005560652083445997,0.00257294663508679,0.006705672676376689
0.0011301742025002436,0.0006248263599782767,0.0028097629219788296,0.00627849167517751
0.0022899741557699505,0.0015693992640212356,0.0008811518327274168,0.007196472651833203
0.002257316076638171,0.0015866236573321946,0.000826226126770473,0.006867651052864651
0.0011967562872255229,0.0005821013812325772,0.002583011064050192,0.006415449997583503
0.0011311769086248592,0.000619365242330057,0.002548781651615677,0.006188727034141787
0.0023371476279051796,0.0016114277225966701,0.0008116968562062479,0.007154509002163178
0.002162730177471365,0.0015288512322733658,0.0008783846498737693,0.006908191522103024
0.0011563820219456955,0.0005738363813959275,0.002757989800113417,0.006379496526832505
0.001168667160280151,0.0005824016507731778,0.0024375279801070165,0.006299114184519597
0.002394551723554784,0.001664690487645232,0.0007297707417009015,0.007098959568735448
0.0020791412876093366,0.0014860577466873652,0.0009119197299351576,0.00691920489597714
0.001114385968022693,0.0005750131851736564,0.0029734742419433103,0.006358191943414621
0.0011914358176977188,0.0005487529998592767,0.0023870682630133767,0.006397775798103224
0.0024837896320679927,0.0017436119524969413,0.0006436023363823402,0.007022983376497612
0.0020184650352699763,0.0014716326411500738,0.0009270295352289635,0.0069099952765935444
0.0010638670567508536,0.0005978223377654113,0.003209057778948624,0.006329815345879447
0.001190736756052699,0.0005280893772301776,0.002387794331097437,0.006458803829282371
0.0025941956693603906,0.0018338770419409815,0.000557155973440869,0.006916174575658804
0.002001834753507308,0.0014805904535490097,0.0009168372370500009,0.006897600857562414
0.0010159200640074333,0.0006380736360031093,0.00343488102013102,0.006277498328074736
0.0011734748096440394,0.0005222360926802613,0.0024152518321768008,0.006470474218631647
0.002708211265026286,0.0019247741897583392,0.00047685528258786195,0.006820005770355579
0.0020262637143075232,0.0015080256095725624,0.000879500903434973,0.0068953660834757975
0.000977944023406955,0.0006863784690474267,0.0036262522799544433,0.006203465692950001
0.0011528648093309466,0.0005265232201460137,0.0024548191644688045,0.006439281741738012
0.0028224845158568526,0.002011361236636702,0.0004110997943854323,0.006756202239519447
0.0020759317829480966,0.0015529204101228514,0.0008262776201499135,0.006894878717301657
0.0009448054160484809,0.0007369786527484622,0.0037696806990697657,0.0061275650721304385
0.0011271634549687621,0.0005401039625435517,0.0025096845155361262,0.006384673612360277
0.0029262250555267305,0.0020840688646660242,0.0003648472382745316,0.006703583466165651
0.002145528976022996,0.0016078993272741486,0.0007703388273596851,0.006877223822523185
0.0009172359575218238,0.0007816024985009321,0.0038619970229506273,0.006067282727094763
0.0010923156983149074,0.0005630641902215515,0.002587029837811558,0.006321793105792945
0.0030003961799470163,0.0021350690631094125,0.00033744854850977846,0.006660893254509036
0.0022279623967019226,0.0016642100913879657,0.0007160786342901838,0.006840673250856433
0.0009018254744961913,0.0008119899146314792,0.003905996999007786,0.006026846959372264
0.001056005806636883,0.0005907213026088659,0.0026879716833782506,0.0062541529134776935
0.003039706527685976,0.002160650150473891,0.00032442586141210764,0.006634686700025467
0.0023128740969554063,0.001720212220566151,0.0006629478474722609,0.006797556754183943
0.0008965872195671404,0.0008280411847354837,0.00390599090749164,0.0060027813186414
0.001022324388003174,0.000620532710286206,0.0028075866413436678,0.00618160215615863
0.0030562199717589123,0.0021642358037486055,0.00032252155685811364,0.006622278382882063
0.002404648287935139,0.0017784744656119513,0.0006107175952222289,0.006753813047178881
0.0008952165919452658,0.000832397552052796,0.003867935251957445,0.00599092274530484
0.00098662634985214,0.0006544056335685512,0.002937844874180463,0.006105816101803426
0.0030563496690169827,0.0021542490888127033,0.0003299801928625762,0.006622941340982779
0.0025109657786005616,0.0018415371352285207,0.0005595420358326408,0.006711586365760333
0.0008963544921333015,0.0008251513116822716,0.0037985635174115004,0.005988075343408868
0.0009487479540633597,0.0006912491669410091,0.0030711727268806182,0.006028662856416745
0.0030295850332360025,0.0021355446364640673,0.0003456139969008143,0.006633561289283406
0.0025962784170787804,0.0018964753456492294,0.00051445261907001,0.00663991400124264
0.0009066685052250617,0.0008128817452817325,0.003730929365512014,0.0060084336710555354
0.0009186314149264766,0.0007290264957275276,0.0032370174032928904,0.005967597238975964
0.002985484095231066,0.002097723494148463,0.00037024063031968564,0.006624516660466479
0.0026660017223454255,0.0019380184313551754,0.0004778764163305246,0.006546635558698258
0.0009221497008721026,0.0008029967119661727,0.003674218118030131,0.00604391501042288
0.0008933347169996366,0.0007731288373278038,0.0034121692226392474,0.005916778014720749
0.0029405087007691316,0.0020518142485639883,0.00039763776879745696,0.00661787861666689
0.0027535646700903612,0.00197589988194641,0.00043992239714104665,0.006460549226235483
0.000938623964479914,0.0007899171337399361,0.0036025067538121534,0.006065406530586703
0.0008696104039263159,0.0008181820381398286,0.0035516514860551565,0.005853976474488867
0.00289617558405899,0.002019807045680747,0.000420386741618447,0.006642033668385598
0.002839260573795161,0.0020238490718681693,0.00040104587745392337,0.006399027358670412
0.0009529886466822078,0.0007762687457543606,0.003521515447425118,0.0060775040151149085
0.0008517794966228422,0.0008583986095530039,0.00367951027251265,0.005788678853132561
0.002859454748429583,0.001992945276479094,0.00044503220476040085,0.006654923677449538
0.00290546065889838,0.002073218628835498,0.00037102118814893754,0.006334413764982547
0.0009616098343814801,0.0007729583108638826,0.0034635169305128324,0.0061011615590364585
0.0008358910848927218,0.0009049706681091416,0.0038219107986975833,0.005739611041403949
0.0028303514960059833,0.001958911609984834,0.0004750458334497651,0.006641489045460286
0.0029855626361057395,0.002110986952376868,0.0003457547120241061,0.0062560706388604375
0.0009727571690522898,0.0007705366455031426,0.0034131574156364888,0.006119593715362286
0.0008191644214031978,0.0009558021300483713,0.00394081472573332,0.005689583067568808
0.0027976654257412074,0.00193428394692391,0.0004970131820185495,0.006655184362041776
0.003071359260763628,0.002148921277112687,0.00031751053123209414,0.006203659486109274
0.0009896962722963055,0.000760541487496624,0.0033452831576503746,0.006118351036811396
0.0008088730708586289,0.000993785495303101,0.004029733338054785,0.005627996452611963
0.002769371198636121,0.001921663346524518,0.0005118360655842354,0.006682491802967402
0.003123009348637948,0.0021931624662610174,0.0002937782434278718,0.006170418741642751
0.0009986054579519939,0.0007591354770610284,0.003297405560535037,0.006124413606904138
0.0008037128251637806,0.0010296634283324482,0.004136777671769962,0.0055807756607937145
0.002751912603483592,0.0018981326398926706,0.0005346021811042621,0.006657869569328073
0.003176546420115486,0.0022283524462391414,0.00027793980704174826,0.006111037981586874
0.0010016578875596206,0.0007653202704768643,0.003277272583988127,0.006138379255415798
0.0007931320649599427,0.0010765175714755127,0.004243448612479205,0.005544163520653036
0.002725156744167654,0.0018753828278709084,0.0005552277913950503,0.006633663815835439
0.0032518825071951793,0.0022579561921515765,0.0002601373808030242,0.00605622643757686
0.001015500199164802,0.0007595429052010007,0.0032379416148172043,0.006134591610103495
0.0007850511523462065,0.001112498061129846,0.004317167409995017,0.005494206468581842
0.0027038368250968674,0.0018693598092201368,0.0005607599073447353,0.006649473756424764
0.0033050546473625004,0.002297550763873827,0.00023993238014215223,0.006039242183179491
0.0010258125860926396,0.0007536958242713281,0.0031850983953290246,0.006122718376793278
0.0007810912377040751,0.0011369870912699134,0.0043886809398940765,0.005442467776576049
0.0026928141056477713,0.001862300721657275,0.000570578038395837,0.00664561187416553
0.0033347813157423045,0.002335418161072903,0.00022685539392256501,0.006007264004142568
0.0010249959547430987,0.0007611041621811107,0.0031794876996359914,0.006131749419560616
0.0007784190346794553,0.0011740925154286018,0.004494511887888825,0.005413684565552806
0.0026847345521943435,0.0018406224557380294,0.0005922673394653454,0.006602790920054625
0.003398923468629816,0.002361509822144456,0.000215353114189553,0.005947902906621397
0.0010298994165994495,0.0007625698677442166,0.003166744874911105,0.006132500034264995
0.0007687540698755939,0.0012148987420857874,0.004570367537029742,0.005375606012010378
0.0026551920854894517,0.001834765008120684,0.0005992860774080124,0.0066103487374756425
0.0034536065585784666,0.002393734052301488,0.0001992704192211283,0.005924984788841197
0.0010460901112324494,0.0007521236314194189,0.0031269495974189064,0.006121832050723241
0.0007695319812884615,0.001234969851501077,0.004638308039051223,0.005330156595248327
0.0026517324493223467,0.0018313296069499582,0.0006023403018017867,0.006615734109354579
0.003479496877116746,0.0024324791635966943,0.00018607955479264462,0.005912635141255329
0.0010176443121529927,0.000755445668816145,0.0028958283442070175,0.005975911517473339
0.0007142055550728365,0.0012422579298013428,0.004558127762084452,0.005225643999406697
0.002455191706681247,0.0018009790316252912,0.0006455854378323467,0.00648902246073142
0.00328588889168718,0.0023845067305682073,0.00021500538144555642,0.005830987949327182
0.001052710637208587,0.0007666169261746894,0.003230742011785099,0.00606863826551392
0.0008176494655380099,0.0012455984486036409,0.004830077658859465,0.0052849444951690435
0.0024895384837196888,0.0016714208313495077,0.0007140365858520385,0.006293459708250945
0.0033330296950889924,0.0023607379711035373,0.0002053930831304692,0.005795864505440514
0.001020187425374474,0.000797374301202788,0.00314285393024678,0.006016950874307185
0.0007576002796625174,0.001302780666981136,0.004717546380727682,0.005191443163996314
0.0025966033312219135,0.001767603870580227,0.0005986445436333986,0.006513227139136097
0.0035373337589290825,0.002438527543080991,0.00015636532206708895,0.005856408150903595
0.0010426165145535546,0.0007611589878112059,0.002950222234049775,0.005963127980481246
0.000735271140384422,0.0013193083244326777,0.004760737740492831,0.005148660705836919
0.0024776065412628026,0.0017754904167543448,0.0006448594253253184,0.006463535779672074
0.003433549416323232,0.0024773322261859186,0.00017374320122896445,0.005776365176473037
0.0010400164300992405,0.0007723896003508921,0.0031381755313064272,0.00602641799015983
0.0007718409308820406,0.0013339022993559576,0.004999852708914408,0.005168097090977845
0.0024870350115962793,0.0017168753552503813,0.0007157840907100856,0.006306662881874857
0.0034697692431198608,0.002508619469838855,0.0001682615615914277,0.005721053661673395
0.0010144917051921488,0.0007941318835284581,0.0030738917671121677,0.006011426439130404
0.0007377019190513095,0.0013899706050366008,0.004977397091645337,0.0051042659129202275
0.0025548418552504754,0.001755482179606251,0.0006424661056700117,0.006450504477573285
0.0036347722888138653,0.0025483048013715363,0.00012979354594706068,0.005762788734569507
0.0010450059804876196,0.0007707676214130991,0.002933701237083792,0.005984019559683189
0.0007387656942867232,0.001428255196585705,0.005022214280014753,0.005069679250068381
0.002460166149557704,0.0017226289028752363,0.0006727694563004646,0.006439161072601715
0.003614226235783783,0.0025486462033920544,0.00013155193547315398,0.005716994610141679
0.0010724951008213698,0.0007593934697298913,0.0030226983502281853,0.006017797663772749
0.0007679761353183846,0.0014362795620929253,0.0051668320941133635,0.005066056632886051
0.0024392154070718985,0.001691752511574389,0.0007176323427293494,0.006369379388823535
0.0036045352158453835,0.0025919411619193065,0.0001291892046879088,0.005703900119541877
0.001052828372119885,0.000769474374217357,0.0029391682652136026,0.006020290380378248
0.0007410708836934388,0.0014576858546816287,0.005170943587753572,0.0050233175322230055
0.002490626319121876,0.0017206799504488166,0.0006903078883995725,0.006434870702108594
0.00368327609617205,0.002639601917894772,0.00011314282470139352,0.005708371306038894
0.0010565764514264778,0.0007662078627708921,0.002851900543069578,0.006032522952324546
0.000735203023830511,0.0014963317671826783,0.0052270182125306154,0.005005831969653804
0.0024265889012680016,0.0016794394143788982,0.0007352071364683364,0.006411137192529395
0.0037129001108235984,0.002627026316444075,0.00011248232639211568,0.0056572447162790435
0.0010923013569483827,0.0007458058902891426,0.0028560642122606138,0.006068902301437555
0.0007534614680790746,0.001503837716233351,0.005268320517851992,0.0049996856093167215
0.002370599767117101,0.001641909668635614,0.0007684128178929182,0.006422168493442432
0.0036928410525715917,0.0026209735034508413,0.00011157064898564898,0.005677620800616502
0.0011139069714321734,0.0007317799658854323,0.0027318398782343535,0.006096168558261347
0.000750279695900143,0.0014832474572483937,0.005204089740564445,0.004980467903451769
0.0023569710834993635,0.0016241181538324784,0.0007836484552540078,0.006476643346118681
0.00366182013611395,0.002602890668107092,0.0001162848011983688,0.005691438339508092
0.0011335653031567944,0.00072084636313885,0.0026365347769542608,0.006156818491951068
0.0007526694634864823,0.0014590739047847196,0.005140096217821112,0.004993192387397283
0.002288389923066968,0.0015670465711778636,0.0008628516991633144,0.006468904217657351
0.0036097820228306985,0.002537272845042797,0.00013484537901759338,0.005664054309966762
0.0011719879252386882,0.0006996388921349038,0.0025379155212980364,0.006248000126205734
0.0007586220221230518,0.001404557195041395,0.004970406930561274,0.00502766096630294
0.0022029935713968438,0.0015112146803749193,0.0009378268077646736,0.006524483782618373
0.0035038707183603947,0.0024283119823478453,0.00016455696957665947,0.005700994203356903
0.0012322411555777295,0.0006726475548379884,0.002349070667520942,0.0063583085426921525
0.0007761292465942581,0.001296360320768995,0.0046490193831867,0.00509218540248361
0.0021031559630820744,0.0014393689464775232,0.0010369620342633664,0.006606540492980852
0.0033033504172231983,0.0022484546359448003,0.00022934135857011185,0.005774173086599192
0.0013206738194650916,0.0006387620285077903,0.0021491690453203454,0.0065182140873509195
0.0008294553207549354,0.001125636559972748,0.004172287700734414,0.005239268470101691
0.0019923873026504372,0.0013562871062926204,0.0011740015018195783,0.0066926952200571654
0.002994279731557919,0.0020090686118940325,0.000355981718332989,0.005931902671659088
0.0014303527612512456,0.0006115820155669895,0.0018987586693336024,0.006683975465421798
0.0009287784133636314,0.0009059107637242727,0.0035049147784407854,0.005455786004053716
0.0018948254935299105,0.0012897354181546574,0.0012942087735903244,0.006834390359761053
0.0025353885320443864,0.0017128419665929959,0.0005732474894691087,0.006156395131008123
0.00151984484521982,0.0005954137276149329,0.0017079965175675464,0.006785173747454019
0.0011124907277468568,0.000697976652619477,0.002762130171606949,0.0057569579436887956
0.0018672796749505721,0.0012354689890403938,0.0013481468204194873,0.006916383335404159
0.0020821788786088884,0.0014424445148010006,0.0008712419102711779,0.006376156905522558
0.0014868260682864818,0.0005836019834474947,0.001719637644346512,0.006751487925577023
0.00128911576227081,0.0006023770590896753,0.002138287266913644,0.006107729789522161
0.0019411830143025227,0.0012289938625375525,0.0012357947625536566,0.006869621149029765
0.0018671633379258677,0.0012532874157461004,0.0011475839905057464,0.006534323694960304
0.0013819427495021831,0.0005539276636555174,0.0019634550862546864,0.006555442425911888
0.0013643747515448116,0.0005939756673402225,0.0017775141025169496,0.00640408788018324
0.0020301282194755232,0.001324875408810509,0.0009852415010788164,0.006755802279512187
0.0017929024113901109,0.0011565257634763627,0.001291118994509329,0.006608020545414236
0.0012923641261062934,0.0005288531067692136,0.0023761098164861716,0.006296463535345355
0.0013928685335540681,0.0005747706622100254,0.0016611529770044564,0.006532248097166099
0.0021583351523573645,0.001510697748944209,0.0007325051066389673,0.006641062638419119
0.0017092578968471927,0.0011682003360185688,0.0012801391374433378,0.006615202306102972
0.0011797783602504658,0.0005678257137765983,0.0028877140560608873,0.006071596421039654
0.0013823521692663187,0.0005352210573517987,0.001727051039742375,0.00649496462827528
0.0024106679760864014,0.0017472520698626648,0.000535215477420241,0.006518643520977185
0.0016799620055638186,0.0012479171276197124,0.001175610172085517,0.0065811211391927265
0.0010518706556827144,0.0006724963978390658,0.0033958786516531288,0.0058838113716065165
0.001304926528627252,0.0005154950999245094,0.00190050449293484,0.006374385756199685
0.002667013152627252,0.001971880560408423,0.0003896247346925817,0.006361357483658006
0.0017568228776601112,0.0013475545255861802,0.0010259020625813988,0.0065450292801878945
0.0009741410502907116,0.0007788408829306372,0.0038037845259990253,0.005723914970371853
0.0012188338448870701,0.0005154929856310431,0.0020936224208681323,0.00622428434227598
0.0028477034777190766,0.0021521703249088183,0.0002914270221716549,0.006267305411000576
0.001868101003078905,0.0014589441289264125,0.0008697947449494417,0.006527497395287227
0.0009404247895200222,0.0008608479375083065,0.0040799436483472465,0.005604184133538253
0.0011600110577524483,0.0005224843220802756,0.0022911962011918684,0.006076641349383751
0.002984634375946567,0.0022802733205735124,0.00023248022763100142,0.0062025007819166535
0.00197443436562351,0.0015766108054612595,0.0007441773083418567,0.00649331371349262
0.000913386074562159,0.0009269202827668369,0.00423773366403817,0.005531360831751444
0.0010940285151987722,0.0005511176598142816,0.0025136443098545116,0.005946984381895055
0.003077438851716345,0.0023556025584240635,0.00020599301220432622,0.006129833773317029
0.002108313691653859,0.0016889798273738731,0.0006469777736513034,0.006415607505197635
0.0008949441796685022,0.0009637074239992192,0.004295583712294892,0.005494282235861623
0.0010206083390238792,0.0006033903974625257,0.00275161465048938,0.0058260205339295944
0.0030993795482701495,0.0023793096118125603,0.00020224847156612033,0.0060937034394661065
0.0022595355585247156,0.0017984040445803513,0.0005593334865529211,0.006335789044913109
0.0008907961107943161,0.0009666352338696012,0.004255421075376083,0.005476798701112519
0.0009666139760575362,0.0006621674967344591,0.002984786094827959,0.00570170993515916
0.0030857370636478607,0.0023563068549323943,0.0002113022952887165,0.006096928941896314
0.002417213939505865,0.0019080409730117725,0.0004743626581554352,0.006272013604262365
0.0008886582774281752,0.0009500156602447988,0.004126131029720783,0.005473143757984985
0.0009197059820392632,0.0007287943682668663,0.0032060458082723434,0.0055768184389168715
0.003062187677719751,0.002306690113877095,0.00023076676810614014,0.006119516387319246
0.002587493280949911,0.0020091957888127214,0.0003932610950776562,0.00617057452623005
0.0008872301672154742,0.0009159413640440553,0.003939052394987004,0.005485498379457666
0.0008691269467968441,0.000804513887087842,0.003417144310000366,0.005458209213509846
0.002982679860760979,0.002245247314372722,0.00026481157676595276,0.006158636662345521
0.0027148745559688833,0.0020993666729352285,0.0003366835638668026,0.006059252021536439
0.0009058491929995702,0.0008837113905253941,0.003793346348605071,0.005543207410449377
0.000843845582589698,0.000889406721589945,0.0037078875090288876,0.005376708071248807
0.0028851553633950674,0.0021438135822890686,0.0003190356213155686,0.006149753128962258
0.0028290948340030427,0.0021628569503682675,0.00029560542970837614,0.0059344723415465485
0.0009294290721235254,0.0008605447938488663,0.0036610301017466155,0.005612567836341856
0.0008249746919589345,0.0009850810872084304,0.003958939565450302,0.005303911796510265
0.0027818639468127904,0.0020456929681087746,0.00037413900656087544,0.006183693058046496
0.0029647899040256176,0.0022198390665643746,0.0002524723383265263,0.005845129864767976
0.0009624421848298299,0.0008220135300996107,0.0034928314981418586,0.005662190080436244
0.0008152223902318749,0.001058310189638475,0.0041287484217001555,0.005222374246736853
0.002703966603322207,0.0019797100037851137,0.0004177583889976411,0.0062585243730184075
0.0030724816528214373,0.0022920266698680356,0.0002145665714858125,0.005808965061983071
0.0009830698856505974,0.0007866086800515028,0.0032974270251741556,0.005702113137366249
0.0008020839347789821,0.001111054182689075,0.004254740634932816,0.005146129875072472
0.002654608984292449,0.001931824913827133,0.000463751922076366,0.006308598177327289
0.00315279358947964,0.002358095178181927,0.00019189697708388385,0.005764265312733137
0.000996321081860446,0.0007653949286739598,0.003143695459817358,0.0057590003756234605
0.0007892085534906792,0.0011647096904478288,0.004376648968190089,0.005099004451006681
0.0025786731057944414,0.0018649835590454987,0.0005213535115690666,0.006302522893848471
0.003221604678495511,0.002388698071290222,0.00018016207809012127,0.00570654344910297
0.0010247574520040115,0.0007402982510365233,0.003012901858873726,0.005821683653975096
0.000787208705002684,0.0012009940671448703,0.004439560533643471,0.005069009780635942
0.0024856220843829436,0.001795409570041936,0.0005736189099868592,0.006328669144849935
0.003248401980131352,0.0023862403438761884,0.00017436076450545756,0.005693761096110339
0.001065656928817922,0.0007086838919606411,0.0028652334943499035,0.005879742194477913
0.0007966727828495338,0.0011993506157617474,0.004423745632379397,0.005050298317473736
0.0024200367981954338,0.001731303628659539,0.0006196058842251671,0.006370869591468288
0.003230782002728472,0.0023598629925659,0.00017923719677007344,0.005709163431200124
0.0010992649407560267,0.0006834940635406143,0.0027146295236416193,0.005943346775059059
0.0008026657396537337,0.0011744544475109483,0.0043433330224657155,0.00505392976037348
0.00235294898917937,0.0016706455233705673,0.0006774697499924208,0.0064035661754311985
0.003178291717791451,0.0023051584315395717,0.0002007529149984271,0.005719744989007942
0.0011361523876784673,0.0006576468063135258,0.0025791739181906734,0.00602292769197608
0.0008135172132254246,0.0011239205594518555,0.004197867272021639,0.005091063433280239
0.002262796653239982,0.0016065158793660628,0.0007493526351559539,0.006436160982307633
0.0030699572995949126,0.002212796557953956,0.0002420138747309894,0.0057557236283196835
0.0011834542623503474,0.0006282008143935708,0.0024392508309001417,0.006112167254159006
0.0008416081843506555,0.0010371229803463628,0.003958435629381297,0.005161846252624742
0.0021732194746022985,0.0015384138919466404,0.0008220479465662252,0.006487016588380001
0.002902157508136611,0.002079279644346512,0.0003081262646888351,0.005843731027460337
0.0012371529105048617,0.0005982762535675056,0.002295421731797264,0.006200725855126079
0.00089199808405935,0.0009198699151140647,0.0036226347242459545,0.005273129939457314
0.0020948127422007264,0.0014736265104143263,0.000889199534694708,0.0065468727093126525
0.002684435622766682,0.0019165980210644627,0.0004094927635476096,0.005982366933544086
0.0012848191578429449,0.0005713541191326107,0.002176723024295371,0.006273511882201899
0.0009651028306588355,0.0007901681349797881,0.0032204779022029697,0.005429419765259852
0.002035323886433368,0.001426052553260872,0.0009377372619719172,0.006594901590968552
0.002412567709507401,0.0017308288560093975,0.0005448949537212128,0.006094778535335773
0.0013065520710295005,0.0005508178909981575,0.0021243706803547816,0.006304281464892529
0.0010542316651829644,0.0006752464544985695,0.002807982873982328,0.005617599722146505
0.0020196305257848004,0.001408117439494769,0.000939520529694278,0.006612947965120746
0.002166952930499425,0.001564853420599953,0.0006968879529799757,0.00620352718761426
0.0012883452776038702,0.0005379275903904239,0.002175624867646608,0.006264618086296232
0.0011353200764755158,0.0005989040644602199,0.0024531322113633793,0.005804484137765612
0.0020581911677140657,0.0014340952815007604,0.0008736769338379077,0.0065996401721611945
0.0020026898790153815,0.001442407662136612,0.0008281565897576388,0.006303999446049834
0.001239739601396724,0.0005328577029438767,0.0023454261990873432,0.006151520223125646
0.0011874014716362954,0.0005578551754722267,0.0022076624601826324,0.005951569629855375
0.002140411706166904,0.0015158939334800837,0.0007543755937800497,0.006565580507946629
0.001909754124022724,0.001376049025544019,0.000905342436800373,0.006380325726372531
0.0011765455758792726,0.0005434479697402684,0.0026162666849549364,0.005999463640370776
0.0012098207239675622,0.000532571843171409,0.0020849993776219096,0.006034231368634882
0.002265562164565782,0.001650203920789393,0.0006188357995306119,0.006516845800396956
0.0018603541701073662,0.0013678646978034924,0.0009203321970331342,0.006423774374101171
0.001105269160381231,0.0005807951972757766,0.002945876911751406,0.005849554755550915
0.0012057195751520673,0.0005139560127195108,0.002067259967076915,0.006054566189489812
0.002432100903745458,0.001817382540081114,0.0004937925970414836,0.006451784231936238
0.0018516103848399662,0.0014021678682142992,0.0008869301683770871,0.006434842171896028
0.0010384282936362341,0.0006430068750357861,0.003283137164134753,0.005720882447583486
0.001179108158480013,0.000503707280319523,0.0021226857044644607,0.006031591628526345
0.002584800728529,0.001970028614379497,0.0003859493229658974,0.006314618216156302
0.0018815374661190834,0.001458252033319243,0.0008252066392006013,0.006422938903727461
0.0009906719415827283,0.0007162791882064838,0.0035872149448666854,0.005615022476733426
0.0011427551557202317,0.000503236306740302,0.002221933989215997,0.005980348931688876
0.0027263377245029374,0.002109497815725406,0.00030514297463771916,0.006205294676818174
0.0019349800412419363,0.0015273508482970017,0.0007518933625684466,0.006395988712032843
0.0009601733828373767,0.0007897040485714634,0.0038332274672727247,0.0055305905456352385
0.0011039806988069247,0.0005140557320061965,0.0023528169953336317,0.005909251785898729
0.0028472371152298234,0.0022230288376880554,0.00025033894314451926,0.006116608087964879
0.0020064863484200294,0.0016074405892524783,0.000678157356653086,0.006352481988934386
0.0009372497606535,0.0008553134762598187,0.0040052914450167945,0.005465946776426848
0.0010597800522697727,0.0005402480761836975,0.002509021739530268,0.005822962281116251
0.002939409991762133,0.002302488106689696,0.0002181522950393718,0.006047363606025485
0.002103756000369639,0.0016960321693570283,0.0006055991730230618,0.006294839113112456
0.0009197822460800957,0.0009022434171075174,0.004092495241650909,0.005418169225382922
0.0010124853634702674,0.0005814046387165897,0.0026804188904869823,0.005723410810670225
0.002993622969058963,0.002343410672286475,0.000203762462056531,0.006008331459191301
0.0022251084494386486,0.0017913852487729128,0.0005328933827471324,0.006236012085778559
0.0009083044481582842,0.0009240024286348804,0.004092655110379419,0.005385640962190845
0.0009684194567369472,0.0006322204070781876,0.0028587572428821926,0.00561399964975208
0.00301433458614887,0.0023483100619322377,0.00020304477874093346,0.00599889455636834
0.002361789926063052,0.0018909807693282988,0.0004614987825350981,0.006176627333172702
0.000900375752966313,0.0009221711683335252,0.004016243726934963,0.005369318298773858
0.0009265508266113077,0.0006897417360373448,0.0030405904606535597,0.00550120993464938
0.0030101478206118436,0.002326952507732815,0.00021366257051383457,0.006011011641352518
0.0025007104165231373,0.0019850615714016293,0.0003929762490206748,0.006087565522754969
0.0008955162329144926,0.0009001570177580825,0.0038830583371794736,0.005370042479194456
0.0008852483962133386,0.0007513428993190876,0.003222743382254867,0.0053910684660218085
0.0029866656358190067,0.002290989597720301,0.00023303360881289203,0.006042252241831364
0.002647163313357083,0.0020821903292115953,0.0003316634018620991,0.006004994067683795
0.0008952632043601784,0.0008629098081589366,0.0037124346463199066,0.005386575206832965
0.0008471478735358616,0.0008121457511108755,0.003402149401088227,0.005287948661258319
0.0029391482996775457,0.002245284036506912,0.00025960551102651775,0.006085618217890989
0.002770504985996694,0.0021718079519530632,0.0002832171641731623,0.005926058260556621
0.0009052616792766945,0.0008249171488809538,0.003554315534247333,0.0054286633769017115
0.00082197977704654,0.0008741098878135771,0.0036110873270900445,0.005207380220486441
0.0028640974837370486,0.0021763888353363283,0.0002974161802792619,0.006106332340820595
0.0028570071322409248,0.0022345841867667114,0.00025079636499667407,0.005833311948665975
0.0009268446229989636,0.0007981284701963622,0.003448980169193495,0.005496893132035957
0.0008134598596206951,0.0009433920367882381,0.0038425735489814464,0.00515516619194324
0.002783624030419446,0.0020870220360219432,0.0003436925303866321,0.0061097308741768445
0.0029489642829016237,0.002274841561709783,0.0002239971392518945,0.005743563150247378
0.000953048989956188,0.0007699804882402194,0.003338553975934325,0.005556116111214015
0.000806958358526266,0.001005471745944141,0.004005818038865976,0.005101570020408284
0.0026996140616258116,0.0020171972630203924,0.00038393254082121927,0.006159491780486411
0.003021460489938312,0.0023165198837120384,0.0002001325577107634,0.005696404598818967
0.0009789626656200468,0.0007399572316406398,0.0032146823994793124,0.005605014595553269
0.0008068719709236517,0.0010470996745682221,0.004131448908276866,0.005050691235294969
0.0026494578430183197,0.001961977755749703,0.00042331843054878174,0.006194703690460888
0.0030746506217128548,0.0023588188785412705,0.0001843313531462306,0.00566005178635675
0.000990462832308329,0.0007230454251518075,0.0030938344690368443,0.005652659922519124
0.0007982802038779777,0.001087521476555398,0.00422608512256893,0.0050089797861406025
0.0026063890563074853,0.0019132805553439705,0.0004668210108919811,0.006221209540153468
0.0031307338851990813,0.0023846303762894336,0.00017488440005297885,0.00561366431588617
0.001010780881811938,0.0007035603559052157,0.0029841091470578923,0.00570205096192602
0.0007942652237664756,0.0011182191227568344,0.004284126048430792,0.004979681824784395
0.0025286475365136926,0.001853796010351414,0.0005112988465140137,0.006238110215464286
0.0031478172059282443,0.002384737175235257,0.00017248067240232748,0.005591389578542395
0.0010410755660998532,0.0006824349415194088,0.0028806166450563303,0.0057547320621821035
0.0008031386039605543,0.0011249562307797808,0.004297194089651974,0.00496495617662227
0.002455518112334094,0.001786797977066974,0.0005580753684344254,0.006250309815723059
0.0031297628690206904,0.002358560957925188,0.00017882265123050694,0.005587560210426943
0.0010701684562975742,0.0006650180586604457,0.002776993556666556,0.0058122105376532274
0.0008127977270289995,0.0011138198511258632,0.00425212327373385,0.004967470581830306
0.002384643676049637,0.0017223983966810279,0.0006095392196306161,0.006266785758085635
0.003090490967403549,0.0023092546224104493,0.00019548433754381064,0.005592011365291511
0.0011043579775740983,0.0006432327677577882,0.0026647667426263726,0.005874395117066543
0.0008243258372339232,0.0010781609651195996,0.004140516653622297,0.004989582902749183
0.0023082817869325024,0.0016642883244527109,0.0006645323329822292,0.006297757181266912
0.003009463788072701,0.0022373332587016744,0.00022584893215753411,0.005624332146481815
0.0011427772715442597,0.0006187854277237861,0.002540460714778292,0.0059405847644244695
0.0008448425263805695,0.0010129189378424255,0.0039569265330446236,0.005035557520160037
0.002239743358275772,0.0016070477373874123,0.0007215126726902636,0.006339132780919336
0.0028868379018856254,0.0021368116806553777,0.00027442585688199414,0.0056897289397990995
0.0011824781049196312,0.0005950303281953498,0.0024136885775908746,0.006008433699487098
0.0008771619715508915,0.0009252757861122897,0.0036994341325554117,0.0051132497077465665
0.0021731469555041232,0.0015508368081669978,0.0007776926609112042,0.006388382382210632
0.0027263197148470982,0.0020072629383162876,0.00034722874140726,0.0057900413454272295
0.0012230905674610589,0.0005706740909611095,0.0023033815803475384,0.006069641066637708
0.0009272853261535273,0.0008209548673686147,0.003380064980702275,0.005228862341319857
0.0021117113548494056,0.0015033462311415725,0.0008241519938686551,0.006435152941998921
0.0025271962289112517,0.001860526974891287,0.0004486536379162866,0.005923341876725003
0.0012513468792795966,0.0005495695265752179,0.002235230223135239,0.006108574026768141
0.000994410642061472,0.0007147608235727824,0.003029729453779312,0.00537863833248887
0.0020780484799482993,0.0014751922943768293,0.0008444392706781546,0.006461886153574861
0.002301591248213127,0.001700334378887972,0.0005675731303844575,0.0060147578309338425
0.0012524234650129573,0.0005352606338327043,0.0022394651629486007,0.006102622572109449
0.0010635809353979242,0.0006292195055505892,0.002695192513628255,0.005543241825618299
0.0020863878827554415,0.001480810706578114,0.0008188786832401901,0.006462863332890477
0.0021231617534823327,0.0015677258861937,0.000685858815968708,0.006107451200617125
0.0012259269609084806,0.0005280470317385261,0.0023370907177579624,0.006035805754811455
0.0011179783695606169,0.0005733658136158587,0.002425012471431697,0.00569233083923801
0.0021363230487705825,0.001532463054668414,0.0007439085445345162,0.006443056264426578
0.002005298346839969,0.0014783505311641348,0.0007762035866855413,0.006189498744589019
0.0011801971750498236,0.0005317135279146381,0.0025289687655872155,0.005918623245419727
0.0011501005439449915,0.0005395002548460601,0.002248027559610557,0.005799300104870875
0.002226455195781084,0.0016329746819516444,0.0006385278075850987,0.006408217565440367
0.001936510982531112,0.0014392164230471489,0.0008214089494103757,0.00625022328271595
0.0011232661973326421,0.0005539576918376989,0.002792690676229655,0.005781431712512759
0.0011598253182453328,0.0005176352240433817,0.0021652460880214786,0.005854343378223813
0.002355769224185782,0.0017732102858961502,0.0005274638335903482,0.006362013236230974
0.0019066713299985636,0.0014446289479231854,0.0008216016726155066,0.006283808871685298
0.0010645952777975428,0.0005979254447260601,0.0030907781991705904,0.00565091879422043
0.0011505113689678121,0.000503656465878779,0.0021589638195119542,0.0058653219499927795
0.0024897177966052733,0.0019175291779267194,0.00042289957710979953,0.006253787316750081
0.0019102840683850933,0.0014795293692009166,0.0007891718718346992,0.006291923120998706
0.001015572567438566,0.0006584640650971215,0.0033850400661201443,0.005538719485875944
0.0011290648029458367,0.0004975542619367692,0.0022061524887409655,0.0058450132975827445
0.0026224007018128344,0.002056075257439539,0.00033678883522905104,0.006138666591628427
0.0019389229168129461,0.0015311822493502035,0.0007386364225700746,0.006278720499011642
0.0009811553709760544,0.0007270882307078266,0.00364697452525752,0.005447287008970211
0.0011015178820858512,0.000500830765831013,0.0022928668601367953,0.005802259418241621
0.00274469314229025,0.002178907984536107,0.0002728098835333332,0.006038838547328139
0.0019847975215221843,0.0015938252212460992,0.0006815000390459709,0.006245368958237728
0.0009577475048661363,0.0007956464048000841,0.0038571630675068077,0.005375518160909114
0.0010690957039313162,0.0005162881912198604,0.0024126059205795735,0.0057407304698336
0.002846820168975969,0.0022756055161002008,0.00022994056252102505,0.005955291763378407
0.0020493432209686005,0.0016658412939485941,0.0006222405803628532,0.006195115595085401
0.000940628827597946,0.0008548918015359643,0.0039995601152901334,0.00531994378330446
0.0010322997207049243,0.0005456798113839917,0.002556800418602262,0.0056611034961272415
0.0029212737896574894,0.002339263480390413,0.00020504730514486508,0.005895335690833929
0.002137376735949797,0.0017469450625921589,0.0005602010187310021,0.006137622444685719
0.0009277150889006133,0.0008956679265974385,0.004062423449915843,0.005277700478417303
0.0009941199141758463,0.0005872518045915037,0.0027148498834436495,0.005565199989997772
0.002965051281678366,0.002368077472787115,0.00019469425781740407,0.00586464921116951
0.002248908721840585,0.0018372324202137827,0.0004957278335198485,0.006082465371234283
0.0009177026037604884,0.000913327713980582,0.004044833419339092,0.005249220366361056
0.0009562623774296617,0.0006376892952253579,0.0028803790437937266,0.005458524628727434
0.0029807264028248984,0.0023665378132877515,0.00019642389291991453,0.005860375033389388
0.002372380381112896,0.0019293157768704484,0.0004304126495008226,0.0060112217544252815
0.0009100103382165747,0.0009083546246821014,0.003958898330344162,0.005236704954003654
0.0009184207247174853,0.0006939904816447093,0.0030505879293881806,0.005348276256383154
0.002973267161048739,0.0023433718574470226,0.00020815701630345587,0.005877664584476901
0.0025029201483916623,0.0020217507473972154,0.00036812346320848116,0.005928708763544781
0.0009054986014570164,0.0008843682436172815,0.003822967859279272,0.005240786221456408
0.0008815957921307982,0.0007524580593585184,0.003222291525692934,0.005240600943726529
0.0029502996424781032,0.002307701554453753,0.00022707817459281592,0.005912705073586269
0.002638835962228594,0.0021166051816772355,0.00031194566417060273,0.005853603258389994
0.000904982479410957,0.0008475096358222798,0.003656391690121969,0.005259905755915969
0.0008476101928770758,0.0008094392493007218,0.003392488374389784,0.005140476352578781
0.0029213818448606387,0.0022669375278175263,0.00024979979723131383,0.00595891665254307
0.0027728538620658545,0.0022104940821730196,0.0002630848054887391,0.005787122524323769
0.0009084163396641736,0.0008053813635713957,0.003480467701939009,0.0052917457661264145
0.0008176961391864731,0.0008635448214508847,0.0035620037984987673,0.005052421204782867
0.0028824892075697156,0.002223346931872425,0.0002750851435591011,0.006004770864778216
0.0028852830068060932,0.002294580432183801,0.00022473594160774858,0.005720805386641115
0.0009184760406278519,0.0007686304874081802,0.00333680154262173,0.005341206959398705
0.0007988387015641748,0.0009181897940777624,0.003753323444257952,0.004986792284970501
0.002820559702778431,0.002164191481112805,0.0003077762935121001,0.0060248703616471045
0.0029600654319916265,0.002352678428292537,0.00019950946121941328,0.00564000884185832
0.0009368663605069347,0.0007453916664888492,0.0032587287574580345,0.005409889924057715
0.0007964857010449453,0.0009782934984367698,0.003964624231259141,0.004948171981230378
0.0027446032131394796,0.0020837906794061944,0.0003494138855437461,0.00602072100938313
0.0030223762097153534,0.0023826933695768613,0.00018201662244015873,0.00555651701754316
0.000960714901982667,0.0007275293298680593,0.0032011790164997132,0.005474772335756507
0.0008000772521410739,0.001035237828595525,0.004130660129782431,0.004915094409164912
0.002658595319316743,0.0020094232048119944,0.000390841574733415,0.006042565200708927
0.00306323436113224,0.002403084771238458,0.0001689746333320153,0.00550220711359308
0.0009859141092588618,0.0007117832907453352,0.0031415494997641975,0.005529895871960735
0.0008089495638869972,0.0010779862314636546,0.004259379049682667,0.004883408838055452
0.0025977040197392265,0.0019474975964784596,0.0004320271585269226,0.006058587288037212
0.003092464278383217,0.002423639614454121,0.00016072186077084008,0.005462518761340511
0.001000273323006672,0.000704454550991649,0.003070460938123086,0.005575193813173348
0.0008091982247231412,0.0011164886113050792,0.004346672006320165,0.004850769382017006
0.002555546756348543,0.0018999553214203492,0.00047132778174647274,0.006074385870693897
0.0031325944980529884,0.002441123411129518,0.00015442273429916933,0.0054254008696944436
0.0010173480896105338,0.0006933226521848623,0.0029816143588642426,0.005611806312835277
0.000806453938983866,0.0011447678727222602,0.004389575119491417,0.004818125523228116
0.0025037098778959333,0.0018549215200006142,0.0005050720116291383,0.006087560920731043
0.003156556489645118,0.0024483696266077376,0.00015114787008581624,0.005410163072403057
0.001040299725569953,0.0006783880039711503,0.0028786672108760338,0.005645305225073402
0.0008085380769080317,0.0011539556871730324,0.004392419023042133,0.004791718871313964
0.002460034321817391,0.0018102467393727544,0.0005386759554229978,0.006108215404834183
0.0031561683880500795,0.002437708960557729,0.00015360185486116843,0.005409153792578559
0.0010640938273698225,0.0006648396329361514,0.0027752153153516234,0.0056843521401614555
0.0008126118269960528,0.0011487112699157258,0.004355885038027309,0.004780498930529389
0.0024081326859456474,0.0017606505973658375,0.0005793044720176206,0.006128723732692733
0.003131938979212172,0.002402703355949172,0.00016437126743853875,0.005411205319505824
0.0010938728803630952,0.0006477820966076258,0.002675649738652425,0.005735108736917832
0.0008214793493159688,0.0011234162576082298,0.004271582499991888,0.004791483752827
0.0023382315351301412,0.0017054339538923116,0.0006287900939017848,0.006154236938999674
0.003066999530391251,0.002340165747182559,0.0001866332778349178,0.005430907136387031
0.0011293705837640464,0.0006267988508743277,0.0025705498544902864,0.0057986494272399824
0.000838777073047989,0.0010703092684512425,0.004123448211645218,0.004828819743264506
0.0022663380690091136,0.0016455563205064765,0.000684505285212129,0.006187436197359919
0.0029611753230519657,0.00224750874519203,0.00022396003643228372,0.005477705835347551
0.001167882043318489,0.0006036908824211434,0.0024533984003424552,0.005871745414232304
0.0008646589736703942,0.0009908000865415914,0.0038979119329667776,0.00489717505302749
0.002196110337421755,0.0015850243007145292,0.0007430401788006199,0.006232390693059698
0.0028168863135880173,0.0021244465635190867,0.0002821307582111241,0.005558382855816836
0.0012094759236219827,0.0005783928721730875,0.0023322262728076954,0.0059464901962341665
0.0009041602047832088,0.0008877805859283549,0.00359613206034648,0.005002535832607052
0.0021295408005826237,0.0015295606429587302,0.0007984974242151544,0.0062843088232802215
0.0026311441489637894,0.0019776853395799703,0.00036853280536449035,0.0056820792455952495
0.0012457320329749015,0.000554766418841499,0.0022306270456644408,0.0060083263826696915
0.0009616851525416178,0.000772811204710129,0.003238292861995401,0.00514708012719502
0.0020815203749723174,0.0014869388405424758,0.0008377902169670734,0.006326870141030548
0.0024120119506912774,0.00181227471229924,0.00048271043125222514,0.005811600294020311
0.001262374265915314,0.0005365637422988785,0.0021836591231456947,0.006033465804330194
0.0010308764727800727,0.0006686485303351464,0.0028656364181781644,0.005320947081844196
0.0020674443436289286,0.0014707597434702724,0.0008391156421339457,0.006345245602221006
0.002201226434808402,0.001649321691721189,0.0006093328081401761,0.005914900189206598
0.0012507347428155574,0.0005244233255651631,0.0022261394638077884,0.005996450805231377
0.001095303053183534,0.0005936040154961432,0.0025339683943122982,0.00549802543903189
0.0020950561567078326,0.0014977399464429354,0.0007864757660184856,0.00633426818195946
0.0020486896207048307,0.0015245585459691422,0.0007242178757137644,0.006012283598388124
0.0011549315342882526,0.0005448113863628017,0.0022833306004204548,0.005670848283169735
0.0010946625043866595,0.0005741373437091032,0.002212810614642256,0.005467388021487445
0.0021470583309754284,0.001561853252488647,0.0006945723343046682,0.00627092661489827
0.0019480358641324436,0.0014397686663087871,0.000799714511174015,0.006062453920472377
0.0011121945782281504,0.0005404673789061775,0.002530737855811776,0.005585174849451195
0.0011260658018453938,0.0005367685940113681,0.002080486268400435,0.005612528631176004
0.002216349871112746,0.0016624367741063433,0.000585535211189467,0.006188374705120065
0.0018696939309432708,0.0013929518008143488,0.0008376283763495467,0.0060695089918230355
0.0010725758301563415,0.0005543410641900631,0.002843519131855244,0.0055111154468745404
0.0011408068066500673,0.0005025059938237622,0.002048816204866626,0.005711441685839357
0.002321867665771031,0.0018023916496517026,0.0004750257943616277,0.006082732750484842
0.0018119627928152744,0.00139257487368575,0.0008390104886984254,0.006055348737223431
0.001027243316734266,0.000602712460648451,0.003186691432910096,0.0054304619331079955
0.0011339695689155324,0.0004805877139959636,0.002093829379672895,0.005742247617651607
0.0024508464685867454,0.0019488088930352727,0.0003722680758550807,0.005925456574403373
0.0018016676759006194,0.001428780903592667,0.0008055443151232163,0.006036475135653981
0.0009833717758042772,0.0006788528471378803,0.0035107692554458307,0.005331584829398244
0.001107670547802759,0.0004783050589113687,0.002173727861678045,0.005709674157492169
0.002597752008127673,0.0020976216655896446,0.00028977130205201104,0.005812921207801284
0.0018441960979070637,0.0014913754072163306,0.0007427050035953869,0.006021589232075341
0.0009494063851317145,0.0007618307935306189,0.0037720790200276386,0.00522468759830045
0.0010755472988230232,0.0004918483905374514,0.0022636830149989867,0.005634670938542428
0.00273332945952138,0.0022278797797810677,0.00023055572629565962,0.00574169058983646
0.0019165115163355126,0.00157271439472816,0.0006678652777526216,0.00600218894529953
0.0009226424062970699,0.0008370989669129017,0.0039497015180202846,0.005132535802842455
0.001041539746101928,0.0005175913923544427,0.002370027817392046,0.005541663592066587
0.0028408702154177914,0.0023226495897694602,0.00019395271143147772,0.005686830912250614
0.0020029427299453756,0.0016603404050007937,0.0005971601338880597,0.005961248072840733
0.0009025770243338109,0.0008954397912026093,0.004044609886569438,0.005068749653164439
0.001003301916864414,0.0005557003512245734,0.002505753749286529,0.005443955333135761
0.002905092604026426,0.002373208995893447,0.00017645348249997853,0.005644443156328774
0.002098886671853144,0.0017456594403935737,0.0005333867879478542,0.005900755139376021
0.000892651824426203,0.0009294420572744396,0.004065904385338256,0.005031903256607226
0.0009664338438972949,0.000602876519903059,0.002668316210365994,0.005342839389851072
0.0029258971526224145,0.0023822567968668075,0.00017311862817348696,0.005623117316090646
0.0022022689617073187,0.0018313712639145146,0.0004728277702151644,0.005839398815850888
0.0008896217106876186,0.000939014635874619,0.00402015483291936,0.00501489243891107
0.0009334686259230802,0.0006553638628354838,0.002844948785241424,0.005237922931814919
0.002919321499783124,0.0023613509117368487,0.00018010368018263377,0.005621544526692502
0.0023166957614836003,0.001920373649634589,0.0004129549374333402,0.005776014280285691
0.0008881547707214156,0.0009277208243647409,0.003917411777801394,0.005013321843792963
0.0008998084753609107,0.0007124880885176074,0.0030245739257510882,0.005132226842897643
0.002894666311403864,0.002324402811955902,0.0001953752092251869,0.0056381780735622385
0.002438006232970692,0.0020082190588036177,0.0003538799941517085,0.005693193274637115
0.0008883595012489304,0.0008986813139981468,0.0037740633370961295,0.0050252157353152345
0.0008658996758164322,0.0007709296423160627,0.0032007899052762237,0.005029979935419904
0.0028584693566522574,0.002281790839433457,0.0002161918622200948,0.005672605494154573
0.002565744198815179,0.0021008216043702822,0.0002995416972515091,0.005619715085761734
0.0008910263135872087,0.000858554974576871,0.003606815123413303,0.005048562632793156
0.0008350415233390459,0.0008263879010427979,0.003371129668690539,0.004935374181770063
0.0028218488398236465,0.0022389250908194935,0.00023912662868615938,0.005716351734143865
0.002690532264988473,0.0021935460414658613,0.00025213600570034127,0.005556359723225336
0.0008956999836219462,0.000816427964191702,0.0034369501304842005,0.0050820121832976664
0.0008081891064717371,0.0008791488908788137,0.003539448688683989,0.00485332892016643
0.0027578842116846533,0.0021905472000429142,0.0002677476478893926,0.005754756020537007
0.002765840525690637,0.0022655349821474125,0.0002217447836916479,0.005484323198885311
0.0009121897141137295,0.0007904725215677546,0.003348280107403047,0.005144602484747786
0.0008036913327713755,0.0009396343112992095,0.0037703797481024193,0.0048069360532623645
0.0026967631270954774,0.0021114498754494482,0.00030704195352257554,0.005737451210763548
0.002845122932106757,0.002308340615770125,0.0001988132020491706,0.005395996480654725
0.0009296622398850809,0.000772527254503636,0.003273767882592287,0.005200161243137607
0.0007970553948366295,0.0010045820649919018,0.003940035680131591,0.004761637968900432
0.00262396242324983,0.002047978830306473,0.0003386869438497242,0.005770559874612622
0.002918977269320019,0.002347965483825404,0.0001760354531355673,0.0053441203592925705
0.0009539315174024792,0.0007484272485044546,0.003193744226279373,0.005240725473418683
0.0008010703562221988,0.0010499851637293476,0.004079423973502466,0.004715386870157947
0.0025807912944799814,0.0020024757719175916,0.0003650984462953338,0.0057950317533049245
0.0029666186852481107,0.002397238613681242,0.00015926145534611238,0.0053141849049812475
0.0009581444618905361,0.0007414063697143009,0.0031166137517251793,0.005272665274768213
0.0007953873013276484,0.0010969866346552362,0.004202466891185381,0.004670744510096157
0.002565890900313231,0.0019703645888742263,0.00039093483300752673,0.005794939102078619
0.0030363553977320046,0.002445648539094821,0.00014476801743687687,0.005264079927649317
0.000962515579212154,0.0007358409199272505,0.003048971395686292,0.005298867800956125
0.0007857225140467283,0.001148712844649217,0.004306858358901079,0.004628967731049372
0.0025306047992242355,0.0019432280832254426,0.0004161134154724092,0.0058147426974247424
0.003093093698817669,0.002483114767844173,0.00013262274834779122,0.005227952075690864
0.000978664651143401,0.0007252333921947986,0.0029888196911358285,0.005321054051297963
0.0007885094171779867,0.0011859153269964309,0.004397163909169929,0.004591068838388562
0.002494366870961775,0.0019079068174224644,0.00043838831338085084,0.005824178584816686
0.003123518830307838,0.002508762986277221,0.00012432335132585631,0.0052109585844950365
0.000990951843322758,0.0007214403472244667,0.002936315938105989,0.005341436645673105
0.0007922382073465242,0.0012178326554286854,0.0044709191466581815,0.004558528336920407
0.0024650597673969376,0.0018709881671963723,0.0004611654523703346,0.005819042380664654
0.003156609582411442,0.002526613259278994,0.00011838074351375108,0.005186223745360633
0.0010036140204893074,0.0007159234576838604,0.0028868293590258087,0.005362403748401938
0.0007923206333396898,0.0012447963866985268,0.0045242984353601745,0.004531451269168917
0.002425064529337008,0.0018400291957918011,0.00048564804561431277,0.005822451622324272
0.003176675061643149,0.002540152679579628,0.00011520256176901535,0.00516799174580159
0.001018998873021282,0.0007055449356417259,0.0028297174351863243,0.0053856070614406075
0.0007941830790383848,0.0012566250896972706,0.004554754749293177,0.004509519302020095
0.0023924302398710072,0.0018104086491769053,0.0005100723984165647,0.005830910323340808
0.0031813458564357595,0.0025446972739344743,0.00011464944917464842,0.005160552540532595
0.0010327818241857567,0.0006954968452459768,0.0027616067446173185,0.005413455075598765
0.0007956324321288294,0.0012589992742350906,0.00455465835150394,0.004494731133518857
0.002361846397862352,0.0017762331300233674,0.0005367210174289735,0.0058445133099864375
0.003180073046065272,0.0025321075878379333,0.0001166744519797432,0.005154073967879293
0.001051931944078515,0.0006809700412101625,0.0026846719876136766,0.005450395831778133
0.000798410340322595,0.0012490258045659188,0.004517900750762614,0.004491332988314896
0.0023160877565514258,0.0017349050864077025,0.0005698081101265684,0.0058669677013602605
0.0031533726791905907,0.0024983003666227185,0.00012427823538092115,0.005157013568021586
0.0010765545836686297,0.0006621519594218475,0.0025968962169882464,0.005500993890409712
0.0008048831325926433,0.0012179635814609435,0.0044348007975091655,0.00450387605251194
0.0022637483180953147,0.0016850196352266509,0.0006121528999900633,0.005893977585481123
0.003095179877029144,0.0024387621424594155,0.0001403012782819484,0.005172121997756596
0.0010705867717721587,0.000649240646161827,0.002315174274411193,0.005418481234354686
0.0007602150396541675,0.0011466024861909903,0.004160496591390764,0.004468256005711943
0.0021223920200342974,0.0016257400288190336,0.0006646341072408194,0.005815683535284754
0.002872575945856073,0.0022918653454916203,0.00019335919092204547,0.005155332585484991
0.0011032396364543638,0.000645714447627482,0.002493332550653136,0.005557713273468077
0.0008446246213335171,0.0010941341792444525,0.004097436697417967,0.00462355419474982
0.0019514026314240342,0.0014695760494025738,0.0008168859234500179,0.005659852317467516
0.0027228972018362614,0.0021222355482947487,0.00025112739201495736,0.005127750305146739
0.0011578488159573774,0.0006128291771953897,0.002410768468697904,0.0056423623933732365
0.0008715396446144884,0.0009915509636815839,0.0037549162669899467,0.004683742785314866
0.0019907837036544523,0.001467425004908976,0.0007671688199582115,0.005864032378375159
0.002645507581519543,0.002022496452402564,0.00027943420844538927,0.005337782882535509
0.0011951223573604024,0.0005758786640920447,0.0020890904678335627,0.005624001080580742
0.0008826751597850466,0.000853959598746197,0.003324614629377556,0.0047130495311109855
0.0020348233836979426,0.001471230287345179,0.0007710349570343779,0.006037293902310256
0.002472319694291432,0.0019102523636007464,0.00037031396769772863,0.005508306686458824
0.0011958999622104967,0.0005684540728002066,0.00197908116040677,0.005662811958237163
0.0009193688133968475,0.000745331020686788,0.002980728687724864,0.004861626642915269
0.0019886240766376104,0.0014350757440376933,0.0008407457596173991,0.0060372168337809
0.002247724190626929,0.0017406624761856007,0.0005029776278176087,0.005565590591953292
0.0011956530486290655,0.0005511025524172639,0.0019695923635049506,0.005720248953133217
0.0009844984066322763,0.0006527835217882761,0.002611647456482775,0.005079057805250963
0.0019323652605579328,0.0013984354434935621,0.0008487565156704931,0.0060331075122741825
0.00203658698495672,0.0015426196868413569,0.0006376840652836022,0.005648777137364995
0.0012081767774318566,0.0005167921318369286,0.002034002365490858,0.005713787901589289
0.0010786060406460243,0.0005697541913560624,0.002265958661388366,0.005308422946268428
0.0019368492282727408,0.0014064219670925676,0.0007737627460407208,0.0060066957375177685
0.0018654070075958603,0.0013957037315778225,0.000756407600264801,0.005741383715069553
0.0011768146781893352,0.0005043004697272356,0.002216214453672317,0.0056269379869739325
0.0011347193696658328,0.0005234490858147928,0.0020396140660993694,0.005486312811221777
0.0020158789436100855,0.0014960719324201793,0.0006582733290355009,0.00593093925940387
0.0017760540097203701,0.0013336632066321074,0.000834953685227333,0.005784183439276877
0.001108955711005,0.0005242762883036702,0.002502918882807993,0.005484746431892855
0.001132242207176,0.0005098880946214317,0.0019503593628710496,0.00557018023135392
0.0021308030794553057,0.0016534131478118386,0.0005358684831965454,0.005860562102201301
0.0017501961629235614,0.0013377718174857772,0.0008457011455057003,0.005805458342799428
0.001047158268439738,0.0005651536685100461,0.0028288649024568913,0.00532083952595136
0.001117671006459478,0.0005007018018071672,0.0019471235869503627,0.005561745075001518
0.0022703674795490165,0.0018274468385825336,0.0004188002281133458,0.005809836892986632
0.0017534875534915108,0.0013826390806609716,0.0007956513716764169,0.005836127980588597
0.000997146770214544,0.0006271953132791748,0.0031425140793909976,0.005166852064407024
0.001105170732802486,0.0004916557948902054,0.001992017349684062,0.005503829676939478
0.0024189554469673364,0.001982236897255507,0.00031878432246107695,0.005713389654656878
0.0017834758094376199,0.0014499616327271526,0.0007243996832838383,0.005848705502813389
0.0009532313898927121,0.0007052321069162809,0.0034202501811719764,0.0050458548234737785
0.0010772422484503716,0.0004949738607045631,0.0020759823810578464,0.005436037740205166
0.0025582630975151443,0.002124949007684574,0.00024935472304848873,0.005613634754148602
0.0018356368408863092,0.0015252152061336088,0.0006584889277726849,0.005818013647692936
0.0009238441529450426,0.0007804487964559808,0.0036506542248794026,0.004963280411370289
0.001039425374106514,0.0005111610987734844,0.0021967387243525256,0.005367802086282189
0.0026568243812799923,0.0022384064616841654,0.00020638886226271663,0.005528767259912172
0.0018890048322969275,0.0015989764414628502,0.0006007987014955351,0.005763049779615561
0.0009110228036879302,0.0008437973336684606,0.0038210388308568925,0.004907547115020766
0.0010083267191006657,0.0005350408149147249,0.0023441160965914027,0.005291644735934099
0.0027259694717333294,0.0023108381461761965,0.00018023992247148357,0.005466057153073665
0.0019469405482179958,0.0016718545879663216,0.0005449154436509481,0.0057070876109001165
0.0009039989634012226,0.0008944199336013813,0.003917097326429661,0.004864793499440247
0.0009797024864800375,0.0005696053109510926,0.0025013523401225543,0.005203040001383452
0.0027761722106175103,0.0023467096120933645,0.0001658461697873341,0.005424793096220773
0.0020319657097291385,0.001751809982457147,0.0004862646475832955,0.005652940145179125
0.0008959788326246032,0.0009245896163600758,0.0039330132765059795,0.004831395437581291
0.0009459212732176422,0.0006162794118082329,0.0026577850434541563,0.0051041687269305375
0.0027985898139771467,0.002355549524356137,0.00016236713536549189,0.00540925523242213
0.00214409835642795,0.0018444175244319962,0.0004260877801451735,0.005602489297374826
0.0008879116521728047,0.0009287991700240284,0.0038752608012494307,0.0048113380133713345
0.0009109030250393033,0.0006688942369066206,0.00281454016789715,0.005000804700776298
0.0027947975746557187,0.002341689294987114,0.00016832166318439426,0.00541574103231242
0.002262278619714195,0.001939601552857322,0.0003667959924958165,0.005540014214516084
0.0008817144952828759,0.0009118709193555058,0.0037594997877283057,0.004807966492781967
0.0008775667416548636,0.0007234254828054359,0.0029735876114965866,0.004899373713955881
0.0027751525408040005,0.00230952915294139,0.00018135789803190006,0.005437804249598376
0.0023826716304267783,0.0020307805420156557,0.00031107716659288157,0.0054677192472767635
0.0008794830693779361,0.0008798807388473145,0.0036071937557006477,0.0048208890203908636
0.0008462247517827124,0.0007780582844500183,0.0031323203287874266,0.004805006317011638
0.0027452764394862244,0.0022682146902072444,0.00019914724602959123,0.005473376974312922
0.002505171561634902,0.002121067653634726,0.00026171205991158046,0.00540263298644233
0.0008814844480560429,0.0008385393897898148,0.003439778798583427,0.00484736728938989
0.0008184769227278251,0.0008294229928416862,0.0032896299320143672,0.004721187873900089
0.002683389816350732,0.0022198517145362888,0.00022434009546278854,0.005511476069760639
0.0025791454747575086,0.0021944922764760384,0.00023021678227973653,0.005333395371437155
0.0008957854400923074,0.0008095599418030395,0.0033396096977197968,0.0049036265098545825
0.0008111798130624215,0.0008869687979651312,0.003513810740912348,0.00466878520712751
0.0026184073445117014,0.0021405952826831116,0.0002609433720150815,0.005498094810053044
0.002649388303464185,0.0022401284549565426,0.00020756088670822645,0.005247303247051985
0.0009128765173329099,0.0007899065107824028,0.003259773805071465,0.004960744331291957
0.0008051269425574254,0.0009512597065229904,0.003693930304502039,0.00462270815049271
0.002547051684125367,0.0020687254791592695,0.0002934672533497478,0.005523732926744262
0.0027263309214296746,0.002279470193841426,0.00018364386799594437,0.005190792437473295
0.0009366352014912657,0.0007624561336137688,0.003167238962916947,0.005002663877203868
0.0008070266312609316,0.0009979722792909853,0.003827890925783571,0.004573964187473601
0.0024997892567540786,0.002019769199184076,0.00031821553648630184,0.005560089868806667
0.0027804986235798767,0.002330919655139987,0.00016425183589848096,0.005165305988662328
0.0009433512525007098,0.0007467841017053232,0.003068735555845319,0.005034405234290048
0.0008014090229229465,0.0010392742947063576,0.003941206634265194,0.004526514267933183
0.002487567158276907,0.0019889415666303747,0.0003406221232492805,0.005569301634261297
0.002847554187620969,0.002385942376847301,0.00014827785246847102,0.005124368532975995
0.0009434788700477971,0.0007374057875464848,0.002980406817523193,0.0050620745184040365
0.0007883948507639684,0.001086582746017322,0.004038143426762013,0.004484277440581505
0.002460941127015923,0.0019628875749392576,0.00036377641044481204,0.00558780834335547
0.002908787944765362,0.0024274841226623227,0.0001353584054725499,0.005085814344860223
0.0009565095755470791,0.0007236262202315591,0.002908875683057097,0.005088663000406767
0.0007879349017975162,0.0011231559810136213,0.004123402570656209,0.004449417529438661
0.0024238400363305657,0.0019282078166044836,0.0003874490138371935,0.005613072212737051
0.0029368555506776198,0.0024497803509136483,0.00012767286323067114,0.005067761021655433
0.0009711731676831573,0.0007155204214064448,0.0028544774395375264,0.005115832244651139
0.0007944508398083221,0.0011507452436752006,0.0041941525556485155,0.004422994979827946
0.0023857452250967376,0.001882195262321495,0.00041229588104838943,0.005610068221522661
0.002956874244623203,0.0024583916496735375,0.0001236885623860511,0.005046644949620577
0.000984415458346281,0.0007090257526941815,0.002807668899362397,0.005144031188089622
0.000797379837580443,0.0011730911545170678,0.0042399167761363946,0.004403528550094272
0.0023410333362971904,0.0018416171873413484,0.0004388061866179687,0.005610416368890523
0.0029688753156774275,0.002461547528448221,0.0001223763844735281,0.00502842776484509
0.0009997315257828869,0.000696900900989241,0.0027500545358983483,0.0051730675907656985
0.0007994982670704607,0.0011798651947022044,0.004254241455418681,0.004388782179955888
0.002303745431792032,0.001807858561534104,0.0004637875001040895,0.005621282554745967
0.0029658043599417147,0.002458154426944871,0.0001236579263130304,0.005024022367669807
0.0010136278841736887,0.0006833191441899237,0.002674204249579194,0.005204640308011055
0.0008008558566416395,0.0011732149867095432,0.004231939404254731,0.004380219615085169
0.002275004965434441,0.00177310528409098,0.0004890033785665778,0.005639299334898696
0.0029551068028849177,0.002438671633397418,0.00012774623495412523,0.005024068547557018
0.00103113062456661,0.0006666491468583068,0.002587677735026558,0.005243796836360044
0.0008032389488653135,0.0011545621974833177,0.00417062474646143,0.0043834258008127545
0.00223260955082386,0.001730677441060148,0.0005203032629917774,0.005665382596053843
0.0029211110202762465,0.0023956073489388805,0.00013809553115139736,0.005032042480128246
0.001055488680504389,0.000645544814033943,0.0024957500651578432,0.005295775560727735
0.0008111397310198494,0.0011158842664315256,0.004064323076226852,0.004404815972701802
0.002177521772203563,0.0016783674147640747,0.0005611653693798888,0.005695230898167429
0.0028511049800577057,0.0023250346494951687,0.00015872645102581876,0.005055096459026544
0.0010833963425636922,0.0006225371499981073,0.002393426500916532,0.005363074525600076
0.0008245835487693938,0.00105410417506434,0.0038965532808496596,0.004450448750254248
0.0021167533306765862,0.001618337373660314,0.0006112358855969991,0.00573158668588408
0.0027469982444650247,0.002223103178697458,0.00019371935851904572,0.005098640129852941
0.0011168439318637038,0.0005963679843787647,0.0022755813458470208,0.0054434428070142754
0.0008465642504122883,0.000966888828460183,0.0036517306049798177,0.004527506270073115
0.002050669589018765,0.0015550365813867242,0.0006672352936709904,0.005781017009565214
0.0026010733657004163,0.0020884931521486954,0.00025055074816183185,0.005178793870585299
0.001155029005161304,0.0005684183421810942,0.002150887260427947,0.005527822165812555
0.0008846571625913928,0.0008551062957197421,0.003329029004794331,0.004643896455642052
0.001989300213733098,0.0014947829074236014,0.0007219837081642461,0.005836204461352445
0.002413765960626762,0.0019279940301340326,0.00033815200823305127,0.005306120140591704
0.001186932088450281,0.0005442584453614494,0.002047741197332747,0.005596600383296243
0.0009414780239436266,0.000734940359873435,0.002951582729594955,0.004802056745801383
0.0019490377902960168,0.0014496792715055957,0.000758704573266221,0.005879247242466823
0.002194729688023854,0.0017446940472620916,0.0004541506636668441,0.005423640768824549
0.0011974672992218383,0.0005271406033960693,0.0020092614431112673,0.00561749605633825
0.0010075062162558117,0.000633205358010754,0.002571620518027473,0.004987682216215193
0.0019461756299668318,0.0014385445735462608,0.0007511243443209666,0.0058933063219005115
0.0020058113984535763,0.0015776315311557493,0.0005803460445054848,0.0055288308493328595
0.0011253334672779462,0.0005434041599091685,0.001987950501830077,0.005362736348821141
0.0010170634913145157,0.0005899974984994447,0.002194670579573039,0.005008961149933653
0.001976504506289964,0.0014690378790251724,0.0006882589699967131,0.00584220923801539
0.0018820282896567537,0.001451271865864193,0.0006828675042013814,0.00559364469803444
0.001092423386628602,0.0005289876691603299,0.0021740213302934176,0.005291984748477912
0.0010537505241581266,0.0005474108205053741,0.0020017971234126183,0.005185784780372507
0.002008190083723073,0.001538417128675726,0.0005985384706863363,0.005773070970862762
0.0017944281163417139,0.001370214304503032,0.0007496443074886287,0.005618572419837645
0.0010632105785752433,0.0005228168964579595,0.0024402346023224457,0.005213341186464787
0.0010763270009466013,0.0005103326192804787,0.0019197332317652622,0.005311349143136222
0.002075001463811796,0.0016597027495762824,0.0004958079955716222,0.005693737886256198
0.0017242732090459263,0.0013490057453474137,0.0007710013385770068,0.005625638263512676
0.001021931955298814,0.0005494869821697578,0.0027537441019457754,0.005121982849120009
0.0010792853637598132,0.00048360108260036444,0.001929784927235171,0.005356278797178038
0.002191006878804845,0.0018085192739606645,0.00039504040157826157,0.0055895721529048955
0.0017012254028856623,0.0013764704295162423,0.0007471983233712,0.005622583679798792
0.0009754128010014962,0.0006086162177574774,0.003065994343959235,0.005015778244431393
0.0010589539001785908,0.00047560204290158473,0.0019916676232123974,0.00533178336622628
0.002320022849892817,0.0019565048768921648,0.0003078396989624156,0.005478833854811186
0.0017315380720948367,0.0014358976035200239,0.0006891679495934766,0.00561663714080296
0.0009388037034291169,0.000680405901238007,0.003332513557764543,0.004906936188562171
0.001031432714129151,0.0004825071626812481,0.002071396104094894,0.00526556799302502
0.0024460592838056005,0.002094176725052072,0.00024285666032949273,0.005405707072795711
0.0017879009995737077,0.001515267538186665,0.0006185868321695008,0.005605234726088542
0.0009108407403179724,0.0007522023567537444,0.003531896818106212,0.004814499232377068
0.0010037115850925593,0.0005003622097935215,0.0021659681850542856,0.00518413316808133
0.0025548697502761476,0.002203982786124988,0.00019966479602047824,0.0053449971607875185
0.001854042901929793,0.0015995794450044825,0.0005538721268216213,0.005572696359699653
0.0008896645765854781,0.0008161689786197757,0.003664212994286987,0.004748112010841634
0.0009721361571331672,0.0005303694713246652,0.0022847793330339162,0.0051005137563823865
0.0026296960388165875,0.0022753385014556518,0.0001750177566741376,0.005292817965620579
0.0019268094983187674,0.001678242491731745,0.0004981898801528052,0.005518644069742854
0.0008794189398852265,0.0008627399186594466,0.0037357840016262276,0.0047047603598812495
0.0009420681184296424,0.0005695674455037255,0.0024261860801679004,0.005014523863930686
0.0026656210852192843,0.0023077955393464573,0.0001639272417450368,0.005259870884065619
0.0020022482496873154,0.0017540291585891395,0.0004472131487827812,0.005462377624853077
0.0008765298123348692,0.0008890794111255416,0.0037469424153460658,0.004677116897547294
0.0009171229210986667,0.0006136078676091509,0.002578880864770825,0.004923961678190028
0.0026776329800628084,0.0023099018331574623,0.0001616893678361157,0.0052437884627932795
0.002088590906898429,0.001834906012611832,0.0003974632351001283,0.005412986522732796
0.0008737802008133825,0.0008964482871471767,0.0036991490606954397,0.004661510871898918
0.0008909876703907495,0.0006626833158987022,0.002732798445513114,0.004830756571343849
0.002672640220353592,0.0022927615881142382,0.00016664614081814274,0.0052427156279494765
0.0021874428216535928,0.001917768655394083,0.00034718833151184495,0.005350972799078429
0.0008714459546801562,0.000884290296347229,0.003603247615021312,0.004658142963135099
0.0008628614532643448,0.000714350486170604,0.0028832482653543,0.00473893203776419
0.002650999310982132,0.0022645090855407243,0.00017779146367997937,0.005259797711782995
0.002290831451115818,0.002001408918501504,0.000298775920614845,0.005283888637550442
0.0008715841017500825,0.0008563601393589425,0.0034735133113485295,0.004667208058672151
0.0008370794143650041,0.000763412798682036,0.0030290468451466736,0.004652528061936292
0.0026133903317861955,0.002228230792288835,0.00019437298423490842,0.005287946000506749
0.0023801698958505,0.0020807903718350344,0.0002594232428085861,0.00522231235404697
0.0008774216864617859,0.0008260465281054511,0.0033488379241694687,0.004694317479849295
0.0008192155871451843,0.0008127073421185864,0.003196184671773868,0.0045815576221073075
0.002555508189361072,0.0021746553875832903,0.00021944064556910067,0.005301849134793019
0.0024420360793793302,0.0021396870592895268,0.00023348227665076133,0.00515157293864643
0.0008926278505437176,0.0008052969369403874,0.003268559619786662,0.004741001050709766
0.000813834893328079,0.0008695737024277926,0.0033921638261382326,0.004531461447153606
0.0024986515667673884,0.0021032882422740424,0.00024969977322570214,0.005299972404434018
0.0025161715015706403,0.0021830293510182812,0.00020896709551173405,0.005082738186987888
0.0009095537450510161,0.0007831077107288026,0.0031762108947277065,0.00478025667936114
0.0008076969871140886,0.0009228322745112078,0.003528680613694905,0.0044797547005155135
0.002447060822111253,0.0020516540175947074,0.0002723755269973455,0.005338263798871914
0.0025875564448894664,0.002233435202863118,0.0001841782516167832,0.005047071736287422
0.0009236684416410518,0.0007576636927697978,0.0030705889774949578,0.004809346266430799
0.0008042191964364693,0.0009612991682953923,0.003639587708985455,0.004428863157359518
0.00242031559248148,0.0020188094064470404,0.00029167287994068947,0.005363168759221942
0.0026409232511306834,0.0022920506945631105,0.00016619506838048224,0.0050183723702529725
0.0009231425911357264,0.0007463518770178237,0.002979563484399516,0.004837850682851812
0.000794148582001771,0.0010036559449497764,0.0037487292219142614,0.0043860149677914665
0.002401491753141688,0.0019893814881640393,0.0003140003996091837,0.005365547966242198
0.0027009149951253545,0.0023392645677103845,0.00015211440025713786,0.0049715216004763635
0.0009281738214271806,0.0007371762797237694,0.0029129542198473145,0.00486735223775497
0.0007879014211144127,0.0010487561834658793,0.003846917592637371,0.004351865937921978
0.0023652816278043796,0.0019541070614106136,0.00033678813244656254,0.005383445736805462
0.0027480821931150207,0.002367583499961533,0.00014061969396288429,0.004940682620990877
0.0009441644095501556,0.0007238022074446614,0.002851691678945555,0.004893149271010792
0.0007925522160786748,0.001079452954627614,0.003920460811203974,0.0043220656441642444
0.0023341042934388327,0.0019183974177405107,0.0003557434998147697,0.005408799712984152
0.0027724271538372724,0.0023868021209416846,0.00013308265904001519,0.004929471284798678
0.0009554505884854102,0.0007154486496204694,0.0027948748769616753,0.004916461288998751
0.0007960593268712821,0.0011021369983656014,0.003977708713773899,0.004297501351343961
0.0023101905493131047,0.0018848155414485156,0.00037473109902581457,0.005409551519819632
0.0027951709438936065,0.0024035245831587173,0.00012846419395256653,0.004909545106687349
0.0009623550803568977,0.0007082936925289737,0.0027431024844373495,0.004940064667416666
0.0007936683748713563,0.0011218005546044757,0.004017462069234897,0.0042782618142451646
0.0022769927510977676,0.0018557325909922902,0.00039555080368623176,0.005410964898633864
0.002810635660585306,0.0024142114816443467,0.0001261441007026542,0.004891211595784667
0.000973532931978955,0.0006963579851443477,0.002687939438230832,0.004965089592765853
0.0007946231622786047,0.0011294038740196227,0.004034610249648623,0.004264100251556479
0.0022440947110233546,0.001824594209156668,0.0004157892882379201,0.0054207624545990945
0.002810276406087053,0.002412004013929696,0.00012631126383054632,0.00488664150408794
0.0009864126499122376,0.0006837385667975791,0.0026247227813690124,0.004992901880233202
0.0007983350566419995,0.0011262593877853257,0.0040229055931421225,0.0042565643893636065
0.0022152625575217488,0.001788821197296863,0.00043688036227377554,0.00543441232039946
0.002801618154653632,0.002394264795137159,0.00012907875380986205,0.004885291655310733
0.001001541803078301,0.0006689415021849554,0.00255533931313151,0.005026828619904998
0.0008017424899833247,0.0011131297440510751,0.003979544363642885,0.004258694724141758
0.0021768908085352304,0.0017497141505093449,0.0004628719794022765,0.0054531113767772475
0.0027751533646869415,0.002360994780335357,0.00013681708698581906,0.004888500981215403
0.001019879032852811,0.0006504523989470828,0.002478556141549692,0.005070155917458328
0.0008069885068823943,0.001083749724915567,0.0038994997147835343,0.00427373768468536
0.002132057246312765,0.0017058709082605024,0.0004951838726260866,0.005475877005813893
0.0027234077723302403,0.0023081661652631924,0.00015178583489019583,0.004903030841426241
0.0010403776626421197,0.0006299539256881743,0.0023892470196632317,0.00512458758569763
0.0008155360918157864,0.001036370819436154,0.003769541127580366,0.004305864568825308
0.0020838983277943926,0.0016550167250450711,0.0005334718694898624,0.005506278659490205
0.002647506919922519,0.0022287237108078316,0.00017638412096033704,0.004933227851653739
0.0010271808558000573,0.0006156168646158685,0.0021327059796572524,0.005053774880031335
0.0007814200672539317,0.0009583373447803985,0.0034681534341679627,0.004290181005994259
0.0019453291167308231,0.0015930439507533514,0.0005849711224362969,0.005442785472381056
0.0024135986710548626,0.0020740284953978828,0.0002466254582275539,0.004929823511677122
0.0010692530634187388,0.0006061167002905478,0.0022890579451298673,0.005202094905778512
0.0008740076175825256,0.000892320041333739,0.0033816662687473995,0.004481626399029394
0.0017865530806275972,0.0014433148683195536,0.0007177730402190771,0.005265996720678184
0.002241710872515658,0.0018952037263751948,0.00032662407792881306,0.004909277855190142
0.0011204462186209872,0.0005843114017053412,0.0022646839822540437,0.00528781313205458
0.0009207364956313191,0.000809349061846865,0.0030690785887261636,0.004581025516762205
0.00180195353858125,0.0014353719887368402,0.00067090732012912,0.005400294175431834
0.0021601936747537207,0.0017795341277774266,0.0003592517046112849,0.005068881134791313
0.001140804674490409,0.0005534349984902039,0.00206671462533657,0.005226499859751325
0.0009449816182558166,0.0007082620754361371,0.002695880873915444,0.004612841736850544
0.0018775832342234284,0.001474876230092476,0.0006328231261703029,0.0055451410089559314
0.0020404049980629287,0.001706766439879315,0.00042913116265361683,0.005223868659171517
0.0010978542945589628,0.0005596990110931527,0.001992146824122648,0.005148175572490486
0.0009460444089988397,0.0006480794525257406,0.0024120046675391487,0.004673871856161046
0.0019382631693535442,0.0015269964890059857,0.0006182098756847801,0.005599672164228621
0.0019538343172750636,0.0016381210594466713,0.0005101034292709448,0.0053209566111507515
0.0010484568981730452,0.0005625379530208522,0.002035214550826256,0.005077628434428705
0.0009499205425544158,0.0006104728912403528,0.0021937658793779033,0.004774487985311838
0.001967777455302996,0.0015629645181329604,0.000576829025932947,0.005627952287633039
0.0018934736479625195,0.0015429368537069788,0.0005677252876983963,0.005404367041712729
0.0010355626713334932,0.0005394030649147464,0.0021516707708676263,0.005017610465483219
0.0009811506682533796,0.0005621221429400779,0.002022896435707497,0.00490019011161503
0.001985257640049223,0.001603386269958887,0.0005084773708798359,0.005632525519477053
0.0018113398180758893,0.0014602520962408896,0.0006070899802270489,0.0054707678520969135
0.0010191002260507686,0.0005246898968490206,0.002343209736838359,0.004972348147854183
0.0010105910893559913,0.000513443410966934,0.0019314011161315346,0.005019920104985672
0.0020412122467791034,0.0016885016846391245,0.00043805054097768555,0.00556932875075552
0.0017378628652154843,0.0014276320824835355,0.0006360321662308746,0.005480013437978498
0.0009770619481286836,0.0005419032987872513,0.002595043354582954,0.004932261080789086
0.0010060033677099583,0.0004858372929196023,0.0019252675743256656,0.005102153748286859
0.002117663058421189,0.0018006340809919327,0.0003676718418196436,0.0054388492298442235
0.0017139440970500542,0.0014325677446300868,0.0006376003443818004,0.005457403212628951
0.0009428593342947915,0.0005794623886613174,0.0028553074787370674,0.0048775795994400305
0.0009894919899866357,0.0004745354001172928,0.0019627921497334423,0.005126803896126733
0.002200257351182894,0.0019147012115349087,0.0002998111471353876,0.005342406883079439
0.0017242247476676185,0.0014592830666708117,0.000604304585057007,0.005450215079389427
0.0009267515744754038,0.0006296322755652293,0.0030847455537366822,0.004804228086670608
0.0009830985823301777,0.00047115597273164904,0.0020162221909985354,0.005098974991616748
0.0022995654368044307,0.002024832974907641,0.0002420543792368038,0.0052777328349800645
0.0017489973063365054,0.0015120009030623897,0.0005558262173439514,0.005447073775068632
0.0009053788793495143,0.0006949383866034129,0.0032717143403340155,0.004726417325401118
0.0009683477083628234,0.0004836014573255512,0.0020892883161383585,0.005041202746540882
0.0024062992809398384,0.002129068808119451,0.00020047530433600663,0.005206708931129609
0.001799246274598287,0.0015852356373967126,0.0005076137905674764,0.0054139269281156715
0.0008794239274027236,0.0007610505093561641,0.003409401248814464,0.004659070746472977
0.0009377817895759071,0.0005149090850932606,0.002183995647559424,0.004969715705431879
0.00248340884885099,0.002209208111206913,0.00017550086002515473,0.005150013913472718
0.0018673162642161227,0.0016596733578104366,0.0004607820828205174,0.005361573529408966
0.0008676229160149675,0.0008096915492844393,0.003491366069254419,0.004606815651380166
0.0009137024652525338,0.000552366244716961,0.0022947470248561195,0.004889585166707811
0.002523288806338556,0.0022510965482010563,0.0001619859251213625,0.005123264958064229
0.0019297958708506936,0.0017280665180230198,0.0004161647018272267,0.005316567969219298
0.0008666299069223685,0.0008417496762007184,0.0035182963343056138,0.004567916275489535
0.0008997290277403565,0.0005904492457141901,0.0024186748888773988,0.0048043131187633994
0.0025465817929428403,0.0022628418469239414,0.0001555624069081531,0.005105749925565946
0.0019962122361535132,0.0017984722580012282,0.0003748331466055116,0.005273586644599298
0.000864113174173981,0.0008599871183883752,0.0034984570527460228,0.004541683432028856
0.0008801448126341849,0.0006347545205226195,0.0025518285804346443,0.004718270000262541
0.002552417539990391,0.0022584362107150005,0.00015643024925971407,0.005093748432399588
0.0020769856217613828,0.0018731676237678807,0.0003347551808970076,0.005215992611823393
0.0008616818131529413,0.0008589387011932632,0.003439755942845052,0.004528554960779117
0.0008562581042940087,0.0006819646747903347,0.0026866440784862294,0.004634193747386416
0.0025366607604896223,0.0022422015535873744,0.00016373925835150345,0.00509972425554403
0.0021592030488726877,0.0019471768834817985,0.0002951796606571028,0.005152134924783047
0.0008627825577536639,0.0008407498016848804,0.0033465875483055553,0.004527700061048584
0.0008364806315993197,0.0007247570378134729,0.002817056281878897,0.004554483801196138
0.002507829472168762,0.0022141579440307685,0.00017535350050913498,0.00511833010964013
0.0022320350436849847,0.00201683548618673,0.00026126066059606616,0.005097019214918464
0.0008681304497210818,0.0008178310901190289,0.0032466425039428875,0.004542600652661678
0.0008221850036901219,0.0007668994354089791,0.002961220428840526,0.004486827124004026
0.0024610888442817527,0.0021699367178640043,0.00019404840497882654,0.005127745537753815
0.002283399787899713,0.002069574065835536,0.00023860740421894765,0.005032700091769105
0.0008816506490746386,0.0008011723765847375,0.0031816400314642096,0.004576777365019351
0.0008170708141989097,0.0008162396312009932,0.00313708734596851,0.004437602584564925
0.002410632769068263,0.0021082591617808243,0.00021849930193708044,0.005121621228731377
0.002343837799426075,0.0021097258993903415,0.00021741794239611998,0.004966883174580959
0.0008964775008055955,0.0007830788348481484,0.0031061281344026887,0.004608468732910462
0.0008115997408821726,0.0008642142959290562,0.003267086072127511,0.004388473217680278
0.0023661349586544104,0.002060429543646637,0.00023780662844584768,0.0051483661374043515
0.0024089948430071786,0.002156501391368706,0.00019408312112714377,0.0049287392964142505
0.0009081984211665364,0.0007604957247384189,0.0030112578666062905,0.004631183823662363
0.0008072379339450994,0.0009002381050887394,0.003366983751839373,0.004338431307095797
0.0023391194796120326,0.0020303851719847142,0.0002537323075385301,0.00517213771974083
0.002457337447032351,0.0022116415959546696,0.00017649707537060474,0.004900181955537855
0.0009084198647332353,0.000749379003071855,0.0029299068747584327,0.004654677557474602
0.0007990792338760646,0.0009388413322120845,0.0034717782698599595,0.00429626493735361
0.0023196885593813753,0.0020017811775453693,0.00027313155366738155,0.005170526365892348
0.0025078375736242455,0.002256867065369947,0.00016321095681226186,0.004854710784998327
0.000911530782167751,0.0007431308328436801,0.002872635699406812,0.004680510680107844
0.0007931906485266817,0.000982783282147062,0.0035697842653983503,0.004262518477835505
0.002290671337400049,0.001967821924474806,0.0002924166109629884,0.005180476490554198
0.0025588379742059915,0.002286350212486339,0.00015028094268194314,0.004820849286412048
0.0009248707193081704,0.0007303006613561943,0.0028109396275611187,0.004700662623485676
0.0007951451973264898,0.0010140141621309334,0.0036361978983397115,0.004230363350038629
0.0022659069698324603,0.00193912257207149,0.00030534000799101256,0.005208334561189772
0.002590281694716022,0.0023123517479492588,0.00014023114544194808,0.004811459700780048
0.0009341197642700757,0.0007201029253769164,0.0027494200999275144,0.004716884169229614
0.0007969870001985528,0.0010351945755706145,0.0036921664564725162,0.0042020082621125315
0.0022566617141980185,0.0019182344449420433,0.00031795041155352965,0.005217247767771324
0.0026168821342929948,0.0023396921849070415,0.00013365352339418738,0.004793503081365709
0.0009353843437708075,0.0007150966266464037,0.0027001631615863183,0.0047336228718408155
0.0007920027775261853,0.0010581404028193672,0.0037426042531998717,0.0041792860585660755
0.0022379472549778376,0.0019000846347015138,0.00033410660598004514,0.005222552382652434
0.002641351335564163,0.002359843351703,0.00012919336469265592,0.004768711408480753
0.0009428217918561496,0.0007058610678345955,0.0026604115440957195,0.004752284018865051
0.000792140901178151,0.0010742404355931674,0.0037825127215627757,0.004162133619197824
0.0022042840215824363,0.00187172914282303,0.00035037740481434266,0.005226123471172374
0.0026482334245710587,0.0023661085522071225,0.00012736397676982363,0.004758809243778775
0.000954288615708246,0.000695851435172595,0.002620600457680342,0.004772246093350648
0.0007981845166642513,0.001080417196992976,0.0038041682073175756,0.00414997997279438
0.0021785523219139745,0.0018392513988520981,0.0003657326259599373,0.005230772918041749
0.0026487220750568067,0.0023620158177407435,0.00012709358396918954,0.004753760435057441
0.000964289355635799,0.0006864146254531661,0.002575835753046625,0.004793998135875347
0.0008013982315321747,0.0010816422966546447,0.003803611802657398,0.00414279663407105
0.0021528120854210062,0.0018096556423766571,0.00038229759935563086,0.005238145964625124
0.002645465996359661,0.0023527747906614055,0.0001285742816616124,0.004747231479933234
0.0009745465774587554,0.0006736572278632884,0.0025234744195122187,0.004819435918280261
0.0008024428077787899,0.00107395727564766,0.0037807820149560996,0.004141220006787254
0.002123683211895142,0.0017816161936661733,0.000401121649771655,0.005250175526496684
0.002628840688573534,0.0023355705447485084,0.0001331438686828676,0.004747095930778051
0.0009853158974846784,0.0006590811627024326,0.0024612570153741036,0.004850450776137867
0.0008046746534159958,0.0010554038964804178,0.0037307398216623548,0.004147208988177909
0.0020948127228291097,0.0017484721156681867,0.000422531946997381,0.0052661084660936735
0.0026003650105839763,0.0023020811359162245,0.00014119047810968302,0.004753705968838449
0.0009576012662520305,0.0006425222867028691,0.002220452574849215,0.004779799436990735
0.0007594129420919242,0.001006613811978646,0.0035166514984055807,0.004116878250099637
0.001952101842397438,0.001693796704247642,0.00046561890097718126,0.005198552493461482
0.0024037480363055474,0.0021872056514545997,0.0001914570529489811,0.004731068484442108
0.0010009226575320824,0.0006460124937774195,0.0024331623639783926,0.004873489768266814
0.0008409309456310896,0.0009750139932073414,0.0035763513179066595,0.004214443925692338
0.0018630656466574157,0.0015513292465541232,0.0005551525406843124,0.005059141060988358
0.0023252356007855113,0.0020642357075497182,0.00022090611953543202,0.004721371009613425
0.0010257776632941916,0.0006331670528043232,0.002351962053987109,0.004902157049704341
0.0008450278311409408,0.0009284497178483108,0.0033197702554829327,0.004226081772765634
0.0019493279510696163,0.0015755047380936605,0.0004839501269249712,0.005249356207455194
0.0023853449885322207,0.0020293191102461875,0.00020106145567297347,0.004853097436461786
0.0010363373166167708,0.0005896259359548492,0.002076089929316588,0.004868108937089902
0.000821352432157667,0.0008517955744726577,0.003046335241643075,0.004223424662115628
0.0019130834901439672,0.001612735612138502,0.000492827469150709,0.005337079554069838
0.002223260039564925,0.0019968338628047937,0.00025689070943315444,0.004884792507117387
0.0010254923201616325,0.0005873385907352649,0.002125023307920579,0.0049522261897942624
0.0008494572931316323,0.0007894392609240893,0.0029909414054029504,0.004351506103258326
0.0018280022055806814,0.0015393611514868412,0.0005987312495889457,0.005167554242634086
0.0020779639841515406,0.0018840834883692933,0.00033755653141283673,0.00484143786288395
0.0010358088440709518,0.0005851031046761536,0.0021249946949637765,0.005051808717424512
0.0008817050512812556,0.0007472638208399681,0.0027564477181377975,0.00448656837266642
0.001759453522724964,0.0014726112904577125,0.000605145443396084,0.0052085126890968865
0.0019972742737741213,0.0017009018836374444,0.00038266603406119444,0.004900166687656723
0.0011138483616350936,0.0005384648895294133,0.0020591122272151795,0.0050533421520281745
0.0009619335567105839,0.0006589086742682307,0.002451950102159402,0.004589085828318964
0.0017518371851314397,0.0014634578583153945,0.0005590510233711858,0.005298285527855974
0.001835618943411798,0.00158538933618591,0.0004421490604899136,0.005034172246573982
0.0011046962424740353,0.0005375695438280734,0.0020592426813749055,0.0049882194872357625
0.0010012358895951335,0.0005930182604312322,0.002220760900199711,0.004663010909334735
0.0018388079765978389,0.0015310520833149194,0.0005216485572268456,0.005276609415495866
0.0017410502107188088,0.0015555636441492479,0.000511598422602858,0.005089274846827557
0.001021518130579017,0.0005749498123528852,0.00214917331380837,0.0048929650738717455
0.000967530716709279,0.0005885460944724208,0.0020742802414860607,0.004715769075206553
0.0019210546911344773,0.0016279614387099213,0.00047394198692934236,0.005256955174440037
0.0017574834651370086,0.0015299476974157298,0.0005431646307599427,0.005123586981139275
0.0009904468441114507,0.0005824250617405637,0.0022686081696169586,0.004781525559998609
0.0009583711745548886,0.0005781405204126134,0.0019594765619828087,0.004751453786217963
0.0019636066362429252,0.0017071845694595388,0.00040161430967826546,0.005309123325971476
0.001748326246164916,0.0014973472534123328,0.0005362755718632755,0.0052099531505205784
0.0009899525114464864,0.0005797220468056336,0.0024136363134593937,0.004685423584199023
0.0009874962414455903,0.0005405933280432623,0.0018886723670327107,0.004779844865000834
0.0020381566386944426,0.0017952978465992228,0.00033427773192965584,0.005312017414493609
0.0017028208640043213,0.001497510522163081,0.0005301418299111101,0.005263005628889612
0.0009520651153506556,0.000609520837177282,0.0026060403535689593,0.004622950198741171
0.0009827031645109742,0.0005184808090383849,0.001893369627641771,0.004809129935746198
0.0021240745312683966,0.0018956803354852273,0.00028292538820609103,0.005185801605903516
0.0016979882238975967,0.0015216483889176331,0.0005276102338142098,0.005235929439861257
0.0009130016442680987,0.0006502078029741303,0.0028169685740290253,0.004581736355444923
0.0009501448308588328,0.0005171640197330898,0.0019415251002891376,0.004829007418351746
0.002181657831659047,0.001990749607604193,0.0002425033311477886,0.005094600540612936
0.0017172459224078756,0.001540613434516699,0.0005087006378700084,0.005205227247918701
0.0009107835918963526,0.0006825644525613818,0.0030045248721240116,0.004543398169927609
0.0009444190697920646,0.0005119580339291562,0.0019976561317325337,0.004823280585993874
0.0022314682974670205,0.002064156119502791,0.00020642809426500824,0.005053240184753266
0.0017189959764508506,0.0015631147355894574,0.00047904244634660816,0.005202998320890525
0.0009117642053945077,0.0007277224493358238,0.0031611717414175983,0.004499903543970778
0.0009477195645240865,0.0005115587530953954,0.002066868748992217,0.004792665276581474
0.0023097315732576295,0.002135623391346162,0.00017656304733916703,0.0049927278682930214
0.00173733284767689,0.0016093934980996062,0.0004499578769123681,0.00517996661963801
0.0008925936071907544,0.0007859128620786826,0.0032855464809087567,0.004453983929503133
0.0009237564592688959,0.0005357991629118552,0.0021513172624645607,0.004744291963105774
0.002379827777600639,0.002204705916125004,0.00015711804759499948,0.004931143521415503
0.0017963061871362892,0.0016718702888489602,0.0004163981362332419,0.0051302080662918295
0.0008771636356498741,0.0008289963920370216,0.003362923702287102,0.004411629769549211
0.0008960514092591358,0.0005716144409392749,0.002238557668113426,0.004681358392374222
0.002414080337638941,0.002248050251120994,0.00014629015296893012,0.004911012624362145
0.0018594688470322284,0.0017347377430145861,0.0003779375348773848,0.005095453349107908
0.0008747755908269959,0.0008529125005432104,0.003383991340225239,0.004376585004483907
0.0008853231746157915,0.0006030049344154644,0.0023284867476399893,0.004609621167782121
0.0024374074081860166,0.0022619390170529777,0.00013931629307465648,0.0049065735909744265
0.001917535926038276,0.0017980104369191225,0.0003409112509457495,0.005072207818673175
0.0008709606408446919,0.0008681149716130591,0.003360826054407506,0.0043520246282410515
0.0008720824387276432,0.0006382952563487097,0.0024291829833629507,0.004536779765911781
0.0024519610471990423,0.002260747977302504,0.00013750314644119487,0.004896506447023258
0.0019873234199747417,0.0018638965030375553,0.0003067532412889312,0.005026331991109651
0.0008652903890921472,0.0008686507798387099,0.0033113057133408916,0.00434041150560701
0.0008504456381979673,0.0006794179701179132,0.0025396462279626895,0.0044667020370975944
0.0024410007998510587,0.0022502192921027868,0.00014248700287519353,0.004897975383258223
0.0020571080967408985,0.0019288498357328489,0.0002745272345545801,0.004967754705443826
0.0008646021667536359,0.000852007567210328,0.003238803352065647,0.004340616836577329
0.0008339743455894012,0.0007157047242285904,0.0026521686595171994,0.004400224480387724
0.002419712500299573,0.002228512795292188,0.00015044939883209282,0.0049129929307511495
0.002122511777652153,0.0019930180412600657,0.000244292422678007,0.00492380773674564
0.000865687173527341,0.0008276930204085563,0.0031446378585786956,0.004349917351349965
0.0008214282776775563,0.0007473192265538294,0.002760493774540974,0.004339078600261217
0.0023909344668882173,0.002198064445414858,0.00016143123491079955,0.004929188561754673
0.0021740864904126584,0.0020480915526927667,0.00022163396372726517,0.004877418862430162
0.0008716757389279694,0.0008066859824505754,0.0030723345177073665,0.004373814977521311
0.0008139153926762613,0.0007837734070116879,0.0028991388357506734,0.004291796747549299
0.002349935720630594,0.002152893516412188,0.0001786676194135602,0.0049272499818204495
0.002217963351903272,0.002089336715333833,0.0002054524955994217,0.004819992398096222
0.0008824238779453559,0.0007897976690484463,0.0030191459197043114,0.004404847647631272
0.0008107256307164512,0.0008246481628069289,0.003036865510514331,0.004252432976192414
0.002309669790652857,0.002104331490699694,0.00019612062462330833,0.004932839703476055
0.002270610282477847,0.0021269556270303077,0.00018766262747235978,0.004774901891052214
0.0008933546226643604,0.0007700450674220134,0.0029494966532671923,0.004428771690149882
0.0008083973011424886,0.0008592930510607297,0.0031365364470651237,0.004210756137051393
0.002284014217035992,0.0020711454170543996,0.00020790392302142828,0.004955774376241598
0.0023223440180404355,0.002173870246304836,0.00016981733967637582,0.004749445416990833
0.0008965238643477615,0.0007529454570179447,0.0028706569114790234,0.004446044138166144
0.0008026760971342872,0.0008895478667336251,0.003223285004164092,0.0041693102218996695
0.0022659522321233257,0.0020498047935665798,0.00021991123720873393,0.004965627743903154
0.0023606217438517938,0.0022225322971706593,0.00015803420446445317,0.004717351592821249
0.0008955757707953169,0.000747376127594835,0.0028232070259165093,0.004466654411509057
0.000797590161235914,0.000927885790274792,0.0033308279109357593,0.004136127631883449
0.002249664902595186,0.0020216024997626396,0.0002352628338318009,0.004955627145841224
0.0024086840969482185,0.0022588411177791113,0.00014683869288099367,0.004675318847433449
0.0009006508495890695,0.0007412162729917511,0.0027785568308246913,0.004483491549430426
0.0007950398987206071,0.0009665771086486339,0.0034112768876361425,0.004104026412093562
0.0022239968900986,0.0019941745153453077,0.0002466934994820359,0.004974702055238399
0.002449106453784554,0.002286630870981876,0.00013616998385981938,0.0046550089183521135
0.0009128506583612698,0.0007308710469521269,0.00273429548583324,0.004495570165205382
0.0008003496806221472,0.0009932314982602601,0.0034833474685755017,0.004073549889884289
0.0022082002164595968,0.001971224540558227,0.00025624516482250444,0.00498641207208587
0.0024725211589441114,0.002316148297483655,0.00012951537238114948,0.004642661393613258
0.0009154278439630399,0.0007295633959120156,0.002700005922370484,0.004505371871764844
0.0008001609554470967,0.001020989903869407,0.003555636932976011,0.00404575074186521
0.002198567522451392,0.001954513749133026,0.00026745738185074853,0.004981562512699074
0.0025026236572489326,0.0023461900776573226,0.00012371106531057654,0.004615442560418945
0.0009177055944113553,0.000728290408822471,0.002675978505674149,0.004514574228436279
0.0007980325023186739,0.0010509231519333399,0.003623109065370584,0.004020642672222304
0.002176612773305088,0.001938189011550689,0.0002797518269226396,0.004987007450018182
0.0025267083926848286,0.002370002574580968,0.00011894707316619742,0.004595554666368294
0.0009262821037415693,0.0007231448642974409,0.0026534440577500457,0.004522930660176318
0.0008027312151806902,0.0010727130643246802,0.0036824766232770086,0.0039976026944997045
0.002159327231269345,0.0019190954747348237,0.0002897518541704409,0.004996035320409614
0.0025418770422754116,0.0023883218855685418,0.00011537482740781128,0.0045876886113730714
0.0009329917545092239,0.0007204330203967588,0.0026280377961799967,0.004530018949903624
0.0008071003631854996,0.0010916414852710761,0.0037317173419591466,0.0039765048532159975
0.002150503520464753,0.0019025225008262605,0.00029825225319180155,0.005000662000880047
0.0025616856789686796,0.0024065699771912475,0.00011155514989915088,0.004575495858819004
0.0009376014895717161,0.0007167994307090002,0.0026008510142988195,0.004537423852403714
0.000807501306889172,0.0011098006690195418,0.0037731397744794008,0.0039575815481095716
0.002135570287216612,0.0018887872421750088,0.0003070960302805834,0.005003231014603824
0.002578424099301996,0.0024256764300656384,0.00010854961620228084,0.004563547663266265
0.0009422148973730341,0.0007107227705986649,0.002571501005464673,0.004546598036401254
0.0008081480237980728,0.0011228138187194731,0.0038088987370414763,0.003941105973358465
0.0021210626286248054,0.0018740591702459404,0.00031599960994082655,0.005004612098349779
0.002589243416923743,0.0024409154809206467,0.00010655864821907737,0.0045559522482344255
0.0009463202015216488,0.0007051255339841403,0.0025392890971501236,0.004558167777393553
0.0008096050842608746,0.0011332689623474068,0.0038354778438775506,0.003927627404110078
0.0021078581017855095,0.0018553576391614284,0.00032535782752913123,0.005006860189339848
0.002599739298392577,0.0024485898276020916,0.00010475762701177663,0.004548068122159675
0.000906267621667484,0.0006851736232130659,0.0023130607721423774,0.004490370049372379
0.0007577254731652797,0.0011072981786383028,0.0036972387018748562,0.003896767222759628
0.001995511364778817,0.0018184026488055314,0.00035161087168683055,0.004941508024631376
0.0024618300552629326,0.002380772735789607,0.0001352133671985626,0.004530874437450877
0.0009422126367195268,0.000707485959213306,0.0025589426315334642,0.004521378195155078
0.0008233785127494917,0.001118267481778189,0.0038759882955068945,0.003915112649551049
0.001958712903791808,0.0017030288406023805,0.0003998745357733633,0.004834684146122479
0.002459865109620154,0.002320923411382036,0.00013594764782369785,0.004524298515428579
0.0009526150872350324,0.0007039998779269114,0.002482667933952631,0.004519022288259564
0.0008164757411483117,0.001114339967562767,0.0037299539636471424,0.0038996160288167214
0.0020491769925579445,0.0017541964355554888,0.00033437898795542583,0.004977975276272338
0.002565129449867539,0.002362210206106205,0.00010839673528266478,0.004570863475278897
0.0009481890017763251,0.0006665868648100487,0.002287037444331723,0.004514953947155541
0.0007856612075397817,0.0010935737315838998,0.003666683540667295,0.0038890017628297477
0.0019885353165594697,0.0017814261373743717,0.00035793025476619204,0.0049760275441887505
0.002470218479354603,0.0023902048574539043,0.0001304992122024362,0.004526756530697629
0.0009314595490782887,0.0006858658174938066,0.0024266192965414534,0.0045590291094013665
0.0007916617525570345,0.0011063955504925635,0.0038284796526698774,0.003906432806696685
0.0019166527590052712,0.0017037063694171494,0.00043689606786157534,0.004840656510103951
0.0024476005529798727,0.0023483436828831486,0.0001399114305493788,0.004467158710542482
0.0009498666414113774,0.0006765549820794773,0.0023809210076779505,0.004592403991488355
0.0008013206753071789,0.0011005231551146943,0.003695524844037305,0.003908044595065456
0.0019491143997376718,0.0016797951985814126,0.0003943405733122905,0.0049824794614520135
0.002516436334083503,0.002299108135376344,0.00011680143274149091,0.0045472184085247214
0.0009933324787994677,0.0006246045235676153,0.002148565845599799,0.004609052069790348
0.0008108947848174793,0.0010437510518359213,0.003506735704652283,0.003910309152401539
0.0019078191826498163,0.0016560137237480543,0.00040178367522973775,0.00505745662369325
0.002402437730463467,0.0022521141665817414,0.00013958615454913188,0.0045706415277463885
0.0009904012453949226,0.000627433133446342,0.0021791922294307014,0.004680423570808438
0.0008156860189770225,0.0010097518641701282,0.003506934710022933,0.003960532636715512
0.0018308185938157274,0.0015841078755885793,0.0004993815884938813,0.004934324912637991
0.0023143445772838647,0.0021828410728723514,0.00017215432535245016,0.004502133138936975
0.0009885385566720543,0.0006259844020003863,0.0021324165636876,0.004769025992492605
0.0008067136321779101,0.0009778513343493072,0.003310901800282819,0.0040196371292427965
0.0017631282580087804,0.0015303096229109417,0.0005310578465917259,0.005008340845791607
0.0022697161974417263,0.0020578943139773877,0.00019009112847044352,0.0045556962254817025
0.0010567550162886733,0.0005683863899055286,0.00193928880692662,0.004831742895554606
0.0008483569304764035,0.0008603129462629421,0.00297290240686867,0.004086528618398311
0.0017516059135356608,0.0014775602232949862,0.0005329795641697487,0.005149036956208226
0.0021209372378950676,0.001913265582440328,0.0002361641415623724,0.004727736042240702
0.0010803850065376037,0.0005456115305027655,0.001772852681925312,0.004881485998949914
0.0008852802841326544,0.0007388480316534196,0.002622892548006574,0.004189614752475436
0.0017629381189673693,0.001441262645100483,0.0005668063660036399,0.005199960880113201
0.001958709042955279,0.0017664664741600532,0.0003231730146892133,0.004822744188153073
0.0010625156672197974,0.0005433287797389884,0.0017157866217412253,0.00491896560892661
0.0009007211990761203,0.0006568691405538546,0.002298773804060966,0.0043438409309916924
0.0017380110853821512,0.0014280012290267057,0.0005954963833024018,0.005208258131586348
0.0018087993006537047,0.0016038719709745666,0.00043182634104928534,0.0048829924482591625
0.0010566753913527234,0.000526802672335817,0.0017441424046233025,0.004908268840425508
0.0009424517895662228,0.0005865839472781068,0.0020019947130507972,0.004522696968914182
0.0017329436118165896,0.0014355507701367207,0.0005634237657107868,0.005211282382888571
0.001684529514607358,0.0014546471116622568,0.0005258305679659081,0.0049810045183851
0.0010460732509398937,0.0005120370667888525,0.0018596951254181828,0.00483418553777749
0.0009877360496712768,0.0005342389090662766,0.0017838762328000893,0.004677367775491041
0.0017821796503158175,0.001492027765551731,0.0004846238288026262,0.005181403194414088
0.0016164798697488592,0.0013659635454868746,0.0005842460850328222,0.005050400861351523
0.001014827608026017,0.0005175297759147297,0.0020672671017594735,0.0047222469476334294
0.0009946606336036147,0.0005091657706390306,0.0016873599372503349,0.004771202905122246
0.001851106897331167,0.0016126908762582528,0.0004004656101070798,0.005123923527180817
0.001587873233555866,0.0013521052530266972,0.0006007415633297625,0.00506773106781968
0.0009771453933528297,0.0005410355175226429,0.002324049303660883,0.00460805840615899
0.0009810679511045568,0.0004951668175994497,0.0016888933969533932,0.004793360545273548
0.001929627549582682,0.0017585010385833414,0.00032547186463911,0.00505710088410337
0.0015781553441680727,0.0013883280475034854,0.0005754912095966227,0.005069975065481986
0.0009450032711705651,0.0005810414687320548,0.0025712546660452817,0.004507588272459418
0.0009688495472946367,0.00048459953842273354,0.001741839089965386,0.004763536095093477
0.0020191378469918025,0.0018833656370031578,0.0002596657060482338,0.004969263344909977
0.0015958809396551064,0.0014453015961448693,0.000525230120844683,0.005068133558197445
0.0009215600578271638,0.0006335338764698205,0.002778745183127397,0.0044242409381994524
0.0009529946372119762,0.00048524736356720234,0.0018200566263539427,0.004710134491964122
0.002110585857275514,0.001992924729500866,0.00021119144816350056,0.004899195474307033
0.0016362010826876637,0.0015128098125904408,0.0004720980055125157,0.00504787254687728
0.0009049754741137873,0.0006873239737160742,0.002945426469221802,0.0043599909035563775
0.000931036558295712,0.0004994861481620151,0.0019178404688983677,0.004648530358460428
0.002180357835602367,0.002086012651869633,0.00018110524900912686,0.00484139680464841
0.0016793561621667834,0.0015872716816895303,0.00042693232466347166,0.00500995256362312
0.0008921419151293244,0.0007364342364723922,0.0030704742482684944,0.004311948308843503
0.0009096137493318267,0.000523372128878105,0.0020302166588369547,0.0045821203210932955
0.002232038044786396,0.002153942550314274,0.0001627248258621961,0.004794061240329449
0.0017253871026318079,0.0016605804253193872,0.00038725142756983774,0.004966580336943342
0.000883919773025915,0.0007779907181983966,0.003146542322872468,0.004274197064028596
0.0008915363312719966,0.0005551660358835076,0.0021462364862272288,0.004511217599350999
0.002268876016798224,0.0021922751522923853,0.0001509197370462741,0.004763430550353771
0.0017829962635350716,0.0017297071138104322,0.00034877945550804905,0.004925458665096811
0.0008809822321395674,0.0008063045779548039,0.0031731878889120326,0.004244019455799059
0.0008759714682335806,0.0005925197679833918,0.002259618664772474,0.00443719060469726
0.0022877651976517697,0.002208176929942939,0.0001446269736611318,0.004750222164762852
0.0018480815947384502,0.001800902980184704,0.0003124186682849826,0.004888845806681375
0.0008787314022655995,0.000819239230365851,0.0031570324401040905,0.004222409409827711
0.0008607139269147711,0.0006318665611007219,0.0023720063721235692,0.004362790887223158
0.0022925534596962807,0.002210004896786877,0.00014315973546643256,0.004745364788970328
0.0019099401824171599,0.0018702831799644354,0.000278227419091649,0.00483504454718645
0.0008744538776059787,0.0008186311842541241,0.0031051362103243206,0.004210967190238384
0.0008440523644046794,0.0006718321977486621,0.002482943231113175,0.0042910224045761055
0.002287585584451458,0.0022002822054936065,0.00014561099595564457,0.004747872513989804
0.0019782420763780535,0.0019404461420911543,0.00024632793955984487,0.004782990078221328
0.0008716627758311404,0.0008051269958138277,0.0030248434800863996,0.004210268926297421
0.0008283786097560697,0.0007101436664399412,0.002588921940289258,0.004224621077725161
0.002274131751499132,0.002180591475316519,0.0001512299535753645,0.004762138508366135
0.0020486562257416917,0.0020079576091994,0.0002171505094497274,0.004737863664958457
0.000871854049062312,0.0007814688717809844,0.0029266174618621833,0.004219869179621713
0.0008156945022977042,0.0007438091432848903,0.0026901187709718697,0.004165799310835895
0.002237204242709108,0.0021511304013698837,0.00016327138355263279,0.004780739474832341
0.0020854092271488647,0.0020607699686895444,0.0002008013944063151,0.004691677172299484
0.0008811213414794574,0.0007649951991905168,0.0028718516443495207,0.0042493546944017465
0.0008162031074675054,0.0007821375468415693,0.0028429438444738065,0.004125440879996286
0.0021942197270137342,0.0020953190246492284,0.00018280942773426557,0.004767371094348813
0.002121291698509975,0.0020930612044272024,0.00018867548224557842,0.004635535813495434
0.0008938612027219122,0.0007522291189855426,0.0028173648633592896,0.004282335034168592
0.0008174536850406548,0.0008244939792987978,0.0029611712536412147,0.004089391096885492
0.0021511356899533364,0.002040765342010198,0.0002003182408444568,0.004784522147203604
0.0021689841044088463,0.0021212478812621498,0.0001731958424870025,0.004599589852605954
0.0009097598390376253,0.0007316306809141517,0.0027435810675028663,0.004308242425792935
0.0008211254923536506,0.0008551543822698722,0.0030433350624917525,0.004052414805292023
0.0021225507824047182,0.0020040114320017937,0.00021361320962406792,0.00481147517629549
0.0022038018458415015,0.0021612808708072317,0.00016071470102186545,0.004583501483415135
0.0009115796876136076,0.0007178244656616112,0.0026612303023292655,0.004329348696843102
0.0008166935807510466,0.0008813419471894139,0.0031118978986628557,0.0040168947440066965
0.002115158381300915,0.0019823172009885677,0.0002257204251529949,0.004818105653110123
0.0022444155761668807,0.002205520216872068,0.0001499928251539077,0.004556074827800537
0.0009072060465081946,0.0007086667975693227,0.002583618253204605,0.0043502192874327415
0.0008064388392503673,0.0009114319481694677,0.00316792729741645,0.003986581869063112
0.002098802966484315,0.0019599084571208956,0.0002394776196147358,0.0048318555866594965
0.0022834671618227474,0.002234757761582421,0.00014099512832098715,0.00452896097228834
0.000914717162999167,0.0006947125870537673,0.002518042694166526,0.004373527703294247
0.0008066908653778211,0.0009334325902256259,0.003213437527776041,0.003964142445259557
0.002069315825231005,0.0019261650628136587,0.00025518659647791775,0.004856175839310135
0.002296554353725324,0.0022436640270140137,0.000137322308141328,0.004518643004845021
0.0009273744918986667,0.0006831094500348353,0.0024673430340439624,0.004400106022198053
0.0008144727602763532,0.0009456694758261618,0.0032495891505921306,0.003950371189309231
0.0020402611395219103,0.0018858915100363508,0.00027403326787443923,0.004870733034130591
0.0022951510548663693,0.002239242372036192,0.00013793488760241286,0.004507709575470121
0.0009378329331240016,0.0006749150622952324,0.002426745613112497,0.004429622461988253
0.0008195113749763901,0.0009537204394891496,0.003267339351833704,0.0039443544073426064
0.0020049275129441404,0.00184600090869577,0.0002958069638139359,0.004879921211333877
0.002288036817738527,0.00222660538274021,0.0001408056368681282,0.00449542053789994
0.0009495567948722613,0.0006630687737066727,0.0023814045816948157,0.00446072369844685
0.0008237513925747368,0.0009513102450227515,0.0032554498096042783,0.003944373013982499
0.0019661016341184427,0.0018061050032550962,0.0003161679569942682,0.004888321976121759
0.0022703684026791167,0.0022054749199367668,0.00014574182149051002,0.004496381827587382
0.0009615778683350257,0.0006482726786989626,0.0023198373831519337,0.0044922080712292405
0.0008286579821182192,0.0009354194220163756,0.00320721412982068,0.003950397011385
0.0019386480610779555,0.0017696631783341629,0.00033415813026908847,0.00490535958742625
0.002245420655468259,0.002173647458926526,0.00015288467220060686,0.0045077907035536045
0.0009725583997769391,0.0006321719246694651,0.00224552319532788,0.004525341466682158
0.000832365132134035,0.0009093227071117519,0.003123843236666597,0.0039655272225563335
0.0019123558780406956,0.001734343878653225,0.0003530411358162545,0.004928641461218807
0.0022097091917364937,0.002127980986301952,0.00016470567213554163,0.0045259588449303445
0.0009850004278756294,0.0006135738287085532,0.0021688118069023094,0.004562413319755461
0.0008378658744432905,0.0008714037159510834,0.003009487930212022,0.003994648880893211
0.0018797207702518062,0.0016970048332706278,0.0003750544338400229,0.004955543934512985
0.0021531885565254662,0.002064945895055255,0.00018486721691428579,0.004557187112587725
0.0009988436601662983,0.0005938959128111828,0.002096162250400019,0.004603254745565726
0.0008488585065008425,0.0008204698333974224,0.002863947357319014,0.004042078470475776
0.0018461155985877158,0.001657457075079405,0.0003985204934513405,0.004982594572961923
0.0020772779380047947,0.0019834927965302475,0.00021535121527955592,0.004604993348939394
0.0010122206640769198,0.0005748267641956828,0.0020326572238155583,0.0046430127502372
0.0008655317594557236,0.0007600981550079846,0.002687787432009094,0.004109705782190112
0.0018169147296615213,0.0016216947187467935,0.0004188903365410844,0.005008712586842064
0.001989290860070311,0.0018888006037557797,0.00025688460545004945,0.004669974450138466
0.0010224421803356016,0.0005575444089978057,0.001987999437016131,0.004671815563783659
0.0008865084951777511,0.0006960222120266652,0.0024918031341054766,0.004194904930811666
0.0017984427069405336,0.0015996199456530789,0.0004298764568742126,0.005030235276057129
0.0018952254503874517,0.0017894032835725287,0.00030746986343194177,0.004743039047574507
0.0009723692413025371,0.0005585329608415693,0.001868132120623709,0.00454929729396724
0.00086353691395589,0.0006440966447252132,0.0022161324756460148,0.0041968359988423095
0.0017932422225023581,0.0015940454275266036,0.00042482247667157726,0.0049993568456688075
0.0017882334645152405,0.0016779743391206947,0.00036377993281986383,0.00476188396334645
0.0009745905669618643,0.0005469818851038657,0.0019493619372965435,0.0045645529172566625
0.00089347433261066,0.0005963537026709347,0.0020907642914225056,0.004323170375482427
0.0017647384585317949,0.0015841942063290313,0.0004203255671644597,0.004952455200893
0.0016977825456670047,0.0015726101208895819,0.00041950487504170247,0.004766864151723557
0.0009839877285581194,0.0005334330984000323,0.0020597071306394043,0.004562152040694914
0.0009212136198082031,0.000553933715940915,0.0019872894533988503,0.004430650528933175
0.0017629421437853606,0.001616626276950655,0.0003914367013641949,0.004925849300086443
0.0016239448675149971,0.0015100208081727177,0.00045764853430885807,0.004795757463917671
0.000977354954295622,0.0005373732914164029,0.002192013377437319,0.004517679110576664
0.0009376475755460967,0.0005246794318456768,0.0019220037284259956,0.004487799063803876
0.0018157946092804125,0.0016925473525412592,0.00034712312336164356,0.004899520467881116
0.0015902689655546175,0.0014986139923705637,0.00046994707164918324,0.0048250055160470266
0.0009497031135514708,0.000563709736282485,0.0023335017104096495,0.0044421107850604
0.0009301888946633769,0.0005176274483558169,0.0018919864072989869,0.004496588377578669
0.001886901092012766,0.0017842815579222247,0.00029738088593878823,0.004855851670165572
0.001606589790009992,0.001521792231595717,0.00045520236409804217,0.004845316190075646
0.000923612138426461,0.000595038329039999,0.00246389819010977,0.004359187531861359
0.0009148123117147145,0.0005214335054259297,0.0018829647276206957,0.0044767665528300015
0.0019519063115360491,0.00187389023865553,0.0002529938724411824,0.004824943771629591
0.0016384062499466732,0.001561745596468755,0.0004260770382446856,0.004864142689585605
0.0009057246676134129,0.0006244756445927294,0.0025749055366812395,0.004290000761208331
0.000904781308776768,0.0005250715793164308,0.0018932355581930118,0.004448342204439541
0.0020122508318990025,0.0019525608155654794,0.0002189913319231021,0.004794850707909159
0.0016642415669756386,0.0016067492727330096,0.0003982531716748524,0.0048708464327366086
0.0008896463057352543,0.0006556080638235485,0.00267149599359862,0.004242684424184383
0.0008938009070709624,0.0005315728528329779,0.0019284611068231372,0.004422209298711611
0.0020631556512387544,0.002015358609541609,0.00019588042206509097,0.004753016880764083
0.0016898338494826532,0.0016470849708848678,0.00037628689872433734,0.004853749541974301
0.0008799367583956268,0.0006844078075784611,0.0027582761358446997,0.004213653375140974
0.0008812952667692735,0.0005432170745718443,0.0019861926870241783,0.004398115796866149
0.0020936484694827288,0.0020594697841565717,0.00018192848667060213,0.004715964858598557
0.001712965398495102,0.0016799460691828449,0.0003577419882262393,0.004825511760436704
0.0008801098272404911,0.0007075172059334903,0.0028318212238512067,0.004194551644667556
0.000874597742035597,0.0005566998653418675,0.0020584368380401194,0.00437004378156681
0.002111520830815141,0.00208782702766751,0.0001732787741030787,0.00468863644700795
0.0017315210459060715,0.0017127756762377565,0.00034027523039286084,0.004799029452909774
0.000881634424049985,0.0007287244963940105,0.002884187841774249,0.004178129999590007
0.0008698806331193023,0.0005737032729192217,0.00213759604242664,0.004333910567175672
0.0021298960734346,0.0021073567559389654,0.0001668035515954393,0.004663576453456794
0.001759485796733641,0.0017537583957796955,0.0003211564133840919,0.0047716642634668075
0.0008789409606272796,0.0007472591416633075,0.0029086748861759763,0.004161608014103651
0.0008600536810893015,0.0005977526091154798,0.0022160872287712652,0.004289645402892537
0.0021450961716260757,0.0021209785343661637,0.00016242863302084386,0.004646552148418454
0.0018001140939926203,0.0017998381070698597,0.00029812773720984224,0.004733926395472739
0.0008754777519816586,0.0007571577510520347,0.0029029169447408153,0.004146289571685925
0.000848263417907865,0.0006252200496943519,0.0022896718481659668,0.004239782508252475
0.002152630421489481,0.0021275300625959712,0.00016030762436356502,0.0046436805828061365
0.0018465672779228368,0.001849873054508284,0.0002733962218035112,0.004698379316927264
0.0008726704688889324,0.0007577384627859432,0.0028693218687275736,0.004134921670237452
0.0008378504447424983,0.0006515618030840597,0.002359767829145944,0.004188288917126716
0.0021567253899405117,0.0021270831261436833,0.00015990821059276193,0.004648110621658093
0.0018953262818035565,0.0019025235014297104,0.00024962458754415845,0.004666651314904033
0.0008690017482463264,0.000751587731097449,0.00281588271455011,0.004130009734722736
0.0008266325360450268,0.0006769080223219244,0.0024293874598770044,0.0041392135070071525
0.0021414425490889205,0.0021180597374627803,0.00016512780339360538,0.004652203303926638
0.001921504344468629,0.0019443392873213963,0.0002362264722771308,0.004625951759770186
0.0008743123213092106,0.0007483498327514867,0.0027942306118814543,0.004142099337051298
0.0008248299994973192,0.0007071256092169457,0.002547104324364647,0.004103654512196372
0.002113538267869966,0.0020839868223138506,0.00017674039552795356,0.0046349791755774415
0.0019464026968789808,0.0019694916813603196,0.00022588369881752508,0.004577769841757851
0.000885619404919655,0.0007446204695601577,0.0027671482764856166,0.004157884961213406
0.0008261000625654903,0.0007396325694214183,0.0026427397528266585,0.00406932215784208
0.002087672238762877,0.002047674564855511,0.00018601381135824503,0.004643264206017192
0.0019854628701919666,0.0019948051573615623,0.00021015449023371305,0.004547615227447581
0.0008975827171093881,0.0007328665567543138,0.0027148449798683636,0.004166813503643519
0.000827462158174913,0.0007642936816860977,0.0027073252574899547,0.004031088987526119
0.0020720427130587397,0.002027596443706637,0.00019201820815793063,0.004661791893518138
0.0020176516375807756,0.0020353055523452744,0.0001960816750341751,0.004530205885376535
0.0008969670194816739,0.00072461446027334,0.002655802084913332,0.0041732972171745885
0.0008214651218238713,0.0007872069805392253,0.0027704715043046146,0.003993696574942807
0.0020593294137276484,0.0020165475285411766,0.0002005946110768073,0.004660783161171602
0.002040297206754464,0.0020767033853943107,0.00018775622653759196,0.004498233873088928
0.000894663348756571,0.0007242482517658759,0.0026224682536104636,0.004186848058167619
0.0008165672348134509,0.0008183252535658694,0.002852765652801839,0.0039652274745951436
0.0020428530022096325,0.0019917057715041434,0.00021229157824866174,0.0046518332973587515
0.002075481872832732,0.0021008040249329914,0.00017763950145505903,0.00446279495789729
0.0009032315003835374,0.0007177760251926774,0.0025798712514615123,0.004199415869728727
0.0008179179469033444,0.0008454952792302793,0.0029016606322529717,0.00393847533545188
0.0020224767984125393,0.001965283657399137,0.0002194416581255896,0.004676347533199333
0.0021059893129479934,0.002118101171168963,0.00016686087793558015,0.004452822932276077
0.0009155607979404061,0.000705480132182608,0.00252844397791503,0.00420851606366752
0.0008232547752200074,0.0008593307406138989,0.002938073658183141,0.003913374299645606
0.00201065048626492,0.0019486266246754977,0.00022559738062365658,0.004691557516198614
0.002117017281891051,0.002142798109899976,0.0001616916481403852,0.004445950968798451
0.000914589636514533,0.0007024207957058367,0.002489848282857479,0.00421905747813803
0.0008203736831951836,0.000874818693053838,0.0029827889633204357,0.003893019812513916
0.0020034911983566107,0.0019366096038992931,0.00023510724169076066,0.00468350962447895
0.002134536588790995,0.00216565983557167,0.0001575966947312666,0.00442037661275597
0.0009138224085867578,0.0006993304181683629,0.002459575524534526,0.004231849408844088
0.0008162915753649774,0.0008933578605977113,0.0030178461606074685,0.0038772994131095278
0.001984508747463392,0.0019190326763472733,0.000245172577719159,0.004692108760496886
0.0021518416033045134,0.0021747838527156203,0.0001531432308870656,0.004404377673109251
0.0009243312428946076,0.0006886593570997038,0.0024259965392145104,0.004245006726932805
0.0008220461854242105,0.0009012692136486874,0.0030372904728313164,0.003865133121946824
0.001966016836415258,0.0018966812748206015,0.0002530948697592618,0.004711039874688525
0.0021534135209860293,0.002176352787629913,0.00015137281793034228,0.004405246304397002
0.0009324050828728205,0.0006807391910146446,0.002392256365796965,0.004258346724649322
0.0008275027957143454,0.0009034066613512455,0.0030496365871182526,0.003856436603699223
0.0019560345326628706,0.001877661325444539,0.00026157237886916283,0.004716684790629006
0.00215312144720203,0.0021784087938240384,0.00015131794970873135,0.004398262285653095
0.0009342453579055114,0.0006757069877873179,0.002362073509278641,0.004272970355670902
0.0008262555901415734,0.0009070736856413707,0.0030541876194678744,0.003851278172048065
0.0019407133141003251,0.0018620242709422037,0.00027228940164343725,0.004722534976427101
0.0021531686162544576,0.0021768815676069444,0.00015197398459563396,0.004387442496151115
0.0009391929357719396,0.000666790363725719,0.0023304724824010133,0.0042893255063841135
0.0008272271952343814,0.0009053506484296741,0.0030457514539341487,0.003849828340661874
0.0019194102388719683,0.001840981074326306,0.00028253037222330515,0.004731799642076104
0.002144093575490408,0.0021660688372062554,0.00015418084567575825,0.004388303721387119
0.0009468968751851154,0.0006564107751767792,0.0022930873252620197,0.004307105526601826
0.0008320455900070195,0.0008960712068965296,0.0030212462749336817,0.003852618405922063
0.0019026242982176664,0.001816301631754928,0.00029187127508637,0.004740601972721654
0.0021296596730516434,0.0021473336917923686,0.00015791522705649688,0.004394003801425026
0.0009533631004647155,0.0006465355608720809,0.0022522718301666066,0.004326637258253596
0.00083522708175564,0.0008830452073485263,0.0029810906361499457,0.0038605609024445825
0.0018847520004315688,0.00179253860825061,0.00030260203326909794,0.00474968621861311
0.002110747125297912,0.0021230134510047487,0.00016384974496063635,0.004399333715421909
0.0009596529847790839,0.0006349410046819682,0.0022100872486348656,0.0043485494875872815
0.0008375905204419304,0.000864432691385787,0.0029255210346219454,0.003874726437558473
0.0018627212599027438,0.0017689120049872243,0.0003149784113396561,0.004761521247217695
0.0020819171784753365,0.002091058170647533,0.0001731608487546796,0.004411099556141675
0.0009667353428668875,0.0006218858730381762,0.0021653201179506545,0.0043726463377455815
0.0008422594578388918,0.0008381196431273441,0.0028515095298054603,0.003896391050634897
0.0018417753114534198,0.001743311544642512,0.0003276087267666385,0.004776135832901276
0.002044349737640052,0.002048517477985968,0.00018608282403669235,0.0044318131691670395
0.0009242252369636026,0.0006105060019461343,0.0019800547842485253,0.004303172824127352
0.0008019096022155672,0.0007958783312575715,0.0026482679959661734,0.0038751673959945042
0.0017538180918518925,0.0017050334226469982,0.0003537265569855079,0.004720858223835728
0.0018976615947093767,0.0019536138810417893,0.00023616558241273695,0.004412710122310771
0.0009609091434116393,0.0006169301131611191,0.0021471989873020144,0.004387935123090792
0.0008645307675187227,0.0007778220986924977,0.002704215134276833,0.0039880972463224185
0.0016324309814431173,0.0015768918653347168,0.0004272599859500696,0.004573531477452658
0.0017950465643896392,0.0018173682591872274,0.000285084373963966,0.00437145779197688
0.0010130441075321005,0.0006174176033182897,0.002198977898459087,0.004439845375018023
0.0009094468475349752,0.0007568478305625545,0.002581842775978772,0.004050099229065661
0.0016147446298058218,0.0015495709956877789,0.00040466588669652763,0.004625431730594596
0.0017736008795806878,0.001743327651982081,0.00028496728626167627,0.004433398084791399
0.0010362214040979274,0.000601247351675911,0.0021195635290797207,0.00439838842107477
0.0009236520956466854,0.0007127970950834146,0.0024059669631771932,0.0040500351407154155
0.0016677367838555787,0.0016055292329433361,0.0003690763842635282,0.004678608128465262
0.0017267674937954194,0.0017545421103294483,0.0002951942246745152,0.004497156233501489
0.0009901520440808653,0.0006164119196008089,0.002054155612327726,0.004334460057054632
0.000892993487441683,0.0006918111534185539,0.00226570214009964,0.004038449836346592
0.0017403843347721503,0.0016894936070035852,0.0003483308188722134,0.004693024650529231
0.0017253119674385052,0.0017791678203400514,0.00030582964695614824,0.00453046292781535
0.0009458473424396313,0.0006310680399499698,0.0020195079132566845,0.004278378253785036
0.0008652422771049266,0.0006849693591573499,0.002140929271044275,0.004043637752856611
0.001783375937890321,0.0017346310528634638,0.00032408787749978966,0.0047432627091619686
0.00174796963427332,0.0017530942585602905,0.00030679679855211107,0.00458377739635625
0.0009506897543685369,0.0006134339086026321,0.002012871065205932,0.004240668503813714
0.0008760168584930015,0.0006533112215884838,0.00202934291967509,0.004077459018485707
0.0017928824952775724,0.0017501394879630447,0.0002994707216351742,0.004803336999880846
0.0017159512195897373,0.0017074017261241368,0.00031594836271466747,0.004650242534936789
0.0009540981021099191,0.0005938561817004084,0.0020582520732500393,0.0042268386072540545
0.0008921940095613692,0.0006074900027725614,0.001966102764151447,0.004131947371678685
0.001808431561547132,0.001780966562023298,0.0002865361564294368,0.00479686444177631
0.0016594105171930287,0.0016819491827929718,0.0003401021735836608,0.004673450232621182
0.0009299018949912218,0.0005908354003724139,0.0021506473553362534,0.0042286989861411075
0.0008849708260435044,0.0005761005934920644,0.0019447926908361638,0.004193272758347034
0.0018237863501544226,0.001815227684295716,0.0002747137814019529,0.004730531077641122
0.001637721380770899,0.00166212341254568,0.0003586773658153725,0.0046695575819699475
0.0009161769345237607,0.0005879230908926058,0.002249947725988229,0.004227791793482474
0.0008782274499622837,0.0005548442786581184,0.001925993131110128,0.004244885104425018
0.0018376525183635935,0.0018445272273535725,0.0002552253658673455,0.004703206842877873
0.0016357844037978473,0.0016382164203170475,0.00036066724805288743,0.004686700673749256
0.0009208527232622063,0.000584298679465519,0.0023381592647291173,0.004214007903441327
0.0008858455994955988,0.0005332962287097124,0.0019057903021079687,0.00427586261331669
0.0018644999213953699,0.0018811202932689148,0.0002322026377517083,0.004688270056327767
0.0016266078563651925,0.001634434991230037,0.0003569174124881082,0.004712033801661076
0.0009117222656684649,0.0005979593148432984,0.0024241508117699836,0.0041893517738383745
0.0008844219249910154,0.0005227487166015026,0.0019029228289236303,0.004286309378753275
0.0019121404602193105,0.001936039381175197,0.00021131772612005778,0.00464520762277136
0.0016319766763613112,0.0016574392351330694,0.00035092455680341426,0.004711762478394983
0.0008887377103983738,0.0006250411664090909,0.002504348716759461,0.004159891147186855
0.0008675366059787459,0.0005296005536323574,0.0019139451241442732,0.004281706962431629
0.0019577146357631623,0.0019895109827193715,0.00019416124760497213,0.00460612207743754
0.001661394400064209,0.0016831832481795184,0.00033764675658800247,0.004697946533853718
0.0008791057012344887,0.000647184643897802,0.0025669255270901353,0.004130854358693535
0.0008579789263865882,0.0005405269188700582,0.0019285003370878135,0.004267080362535506
0.0019859777317311517,0.002024793519468958,0.00018109409636647716,0.004594884768716967
0.0016832457711707122,0.0017005060944792275,0.00032210536234610575,0.004690199828576661
0.0008812422398060504,0.0006650763936753427,0.0026154549335857934,0.004105283587925758
0.0008600997967228675,0.0005483149829926089,0.0019552669139075267,0.00424566628300643
0.0020087852819806757,0.0020504843726998527,0.00017188441848291604,0.00458073302186735
0.0016905449310003421,0.0017221746675506354,0.00031150428758583946,0.004678876061970885
0.0008777652639726776,0.0006873576998968141,0.0026590915730919083,0.004083776460206502
0.000857309758068864,0.0005612887268823939,0.0020023376385510136,0.004219167554758754
0.0020297892488831087,0.0020734232301423275,0.00016618328632861794,0.004551151127494034
0.0017040022836496973,0.0017493123141726036,0.00030220677194552585,0.004647890528602107
0.0008731082257307006,0.0007076902979741805,0.0026942504892933346,0.004065558983672654
0.0008494331752653021,0.0005812252313118131,0.002059476059507597,0.004187812998892829
0.0020388263474561434,0.0020872367117697834,0.0001636327245464327,0.004532469275506384
0.001726277042734951,0.0017752039647207514,0.00028981606815725076,0.004615235226166132
0.0008764977271215092,0.0007187764103320078,0.002711524513964356,0.004049570239461958
0.0008475630077755939,0.0005999992626250678,0.0021164116094223202,0.004151706014769307
0.0020407664828436347,0.002091086672472264,0.0001622955646306209,0.004529343299735901
0.0017471783567550548,0.0018031379893255581,0.00027603472488586973,0.004593358421857261
0.0008802310552726368,0.000725206001977911,0.002709551299810071,0.0040357042684457094
0.0008471919246841601,0.000617232745195439,0.0021741367713976416,0.004112447936963428
0.0020460422985400482,0.0020927108447195844,0.00016118351669794928,0.004524000832445307
0.001772017917268229,0.0018386900657501176,0.0002620040609606934,0.004568335520929898
0.0008776973990546848,0.0007293375774351842,0.0026924442333836557,0.004025247564089012
0.0008399663411173369,0.0006376935081713514,0.002233113549476544,0.00407249186599286
0.0020484742757701023,0.002093680712183406,0.00016183724954227098,0.004518003122088712
0.001804612309427144,0.0018775196923081381,0.0002475193677683757,0.0045353657636889675
0.0008757473439927396,0.0007273887886499445,0.0026659860834903613,0.00402045869813208
0.0008318077143949705,0.000658946409351982,0.0022943107105048797,0.004034737574757234
0.0020356882270600955,0.00208665830239864,0.00016630594796871113,0.004518227156222762
0.0018261479781855165,0.0019085654115824626,0.00023735168051708378,0.004502350779600299
0.0008816048387485386,0.0007240992559743357,0.0026500312666974885,0.004025449420849403
0.0008322850846995979,0.0006797822997410195,0.002376351197766513,0.004003818867804845
0.0020173127290041486,0.00206420573522931,0.00017334142758950363,0.004511094446396307
0.0018434032787832558,0.0019302675085817822,0.00022915405497939077,0.004470192604956068
0.0008898848191966742,0.0007223388718744155,0.0026312626949079867,0.004033737480683868
0.0008344224758930272,0.0007024391358300574,0.002451727484272459,0.003974450226654274
0.0020045777063745314,0.002040403559114088,0.0001789153770798915,0.004509836172432736
0.0018722923758555134,0.001954099698217409,0.00021751951542430402,0.004442232728561709
0.0008956194204001894,0.0007175609306599892,0.0025975893785155596,0.004038253617209867
0.0008327055331474324,0.0007242274232153295,0.0025082823605824416,0.003942439898830705
0.0019931732774592674,0.0020274244332592435,0.00018353841758154531,0.004516617000118762
0.001898019348896802,0.0019866944911564348,0.0002068583402894333,0.004418855285165529
0.0008965171837466722,0.0007139977266204861,0.002565292957587089,0.0040421923522938556
0.0008292989492876264,0.0007455725157837466,0.0025697463854725535,0.003911497639506088
0.0019819664780700206,0.002016991471759293,0.0001896399286372469,0.00451248833802248
0.0019168975178699107,0.002018712160775883,0.00019936287733927774,0.0043912559156151975
0.0008968661198292994,0.0007154171736497546,0.002543510216531082,0.004048805956856201
0.0008274681170986035,0.0007709741653622567,0.002637401702174956,0.003884318281583968
0.0019727884045921454,0.0019995743472048717,0.0001957447344396447,0.004506129407896601
0.001945756914047556,0.0020421001818962557,0.0001897145296915091,0.004363603714790667
0.0009027354458978217,0.0007137179577849269,0.002515103585752143,0.0040534384759030075
0.0008282671334221012,0.0007951349896226847,0.0026863409150979303,0.0038574275161362102
0.001963555033413979,0.001984179859911188,0.00019921097909926394,0.004517029997899828
0.0019750073343327416,0.0020653250510374362,0.00017924067828001784,0.004348470129613609
0.0009089410656781387,0.0007085497166891518,0.0024818219389280863,0.004054736043686541
0.0008294648027712942,0.0008126614090944347,0.0027286071114523735,0.003830548377734924
0.0019547116402733604,0.0019772817322948446,0.0002028424759656555,0.00452321601198773
0.0019884018044491374,0.0020941682310026155,0.00017357227012501793,0.004334486862702542
0.0009085755249822017,0.0007100322910144741,0.002465452106033744,0.004057640168121972
0.0008284546278483637,0.0008322067055642305,0.002786912851795176,0.0038074250957126792
0.0019496713133635773,0.0019695583566673334,0.0002083374243425821,0.004510557996063934
0.002007153341906658,0.0021197488755966944,0.00016805922464713452,0.00430987791371801
0.0009091651037459093,0.0007124996509178438,0.002452310671485213,0.00406049645269241
0.0008273121993998974,0.0008551987839657297,0.0028351868010629425,0.00378608132658846
0.0019410636236876233,0.001959132509672692,0.00021221919604128808,0.004512753485242155
0.0020327824483908907,0.00213838044915107,0.00016047956058057222,0.0042926519708730414
0.0009171013363418384,0.0007085443521098503,0.0024344939907259807,0.0040611684409541
0.0008314517613244982,0.000871675231342817,0.002873896051956414,0.0037653151991964063
0.0019336587080125338,0.0019512224885272441,0.00021401156201070385,0.0045219613356465085
0.0020477184324202914,0.0021593267484903683,0.00015509781617564555,0.004286704797144293
0.0009202614889695839,0.0007076405716032859,0.002419295621009508,0.004060204674148796
0.0008334713298464544,0.0008855543623837475,0.002916729722681974,0.0037451957988555813
0.001934481294873863,0.0019495344578359503,0.0002155940146078554,0.004516068241823481
0.0020628504846683525,0.002185748450836591,0.00015077127967973947,0.004272665692554152
0.0009175868169462739,0.000711016307284179,0.0024112072446790286,0.004058845528036624
0.0008307876955483817,0.0009046209946021132,0.002962910043253249,0.0037261925926470167
0.0019318931498724552,0.0019488690936772014,0.00021810776464374282,0.004508957401527622
0.0020835399238972765,0.0022098994973600303,0.00014578952397052502,0.004253797324347898
0.000919674280523513,0.0007117949110665035,0.0024081674275362166,0.004057505742575197
0.0008320982890936716,0.0009236235887100121,0.003009524724101008,0.003708363169462196
0.0019241847234755787,0.0019440640377322166,0.00022037648680798592,0.004509702274509757
0.0020989191571240125,0.0022293414173460745,0.00014185073722862562,0.004243802918386623
0.0009246999302000826,0.0007129508992085202,0.0024085768491073334,0.004055223603047868
0.0008373846460038829,0.0009404132145762644,0.003058742137769593,0.0036909332648901983
0.0019213902894923793,0.0019388485231304218,0.0002215327550955786,0.004506035579380438
0.0021123923186326284,0.0022501283653892515,0.00013865587626471834,0.004235166620895148
0.0009263431218825797,0.0007180799978772543,0.0024130312282267417,0.004050945116360618
0.0008399597575601332,0.0009605338669115582,0.003111469397231752,0.003672924860580161
0.001921254812202334,0.0019383180652436374,0.00022221845458995007,0.004497344023568485
0.0021311326659987652,0.0022760396960714484,0.00013481337212323849,0.004221598147299295
0.000926480513939744,0.0007238002655667015,0.002420118978314325,0.0040443586184005405
0.0008408304345467326,0.0009835229523284465,0.0031672633193490334,0.003653743094246949
0.0019207303667849052,0.0019418513581354222,0.0002219017986604995,0.0044907485603910245
0.0021509190822195617,0.0023050816616141247,0.00013075673118965114,0.004208884173411246
0.0009270129943669438,0.0007295385690445204,0.002427780046944105,0.0040350096543833435
0.0008432643459654739,0.0010069194051680378,0.003227124798634755,0.0036333439059231106
0.0019250837177477102,0.0019478260997428717,0.0002193545755468461,0.004483552159180175
0.002167722050620383,0.002332639314246922,0.00012651671714744103,0.004190505435056839
0.000872263909605749,0.0007177005396796189,0.002253095567409034,0.0039683052284960815
0.0007933816587808237,0.000998394831419952,0.0031366537826260175,0.003603243588148315
0.0018484228465381859,0.0019429126681124423,0.00023697917055663493,0.004443130236311903
0.0020569149665864658,0.002302763784918694,0.0001560183712496757,0.004172432734127265
0.0009083535772268062,0.0007601323837930016,0.0025308929269219215,0.00396345601144883
0.0008530263582361269,0.0010368517980917575,0.003401112323918579,0.00359452362897104
0.0018414007391509184,0.0018591136131057345,0.00025623727132823856,0.004344327713820343
0.0020756452303677102,0.002272014706746421,0.0001523285727136165,0.004168151940951896
0.0009254325182487108,0.0007770090006769953,0.0025174439263345007,0.003928841238039238
0.0008657357283483623,0.0010594864166399212,0.003335987123391729,0.003573376926410804
0.001955071272572347,0.0019327098041579819,0.00019132119937062553,0.00443184345936452
0.002192540477242378,0.0023448832512425726,0.00012389614646018192,0.004176015108395134
0.0008986802954735547,0.0007669264094015897,0.0024017141260374913,0.003889332584546142
0.0008325660913607412,0.0010827973421516184,0.003376186408522803,0.003555931205152089
0.0019487178252876282,0.002031861321271515,0.0001892393635108389,0.004386958575284168
0.0021553697415769156,0.0024607470270803337,0.00013892018697002391,0.004121436693706572
0.0008657972243488703,0.0008124357981041544,0.002617481230874164,0.0038566579925396623
0.0008231230033892756,0.001144044976838616,0.003689717339435387,0.003529329114953733
0.0019436736142063491,0.0020546755238849738,0.000202070916312127,0.004275415745660551
0.0021706589346436756,0.0025179955116860667,0.0001442733970610103,0.004099215662157629
0.0008719401417129491,0.0008426677096134203,0.0026792950851451188,0.003815539101554482
0.0008576548752178135,0.001194619818142738,0.0037642748847712864,0.003524661329386506
0.0020404113225549955,0.002092187756945528,0.00015546745635877532,0.0043298867855393885
0.0022650025316480553,0.0025515629801885755,0.00014282535661512446,0.004135843205483971
0.0008884651859793332,0.0008511554990265825,0.002647710775477372,0.003768435218247755
0.0008898563203848406,0.0012399577447825124,0.003876166009354846,0.0035344023928824777
0.0020901031967266418,0.0021663237312447344,0.00013677721761837282,0.004317727131321843
0.0022587509501488397,0.002645697277649502,0.00017015306869230985,0.004150815306398241
0.000867857212856045,0.0009128930495379509,0.0028712235611778776,0.0037060424571038015
0.0008956963215713261,0.0013134716533734266,0.004238739644826551,0.003537324051654549
0.0020791586477764703,0.0022441795487365196,0.00014347988312098334,0.0042292892790592555
0.0022047802241516646,0.0027588162664408528,0.00021566447686111523,0.004189484077372661
0.0008541486827008769,0.0009854923163090984,0.003120668305176432,0.0036402932213048917
0.0009361085046973569,0.0013725223402837785,0.0045736220137884455,0.003576294397698665
0.002164439169961618,0.002332681147859732,0.00012336798011246063,0.004208168507170245
0.002181104832975603,0.0028165349318228037,0.0002796176965180105,0.004268726526194087
0.0008565979463052379,0.0010443474264421498,0.003205197576244445,0.003582612870522854
0.0009833571809048066,0.001384068647854827,0.0046833944986771955,0.0035813766394870742
0.0022491933755808186,0.002419781327094304,0.00010670595472639247,0.004192082703927506
0.002136050314139987,0.002883518417842585,0.00037175896395317,0.004387954986223667
0.0008539351203935378,0.0010996006130618008,0.0033583565035356176,0.003534079724176644
0.0010091073094986454,0.0013592117054868388,0.004857127081753434,0.0035487852358852276
0.002274152645233236,0.00251260360275347,0.00011038707124070841,0.0041530690386357315
0.0020052957119948,0.0029701858079558387,0.0005064740819527467,0.004561330082421914
0.000836850738120011,0.0011757771709994666,0.0035973893643753627,0.003491747341482103
0.0010392102196997582,0.0013076527416676937,0.005074054430210617,0.003518106970600771
0.0023207249609169473,0.0025929844488099393,0.0001132846842544096,0.004117877475898676
0.0018565613811526852,0.002996151980337092,0.0006745824252642037,0.004746760686931234
0.0008288674300464281,0.0012267863985618627,0.003691908023379068,0.0034684412370867756
0.0011043419818757463,0.0012371338163998473,0.00516756792593968,0.0035077255447859327
0.002352324463466701,0.0026193571859364504,0.00012353438209460375,0.004139099163548746
0.0016798815148226863,0.0029544603815495154,0.0008991365750002714,0.004983765810114707
0.0008211706121590202,0.0012523758827505437,0.0036631300209550932,0.0034562004054658887
0.0011931514116181388,0.0011894404381433243,0.0053664656369573184,0.0035409171485363718
0.002340567071262461,0.0025624162359131207,0.0001253237910547221,0.004152512972629219
0.0014878201806220379,0.0028712083372323923,0.0011504038959299946,0.0052665772188214294
0.0008196013288406357,0.0012601009760415062,0.0036812005802044317,0.0034431912074724706
0.0013055336338816973,0.0011667109338861868,0.0057673443440810586,0.0036055066055808603
0.0023837220114780577,0.002386714420938746,0.00010776696387255218,0.004160829389135687
0.0013935849865689693,0.002749181257172914,0.001436495198458075,0.0056559552692922255
0.0008026595134212755,0.0012412395871490493,0.0032562655805467864,0.003468106155775432
0.0014243380505397465,0.00126022110226601,0.0060021611301487145,0.0037823169304549583
0.0023293408714642545,0.0020838816825643515,0.00011979385637033521,0.004230188759129795
0.0014265221177047966,0.002635613385519062,0.0017549104250191671,0.006134825745918125
0.0008275375411326186,0.001117745980262808,0.0022453562047977096,0.003739727209974204
0.0015112129312873695,0.0014000941552997793,0.005944093476334442,0.004043888334449181
0.002053899830120831,0.0017876018945245326,0.00019765866659601463,0.004422872730489261
0.0013652296284875302,0.0024774987699326617,0.0019336164962700342,0.0063979523358149906
0.0009662272773379692,0.0009268862642305579,0.0016224374691521009,0.00425845982368757
0.001532435236713501,0.001365497437382362,0.00588291305321238,0.0038831310755296266
0.0022105750504049612,0.0013746774665824627,0.0004472701814582092,0.004610812520539917
0.001521432553674733,0.002344470170528336,0.0012568776729016784,0.005381317603783674
0.0009982900996280037,0.0008675424569801905,0.0013560940483080938,0.005085692476674946
0.001095649507126889,0.0015798279826661123,0.0048288286768136506,0.003403680247038203
0.002793294507488331,0.0010778302844053705,0.0008203290338967911,0.004894411406883815
0.0033076086082467018,0.0021771010811809715,5.1427859680989814e-05,0.00391117043967435
0.0012304036189141317,0.0007726114168888122,0.0010401726519464016,0.006355405610914905
0.0006785015373487292,0.0014920858570572932,0.002264391084925062,0.004417348012991826
0.0009246116658976541,0.001617228492174193,0.0013684500964476522,0.005193118239914994
0.001343421271286285,0.0012882463949826838,0.0011165142779618602,0.004393292240497748
0.001598101006713352,0.0004680923332129513,0.001249669521599371,0.005447632451949607
0.002094235089944257,0.0005278663028664546,0.0006849993176737321,0.005952345308833892
0.002962650825650962,0.0017390292323724902,0.00027084165804876404,0.003817146669975164
0.0013190415115754961,0.001258053172075363,0.001035356705793912,0.004761835618087799
0.0007284647496633246,0.001672809849953762,0.0033724890672509004,0.0035875373794425646
0.0007991659723042014,0.0010256750696452867,0.001978781128846052,0.004278524017316573
0.002259968237067761,0.001870839699824102,0.00019987197161342666,0.0043044728443061816
0.0024721454407692764,0.0015789038348067515,0.0002370567356782151,0.004016012593591284
0.0011945752534919711,0.000685368412515764,0.0025788577422382925,0.00393317850724292
0.0009651196559521332,0.000992751277793088,0.003262085447479465,0.0034903498010277535
0.001680428163813076,0.0013009175561373928,0.0005669191278547015,0.0046076362897365455
0.0020343158530682828,0.0018500041120382662,0.0002720457337495891,0.0042406585101415865
0.0012104400351746361,0.0005665205198358998,0.0014781779922197937,0.004908820725979504
0.0009006650454590048,0.0007745989967771301,0.0023902144634064494,0.0037965580769432432
0.0015845223966010598,0.001122392766557488,0.0009215428964100395,0.005219677193282668
0.001840454112044603,0.0012747482955955977,0.0006425115524898071,0.004663521599620188
0.0013197461268684419,0.00046270412067182397,0.0013431769104961344,0.004596595875780188
0.0011632056282423143,0.0005382488156720176,0.001318050639568773,0.0044245011706271825
0.001618913083045616,0.001335708691785918,0.00061382444197053,0.005170076747776149
0.0013712527706193523,0.00113666156662351,0.0008832351663592149,0.00523731555387072
0.0009555585018368642,0.0005590953923405931,0.0021927854115259267,0.003960513526031979
0.0011565594387910221,0.000473181173473527,0.0013813063252970524,0.004372639514755243
0.0021691353789043545,0.0016719713809958629,0.00030723041467063694,0.004578540257665538
0.001736174903323336,0.0013524921519835161,0.000549335992756327,0.004732313770123571
0.0008997344570422184,0.0005445826399131711,0.0023341442143514643,0.004023510108276586
0.000867475344028601,0.0005173002450916803,0.0020596231341146664,0.004074505040353436
0.0018872328136705647,0.00152780252188922,0.0004187165212886871,0.004689712380372293
0.0018992770734997065,0.001534230231810969,0.0004003129615054954,0.0044172847427606885
0.0010100371531851587,0.00039670159808698007,0.0019051240980893906,0.0044401889807767665
0.0008623924528475329,0.0004890719857339455,0.002267085420577095,0.004083036331386556
0.0016430851426980843,0.0012487926126377319,0.0006312960154889226,0.004866464720523957
0.0017277698230667054,0.0013909124710827126,0.0005058073395857487,0.004529683266325661
0.0010478894869127909,0.000359551791805791,0.0016468485469128924,0.004744657317076812
0.0009375091919808193,0.0004027025745825922,0.0018463509301083398,0.004391896891550843
0.0016373852489573431,0.001179410237981344,0.0006593023636633402,0.00486648624512433
0.001554859520978909,0.0011508965395877694,0.0006809306266181528,0.00468552770803487
0.0009942481600603303,0.0003707736218772946,0.0018098135500756785,0.004607692961937061
0.0009768355121348394,0.00038602510282863977,0.0015849878897362549,0.004577886509546167
0.0017834781906872993,0.0013398611776777123,0.0004969633852622611,0.004737149959684586
0.0015681028512364613,0.0011621129808311384,0.0006525016729355234,0.004703952986059633
0.0009249901266784702,0.00042362718152616377,0.0020764955449090647,0.0043848567076218235
0.0009280066873638408,0.0004049512922748135,0.0017162832829386494,0.00443142186077034
0.0018867519269654836,0.0014590234780336197,0.0004106913453468217,0.00465849471286241
0.0016823184602376637,0.001328359641362215,0.0005152400746304641,0.004615519430668427
0.0008851920188692593,0.0004479703673733099,0.0020428293490108943,0.004360775040479874
0.0008516923044304815,0.0004552914975005048,0.001920118985320622,0.004261121416359572
0.0018777304763906253,0.0014430245449269477,0.00042806844687209714,0.004719354463485563
0.0018004965377439025,0.0014290940068441165,0.0004411634959139363,0.0045676231808715485
0.0009058968032145909,0.0004282106763578099,0.001863209805265852,0.004421850660461945
0.0008262738134051963,0.00047888000567321466,0.0019342702468082514,0.0042185830892701465
0.0017850294298881518,0.0013894300139555135,0.0004680665983241683,0.004828488379856133
0.001758760551092318,0.0014002598396486944,0.00045488226004370715,0.004627279953787431
0.0009372324741727022,0.00041177713619575107,0.0017757445217090448,0.004443052584428361
0.0008686801920025855,0.00045183376458941913,0.0018092672485861094,0.004264432147463813
0.001761281250364612,0.001378750773279075,0.0004693025058247661,0.0048601376157933395
0.0016556768501379585,0.0013378642155482882,0.0005019556316439801,0.0047025842614788526
0.0009199935683336444,0.00042149975091788043,0.0018378699115343077,0.004407726631702563
0.0008925870223528646,0.0004350214984137445,0.0017249786417777697,0.0043220290687514835
0.001798272077460236,0.0014294956895300327,0.00043404943643400834,0.004809864705303138
0.0016333138307334802,0.001326464591490548,0.0005123047974615314,0.0047018018797730906
0.0009045282135175846,0.0004307571670787991,0.001953728559326614,0.00436087689928062
0.0008827615269500532,0.0004341718691783891,0.001757814527446327,0.0043271101386589735
0.0018002737477531255,0.0014823514341095554,0.00040451731637517564,0.004756601825209803
0.0016414948683218078,0.0013705744793612211,0.0004846979103913597,0.004672043212864043
0.0009033723702706187,0.0004314989933997019,0.002003369143869618,0.004350438767984771
0.0008735090666870815,0.0004364323997360404,0.0018456125726791642,0.004289870314701965
0.0017951223663202362,0.0014917706547860502,0.0003958706136629776,0.004743345450948207
0.001666641000895637,0.00141895340060258,0.0004518510821060692,0.004651111187992619
0.0009051279072703569,0.0004292684558555426,0.001973230609178037,0.004368324883390633
0.0008603780878920995,0.0004470054045330497,0.0018959655614024303,0.0042617506329641645
0.0017787895851553992,0.0014809290852911855,0.00040067463315702806,0.004770734031023238
0.0016884542900756415,0.0014381773634723754,0.00043359237964014756,0.004645954174909546
0.0009141559852101575,0.00042305754724972336,0.0019262044552285063,0.00438139924179314
0.0008570805980344891,0.00045197424912459184,0.0018848641980642499,0.004256271795262651
0.0017582707609249467,0.0014806480003603953,0.00040441919414298803,0.004804890530347272
0.0016714593355710782,0.001440265158616587,0.0004347452622766925,0.004668490791127185
0.0009118308147043464,0.00042592137458984276,0.0019067611140599465,0.004377867204079962
0.0008618403249025269,0.0004505983897478364,0.0018479479698987051,0.004263284780966621
0.0017655043614801566,0.00149445286264356,0.0003961562880745606,0.004804009921598403
0.0016550159290402587,0.0014384528964911999,0.0004385280326078462,0.004683804358160778
0.0008990855118369478,0.0004364766155406984,0.00191990080533503,0.004362190811367839
0.0008588027932559587,0.0004539186517699233,0.0018213509875855622,0.004271640541557492
0.0017797076571873325,0.0015174289557910378,0.0003807817071005157,0.004787841354576728
0.0016588168258876703,0.0014442550144625932,0.0004329821638430934,0.0046860352209064345
0.0008932112674138104,0.00044296503405035083,0.001943506730613482,0.004346121678134202
0.000855350523424928,0.000457299623670169,0.0018209219387329786,0.004271261762423371
0.0017868257011384536,0.0015376426637441999,0.0003669939620298796,0.0047760521368095795
0.001664382291702551,0.0014611429202879605,0.00042133135703170454,0.004684163454094867
0.0008895432988475571,0.0004472029270471032,0.001955670595137853,0.004341200317055491
0.0008518852796682041,0.00046040062079331023,0.0018398789629239598,0.004264234011171103
0.0017890832056962971,0.0015478516600933815,0.0003597938121640148,0.004762946002678857
0.0016688981393196843,0.0014784898802463816,0.00041146452293085097,0.0046691442761804
0.0008879895420512346,0.00045022459561280104,0.0019611024708581807,0.004350412402331029
0.0008464374518358117,0.0004660489266401038,0.001867436419191587,0.004262827510796383
0.0017786717557923255,0.0015478975362320203,0.00036076081792577665,0.004752655338228806
0.0016705186352372712,0.0014868357325361766,0.00040524571701263415,0.004649861850303383
0.0008920536499399567,0.0004506265869059162,0.0019577960754093467,0.004360026023078307
0.0008455481776140365,0.0004706579177918759,0.0018780564915955394,0.004262527437263481
0.0017672723034845008,0.0015477349402240597,0.0003608862512307435,0.004756476126592914
0.0016668897964371048,0.0014917818084949344,0.00040100674647993025,0.004650646611425698
0.0008949494663742451,0.000453088005381356,0.0019490016315451967,0.004359472358455379
0.0008484899067760188,0.00047346846839741103,0.0018706544814628455,0.004259065074382633
0.0017665585042706319,0.001553826217795305,0.0003563349628610751,0.004758700490155238
0.0016603915444609685,0.0014968684515457335,0.00039830479433375945,0.004653584492213442
0.0008927249107752992,0.00046012743332122673,0.0019494942565558453,0.004352945639325411
0.0008483991199424971,0.00047859814183549853,0.0018648197530922242,0.004256455872431677
0.0017676912868660728,0.0015646923013233243,0.0003512341190292768,0.004750013847917374
0.0016563683134411908,0.0015030280898413006,0.000395849201794707,0.004647193324267788
0.0008908208047488309,0.0004677709807766784,0.001958225163029313,0.004344502145010224
0.0008471574641918262,0.00048511775415750974,0.0018648532770172738,0.004252823706471266
0.0017665281294077344,0.0015763805654893362,0.00034591297196645624,0.0047419435687042
0.001654341718041145,0.0015109598567416215,0.0003912576337576433,0.004641784108445074
0.0008911993704945311,0.00047433795393211876,0.001964520464768955,0.004335033127297848
0.0008481053500824982,0.0004907180613756114,0.0018669684961029947,0.004245304765980864
0.0017668707595947383,0.0015860436168037514,0.0003398663406714074,0.004736714712983915
0.0016528093656506765,0.0015197438486347196,0.00038548595819339304,0.0046369651678972515
0.0008919992742997241,0.0004808726272891823,0.001969187313092388,0.004328191366240793
0.000848841330705341,0.0004966993412393589,0.0018741456403553593,0.004237927118904242
0.00176569065843026,0.001592788362706228,0.00033576996149496587,0.00472919119403075
0.0016524046615571544,0.0015278959469801332,0.0003804339269883661,0.004627832909040898
0.0008932785295246529,0.00048664682785576265,0.0019730701894420445,0.004323819882312809
0.0008483509266843025,0.0005033455696701874,0.0018820337472777566,0.0042316078360806215
0.0017616393645217296,0.0015989839038739865,0.0003331850046419839,0.004724135550097184
0.0016518822610072515,0.0015358435107399506,0.0003758649218123857,0.004620717655481228
0.0008946712695518128,0.000491490842287301,0.0019733941265543853,0.004318357671715905
0.0008485259585723595,0.0005089246889521352,0.0018846305871472284,0.004224458004364536
0.0017591405153690699,0.0016061332976854915,0.0003299467430715016,0.0047219506017925975
0.001649480777206352,0.001543478626074329,0.0003719430246261092,0.00461702636022807
0.0008949244798087492,0.0004968343365111911,0.0019737566201787934,0.004312414566924893
0.0008490140679355009,0.0005138215929500816,0.0018857823201721068,0.004218445957687738
0.0017583672973331122,0.0016129877174098442,0.0003266077549427082,0.00471695016824695
0.0016471776543991606,0.0015495367395287165,0.00036884912517811725,0.004611717239972492
0.0008950184516366182,0.0005022644668449595,0.001976880931522142,0.004307067531008523
0.0008490219202123014,0.0005188131034301607,0.001887480970839862,0.004214181538433452
0.0017571209532183264,0.001619633655065081,0.0003233870565619554,0.00471153678153457
0.0016461653825223762,0.0015549298576793568,0.00036557128164091965,0.004606887519691584
0.0008956489296021897,0.0005068656544902389,0.0019799483847670494,0.004300918412924876
0.00084934219963215,0.0005230862160548083,0.001887896741439884,0.004209277205894235
0.0017566786259842792,0.0016270726994567454,0.0003195270709205879,0.0047077713976037055
0.0016447901864187402,0.0015613109689650534,0.0003620520183218514,0.004603885150136454
0.0008955206590347868,0.0005115112236992885,0.001983216749222488,0.004294860254252098
0.0008495068708078132,0.0005269565800312976,0.001889954485438687,0.0042042049723490255
0.0017571290206639771,0.0016342901626483595,0.0003159049283634153,0.004701777130098816
0.001643724129853673,0.0015679826873914349,0.0003588682153994577,0.004598765406481061
0.0008949382632520922,0.0005162188281507741,0.0019878909769933807,0.004290325290539677
0.0008487806436712812,0.0005313023124856356,0.0018945366394075313,0.004200096179001951
0.0017565226947377178,0.001640526195599694,0.0003130295544937414,0.004695315788291294
0.001644161229460387,0.001574132931790332,0.00035552062537593556,0.004593001016195343
0.0008951833245675993,0.0005200006037746863,0.0019913459706584796,0.004285954715405513
0.0008483260283216384,0.0005353049111266196,0.0018978406523623846,0.00419562026938786
0.001755664418808086,0.0016465434888860327,0.0003099933937396072,0.00469162528414129
0.001644221571775779,0.0015802612483005452,0.0003519854610682549,0.004589505783278557
0.0008954493043591729,0.0005235217864279335,0.001993505203412295,0.004281365570698191
0.0008484165442321709,0.0005386700853278995,0.0019004472219260656,0.00419087905697467
0.0017557017435527197,0.001652338994175667,0.0003069516803722509,0.004687275483421153
0.00164350776867033,0.0015861757755138099,0.00034897446347052655,0.004585416974115248
0.0008951017372453128,0.0005274569788634572,0.0019967679861114386,0.004277474418851837
0.0008479697556956672,0.0005423393251323807,0.0019041725383442622,0.0041870218144363395
0.0017554954864862774,0.0016577522670830304,0.00030437578105420966,0.004681615606791876
0.0016436995337567684,0.0015915472159549074,0.000346137865438678,0.004580361983902858
0.0008521241417830048,0.0005398197390495742,0.0018984381089711582,0.004200903082461454
0.0008183816846806932,0.0005559398014645972,0.0018159317806845073,0.004133841942064008
0.001686950998656616,0.0016469166415440872,0.00032400502404062966,0.004617511494596546
0.0015243359242528072,0.0015450993073957773,0.00039152123187859074,0.004473970965944767
0.0008885693602736605,0.0005519060348281665,0.00206439820235492,0.004286991713642683
0.0008626896556551395,0.0005570332964131284,0.0020066563732656865,0.004214683724279607
0.0015811495152189502,0.0015313050416167968,0.00037696085531522123,0.004443656633940032
0.0014595081773694932,0.0014520067762820615,0.00042877721494841213,0.004359582305230044
0.0009511552403221347,0.0005719482774534918,0.002123942114894324,0.0043391832204390055
0.0009043853109769769,0.0005878134629617793,0.0020227803997860797,0.004230290873006319
0.0015354423212561533,0.0014861753770081779,0.00036687684008123415,0.004452651806478301
0.00147353015187346,0.001421920352483153,0.0004002068291388413,0.004368037381788168
0.0009957989273335999,0.00058771955641423,0.002081201326882511,0.0042701593025659445
0.0009387733208540023,0.0006016706834419652,0.001959272862332032,0.0041468444644590045
0.001610855367481249,0.0015357926546838959,0.0003163833465196882,0.0044870470320990214
0.0014980536901583145,0.001504189411022517,0.0003542438894470533,0.00441737984644703
0.0009365722174696765,0.0006450356620727886,0.0019896691740244918,0.0041604372416896495
0.0008885360687086396,0.0006513922009975213,0.0018883676101671561,0.004048959115808496
0.0016955763583821795,0.001640851303426124,0.00028444520281293244,0.004487672548207
0.0015779476742963643,0.001604634794358392,0.00032245412696354814,0.004403410070171602
0.0008847644093321585,0.0006793115980614415,0.0019454146896292698,0.004076145499172466
0.0008324422585238018,0.0006971531653366043,0.0018439423643227273,0.003989038063390384
0.001689373882158779,0.0017206523889884068,0.0002740708344770373,0.004509886951313725
0.0015843731486545572,0.001652445112631051,0.00031365835021842183,0.004400270327290023
0.0008912606468636353,0.0006776462677439745,0.0019559755569501453,0.004055697600625702
0.0008505381053233716,0.0006877036275055982,0.001864559428534388,0.003981674522735021
0.001668791207400919,0.0017004471130046843,0.0002758473783087582,0.004496641856907608
0.0015442740795890795,0.001620994390815394,0.00031946247676412537,0.004399597260117819
0.0009205477974274515,0.0006701166113413645,0.001982492154503532,0.004083667211062217
0.000883782574143047,0.0006701506892960049,0.0018919316192118193,0.004011216727969851
0.0016487236260597233,0.0016488129932657064,0.00027981421286090276,0.0044819483242574225
0.0015347777171731806,0.0015701272221209925,0.0003244795947322696,0.004391117748314622
0.0009518120217526434,0.0006523254357856108,0.002012223618970378,0.004106103026289395
0.0008996337674660716,0.0006562011693541978,0.0019038483226123653,0.004033960019485788
0.0016191507898953928,0.001643038202816664,0.0002820583916153703,0.004485546868784164
0.0015099240264506086,0.0015682344642232702,0.0003292241354434462,0.004393576451205615
0.0009513495730672875,0.0006444658722562937,0.0020366794064418724,0.0041091017189776495
0.0008980768147288168,0.0006439675451088077,0.0019207403796795532,0.004033841473321645
0.0016320546079643982,0.001669377773050055,0.00027888875478780005,0.0044715094424714365
0.0015039166310227149,0.0015998604226166479,0.000326898882443692,0.0043935824732584715
0.0009243177064575898,0.0006528618528169406,0.002033921169594795,0.004098897335204211
0.0008750424204054334,0.0006501895838727275,0.001914463108010799,0.004022857007571773
0.001660727593263847,0.0016997919417788404,0.000267942482213816,0.004477381413969907
0.0015446030886911522,0.0016252298947967384,0.00031036521923583923,0.004398893355385653
0.0009140192835075924,0.0006491469399877766,0.0020122160698678223,0.0040812719655636525
0.000861929308832108,0.0006531003834770741,0.0018890915122903593,0.004010005874934088
0.0016804255005296667,0.001721607195067069,0.0002533289349671971,0.004512255412787143
0.001573435416700661,0.0016445493724566676,0.00029227611714865667,0.004426704045033277
0.0009098453419763855,0.000640702269488846,0.0019860610606911686,0.004069759589204047
0.0008594168387665672,0.0006445786529400854,0.0018712524422364847,0.004001822261002448
0.0016919394261636841,0.0017357983160409328,0.0002461690830830926,0.004522745635440857
0.0015634890521311216,0.0016554085378417515,0.0002910542914035004,0.004427940192465844
0.0009026196451466594,0.0006423711379309012,0.0020052466175131687,0.00408354114263847
0.0008557815967743786,0.0006428289152737105,0.0019062697689079151,0.004015227330056383
0.0016879166241722018,0.0017282902422740688,0.00025185712733554215,0.004490859248234717
0.0015660186234052725,0.0016497361477395168,0.0002940606698961725,0.004403621659285546
0.0009040095311955593,0.000638118685355534,0.0020197006180986228,0.004097846326623323
0.0008513792152456749,0.0006438397087965527,0.0019133212114973294,0.004026491068425703
0.0016747359708736266,0.0017241386691810618,0.00025104926520018564,0.004499949323498406
0.0015720896122708688,0.0016442915835185058,0.0002890301837924169,0.004410573403167829
0.0009131034341003206,0.0006275708382593534,0.0020165785687636874,0.004098736095116802
0.0008595416538515617,0.0006334365428957262,0.001906015976808836,0.0040258292983673645
0.0016881055704379318,0.001728305765073851,0.00024333469391207038,0.004514417016126567
0.0015734206778521772,0.0016532115283339561,0.00028241813661430704,0.004430092132159292
0.0009038129867019784,0.0006289462572841094,0.002004070313572928,0.00409281771387755
0.0008531155417920994,0.0006309128382967047,0.0018961446299916866,0.004020454259468478
0.0017020581561745355,0.0017426873751565162,0.00023788733952907198,0.004506066124488546
0.0015791660995518406,0.0016665901272218339,0.0002805864038786395,0.0044225984795728856
0.0008948223897988296,0.0006321510927035734,0.0020177209292318713,0.0040917983011173505
0.0008432664968306335,0.0006358470995577323,0.0019114854926476853,0.004021696917081308
0.0016956073697530366,0.0017504068137006988,0.00023915397683282023,0.004492841336940975
0.0015814839383309581,0.0016717866353243664,0.00027990059894186217,0.004411546139011604
0.0008964364235866876,0.0006306275052001492,0.00202692574992261,0.004091207103325115
0.0008445029462482084,0.0006357931221927589,0.0019171339146001358,0.004020127948325975
0.0016950390451007363,0.0017497235070148094,0.0002358811853539834,0.004497396469792154
0.001585039643162348,0.0016714388498923146,0.00027475601875321656,0.004419168584009367
0.0009010693979617056,0.0006289579486149113,0.002022313513345586,0.004086662153610132
0.0008497340841122381,0.0006329821229857626,0.0019130751825010188,0.004014826247997478
0.0017016217528281728,0.0017499107034878584,0.00023086792523407493,0.0045002511181549635
0.0015864322494274828,0.00167371887637941,0.00027126907336312805,0.004422195589589084
0.0009006991892078508,0.0006312964352746943,0.0020265387163425665,0.0040832637304384165
0.0008485810597288799,0.0006349283965695068,0.0019212672985902501,0.00401139119460329
0.001702203517225013,0.001754497409368856,0.00023002684353839754,0.004490421774432814
0.0015877944277736587,0.0016802925071881373,0.00027039535715219957,0.004413194981726774
0.000897990291463497,0.0006336568169086797,0.002034339517832378,0.0040798472833479755
0.0008443947028853998,0.0006387168610771292,0.0019289970525863604,0.004007155143070376
0.0017007322364896058,0.0017609633789388644,0.00022904177975727647,0.004486483867927244
0.0015919989069332618,0.0016874197474814065,0.00026757519753329,0.004410752102736155
0.0008976437437545152,0.0006335522716915897,0.002033144667079755,0.0040737639883549935
0.0008441895335581643,0.0006391055212107882,0.001927324878541664,0.004000494524249545
0.0017032691879979363,0.0017652165069034086,0.0002259308036064837,0.004488733622136391
0.0015933666490754483,0.0016915806307593111,0.0002645979901150114,0.004413240278557174
0.0008984779505543289,0.0006345759130429153,0.0020333409195107837,0.004069395634286089
0.0008459025571971767,0.0006392744461080944,0.0019305986191175098,0.003996161228549137
0.0017054902585443372,0.0017658150454724247,0.00022432433369664847,0.004483803315583416
0.0015939553063872194,0.0016928670872018116,0.0002634322024926627,0.004408890712818676
0.0008991999532463253,0.0006362393710760098,0.002038478650863114,0.004067163675560163
0.0008456020890503796,0.0006413886333746369,0.0019365529224982586,0.003993729156586941
0.001705006636337247,0.0017672780513553633,0.00022360218135747037,0.004479431652651349
0.0015977242095670159,0.0016955076326802573,0.00026158220340201274,0.0044054226451101615
0.0008997371458856875,0.0006357078534633797,0.0020388551359961887,0.00406268617488202
0.0008449170525358846,0.0006416556058106954,0.0019352239999089736,0.003989056549480722
0.0017060488295070177,0.0017722601346373931,0.0002215677021333076,0.004480197248170014
0.0015989388489420012,0.0017010027700057656,0.000259572505175307,0.004406827781526368
0.0008497359159235874,0.0006338697873108608,0.0019211068310328152,0.004003020345022012
0.0008101215253069507,0.0006403452587917592,0.0018301409782490652,0.003949611351403941
0.0016361881470168531,0.0017565068021819653,0.00024360229155753735,0.0044396407930417225
0.0014724398751323562,0.0016464670132953735,0.000306680348149296,0.004324458582707309
0.0008892600323542188,0.000658559630644106,0.0021068220758311846,0.0040677855666741885
0.0008589589837604943,0.0006556444889756104,0.0020455894152078572,0.004008864245709818
0.0015344591743339522,0.0016285838998359213,0.00029528201268671627,0.004288511731290632
0.0014092437830779683,0.0015381627049453465,0.0003457414115235358,0.004229424471300663
0.0009545993504148318,0.0006721576395367126,0.002161669253887397,0.004083160222204346
0.0009017589251423554,0.0006696654324002504,0.0020090631181651124,0.003989959108538636
0.0015812796525062221,0.0016192678433358696,0.00025034667312916404,0.004382513941536681
0.0015031235605831444,0.0015607445856522283,0.0002774589078549375,0.004334386948348894
0.0009484291167341094,0.0006766595051754984,0.002015879371409188,0.0040032599925706016
0.0008914433953731068,0.0006757715319307222,0.0018950537959168076,0.003920417011011057
0.001667628088723981,0.0016983297348110947,0.00021462505828044405,0.004416965010563334
0.0015445952311876237,0.0016543902391785359,0.0002535730126546324,0.00434021814883648
0.0008839777120748118,0.000707056832652646,0.0019819979852988123,0.003953311743933612
0.0008266475588688352,0.0007114497112735967,0.0018933388491173138,0.00388135858134446
0.0016490109974924862,0.001784877810931105,0.00022399573203757468,0.004362381205245576
0.0015186878973099185,0.0017190865074170683,0.00026858184095176503,0.0042677685924913215
0.0008627859312671611,0.0007270884442031345,0.002043274066373245,0.003952455210579442
0.0008159306335536569,0.0007338343504470777,0.0019648255272425134,0.0038825377579690514
0.0016059671519112074,0.0017616640178196726,0.00023873016622086938,0.004321864095716484
0.001511576674674002,0.0016823465268319781,0.00027076487927597966,0.004250774963085686
0.000907069103152868,0.0007173147254648536,0.0020374643879699774,0.003960382441837955
0.0008605149578764988,0.0007245593039998012,0.0019362543117351153,0.003888632956659849
0.0016011818380837189,0.0017049632765419112,0.00022509639261790576,0.0043747226526193814
0.001520892912441608,0.0016262422211229047,0.0002554854593421955,0.004300444268084451
0.0009512880775603983,0.0007013181873663852,0.00201210855029003,0.003954445016393567
0.000896379214780231,0.0007024631519644747,0.0019049105089498624,0.0038866366338894272
0.0016207168088806971,0.001704218366230018,0.00021405533694146046,0.004391520770439627
0.0015042550132126388,0.001639175977791297,0.000254537009579231,0.004317001585197695
0.0009283519774372959,0.0007093247166711542,0.0020146706129413623,0.0039430140193366554
0.0008707753811846878,0.0007027795918270316,0.001907116723964037,0.0038797685853466297
0.0016354087590895678,0.0017592909705692278,0.00021443084670803706,0.004362496116809911
0.0015082593253921632,0.0016902746532415213,0.00025767238651862117,0.004291243570937184
0.000892969316141371,0.0007137389731954229,0.002025353006312132,0.003931283636236534
0.0008375259408772195,0.000709734651667779,0.001905214100850889,0.003873895029799726
0.0016361004041065342,0.0017987722786265562,0.0002125336792647928,0.004365268399281999
0.0015238646687455,0.0017119213501788828,0.00025187141711217984,0.004293265373818562
0.0008948820165211399,0.0007014842114802852,0.0020199165004594743,0.003927403812388711
0.0008451765524795884,0.0006976221399147271,0.001894342533058539,0.0038742984143152032
0.00164014913798178,0.001790102445001651,0.00020612345071868108,0.0043863830303459425
0.0015202648136712043,0.0016948251253358275,0.00024718463260003237,0.004312922034696837
0.0009130527049106071,0.0006943965843518568,0.002025962369973422,0.003937659330271926
0.0008650126078615831,0.0006866061349911608,0.001909301390369446,0.00388448059765112
0.0016452161807146608,0.0017667206745669351,0.00020477434442786846,0.004379841831263794
0.0015214093504777896,0.0016782041329330589,0.00024676681608068376,0.0043090055553514466
0.0009189013039660642,0.0006921731400038038,0.0020384938590243115,0.003946799574938271
0.0008629972010862318,0.0006874614739700388,0.0019210566992060797,0.0038910013021410074
0.001637452892323977,0.00177050794691449,0.00020574250713982598,0.0043734042127436005
0.001525530320838228,0.0016884034885598644,0.0002454849040115223,0.004301425690025298
0.0009127280784863409,0.0006879874769380638,0.002042438864198414,0.003946017184209687
0.0008542345028767212,0.0006859305229147228,0.0019239578948241983,0.003887183254897471
0.001642359842635859,0.0017877904927332442,0.00020257970717677218,0.0043687957181796815
0.0015318828609204077,0.0017111759576276212,0.00024048501854450276,0.004305853411010134
0.0009003058079166599,0.0006880203168578856,0.0020270268529512716,0.003940148439629221
0.0008456075855838259,0.0006851577498716379,0.0019130178168083852,0.0038799197787100304
0.0016522904908161248,0.0017986934466283672,0.0001979689701153815,0.004366496665465967
0.0015386483609367912,0.001720072386369818,0.00023682122494241966,0.004304020646219203
0.0008991448681271355,0.0006893232307970346,0.0020288513621400358,0.003940424763214921
0.0008457083931670124,0.0006881200555480676,0.00192263355037931,0.0038799704955995336
0.001649595949921043,0.0017928250917190283,0.00019828484730642103,0.004360547637781303
0.0015414333724579458,0.0017138892762526762,0.0002355590817711842,0.0042967325533849725
0.0009060875755028231,0.0006883469050369283,0.002033392511330172,0.003942257654502902
0.0008503811564851832,0.000689396687847309,0.0019269344389887242,0.0038800694178120175
0.001647927502980033,0.0017874555806946324,0.00019684604396535241,0.004364118309307088
0.0015461275319283698,0.0017119003802067577,0.0002319767738970696,0.0043002216389048
0.0009091196817885176,0.0006856930579056087,0.002025372081810491,0.003937969757310639
0.0008518052911491163,0.0006866748230151235,0.0019177247791886958,0.003874848913379844
0.0016520165587107928,0.0017938619595238366,0.00019351519076324353,0.004366837233640486
0.0015449906511607883,0.0017206037210987719,0.00023010716840124966,0.0043033987596600804
0.0009043739182595145,0.0006872610280022043,0.002024067205006811,0.003933077007508026
0.0008481757720342638,0.0006866619119022085,0.0019200994313284953,0.0038702588495033363
0.001653783189930185,0.0018017386861675692,0.00019306676913670602,0.004356037951593988
0.0015435381966055087,0.0017280090167124701,0.0002306775549634639,0.004295326643886237
0.0009013443410799647,0.000689498205520575,0.002030584073523246,0.003930625810112891
0.000845496294884427,0.0006894825994492561,0.0019261734508594012,0.003868104362295263
0.0016522383568861596,0.0018034823292906986,0.00019281178102921646,0.004352005605575906
0.0015494179008883073,0.0017285888498111148,0.00022853346143867747,0.004293108885712274
0.0009053311881743109,0.0006862296076798997,0.002027961428040765,0.003926462830666139
0.0008485482155738211,0.0006872928881435106,0.0019196655871612598,0.003864377377517635
0.0016531414292814282,0.0018041879167779128,0.00019012508784791297,0.004359160327750815
0.0015504491179989365,0.0017293518074000145,0.00022602095659345403,0.00430007556184486
0.0009080773206986124,0.0006839713004464212,0.002025061568969416,0.003922382313058018
0.0008517089904517258,0.0006834414627510138,0.0019187130888808118,0.003860765571863908
0.0016556689131425283,0.0018063541275874463,0.00018886352779079208,0.004354387142819216
0.0015467132930661362,0.00173271284414512,0.00022661919243460594,0.004297382611147915
0.000906220186189028,0.0006857604219163252,0.0020315623115723233,0.003920932803389818
0.0008497753790209132,0.0006847076722430929,0.0019271280367378423,0.0038592623570439617
0.001655358019644917,0.0018089257401478398,0.000189328088588272,0.00434500382956062
0.001551180292615855,0.0017362373770025005,0.00022597383083070046,0.004290763579110643
0.0009060640749140839,0.0006839472327422109,0.0020324987602537573,0.003917950446665791
0.0008481881534262827,0.0006847490033696395,0.0019248204205511237,0.0038561573320288534
0.0016550434318569356,0.0018128034471796282,0.00018792383012453183,0.004348358749847269
0.0015554734747822733,0.0017403360599173797,0.00022352550473427017,0.004294320948670635
0.0009072771576485271,0.0006804417016610024,0.002027557914100547,0.003913890778549997
0.0008499036511531031,0.0006809212702188775,0.0019209426808753506,0.0038521249017990228
0.0016574554127044164,0.0018153377554147021,0.0001864603287535365,0.004347621220751712
0.0015524167144501538,0.0017433675582978253,0.00022356184073247634,0.004294588524487778
0.0009065280034164168,0.0006813268753926571,0.002030996930874651,0.003913153042214896
0.0008500894572935247,0.0006808548211910902,0.0019286626490939208,0.003850941379744735
0.0016583435318585143,0.001814572584574117,0.00018699244203858803,0.004338038407130698
0.0015551949010150234,0.0017438521146850828,0.0002235967159176917,0.004287235512442105
0.0008543908001588846,0.0006723323139168643,0.0019103009195557629,0.0038676136892353006
0.0008106103995618461,0.0006751150641541936,0.001818378387438933,0.003822770199695025
0.0015829249429803501,0.0017934008847972872,0.00021042959660881822,0.004313508475427872
0.0014327706181205405,0.0016841930804841708,0.000268128496714405,0.00422029904117795
0.0008978240095644987,0.0006990652080919347,0.002092036630685541,0.003917633302565789
0.0008627456352800758,0.0006947103948185791,0.002028459161971951,0.0038659849658938005
0.0014893151874666845,0.001668632283606218,0.000256645393850308,0.004192599550376437
0.0013686239962375363,0.0015743606862612322,0.0003041213737416651,0.004144711617628788
0.0009621552996371604,0.0007093558288751581,0.0021352874395936207,0.003924031232901754
0.0009074650260761908,0.000698231241124414,0.001970502345221898,0.0038449342027021523
0.0015683447655496256,0.0016703009241458276,0.00020666243418510094,0.0042978476321641375
0.001482332984575933,0.0016126839617972132,0.00023279907091337232,0.004264914467007859
0.000939476633849343,0.0007101332396458112,0.0019592896851279955,0.0038541166554758887
0.0008816090880836789,0.000700265074193318,0.001836548372279367,0.003790349388610273
0.0016358647820189744,0.001761501212592407,0.00018055899721997363,0.004318968503283787
0.001496422011959042,0.00170294247562477,0.00022484237449556043,0.004237619336072248
0.0008808386956885747,0.0007412865873165686,0.0019922462744753127,0.0038285909073855163
0.000822545249850829,0.0007404367855444575,0.0019130189887180424,0.0037710157748628422
0.0015817152089315394,0.00181552907953836,0.00020457706895489014,0.0042273640016417795
0.0014575309603404923,0.0017425080978537976,0.00024640467044646693,0.0041536240865272045
0.0008736645394447348,0.0007584147780464155,0.0020519436232852594,0.0038347307212333167
0.0008245035865143176,0.0007635188930997537,0.0019632076620453957,0.003772724690753213
0.0015387867083403804,0.0017737957528957157,0.00021225711840125816,0.0042238867137702595
0.0014642068217709432,0.0016889142325288002,0.00023956281061801344,0.004163477750268709
0.0009329124981552764,0.0007427054170016285,0.00202805738885638,0.0038372400765972828
0.0008827799278685304,0.0007475402872412055,0.0019215178416719294,0.003772898840320317
0.0015529298500180496,0.001718401812849329,0.00019507062259276926,0.004279882557228323
0.0014713664287239357,0.0016449839148618402,0.00022414433207566743,0.0042172622897247445
0.0009616385212827843,0.0007372130212161173,0.001992765382837892,0.003827186864005619
0.0009023334652157457,0.000733144941614009,0.0018902791406812268,0.0037656482435346646
0.001578914529866348,0.0017387532456779457,0.00018585682983830073,0.004279336352358212
0.0014626322630217799,0.0016790079884550168,0.00022387551083083795,0.004214794981448237
0.0009257294060187803,0.0007484293422893885,0.0019925847292612533,0.0038123564393631785
0.0008625203750920735,0.0007414188087625653,0.0018887218347733126,0.003755842407443466
0.0015830784038317986,0.0018044914957757409,0.00018725147268949506,0.004254665366935887
0.0014698003209953462,0.001734907559122372,0.00022476587986406727,0.004190491979601403
0.000896395202432167,0.0007464038177369965,0.001992748910679345,0.00380060182298333
0.0008386231960678404,0.0007420497958474635,0.0018758448256462486,0.0037502856128624105
0.0015819147999530214,0.0018331920980325664,0.0001843294961392787,0.004267682224052162
0.001476252878048646,0.0017439111290046194,0.00021984508350267256,0.0042029015073418614
0.0009077704237526268,0.0007331421384034798,0.0019850445902351993,0.0038020297746701355
0.0008574262136237541,0.0007255290282158986,0.0018669600845374321,0.0037558205796268
0.0015870496200155783,0.0018105411295959073,0.00017982150404714672,0.004282078125052465
0.0014709871023865747,0.0017155980470170285,0.0002183936733722787,0.004219223895816469
0.0009294069593816238,0.0007267071641893976,0.0019953233962570725,0.00381391025089762
0.0008767056016153553,0.0007163539730102683,0.0018809310095444253,0.0037682520998640924
0.001585519268368285,0.0017892341427644888,0.00018024693641404096,0.004274563970867821
0.0014713092278678967,0.0017017340478728048,0.0002194156086392629,0.004215247876831499
0.0009337901485201469,0.0007217506544701586,0.002007285069122785,0.0038201954740592374
0.0008730988766982938,0.0007139961400014819,0.0018865866524059678,0.003773087448897998
0.0015783493113359541,0.001800817453977684,0.000180741980961932,0.004269633381820568
0.0014709839295379416,0.0017188469058531121,0.00021880809043181608,0.004212914140883271
0.0009234594259943681,0.0007176534630537448,0.002007167143662592,0.003818221067092857
0.0008631742640409446,0.0007099804614416871,0.001885511372498904,0.003769539721025666
0.001587176306245347,0.0018195897717908915,0.00017715606411180282,0.004261713287660941
0.0014781438276957265,0.0017409597505824593,0.00021461431068602304,0.004216047284545547
0.0009120571002321916,0.0007176510762598917,0.0019933684720475657,0.003814617701050053
0.000855418170451047,0.0007098531491563422,0.001875941929532723,0.003765558759649379
0.001594862831754676,0.0018267366473966571,0.00017364665460177907,0.004260174304160788
0.0014876217709057355,0.0017457486736432446,0.00021103239571558727,0.0042139767117155705
0.0009145878442516044,0.0007162481488133326,0.001994683214882979,0.0038159446430740826
0.0008580278298594783,0.0007116228186868643,0.0018837722529137448,0.0037661682041678474
0.001590846399481179,0.001819522758850616,0.00017407881002181013,0.004259287242591568
0.0014889127236219562,0.0017396294464768073,0.0002099412340705179,0.004211021610948781
0.0009214171943578613,0.0007144411069308973,0.0019970557590773264,0.003818119694505253
0.0008632171492404203,0.0007114040088670651,0.0018883556940593477,0.003765923666765221
0.0015905955801497939,0.0018146697547421636,0.00017320619492540844,0.004260583311882544
0.0014919519878630152,0.0017395766884196302,0.0002076366101321098,0.004212859390809285
0.0009222790527524185,0.0007127381337430704,0.001990114961470436,0.003816005308338174
0.0008626614540786373,0.0007101003195458534,0.0018829310725149342,0.0037621532881413878
0.0015933533663153043,0.001820301589602576,0.00017136726587742946,0.004260637682151463
0.0014935652092949734,0.001748297952274282,0.0002060541181994587,0.0042130229753125775
0.0009181232137551268,0.0007125750561132345,0.0019865530779389533,0.003812572997327176
0.000858799391315402,0.0007102117128268537,0.0018831787032697815,0.00375811194031954
0.0015930549426957652,0.001826978330565965,0.00017125428741130997,0.004255062015405138
0.0014927537137756333,0.0017551155475313278,0.00020612924545101714,0.004208402051910897
0.0009164667861953024,0.0007127179893694933,0.0019880306368798163,0.0038106854660848585
0.0008579468682281931,0.0007110851774078235,0.0018864002094842907,0.0037557327012777827
0.0015917033624769461,0.0018270678440014156,0.00017128825099648566,0.004252824766059189
0.0014956640021659042,0.0017548490152327586,0.00020499158252484917,0.004207132257704
0.000920156708557747,0.0007098646710382315,0.001984936050037806,0.0038086203210670896
0.0008612012502724841,0.0007091042085459183,0.0018821519535606377,0.003753480010265477
0.0015918370265870791,0.0018255346826592366,0.00017008921788582977,0.004257064450852572
0.0014971544551618603,0.0017539966930221703,0.00020356697495123432,0.0042109753660515715
0.000923183248950114,0.0007067951490205856,0.0019810966471517618,0.0038060481458767476
0.0008637339828123182,0.0007055693716188961,0.0018792113865780408,0.003751001717999239
0.0015923373633162355,0.00182718644837557,0.00016952838243121198,0.004255490090659708
0.0014942424455784678,0.0017567868517460723,0.00020411617783325404,0.004210364394363354
0.0009221634004267834,0.0007064129045018711,0.0019830051751889978,0.0038042992091538554
0.0008627198056415644,0.0007046569049864273,0.0018824637023250462,0.0037492218537394477
0.0015918526528419467,0.0018300527712156666,0.00016995531463254247,0.0042491603277918484
0.001495177966317484,0.0017601632740716791,0.0002043374989221439,0.004206283081311846
0.000921617813345182,0.0007047002260877532,0.001983149857908877,0.0038023012914361943
0.0008618059649757033,0.0007037929353433635,0.0018808396385198594,0.0037472729113693427
0.0015915371110879425,0.001832290522783316,0.00016953581274686084,0.004249537280819324
0.0014977604257562897,0.0017616173309281658,0.00020312653108046292,0.004205771754225206
0.0009231324753765143,0.0007010860626882958,0.0019791463967385155,0.003799820304884742
0.0008633590969924121,0.0007003591500313088,0.0018764698952475965,0.00374496911907824
0.0015924352755136316,0.0018335150931737762,0.00016881568297559419,0.004250214546500838
0.0014960548525502207,0.0017626447793487204,0.00020313301978649987,0.004206086818751342
0.0009237145016783515,0.0006998579180913632,0.0019793657824762586,0.003798739241217886
0.0008643965960823635,0.000698490747942587,0.001879044786113494,0.003743705931713158
0.0015929646491255713,0.0018334219044630078,0.00016913585627531918,0.004244644299276021
0.0014958225433159692,0.0017629621456925172,0.00020359487118108984,0.00420110034689491
0.0008687798631540016,0.0006878922364971859,0.0018572327051217797,0.0037608210964365832
0.0008229451597946391,0.0006886570388697085,0.0017693382866898525,0.003721796866141133
0.0015191454402370636,0.0018104461241246013,0.00019303534081204445,0.004222290902099417
0.0013751764297878716,0.001703325906090265,0.0002483244029055824,0.004142181889502304
0.0009121114225354834,0.0007183338029001693,0.00204064460311146,0.0038033952414657005
0.0008747392996655973,0.0007135052990319289,0.0019799754428432223,0.0037573375580994967
0.0014254165833510232,0.0016855418513841546,0.00023804391976085297,0.0041150743362867
0.0013130150744556704,0.0015889899422282857,0.00028315771958071926,0.0040744383822148966
0.0009807051746842583,0.0007246536210364337,0.002078522258818379,0.003807370232618775
0.0009245914971936932,0.000709835531607016,0.0019079833743795211,0.0037376240068132923
0.0015214714493763364,0.0016895306493616093,0.00018496197147878913,0.004228488441715855
0.0014368389294459165,0.0016327424991590838,0.00020979480638619327,0.004204726108541465
0.000951801097641169,0.0007230492898893085,0.0018829998392967486,0.0037440216770929513
0.0008922873010072872,0.0007079719417708381,0.0017623425055898613,0.0036914955042092134
0.0015810088498740798,0.0017885739726762942,0.00016286398588523165,0.0042403024950148464
0.0014336575266739784,0.001725496863342332,0.00020938563196264368,0.004160847364833219
0.0008900203111959997,0.0007586855491886159,0.0019512104562359666,0.003726110131088079
0.0008300480220062032,0.0007557218608456134,0.001880164178352167,0.003677150832323227
0.0015070051529873342,0.0018315989305288253,0.00019362741708690552,0.004133214538009339
0.0013903964668933741,0.0017555218005147546,0.00023339969525335708,0.004071747288785901
0.0008898580356944734,0.0007738620967686786,0.0020096674496609557,0.003733698077239182
0.0008397886233777297,0.0007789499413286427,0.001915942095988705,0.0036785692801065044
0.0014657541913245791,0.001778635575770046,0.00019760158932874335,0.0041516524993891
0.0014066041956291263,0.0016907733619119637,0.00022141784631342197,0.004097828120873326
0.0009596773569054351,0.0007529784174139227,0.001974240249620304,0.0037354665516770836
0.0009081665484660474,0.0007565795904558068,0.001866756303801849,0.003677904493738178
0.0014926444419567696,0.0017214265149493966,0.00017851096374521297,0.0042081954843685414
0.0014119351095949403,0.0016514543795249125,0.00020683647684490176,0.004153634815967386
0.0009802986685412882,0.0007533046988280874,0.0019351165198168742,0.003725144619400704
0.0009179689547556001,0.0007462347069763101,0.001838255972452409,0.0036697250043667383
0.0015184871693711907,0.0017538703618835403,0.0001708602321861091,0.004196208662835301
0.0014042727930509982,0.0016978367226380077,0.0002076433264057685,0.004138662815699035
0.0009361642182160682,0.0007663506960131558,0.0019370086242151835,0.003710053627812271
0.0008694460000299069,0.000759707363259542,0.0018381497534720715,0.003659243110445927
0.0015129136115430665,0.0018246144773577323,0.00017367097657697788,0.0041732280580219355
0.001411133212007954,0.0017557339183331524,0.00020771917184682644,0.004114529391919064
0.000910667329566806,0.0007603170599558041,0.0019322353831811609,0.003699929941113458
0.0008516409899678862,0.0007567787335190149,0.0018203724423961948,0.0036547527287492275
0.001512212131676098,0.0018449113126691764,0.0001700465245450961,0.00419271419205907
0.0014162498494980523,0.0017566749292962263,0.0002023009886075423,0.00413437671419218
0.0009280333106358651,0.0007455789273061377,0.0019182709230315537,0.0037036894632253006
0.0008766461499285463,0.0007373455299620553,0.0018077068084768212,0.003662218864925191
0.0015196499474293326,0.0018164652190210443,0.00016591441136443966,0.004207247982143348
0.0014102922541494552,0.0017239290737612034,0.0002023293144006085,0.004149979075947108
0.0009509221182533826,0.0007397305127849412,0.001930996211554284,0.003716236888042148
0.0008952219353467994,0.0007292441072909428,0.001823526335140251,0.003675413449797594
0.001512914195836969,0.0017975422706802404,0.00016852385535355056,0.0041977826550554
0.0014056001473745302,0.0017115163654289774,0.00020576404454817972,0.004142518006145603
0.0009543025391350879,0.0007350861834545643,0.0019473034633786255,0.003722805237500864
0.0008910119809648174,0.0007268951131239329,0.0018310103009969198,0.0036807210650981652
0.0015028119114853175,0.001810110350426109,0.00017016836218202678,0.0041922083463298825
0.0014016511339014208,0.0017277891513025679,0.00020621479821667229,0.004140469844635239
0.0009449474103159963,0.0007314337837703438,0.0019461762447915945,0.003721152690955445
0.0008829593524180779,0.0007222901669337175,0.0018266984510063296,0.003678059683283161
0.0015158443970973408,0.0018269543083616676,0.00016507284860880483,0.004186428211422904
0.0014141594370632447,0.001748322029374787,0.00020002790376480488,0.004147756158805898
0.0009343647518645004,0.0007300421554379617,0.0019230900626059076,0.003716101714087968
0.0008751681258968744,0.0007207654177063809,0.0018053080406913555,0.0036738976303303007
0.0015258619327680179,0.0018373943541754865,0.00016018621591310254,0.004189907364776107
0.0014239241002482418,0.0017561597302239395,0.00019606459258192987,0.004148831703640035
0.0009350173140722319,0.0007283349849752879,0.0019241716047667676,0.0037166522164062783
0.0008762807612228861,0.0007218388345445225,0.0018148788415086768,0.0036743643312650036
0.0015197644589430616,0.0018333770224848518,0.00016189074068416896,0.004184865103949317
0.00141914559004486,0.0017521940970575774,0.00019749182775537983,0.0041426817682725745
0.0009401505164018906,0.0007287012715715573,0.0019331596980159582,0.003720395937975897
0.0008810011927650293,0.0007233303438323977,0.0018265580899461688,0.0036756141323753535
0.0015174539619160138,0.001825832261966072,0.00016241326482850288,0.004183094045260636
0.0014235724419639393,0.001748426376004962,0.00019564908316506698,0.004142366739920354
0.0009443040315419565,0.000725800330094825,0.0019265319013821772,0.00371990795045534
0.0008831811402232422,0.0007218416899766695,0.0018187792612757033,0.003673330190924793
0.0015213318629465795,0.0018279040918843675,0.0001598120878059011,0.004189230224844886
0.0014299577857155063,0.0017549498636915725,0.00019221613461594363,0.004148235823841963
0.0009420496003847459,0.0007224772397680073,0.0019153550990260748,0.0037160908634591345
0.0008803505596753736,0.0007187945400149792,0.0018114392054671873,0.0036690056906276366
0.001522030918051751,0.0018369409837177757,0.00015900784203103386,0.004187065811311986
0.0014248939858833019,0.0017650978819071924,0.00019318246098142376,0.00414597958036329
0.0009374341043052267,0.0007240029123193905,0.0019194067639592373,0.003715007915785798
0.0008774487870466222,0.0007201779544559671,0.0018217601595438974,0.003667082746414732
0.0015191868728328204,0.001838229356905802,0.0001606056486477949,0.004177260801169749
0.0014253630070910665,0.00176620683863336,0.00019381555201034172,0.004138825421802229
0.0009397407368605589,0.0007226765595112569,0.0019204806352767683,0.0037149075610132844
0.000879558195158795,0.0007209679677261993,0.0018210029198127554,0.003666136155439162
0.001518149243021874,0.0018342599326957774,0.0001600329855830838,0.0041828803715014875
0.0014331516609160093,0.0017630321102712553,0.00019094155431325792,0.004143523857976204
0.0009458092897664609,0.000715903120855103,0.0019101304395417228,0.0037125864188096123
0.0008842533900490797,0.0007151114786026682,0.0018095478015968374,0.003663737626863226
0.001518901693853195,0.0018350265502586414,0.00015868752893832429,0.004189628829463454
0.001428441176911519,0.0017653491165841194,0.00019127133926466952,0.00414897036603748
0.0009452406205944464,0.0007148358989986318,0.0019097878560733555,0.0037113230527643392
0.0008843227766375007,0.0007121566936962122,0.0018146939679807698,0.0036621662694583342
0.0015182878048030767,0.0018375971346575267,0.00015984972513269986,0.004178797886455693
0.0014236146264303394,0.0017689674100413641,0.0001936471896166488,0.004141388575725667
0.0009427196721822277,0.0007162001819739937,0.0019153617389319243,0.003711298104556434
0.000881789570214067,0.0007144124662163706,0.0018197730435644947,0.0036616234533117533
0.001516156400344838,0.0018379871372786163,0.00016072883635296208,0.004175465589728778
0.001430625104455784,0.0017690462345474021,0.00019215924765727147,0.004138324085442416
0.0009457471461898418,0.0007106816384228739,0.0019086676715811446,0.0037092499547475696
0.0008837656665502572,0.0007109471658236196,0.0018089734207891585,0.00365964575852831
0.0015168802704753567,0.0018389317876870827,0.00015936351456348485,0.00418416688558163
0.0014312359464077988,0.0017698320714275453,0.0001908142534527254,0.004144577563353119
0.0009472972056905994,0.000706855107332209,0.001901913353181127,0.0037072464294043246
0.0008860600716975251,0.0007055771683919891,0.0018057621037118072,0.0036577313060678603
0.0015183424108335727,0.001840310294951078,0.0001593845187241203,0.004179466683755749
0.0014246578198153826,0.0017718547678242493,0.00019315876151998812,0.0041416936432446955
0.0008882390150192226,0.0006967565059055173,0.0017870972786091927,0.0036760253496188554
0.0008414148694225661,0.0006960787117579324,0.0017072520404818237,0.0036409543467660643
0.0014466377166683466,0.001815369304854679,0.00018428463489096066,0.004152882164891315
0.0013095477593982009,0.001710418435811405,0.00023727138465465798,0.00408019320088059
0.0009322474269542993,0.0007277418074594058,0.0019670284195440176,0.003712699830528865
0.0008926170990144556,0.0007240269127994859,0.0019072883855000152,0.0036705907980860027
0.0013540519710211988,0.0016922053457535818,0.00022632154500225996,0.004061137443085233
0.0012548570121932482,0.0015958058083110978,0.00026805761733379496,0.004025573025382303
0.0010041587949260102,0.0007288109645698775,0.001994257688266268,0.003714382053116356
0.0009473574086723233,0.0007126202781648018,0.0018238563422408255,0.003652536898625953
0.0014639354830583123,0.0016975172491733065,0.00017127101647491276,0.004176857497970948
0.0013814026723483882,0.001642707529293185,0.00019548374279245234,0.004159238958236305
0.0009699213252898354,0.0007273840643204473,0.0017909888337021699,0.003657590256661139
0.0009086566441936353,0.0007094257658701457,0.001676522764274712,0.0036134914625835014
0.0015119611473101806,0.0018021611192439977,0.00015330064076299918,0.004176778587774681
0.0013608394414042994,0.0017376667782358576,0.00020170588016040812,0.004100627241379102
0.0009050073281885591,0.0007680165813242467,0.0018896588690430665,0.0036441450618310686
0.0008439086671756142,0.0007648879348150766,0.001827465093078481,0.0036013901440157163
0.0014221682363474064,0.0018355445512729797,0.00018922022886734517,0.004062669727189137
0.0013165266313891182,0.001758099212497853,0.00022656049900985877,0.004011521892755118
0.00091287210845639,0.0007786951058745347,0.0019401163160041913,0.0036515785634504403
0.0008627564428958081,0.0007837826739926807,0.0018403436658216592,0.003601798895986643
0.0013954347515317213,0.0017761860608324423,0.00018635432887530737,0.00410551020094203
0.0013498224236349564,0.0016888377765542667,0.00020664127380424542,0.004058172480927305
0.0009872078829256405,0.0007521156817187681,0.001884541279505525,0.003651363839441003
0.0009346160499326844,0.0007544744361357272,0.0017790168317432355,0.0036005901379859524
0.0014372024512743792,0.0017256763318258834,0.00016521915703462077,0.0041611734373584305
0.0013560894575804204,0.0016605665289378822,0.0001933906487359481,0.004112001480578095
0.000995321164164091,0.0007556176022071918,0.0018458580745193596,0.0036413227266588535
0.0009302300158764124,0.0007475062253132667,0.0017570997180554257,0.0035928471396057147
0.0014535322892346863,0.0017720441945585136,0.00016153538007769643,0.004137875784493169
0.0013413868024894984,0.0017177100386670332,0.0001981375922076796,0.004083546607951806
0.0009457126107796822,0.000769303504414235,0.0018611859168885872,0.003629908631065888
0.0008783402339396408,0.0007643097116339727,0.0017708613286592642,0.003584985827328082
0.0014346200410893697,0.0018360313350892223,0.0001680511280245959,0.0041129790728290806
0.0013436089660843295,0.0017658987007243407,0.0001996750260071918,0.004059320073055694
0.0009304418214836503,0.0007596668261463462,0.0018578405862811826,0.003625577253218829
0.0008724830428086389,0.0007580011032157386,0.0017532321738478157,0.0035845885041804726
0.0014331622408573308,0.001837234289057968,0.0001643741820227185,0.0041385437892916595
0.0013498508304874283,0.0017502017439994751,0.00019376880232714106,0.0040856411492205535
0.000957823113248156,0.0007430727705792779,0.0018401146913095182,0.0036321687693709006
0.0009051494678791478,0.000736390856559467,0.001737643383115428,0.0035937021430003913
0.0014430997648873973,0.0018040732571964779,0.00016022064647393404,0.00415404758104327
0.0013425418717256717,0.0017167582133587383,0.00019479309902943438,0.004100752648806589
0.0009776917656957398,0.0007402180846379765,0.0018531072594255027,0.003642972153495701
0.0009187700757312409,0.0007310733864971325,0.001754064873699352,0.003604635905912104
0.0014352608905615159,0.0017947765544666483,0.00016389505783047639,0.004140797285748619
0.001334377425809628,0.0017133987951245535,0.00019949500512631032,0.004088131129889096
0.0009743151681025555,0.0007392949818833531,0.001869907965188107,0.0036468871666223515
0.0009092729062449217,0.0007324747221886545,0.0017608770063919721,0.0036075366866048708
0.0014255479462931934,0.0018125219963927564,0.00016565347491355223,0.004136262802208244
0.0013322664519652297,0.0017311819062310922,0.0001990902223687866,0.004085305055085308
0.0009657044937069528,0.0007364175951649082,0.0018641224088643297,0.0036437557681000114
0.0009031054631109775,0.0007287380946118099,0.0017501541103872899,0.003604299937536571
0.0014401352485022643,0.0018261346172239678,0.0001592678955074992,0.004136261756990613
0.0013463296600921806,0.0017467327763510906,0.00019168058334011626,0.004096391270719489
0.0009592183664711021,0.0007347115691066009,0.001837434633757699,0.0036384987106035556
0.0008990400228935845,0.000726106198864296,0.0017254513755809563,0.003600698150271363
0.0014496996590886184,0.0018342518690352063,0.0001544294623039647,0.004140881417207285
0.001351382546956818,0.001752290281334038,0.00018901694157151509,0.004097449443420459
0.0009600459656466011,0.0007350202826298805,0.0018427481909524261,0.0036392767652428165
0.0008999820638223889,0.0007283619141428991,0.0017395965368374633,0.003601493840692782
0.0014418292999430675,0.0018312060162364676,0.00015712152499214912,0.00413223083675667
0.0013451697083923903,0.0017493473954527986,0.00019138168959534894,0.004089038763960847
0.0009641693835149059,0.0007359910472841092,0.0018526662353365083,0.0036423680075438883
0.0009036372455477185,0.000730507423511401,0.0017489805113087994,0.003602562804725572
0.0014383423710332775,0.001825381762848141,0.00015767660107274807,0.004132870602419311
0.0013497981212974351,0.0017457719600509117,0.00018936670801915028,0.004090397107259013
0.00096965368915726,0.0007319924902813931,0.0018454608425846444,0.003641757967163006
0.0009076301804594107,0.0007274937196124124,0.001739935492970172,0.003600711714774694
0.0014436068391751585,0.0018267879956600857,0.00015461229186636817,0.004139708635980504
0.0013556316041765752,0.0017517203783088814,0.00018587330672581258,0.004098346377685585
0.0009676461855362279,0.0007288107482025813,0.0018330702013320303,0.003638297418671387
0.0009050037340478148,0.0007239104299639692,0.0017314751489894277,0.003597115443217805
0.0014448298727363466,0.0018362319898636474,0.00015361638588965582,0.004137010223317699
0.001350671083934641,0.0017623738787211425,0.00018694727227392812,0.004095896879069868
0.0009626925888524818,0.0007303734385808046,0.0018383158758265962,0.0036374606928392785
0.0009014189349367038,0.0007257053327356581,0.001742744501284827,0.0035956330353485943
0.0014405512051388666,0.0018384649973223128,0.0001555013865030766,0.004127399770177255
0.0013506478272338899,0.0017642842078803708,0.00018772579747902327,0.0040890349068544414
0.0009650720561946552,0.0007286412449255376,0.0018396710440410251,0.0036378564353572707
0.0009039723249175683,0.0007261255111477476,0.0017420484223801993,0.003595134346889981
0.0014398382929830084,0.001834150995930298,0.0001549265591859457,0.004133408439956332
0.0013586770359488062,0.0017608693421617282,0.0001847878837898884,0.004094456896617689
0.0009715667777734395,0.0007215757954947403,0.0018288381577424508,0.0036365621547647157
0.0009091890831159338,0.000719993944020743,0.0017306795268579298,0.003593615048180905
0.0014409391848452663,0.0018341131158460873,0.00015364303562137954,0.004140078393303238
0.0013543942666523773,0.0017627662683432049,0.00018516644442116717,0.004099821681558707
0.0009712209606469203,0.0007204815920403239,0.001828677959043395,0.003635991632657584
0.000909102009959967,0.0007173176661008241,0.0017364544083274004,0.0035925327919180392
0.0014395429370944338,0.001836688346938577,0.00015491170150042807,0.004129756210559731
0.0013491767559543199,0.0017667071941540428,0.00018755574679819886,0.00409264381647597
0.0009685964270760971,0.0007220149995481022,0.0018338870196967882,0.003636289732568968
